RESET MASTER;
[connection conn1]
SET @@SESSION.GTID_NEXT = 'MASTER_UUID:2';
BEGIN;
[connection default]
CREATE TABLE t1 (a INT);
INSERT INTO t1 VALUES (1);
SELECT @@GLOBAL.GTID_EXECUTED, @@GLOBAL.GTID_OWNED;
@@GLOBAL.GTID_EXECUTED	@@GLOBAL.GTID_OWNED
MASTER_UUID:1:3	MASTER_UUID:2#SESSION_ID
[connection conn1]
ROLLBACK;
[connection default]
INSERT INTO t1 VALUES (1);
SELECT @@GLOBAL.GTID_EXECUTED, @@GLOBAL.GTID_OWNED;
@@GLOBAL.GTID_EXECUTED	@@GLOBAL.GTID_OWNED
MASTER_UUID:1-3	
DROP TABLE t1;
