create table t1 (id int NOT NULL PRIMARY KEY, data char(8)) engine=ndb;
select node_id, fragment_num, block_instance from ndbinfo.memory_per_fragment
where fq_name = 'test/def/t1' order by node_id, fragment_num, block_instance;
node_id	fragment_num	block_instance
1	0	1
1	2	2
1	4	3
1	6	4
1	8	1
1	10	2
1	12	3
1	14	4
2	0	1
2	2	2
2	4	3
2	6	4
2	8	1
2	10	2
2	12	3
2	14	4
3	1	1
3	3	2
3	5	3
3	7	4
3	9	1
3	11	2
3	13	3
3	15	4
4	1	1
4	3	2
4	5	3
4	7	4
4	9	1
4	11	2
4	13	3
4	15	4
create table t2 (id int NOT NULL PRIMARY KEY, data char(8)) engine=ndb
comment="NDB_TABLE=FRAGMENT_COUNT_TYPE=ONE_PER_LDM_PER_NODE";
select node_id, fragment_num, block_instance from ndbinfo.memory_per_fragment
where fq_name = 'test/def/t2' order by node_id, fragment_num, block_instance;
node_id	fragment_num	block_instance
1	0	1
1	2	2
1	4	3
1	6	4
1	8	1
1	10	2
1	12	3
1	14	4
2	0	1
2	2	2
2	4	3
2	6	4
2	8	1
2	10	2
2	12	3
2	14	4
3	1	1
3	3	2
3	5	3
3	7	4
3	9	1
3	11	2
3	13	3
3	15	4
4	1	1
4	3	2
4	5	3
4	7	4
4	9	1
4	11	2
4	13	3
4	15	4
create table t3 (id int NOT NULL PRIMARY KEY, data char(8)) engine=ndb
comment="NDB_TABLE=FRAGMENT_COUNT_TYPE=ONE_PER_LDM_PER_NODE_GROUP";
select node_id, fragment_num, block_instance from ndbinfo.memory_per_fragment
where fq_name = 'test/def/t3' order by node_id, fragment_num, block_instance;
node_id	fragment_num	block_instance
1	0	1
1	2	2
1	4	3
1	6	4
2	0	1
2	2	2
2	4	3
2	6	4
3	1	1
3	3	2
3	5	3
3	7	4
4	1	1
4	3	2
4	5	3
4	7	4
create table t4 (id int NOT NULL PRIMARY KEY, data char(8)) engine=ndb
comment="NDB_TABLE=FRAGMENT_COUNT_TYPE=ONE_PER_NODE";
select node_id, fragment_num, block_instance from ndbinfo.memory_per_fragment
where fq_name = 'test/def/t4' order by node_id, fragment_num, block_instance;
node_id	fragment_num	block_instance
1	0	1
1	2	2
2	0	1
2	2	2
3	1	1
3	3	2
4	1	1
4	3	2
create table t5 (id int NOT NULL PRIMARY KEY, data char(8)) engine=ndb
comment="NDB_TABLE=FRAGMENT_COUNT_TYPE=ONE_PER_NODE_GROUP";
select node_id, fragment_num, block_instance from ndbinfo.memory_per_fragment
where fq_name = 'test/def/t5' order by node_id, fragment_num, block_instance;
node_id	fragment_num	block_instance
1	0	3
2	0	3
3	1	3
4	1	3
select count(*) into @cnt_t1_0
from information_schema.partitions
where table_schema = 'test' and table_name = 't1';
select count(*) into @cnt_t2_0
from information_schema.partitions
where table_schema = 'test' and table_name = 't2';
select count(*) into @cnt_t3_0
from information_schema.partitions
where table_schema = 'test' and table_name = 't3';
select count(*) into @cnt_t4_0
from information_schema.partitions
where table_schema = 'test' and table_name = 't4';
select count(*) into @cnt_t5_0
from information_schema.partitions
where table_schema = 'test' and table_name = 't5';
select @cnt_t1_0 = @cnt_t2_0;
@cnt_t1_0 = @cnt_t2_0
1
select @cnt_t2_0 > @cnt_t3_0;
@cnt_t2_0 > @cnt_t3_0
1
select @cnt_t3_0 > @cnt_t4_0;
@cnt_t3_0 > @cnt_t4_0
1
select @cnt_t4_0 > @cnt_t5_0;
@cnt_t4_0 > @cnt_t5_0
1
Creating nodegroup
alter table t1 algorithm=inplace, reorganize partition;
select node_id, fragment_num, block_instance from ndbinfo.memory_per_fragment
where fq_name = 'test/def/t1' order by node_id, fragment_num, block_instance;
node_id	fragment_num	block_instance
1	0	1
1	2	2
1	4	3
1	6	4
1	8	1
1	10	2
1	12	3
1	14	4
2	0	1
2	2	2
2	4	3
2	6	4
2	8	1
2	10	2
2	12	3
2	14	4
3	1	1
3	3	2
3	5	3
3	7	4
3	9	1
3	11	2
3	13	3
3	15	4
4	1	1
4	3	2
4	5	3
4	7	4
4	9	1
4	11	2
4	13	3
4	15	4
5	16	1
5	17	2
5	18	3
5	19	4
5	20	1
5	21	2
5	22	3
5	23	4
6	16	1
6	17	2
6	18	3
6	19	4
6	20	1
6	21	2
6	22	3
6	23	4
alter table t2 algorithm=inplace, reorganize partition;
select node_id, fragment_num, block_instance from ndbinfo.memory_per_fragment
where fq_name = 'test/def/t2' order by node_id, fragment_num, block_instance;
node_id	fragment_num	block_instance
1	0	1
1	2	2
1	4	3
1	6	4
1	8	1
1	10	2
1	12	3
1	14	4
2	0	1
2	2	2
2	4	3
2	6	4
2	8	1
2	10	2
2	12	3
2	14	4
3	1	1
3	3	2
3	5	3
3	7	4
3	9	1
3	11	2
3	13	3
3	15	4
4	1	1
4	3	2
4	5	3
4	7	4
4	9	1
4	11	2
4	13	3
4	15	4
5	16	1
5	17	2
5	18	3
5	19	4
5	20	1
5	21	2
5	22	3
5	23	4
6	16	1
6	17	2
6	18	3
6	19	4
6	20	1
6	21	2
6	22	3
6	23	4
alter table t3 algorithm=inplace, reorganize partition;
select node_id, fragment_num, block_instance from ndbinfo.memory_per_fragment
where fq_name = 'test/def/t3' order by node_id, fragment_num, block_instance;
node_id	fragment_num	block_instance
1	0	1
1	2	2
1	4	3
1	6	4
2	0	1
2	2	2
2	4	3
2	6	4
3	1	1
3	3	2
3	5	3
3	7	4
4	1	1
4	3	2
4	5	3
4	7	4
5	8	1
5	9	2
5	10	3
5	11	4
6	8	1
6	9	2
6	10	3
6	11	4
alter table t4 algorithm=inplace, reorganize partition;
select node_id, fragment_num, block_instance from ndbinfo.memory_per_fragment
where fq_name = 'test/def/t4' order by node_id, fragment_num, block_instance;
node_id	fragment_num	block_instance
1	0	1
1	2	2
2	0	1
2	2	2
3	1	1
3	3	2
4	1	1
4	3	2
5	4	1
5	5	2
6	4	1
6	5	2
alter table t5 algorithm=inplace, reorganize partition;
select node_id, fragment_num, block_instance from ndbinfo.memory_per_fragment
where fq_name = 'test/def/t5' order by node_id, fragment_num, block_instance;
node_id	fragment_num	block_instance
1	0	3
2	0	3
3	1	3
4	1	3
5	2	3
6	2	3
select count(*) into @cnt_t1_1
from information_schema.partitions
where table_schema = 'test' and table_name = 't1';
select count(*) into @cnt_t2_1
from information_schema.partitions
where table_schema = 'test' and table_name = 't2';
select count(*) into @cnt_t3_1
from information_schema.partitions
where table_schema = 'test' and table_name = 't3';
select count(*) into @cnt_t4_1
from information_schema.partitions
where table_schema = 'test' and table_name = 't4';
select count(*) into @cnt_t5_1
from information_schema.partitions
where table_schema = 'test' and table_name = 't5';
select @cnt_t1_1 = @cnt_t2_1;
@cnt_t1_1 = @cnt_t2_1
1
select @cnt_t2_1 > @cnt_t3_1;
@cnt_t2_1 > @cnt_t3_1
1
select @cnt_t3_1 > @cnt_t4_1;
@cnt_t3_1 > @cnt_t4_1
1
select @cnt_t4_1 > @cnt_t5_1;
@cnt_t4_1 > @cnt_t5_1
1
select @cnt_t1_1 > @cnt_t1_0;
@cnt_t1_1 > @cnt_t1_0
1
select @cnt_t2_1 > @cnt_t2_0;
@cnt_t2_1 > @cnt_t2_0
1
select @cnt_t3_1 > @cnt_t3_0;
@cnt_t3_1 > @cnt_t3_0
1
select @cnt_t4_1 > @cnt_t4_0;
@cnt_t4_1 > @cnt_t4_0
1
select @cnt_t5_1 > @cnt_t5_0;
@cnt_t5_1 > @cnt_t5_0
1
drop table t1,t2,t3,t4,t5;
