create table rows(a int primary key) engine=ndb;
set @N=0;
insert into rows(a) 
select @N:=@N+1 
from mysql.user a, 
mysql.user b, 
mysql.user c, 
mysql.user d, 
mysql.user e, 
mysql.user f, 
mysql.user g 
limit 2000;
create table p1 (name varchar(255),
id int(11) auto_increment,
parent_id int,
primary key(id),
unique(name),
key k2(parent_id))
engine = ndb;
create table c1(c1 varchar(100),
id int(11),
primary key(c1),
unique key abc (id),
key (c1),
constraint fk1 foreign key (id) references p1 (id)
) engine=ndb;
insert into p1(parent_id) select a from rows;
select count(1) from test.p1;
count(1)
2000
-- Show Fks working
set @n=0;
insert into test.c1(c1,id) select @N:=@N+1,id from p1;
delete from test.c1;
set @n=0;
insert into test.c1(c1,id) select @N:=@N+1,id from p1;
delete from test.c1;
delete from test.p1;
insert into p1(parent_id) select a from rows;
set @n=0;
insert into test.c1(c1,id) select @N:=@N+1,id from p1;
delete from test.c1;
-- Normal NR
--- Wait for node to stop
--- Show FKs working
set @n=0;
insert into test.c1(c1,id) select @N:=@N+1,id from p1;
delete from test.c1;
set @n=0;
insert into test.c1(c1,id) select @N:=@N+1,id from p1;
delete from test.c1;
delete from test.p1;
insert into p1(parent_id) select a from rows;
set @n=0;
insert into test.c1(c1,id) select @N:=@N+1,id from p1;
delete from test.c1;
--- Startup node again
--- Wait for node to recover
--- Show FKs working
set @n=0;
insert into test.c1(c1,id) select @N:=@N+1,id from p1;
delete from test.c1;
set @n=0;
insert into test.c1(c1,id) select @N:=@N+1,id from p1;
delete from test.c1;
delete from test.p1;
insert into p1(parent_id) select a from rows;
set @n=0;
insert into test.c1(c1,id) select @N:=@N+1,id from p1;
delete from test.c1;
-- Initial NR
--- Wait for node to stop
--- Show FKs working
set @n=0;
insert into test.c1(c1,id) select @N:=@N+1,id from p1;
delete from test.c1;
set @n=0;
insert into test.c1(c1,id) select @N:=@N+1,id from p1;
delete from test.c1;
delete from test.p1;
insert into p1(parent_id) select a from rows;
set @n=0;
insert into test.c1(c1,id) select @N:=@N+1,id from p1;
delete from test.c1;
--- Startup node again
--- Wait for node to recover
--- Show FKs working
set @n=0;
insert into test.c1(c1,id) select @N:=@N+1,id from p1;
delete from test.c1;
set @n=0;
insert into test.c1(c1,id) select @N:=@N+1,id from p1;
delete from test.c1;
delete from test.p1;
insert into p1(parent_id) select a from rows;
set @n=0;
insert into test.c1(c1,id) select @N:=@N+1,id from p1;
delete from test.c1;
-- System restart
--- Wait for node to stop
--- Startup nodes again
--- Wait for nodes to recover
--- Wait to establish connection
--- Show FKs working
set @n=0;
insert into test.c1(c1,id) select @N:=@N+1,id from p1;
delete from test.c1;
set @n=0;
insert into test.c1(c1,id) select @N:=@N+1,id from p1;
delete from test.c1;
delete from test.p1;
insert into p1(parent_id) select a from rows;
set @n=0;
insert into test.c1(c1,id) select @N:=@N+1,id from p1;
delete from test.c1;
delete from test.p1;
drop table test.c1;
drop table test.p1;
drop table test.rows;
