SET DEFAULT_STORAGE_ENGINE='tokudb';
DROP TABLE IF EXISTS t1;
CREATE TABLE t1 (a1 int,a2 int, a3 int, a4 int, a5 int, a6 int, a7 int, a8 int, a9 int, a10 int) engine = tokudb;
insert into t1 (a9,a10) values (1,2);
alter table t1 add index blah(a9,a10);
select * from t1;
a1	a2	a3	a4	a5	a6	a7	a8	a9	a10
NULL	NULL	NULL	NULL	NULL	NULL	NULL	NULL	1	2
select a9,a10 from t1;
a9	a10
1	2
DROP table t1;
