SET @@session.binlog_format= MIXED;
SELECT @@session.binlog_format;
@@session.binlog_format
MIXED
CREATE TABLE t1(a INT) ENGINE=InnoDB;
CREATE TABLE t2(a INT) ENGINE=MyISAM;
CREATE TEMPORARY TABLE tmp1 ENGINE=InnoDB SELECT * FROM t1;
DROP TEMPORARY TABLE tmp1;
CREATE TEMPORARY TABLE tmp2 ENGINE=MyISAM SELECT * FROM t2;
DROP TEMPORARY TABLE tmp2;
CREATE TEMPORARY TABLE tmp3 ENGINE=MyISAM SELECT * FROM t1;
DROP TEMPORARY TABLE tmp3;
CREATE TEMPORARY TABLE tmp4 ENGINE=InnoDB SELECT * FROM t2;
DROP TEMPORARY TABLE tmp4;
CREATE TEMPORARY TABLE tmp5 (a INT) ENGINE=InnoDB;
DROP TEMPORARY TABLE tmp5;
CREATE TEMPORARY TABLE tmp6 (a INT) ENGINE=MyISAM;
DROP TEMPORARY TABLE tmp6;
CREATE TEMPORARY TABLE tmp7 LIKE t1;
DROP TEMPORARY TABLE tmp7;
CREATE TEMPORARY TABLE tmp8 LIKE t2;
DROP TEMPORARY TABLE tmp8;
include/assert.inc [CREATE/DROP TEMPORARY TABLE is not written into binlog when @@session.binlog_format= MIXED.]
SET @@session.binlog_format= ROW;
SELECT @@session.binlog_format;
@@session.binlog_format
ROW
CREATE TEMPORARY TABLE tmp1 ENGINE=InnoDB SELECT * FROM t1;
DROP TEMPORARY TABLE tmp1;
CREATE TEMPORARY TABLE tmp2 ENGINE=MyISAM SELECT * FROM t2;
DROP TEMPORARY TABLE tmp2;
CREATE TEMPORARY TABLE tmp3 ENGINE=MyISAM SELECT * FROM t1;
DROP TEMPORARY TABLE tmp3;
CREATE TEMPORARY TABLE tmp4 ENGINE=InnoDB SELECT * FROM t2;
DROP TEMPORARY TABLE tmp4;
CREATE TEMPORARY TABLE tmp5 (a INT) ENGINE=InnoDB;
DROP TEMPORARY TABLE tmp5;
CREATE TEMPORARY TABLE tmp6 (a INT) ENGINE=MyISAM;
DROP TEMPORARY TABLE tmp6;
CREATE TEMPORARY TABLE tmp7 LIKE t1;
DROP TEMPORARY TABLE tmp7;
CREATE TEMPORARY TABLE tmp8 LIKE t2;
DROP TEMPORARY TABLE tmp8;
include/assert.inc [CREATE/DROP TEMPORARY TABLE is not written into binlog when @@session.binlog_format= ROW.]
DROP TABLE t1,t2;
