RESET MASTER;
CREATE TABLE t1(a INT) ENGINE=InnoDB;
CREATE TEMPORARY TABLE tmp1 ENGINE=InnoDB SELECT * FROM t1;
CREATE TEMPORARY TABLE tmp5 (a INT) ENGINE=InnoDB;
CREATE TEMPORARY TABLE tmp7 LIKE t1;
include/show_binlog_events.inc
Log_name	Pos	Event_type	Server_id	End_log_pos	Info
<<<<<<< HEAD
binlog.000001	#	Query	#	#	use `test`; CREATE TABLE t1(a INT) ENGINE=InnoDB
binlog.000001	#	Query	#	#	use `test`; CREATE TEMPORARY TABLE tmp1 ENGINE=InnoDB SELECT * FROM t1
binlog.000001	#	Query	#	#	use `test`; CREATE TEMPORARY TABLE tmp5 (a INT) ENGINE=InnoDB
binlog.000001	#	Query	#	#	use `test`; CREATE TEMPORARY TABLE tmp7 LIKE t1
<<<<<<< HEAD
binlog.000001	#	Query	#	#	use `test`; DROP /*!40005 TEMPORARY */ TABLE IF EXISTS `tmp7`,`tmp5`,`tmp1`
DROP TABLE t1;
=======
binlog.000001	#	Query	#	#	use `test`; CREATE TEMPORARY TABLE tmp8 LIKE t2
binlog.000001	#	Query	#	#	use `test`; DROP /*!40005 TEMPORARY */ TABLE IF EXISTS `tmp7`,`tmp5`,`tmp4`,`tmp1`
binlog.000001	#	Query	#	#	use `test`; DROP /*!40005 TEMPORARY */ TABLE IF EXISTS `tmp8`,`tmp6`,`tmp3`,`tmp2`
=======
master-bin.000001	#	Query	#	#	use `test`; CREATE TABLE t1(a INT) ENGINE=InnoDB
master-bin.000001	#	Query	#	#	use `test`; CREATE TABLE t2(a INT) ENGINE=MyISAM
master-bin.000001	#	Query	#	#	use `test`; CREATE TEMPORARY TABLE tmp1 ENGINE=InnoDB SELECT * FROM t1
master-bin.000001	#	Query	#	#	use `test`; CREATE TEMPORARY TABLE tmp2 ENGINE=MyISAM SELECT * FROM t2
master-bin.000001	#	Query	#	#	use `test`; CREATE TEMPORARY TABLE tmp3 ENGINE=MyISAM SELECT * FROM t1
master-bin.000001	#	Query	#	#	use `test`; CREATE TEMPORARY TABLE tmp4 ENGINE=InnoDB SELECT * FROM t2
master-bin.000001	#	Query	#	#	use `test`; CREATE TEMPORARY TABLE tmp5 (a INT) ENGINE=InnoDB
master-bin.000001	#	Query	#	#	use `test`; CREATE TEMPORARY TABLE tmp6 (a INT) ENGINE=MyISAM
master-bin.000001	#	Query	#	#	use `test`; CREATE TEMPORARY TABLE tmp7 LIKE t1
master-bin.000001	#	Query	#	#	use `test`; CREATE TEMPORARY TABLE tmp8 LIKE t2
master-bin.000001	#	Query	#	#	use `test`; DROP /*!40005 TEMPORARY */ TABLE IF EXISTS `tmp7`,`tmp5`,`tmp4`,`tmp1`
master-bin.000001	#	Query	#	#	use `test`; DROP /*!40005 TEMPORARY */ TABLE IF EXISTS `tmp8`,`tmp6`,`tmp3`,`tmp2`
>>>>>>> upstream/cluster-7.6
DROP TABLE t1, t2;
>>>>>>> pr/231
