RESET MASTER;
CREATE TABLE t1(a INT) ENGINE=InnoDB;
CREATE TABLE t2(a INT) ENGINE=MyISAM;
SET @saved_binlog_format= @@SESSION.binlog_format;
SET SESSION binlog_format= 'STATEMENT';
CREATE TEMPORARY TABLE tmp10 (a INT);
SET SESSION binlog_format= @saved_binlog_format;
CREATE TEMPORARY TABLE tmp1 ENGINE=InnoDB SELECT * FROM t1;
CREATE TEMPORARY TABLE tmp2 ENGINE=MyISAM SELECT * FROM t2;
CREATE TEMPORARY TABLE tmp3 ENGINE=MyISAM SELECT * FROM t1;
CREATE TEMPORARY TABLE tmp4 ENGINE=InnoDB SELECT * FROM t2;
CREATE TEMPORARY TABLE tmp5 (a INT) ENGINE=InnoDB;
CREATE TEMPORARY TABLE tmp6 (a INT) ENGINE=MyISAM;
CREATE TEMPORARY TABLE tmp7 LIKE t1;
CREATE TEMPORARY TABLE tmp8 LIKE t2;
include/show_binlog_events.inc
Log_name	Pos	Event_type	Server_id	End_log_pos	Info
binlog.000001	#	Query	#	#	use `test`; CREATE TABLE t1(a INT) ENGINE=InnoDB
binlog.000001	#	Query	#	#	use `test`; CREATE TABLE t2(a INT) ENGINE=MyISAM
binlog.000001	#	Query	#	#	use `test`; CREATE TEMPORARY TABLE tmp10 (a INT)
binlog.000001	#	Query	#	#	use `test`; DROP /*!40005 TEMPORARY */ TABLE IF EXISTS `tmp10`
DROP TABLE t1, t2;
