DROP TABLE IF EXISTS t1;
==== Test BUG#32407 ====
select * from t1;
a
1
1
==== Test BINLOG statement w/o FD event ====
BINLOG '
SVtYRxMBAAAAKQAAADQBAAAAABAAAAAAAAAABHRlc3QAAnQxAAEDAAE=
SVtYRxcBAAAAIgAAAFYBAAAQABAAAAAAAAEAAf/+AgAAAA==
';
ERROR HY000: The BINLOG statement of type `Table_map` was not preceded by a format description BINLOG statement.
select * from t1;
a
1
1
==== Test BINLOG statement with FD event ====
BINLOG '
ODdYRw8BAAAAZgAAAGoAAAABAAQANS4xLjIzLXJjLWRlYnVnLWxvZwAAAAAAAAAAAAAAAAAAAAAA
AAAAAAAAAAAAAAAAAAA4N1hHEzgNAAgAEgAEBAQEEgAAUwAEGggAAAAICAgC
';
BINLOG '
TFtYRxMBAAAAKQAAAH8BAAAAABAAAAAAAAAABHRlc3QAAnQxAAEDAAE=
TFtYRxcBAAAAIgAAAKEBAAAQABAAAAAAAAEAAf/+AwAAAA==
';
select * from t1;
a
1
1
3
==== Test --base64-output=never on a binlog with row events ====
/*!40019 SET @@session.max_insert_delayed_threads=0*/;
/*!50003 SET @OLD_COMPLETION_TYPE=@@COMPLETION_TYPE,COMPLETION_TYPE=0*/;
DELIMITER /*!*/;
# at 4
<#>ROLLBACK/*!*/;
# at 102
<#>use test/*!*/;
SET TIMESTAMP=1196959712/*!*/;
<#>SET @@session.foreign_key_checks=1, @@session.sql_auto_is_null=1, @@session.unique_checks=1, @@session.autocommit=1/*!*/;
SET @@session.sql_mode=0/*!*/;
SET @@session.auto_increment_increment=1, @@session.auto_increment_offset=1/*!*/;
/*!\C latin1 *//*!*/;
SET @@session.character_set_client=8,@@session.collation_connection=8,@@session.collation_server=8/*!*/;
SET @@session.lc_time_names=0/*!*/;
SET @@session.collation_database=DEFAULT/*!*/;
create table t1 (a int) engine= myisam
/*!*/;
# at 203
DELIMITER ;
# End of log file
ROLLBACK /* added by mysqlbinlog */;
/*!50003 SET COMPLETION_TYPE=@OLD_COMPLETION_TYPE*/;
==== Test non-matching FD event and Row event ====
BINLOG '
4CdYRw8BAAAAYgAAAGYAAAAAAAQANS4xLjE1LW5kYi02LjEuMjQtZGVidWctbG9nAAAAAAAAAAAA
AAAAAAAAAAAAAAAAAADgJ1hHEzgNAAgAEgAEBAQEEgAATwAEGggICAg=
';
BINLOG '
Dl1YRxMBAAAAKQAAADQBAAAAABAAAAAAAAAABHRlc3QAAnQxAAEDAAE=
Dl1YRxcBAAAAIgAAAFYBAAAQABAAAAAAAAEAAf/+BQAAAA==
';
ERROR 42000: You have an error in your SQL syntax; check the manual that corresponds to your MySQL server version for the right syntax to use
select * from t1;
a
1
1
3
CREATE TABLE char128_utf8 ( 
i1 INT NOT NULL, 
c CHAR(128) CHARACTER SET utf8 NOT NULL, 
i2 INT NOT NULL);
CREATE TABLE char63_utf8 (
i1 INT NOT NULL,
c CHAR(63) CHARACTER SET utf8 NOT NULL,
i2 INT NOT NULL);
BINLOG '
MuNkSA8BAAAAZgAAAGoAAAAAAAQANS4xLjI1LXJjLWRlYnVnLWxvZwAAAAAAAAAAAAAAAAAAAAAA
AAAAAAAAAAAAAAAAAAAy42RIEzgNAAgAEgAEBAQEEgAAUwAEGggAAAAICAgC
';
BINLOG '
3u9kSBMBAAAANgAAAJYBAAAAABAAAAAAAAAABHRlc3QAC2NoYXI2M191dGY4AAMD/gMC/r0A
3u9kSBcBAAAAKgAAAMABAAAQABAAAAAAAAEAA//4AQAAAAMxMjMBAAAA
';
SELECT * FROM char63_utf8;
i1	c	i2
1	123	1
BINLOG '
iONkSBMBAAAANwAAAJkBAAAAABAAAAAAAAAABHRlc3QADGNoYXIxMjhfdXRmOAADA/4DAv6AAA==
iONkSBcBAAAAKwAAAMQBAAAQABAAAAAAAAEAA//4AQAAAAMAMTIzAQAAAA==
';
ERROR HY000: master may suffer from http://bugs.mysql.com/bug.php?id=37426 so slave stops; check error log on slave for more info
drop table t1, char63_utf8, char128_utf8;
call mtr.add_suppression("Slave SQL.*master suffers from this bug: http:..bugs.mysql.com.bug.php.id=37426.* Error_code: 1105");
call mtr.add_suppression("Slave SQL.*Table definition on master and slave does not match: Column 1 size mismatch.* Error_code: 1535");
#
# Bug #54393: crash and/or valgrind errors in 
# mysql_client_binlog_statement
#
BINLOG '';
ERROR 42000: You have an error in your SQL syntax; check the manual that corresponds to your MySQL server version for the right syntax to use
BINLOG '123';
BINLOG '-2079193929';
ERROR 42000: You have an error in your SQL syntax; check the manual that corresponds to your MySQL server version for the right syntax to use
BINLOG 'xç↓%~∙D╒ƒ╡';
ERROR 42000: You have an error in your SQL syntax; check the manual that corresponds to your MySQL server version for the right syntax to use
