####################################
# SETUP
####################################
CREATE DATABASE statements_digest;
USE statements_digest;
CREATE TABLE t1(a int);
CREATE TABLE t2(a int);
CREATE TABLE t3(a int, b int);
CREATE TABLE t4(a int, b int);
CREATE TABLE t5(a int, b int, c int);
TRUNCATE TABLE performance_schema.events_statements_summary_by_digest;
####################################
# EXECUTION
####################################
SELECT 1 FROM t1;
1
SELECT 1 FROM `t1`;
1
SELECT 1,2 FROM t1;
1	2
SELECT 1, 2, 3, 4 FROM t1;
1	2	3	4
SELECT 1 FROM t2;
1
SELECT 1,2 FROM t2;
1	2
SELECT 1, 2, 3, 4 FROM t2;
1	2	3	4
INSERT INTO t1 VALUES (1);
INSERT INTO t2 VALUES (1);
INSERT INTO t3 VALUES (1, 2);
INSERT INTO t4 VALUES (1, 2);
INSERT INTO t5 VALUES (1, 2, 3);
INSERT INTO t1 VALUES (1), (2), (3);
INSERT INTO t1 VALUES (1), (2), (3), (4);
INSERT INTO t3 VALUES (1, 2), (3, 4), (5, 6);
INSERT INTO t5 VALUES (1, 2, 3), (4, 5, 6), (7, 8, 9);
SELECT                                          1           +        1;
1           +        1
2
SELECT 1;
1
1
SELECT 1 /* This is an inline comment */ + 1;
1 /* This is an inline comment */ + 1
2
SELECT 1+
/*
this is a
multiple-line comment
*/
1;
1+
/*
this is a
multiple-line comment
*/
1
2
CREATE SCHEMA statements_digest_temp;
DROP SCHEMA statements_digest_temp;
CREATE DATABASE statements_digest_temp;
DROP DATABASE statements_digest_temp;
SELECT 1 from t11;
ERROR 42S02: Table 'statements_digest.t11' doesn't exist
create table t11 (c char(4));
create table t11 (c char(4));
ERROR 42S01: Table 't11' already exists
insert into t11 values("MySQL");
Warnings:
Warning	1265	Data truncated for column 'c' at row 1
####################################
# QUERYING PS STATEMENT DIGEST
####################################
SELECT DIGEST, DIGEST_TEXT, COUNT_STAR, SUM_ROWS_AFFECTED, SUM_WARNINGS,
SUM_ERRORS FROM performance_schema.events_statements_summary_by_digest;
DIGEST	DIGEST_TEXT	COUNT_STAR	SUM_ROWS_AFFECTED	SUM_WARNINGS	SUM_ERRORS
125e2368c3eaf351aed3ebfee58be90d	TRUNCATE TABLE performance_schema . events_statements_summary_by_digest  	1	0	0	0
bc4eed5041e2d6b5ded147735fbe8b1f	SELECT ? FROM t1  	1	0	0	0
f65353b17370cbfb2baebad10c33fa7e	SELECT ? FROM `t1`  	1	0	0	0
5d495852490f30472a5e451973f373c1	SELECT ?, ... FROM t1  	2	0	0	0
b71eb7d7c299dfc30efdd68528f59a76	SELECT ? FROM t2  	1	0	0	0
ceee8936a87a0f5175734f5f10e7057c	SELECT ?, ... FROM t2  	2	0	0	0
8706d275b70cc0e0be3278bcfd11425b	INSERT INTO t1 VALUES (?)  	1	1	0	0
078618f67231c7030acb33e57a83cfd8	INSERT INTO t2 VALUES (?)  	1	1	0	0
8ad1b5c85b289e58d0f7b427da91a6ce	INSERT INTO t3 VALUES (...)  	1	1	0	0
d66ea0477cde3db52d29b929fb1d2aca	INSERT INTO t4 VALUES (...)  	1	1	0	0
dbe42331568bef0faca4a83edb21e87b	INSERT INTO t5 VALUES (...)  	1	1	0	0
a9ae07204bf4a980fdb9e735c8b5efaa	INSERT INTO t1 VALUES (?) /* , ... */  	2	7	0	0
15bad11ceed55668da6a92334afc07e9	INSERT INTO t3 VALUES (...) /* , ... */  	1	3	0	0
56b93d153e0ee2c70de8306ef1fb8d18	INSERT INTO t5 VALUES (...) /* , ... */  	1	3	0	0
9dc07462e059ac4602d4c14545dc0fe8	SELECT ? + ?  	3	0	0	0
52d466db2e44df4a904d2800fc3af99e	SELECT ?  	1	0	0	0
fb40aece1f68b5c3fbaf220bc21ad353	CREATE SCHEMA statements_digest_temp  	2	2	0	0
622ef9323ed99ee165d79477219a693b	DROP SCHEMA statements_digest_temp  	2	0	0	0
ce88fbaf7c72c8f2e1efeb16b9cf0f74	SELECT ? FROM t11  	1	0	0	1
7627748ac774cc7db2d160ea197a1d20	CREATE TABLE t11 ( c CHARACTER (?) )  	2	0	0	1
13090b5cd13a544b442804d16f8fe1f9	INSERT INTO t11 VALUES (?)  	1	1	1	0
bc929dc8b518d3e83c072ea8a2aa485c	SHOW WARNINGS  	1	0	0	0
####################################
# CLEANUP
####################################
DROP TABLE IF EXISTS t1;
DROP TABLE IF EXISTS t2;
DROP TABLE IF EXISTS t3;
DROP TABLE IF EXISTS t4;
DROP TABLE IF EXISTS t5;
DROP DATABASE IF EXISTS statements_digest;
