CREATE TABLE t (
c char(20) NOT NULL
) ENGINE=MyISAM DEFAULT CHARSET=utf8mb3 COLLATE=utf8_unicode_ci;
Warnings:
Warning	1287	'utf8mb3' is deprecated and will be removed in a future release. Please use utf8mb4 instead
Warning	3778	'utf8mb3_unicode_ci' is a collation of the deprecated character set UTF8MB3. Please consider using UTF8MB4 with an appropriate collation instead.
INSERT INTO t VALUES ('a'),('ab'),('aba');
ALTER TABLE t ADD INDEX (c);
SELECT c FROM t WHERE c LIKE 'a%';
c
a
ab
aba
DROP TABLE t;
CREATE TABLE t1 (
c1 text character set ucs2 collate ucs2_polish_ci NOT NULL
) ENGINE=MyISAM;
Warnings:
Warning	1287	'ucs2' is deprecated and will be removed in a future release. Please use utf8mb4 instead
Warning	4079	'ucs2_polish_ci' is a collation of the deprecated character set ucs2. Please consider using utf8mb4 with an appropriate collation instead.
insert into t1 values (''),('a');
SELECT COUNT(*), c1 FROM t1 GROUP BY c1;
COUNT(*)	c1
1	
1	a
DROP TABLE IF EXISTS t1;
