drop table if exists t1;
SET @pl0= _tis620 0x000102030405060708090A0B0C0D0E0F;
SET @pl1= _tis620 0x101112131415161718191A1B1C1D1E1F;
SET @pl2= _tis620 0x202122232425262728292A2B2C2D2E2F;
SET @pl3= _tis620 0x303132333435363738393A3B3C3D3E3F;
SET @pl4= _tis620 0x404142434445464748494A4B4C4D4E4F;
SET @pl5= _tis620 0x505152535455565758595A5B5C5D5E5F;
SET @pl6= _tis620 0x606162636465666768696A6B6C6D6E6F;
SET @pl7= _tis620 0x707172737475767778797A7B7C7D7E7F;
SET @pl8= _tis620 0x808182838485868788898A8B8C8D8E8F;
SET @pl9= _tis620 0x909192939495969798999A9B9C9D9E9F;
SET @plA= _tis620 0xA0A1A2A3A4A5A6A7A8A9AAABACADAEAF;
SET @plB= _tis620 0xB0B1B2B3B4B5B6B7B8B9BABBBCBDBEBF;
SET @plC= _tis620 0xC0C1C2C3C4C5C6C7C8C9CACBCCCDCECF;
SET @plD= _tis620 0xD0D1D2D3D4D5D6D7D8D9DADBDCDDDEDF;
SET @plE= _tis620 0xE0E1E2E3E4E5E6E7E8E9EAEBECEDEEEF;
SET @plF= _tis620 0xF0F1F2F3F4F5F6F7F8F9FAFBFCFDFEFF;
SELECT hex(@u0:=convert(@pl0 using utf8));
hex(@u0:=convert(@pl0 using utf8))
000102030405060708090A0B0C0D0E0F
Warnings:
Warning	3719	'utf8' is currently an alias for the character set UTF8MB3, but will be an alias for UTF8MB4 in a future release. Please consider using UTF8MB4 in order to be unambiguous.
Warning	1287	Setting user variables within expressions is deprecated and will be removed in a future release. Consider alternatives: 'SET variable=expression, ...', or 'SELECT expression(s) INTO variables(s)'.
SELECT hex(@u1:=convert(@pl1 using utf8));
hex(@u1:=convert(@pl1 using utf8))
101112131415161718191A1B1C1D1E1F
Warnings:
Warning	3719	'utf8' is currently an alias for the character set UTF8MB3, but will be an alias for UTF8MB4 in a future release. Please consider using UTF8MB4 in order to be unambiguous.
Warning	1287	Setting user variables within expressions is deprecated and will be removed in a future release. Consider alternatives: 'SET variable=expression, ...', or 'SELECT expression(s) INTO variables(s)'.
SELECT hex(@u2:=convert(@pl2 using utf8));
hex(@u2:=convert(@pl2 using utf8))
202122232425262728292A2B2C2D2E2F
Warnings:
Warning	3719	'utf8' is currently an alias for the character set UTF8MB3, but will be an alias for UTF8MB4 in a future release. Please consider using UTF8MB4 in order to be unambiguous.
Warning	1287	Setting user variables within expressions is deprecated and will be removed in a future release. Consider alternatives: 'SET variable=expression, ...', or 'SELECT expression(s) INTO variables(s)'.
SELECT hex(@u3:=convert(@pl3 using utf8));
hex(@u3:=convert(@pl3 using utf8))
303132333435363738393A3B3C3D3E3F
Warnings:
Warning	3719	'utf8' is currently an alias for the character set UTF8MB3, but will be an alias for UTF8MB4 in a future release. Please consider using UTF8MB4 in order to be unambiguous.
Warning	1287	Setting user variables within expressions is deprecated and will be removed in a future release. Consider alternatives: 'SET variable=expression, ...', or 'SELECT expression(s) INTO variables(s)'.
SELECT hex(@u4:=convert(@pl4 using utf8));
hex(@u4:=convert(@pl4 using utf8))
404142434445464748494A4B4C4D4E4F
Warnings:
Warning	3719	'utf8' is currently an alias for the character set UTF8MB3, but will be an alias for UTF8MB4 in a future release. Please consider using UTF8MB4 in order to be unambiguous.
Warning	1287	Setting user variables within expressions is deprecated and will be removed in a future release. Consider alternatives: 'SET variable=expression, ...', or 'SELECT expression(s) INTO variables(s)'.
SELECT hex(@u5:=convert(@pl5 using utf8));
hex(@u5:=convert(@pl5 using utf8))
505152535455565758595A5B5C5D5E5F
Warnings:
Warning	3719	'utf8' is currently an alias for the character set UTF8MB3, but will be an alias for UTF8MB4 in a future release. Please consider using UTF8MB4 in order to be unambiguous.
Warning	1287	Setting user variables within expressions is deprecated and will be removed in a future release. Consider alternatives: 'SET variable=expression, ...', or 'SELECT expression(s) INTO variables(s)'.
SELECT hex(@u6:=convert(@pl6 using utf8));
hex(@u6:=convert(@pl6 using utf8))
606162636465666768696A6B6C6D6E6F
Warnings:
Warning	3719	'utf8' is currently an alias for the character set UTF8MB3, but will be an alias for UTF8MB4 in a future release. Please consider using UTF8MB4 in order to be unambiguous.
Warning	1287	Setting user variables within expressions is deprecated and will be removed in a future release. Consider alternatives: 'SET variable=expression, ...', or 'SELECT expression(s) INTO variables(s)'.
SELECT hex(@u7:=convert(@pl7 using utf8));
hex(@u7:=convert(@pl7 using utf8))
707172737475767778797A7B7C7D7E7F
Warnings:
Warning	3719	'utf8' is currently an alias for the character set UTF8MB3, but will be an alias for UTF8MB4 in a future release. Please consider using UTF8MB4 in order to be unambiguous.
Warning	1287	Setting user variables within expressions is deprecated and will be removed in a future release. Consider alternatives: 'SET variable=expression, ...', or 'SELECT expression(s) INTO variables(s)'.
SELECT hex(@u8:=convert(@pl8 using utf8));
hex(@u8:=convert(@pl8 using utf8))
C280C281C282C283C284C285C286C287C288C289C28AC28BC28CC28DC28EC28F
Warnings:
Warning	3719	'utf8' is currently an alias for the character set UTF8MB3, but will be an alias for UTF8MB4 in a future release. Please consider using UTF8MB4 in order to be unambiguous.
Warning	1287	Setting user variables within expressions is deprecated and will be removed in a future release. Consider alternatives: 'SET variable=expression, ...', or 'SELECT expression(s) INTO variables(s)'.
SELECT hex(@u9:=convert(@pl9 using utf8));
hex(@u9:=convert(@pl9 using utf8))
C290C291C292C293C294C295C296C297C298C299C29AC29BC29CC29DC29EC29F
Warnings:
Warning	3719	'utf8' is currently an alias for the character set UTF8MB3, but will be an alias for UTF8MB4 in a future release. Please consider using UTF8MB4 in order to be unambiguous.
Warning	1287	Setting user variables within expressions is deprecated and will be removed in a future release. Consider alternatives: 'SET variable=expression, ...', or 'SELECT expression(s) INTO variables(s)'.
SELECT hex(@uA:=convert(@plA using utf8));
hex(@uA:=convert(@plA using utf8))
EFBFBDE0B881E0B882E0B883E0B884E0B885E0B886E0B887E0B888E0B889E0B88AE0B88BE0B88CE0B88DE0B88EE0B88F
Warnings:
Warning	3719	'utf8' is currently an alias for the character set UTF8MB3, but will be an alias for UTF8MB4 in a future release. Please consider using UTF8MB4 in order to be unambiguous.
Warning	1287	Setting user variables within expressions is deprecated and will be removed in a future release. Consider alternatives: 'SET variable=expression, ...', or 'SELECT expression(s) INTO variables(s)'.
SELECT hex(@uB:=convert(@plB using utf8));
hex(@uB:=convert(@plB using utf8))
E0B890E0B891E0B892E0B893E0B894E0B895E0B896E0B897E0B898E0B899E0B89AE0B89BE0B89CE0B89DE0B89EE0B89F
Warnings:
Warning	3719	'utf8' is currently an alias for the character set UTF8MB3, but will be an alias for UTF8MB4 in a future release. Please consider using UTF8MB4 in order to be unambiguous.
Warning	1287	Setting user variables within expressions is deprecated and will be removed in a future release. Consider alternatives: 'SET variable=expression, ...', or 'SELECT expression(s) INTO variables(s)'.
SELECT hex(@uC:=convert(@plC using utf8));
hex(@uC:=convert(@plC using utf8))
E0B8A0E0B8A1E0B8A2E0B8A3E0B8A4E0B8A5E0B8A6E0B8A7E0B8A8E0B8A9E0B8AAE0B8ABE0B8ACE0B8ADE0B8AEE0B8AF
Warnings:
Warning	3719	'utf8' is currently an alias for the character set UTF8MB3, but will be an alias for UTF8MB4 in a future release. Please consider using UTF8MB4 in order to be unambiguous.
Warning	1287	Setting user variables within expressions is deprecated and will be removed in a future release. Consider alternatives: 'SET variable=expression, ...', or 'SELECT expression(s) INTO variables(s)'.
SELECT hex(@uD:=convert(@plD using utf8));
hex(@uD:=convert(@plD using utf8))
E0B8B0E0B8B1E0B8B2E0B8B3E0B8B4E0B8B5E0B8B6E0B8B7E0B8B8E0B8B9E0B8BAEFBFBDEFBFBDEFBFBDEFBFBDE0B8BF
Warnings:
Warning	3719	'utf8' is currently an alias for the character set UTF8MB3, but will be an alias for UTF8MB4 in a future release. Please consider using UTF8MB4 in order to be unambiguous.
Warning	1287	Setting user variables within expressions is deprecated and will be removed in a future release. Consider alternatives: 'SET variable=expression, ...', or 'SELECT expression(s) INTO variables(s)'.
SELECT hex(@uE:=convert(@plE using utf8));
hex(@uE:=convert(@plE using utf8))
E0B980E0B981E0B982E0B983E0B984E0B985E0B986E0B987E0B988E0B989E0B98AE0B98BE0B98CE0B98DE0B98EE0B98F
Warnings:
Warning	3719	'utf8' is currently an alias for the character set UTF8MB3, but will be an alias for UTF8MB4 in a future release. Please consider using UTF8MB4 in order to be unambiguous.
Warning	1287	Setting user variables within expressions is deprecated and will be removed in a future release. Consider alternatives: 'SET variable=expression, ...', or 'SELECT expression(s) INTO variables(s)'.
SELECT hex(@uF:=convert(@plF using utf8));
hex(@uF:=convert(@plF using utf8))
E0B990E0B991E0B992E0B993E0B994E0B995E0B996E0B997E0B998E0B999E0B99AE0B99BEFBFBDEFBFBDEFBFBDEFBFBD
Warnings:
Warning	3719	'utf8' is currently an alias for the character set UTF8MB3, but will be an alias for UTF8MB4 in a future release. Please consider using UTF8MB4 in order to be unambiguous.
Warning	1287	Setting user variables within expressions is deprecated and will be removed in a future release. Consider alternatives: 'SET variable=expression, ...', or 'SELECT expression(s) INTO variables(s)'.
SELECT hex(convert(@u0 USING tis620));
hex(convert(@u0 USING tis620))
000102030405060708090A0B0C0D0E0F
SELECT hex(convert(@u1 USING tis620));
hex(convert(@u1 USING tis620))
101112131415161718191A1B1C1D1E1F
SELECT hex(convert(@u2 USING tis620));
hex(convert(@u2 USING tis620))
202122232425262728292A2B2C2D2E2F
SELECT hex(convert(@u3 USING tis620));
hex(convert(@u3 USING tis620))
303132333435363738393A3B3C3D3E3F
SELECT hex(convert(@u4 USING tis620));
hex(convert(@u4 USING tis620))
404142434445464748494A4B4C4D4E4F
SELECT hex(convert(@u5 USING tis620));
hex(convert(@u5 USING tis620))
505152535455565758595A5B5C5D5E5F
SELECT hex(convert(@u6 USING tis620));
hex(convert(@u6 USING tis620))
606162636465666768696A6B6C6D6E6F
SELECT hex(convert(@u7 USING tis620));
hex(convert(@u7 USING tis620))
707172737475767778797A7B7C7D7E7F
SELECT hex(convert(@u8 USING tis620));
hex(convert(@u8 USING tis620))
808182838485868788898A8B8C8D8E8F
SELECT hex(convert(@u9 USING tis620));
hex(convert(@u9 USING tis620))
909192939495969798999A9B9C9D9E9F
SELECT hex(convert(@uA USING tis620));
hex(convert(@uA USING tis620))
FFA1A2A3A4A5A6A7A8A9AAABACADAEAF
SELECT hex(convert(@uB USING tis620));
hex(convert(@uB USING tis620))
B0B1B2B3B4B5B6B7B8B9BABBBCBDBEBF
SELECT hex(convert(@uC USING tis620));
hex(convert(@uC USING tis620))
C0C1C2C3C4C5C6C7C8C9CACBCCCDCECF
SELECT hex(convert(@uD USING tis620));
hex(convert(@uD USING tis620))
D0D1D2D3D4D5D6D7D8D9DAFFFFFFFFDF
SELECT hex(convert(@uE USING tis620));
hex(convert(@uE USING tis620))
E0E1E2E3E4E5E6E7E8E9EAEBECEDEEEF
SELECT hex(convert(@uF USING tis620));
hex(convert(@uF USING tis620))
F0F1F2F3F4F5F6F7F8F9FAFBFFFFFFFF
SET NAMES tis620;
SELECT 'a' = 'a ';
'a' = 'a '
1
SELECT 'a\0' < 'a';
'a\0' < 'a'
1
SELECT 'a\0' < 'a ';
'a\0' < 'a '
1
SELECT 'a\t' < 'a';
'a\t' < 'a'
1
SELECT 'a\t' < 'a ';
'a\t' < 'a '
1
CREATE TABLE t1 (a char(10) not null) CHARACTER SET tis620;
INSERT INTO t1 VALUES ('a'),('a\0'),('a\t'),('a ');
SELECT hex(a),STRCMP(a,'a'), STRCMP(a,'a ') FROM t1;
hex(a)	STRCMP(a,'a')	STRCMP(a,'a ')
61	0	0
6100	-1	-1
6109	-1	-1
61	0	0
DROP TABLE t1;
SET sql_mode = 'NO_ENGINE_SUBSTITUTION';
CREATE TABLE t1 (
`id` int(11) NOT NULL auto_increment,
`url` varchar(200) NOT NULL default '',
`name` varchar(250) NOT NULL default '',
`type` int(11) NOT NULL default '0',
`website` varchar(250) NOT NULL default '',
`adddate` date NOT NULL default '0000-00-00',
`size` varchar(20) NOT NULL default '',
`movieid` int(11) NOT NULL default '0',
`musicid` int(11) NOT NULL default '0',
`star` varchar(20) NOT NULL default '',
`download` int(11) NOT NULL default '0',
`lastweek` int(11) NOT NULL default '0',
`thisweek` int(11) NOT NULL default '0',
`page` varchar(250) NOT NULL default '',
PRIMARY KEY  (`id`),
UNIQUE KEY `url` (`url`)
) CHARACTER SET tis620;
Warnings:
Warning	1681	Integer display width is deprecated and will be removed in a future release.
Warning	1681	Integer display width is deprecated and will be removed in a future release.
Warning	1681	Integer display width is deprecated and will be removed in a future release.
Warning	1681	Integer display width is deprecated and will be removed in a future release.
Warning	1681	Integer display width is deprecated and will be removed in a future release.
Warning	1681	Integer display width is deprecated and will be removed in a future release.
Warning	1681	Integer display width is deprecated and will be removed in a future release.
INSERT INTO t1 VALUES
(1,'http://www.siamzone.com/download/download/000001-frodo_1024.jpg','The Lord
of the Rings
Wallpapers',1,'http://www.lordoftherings.net','2002-01-22','',448,0,'',3805,0,0,
'');
INSERT INTO t1 VALUES (2,'http://www.othemovie.com/OScreenSaver1.EXE','O
Screensaver',2,'','2002-01-22','',491,0,'',519,0,0,'');
INSERT INTO t1 VALUES
(3,'http://www.siamzone.com/download/download/000003-jasonx2(800x600).jpg','Jaso
n X Wallpapers',1,'','2002-05-31','',579,0,'',1091,0,0,'');
select * from t1 order by id;
id	url	name	type	website	adddate	size	movieid	musicid	star	download	lastweek	thisweek	page
1	http://www.siamzone.com/download/download/000001-frodo_1024.jpg	The Lord
of the Rings
Wallpapers	1	http://www.lordoftherings.net	2002-01-22		448	0		3805	0	0	
2	http://www.othemovie.com/OScreenSaver1.EXE	O
Screensaver	2		2002-01-22		491	0		519	0	0	
3	http://www.siamzone.com/download/download/000003-jasonx2(800x600).jpg	Jaso
n X Wallpapers	1		2002-05-31		579	0		1091	0	0	
DROP TABLE t1;
SET collation_connection='tis620_thai_ci';
create table t1 select repeat('a',4000) a;
delete from t1;
insert into t1 values ('a'), ('a '), ('a\t');
select collation(a),hex(a) from t1 order by a;
collation(a)	hex(a)
tis620_thai_ci	6109
tis620_thai_ci	61
tis620_thai_ci	6120
drop table t1;
select @@collation_connection;
@@collation_connection
tis620_thai_ci
create table t1 ROW_FORMAT=DYNAMIC select repeat('a',50) as c1 ;
insert into t1 values('abcdef');
insert into t1 values('_bcdef');
insert into t1 values('a_cdef');
insert into t1 values('ab_def');
insert into t1 values('abc_ef');
insert into t1 values('abcd_f');
insert into t1 values('abcde_');
select c1 as c1u from t1 where c1 like 'ab\_def';
c1u
ab_def
select c1 as c2h from t1 where c1 like 'ab#_def' escape '#';
c2h
ab_def
drop table t1;
drop table if exists t1;
create table t1 select repeat('a',10) as c1;
delete from t1;
insert into t1 values (0x20),(0x21),(0x22),(0x23),(0x24),(0x25),(0x26),(0x27),(0x28),(0x29),(0x2A),(0x2B),(0x2C),(0x2D),(0x2E),(0x2F);
insert into t1 values (0x30),(0x31),(0x32),(0x33),(0x34),(0x35),(0x36),(0x37),(0x38),(0x39),(0x3A),(0x3B),(0x3C),(0x3D),(0x3E),(0x3F);
insert into t1 values (0x40),(0x41),(0x42),(0x43),(0x44),(0x45),(0x46),(0x47),(0x48),(0x49),(0x4A),(0x4B),(0x4C),(0x4D),(0x4E),(0x4F);
insert into t1 values (0x50),(0x51),(0x52),(0x53),(0x54),(0x55),(0x56),(0x57),(0x58),(0x59),(0x5A),(0x5B),(0x5C),(0x5D),(0x5E),(0x5F);
insert into t1 values (0x60),(0x61),(0x62),(0x63),(0x64),(0x65),(0x66),(0x67),(0x68),(0x69),(0x6A),(0x6B),(0x6C),(0x6D),(0x6E),(0x6F);
insert into t1 values (0x70),(0x71),(0x72),(0x73),(0x74),(0x75),(0x76),(0x77),(0x78),(0x79),(0x7A),(0x7B),(0x7C),(0x7D),(0x7E),(0x7F);
SELECT GROUP_CONCAT(c1 ORDER BY binary c1 SEPARATOR ''), GROUP_CONCAT(hex(c1) ORDER BY BINARY c1) FROM t1 GROUP BY c1;
GROUP_CONCAT(c1 ORDER BY binary c1 SEPARATOR '')	GROUP_CONCAT(hex(c1) ORDER BY BINARY c1)
 	20
!	21
"	22
#	23
$	24
%	25
&	26
'	27
(	28
)	29
*	2A
+	2B
,	2C
-	2D
.	2E
/	2F
0	30
1	31
2	32
3	33
4	34
5	35
6	36
7	37
8	38
9	39
:	3A
;	3B
<	3C
=	3D
>	3E
?	3F
@	40
[	5B
\	5C
]	5D
^	5E
_	5F
`	60
Aa	41,61
Bb	42,62
Cc	43,63
Dd	44,64
Ee	45,65
Ff	46,66
Gg	47,67
Hh	48,68
Ii	49,69
Jj	4A,6A
Kk	4B,6B
Ll	4C,6C
Mm	4D,6D
Nn	4E,6E
Oo	4F,6F
Pp	50,70
Qq	51,71
Rr	52,72
Ss	53,73
Tt	54,74
Uu	55,75
Vv	56,76
Ww	57,77
Xx	58,78
Yy	59,79
Zz	5A,7A
{	7B
|	7C
}	7D
~	7E
	7F
drop table t1;
SET collation_connection='tis620_bin';
create table t1 select repeat('a',4000) a;
delete from t1;
insert into t1 values ('a'), ('a '), ('a\t');
select collation(a),hex(a) from t1 order by a;
collation(a)	hex(a)
tis620_bin	6109
tis620_bin	61
tis620_bin	6120
drop table t1;
select @@collation_connection;
@@collation_connection
tis620_bin
create table t1 ROW_FORMAT=DYNAMIC select repeat('a',50) as c1 ;
insert into t1 values('abcdef');
insert into t1 values('_bcdef');
insert into t1 values('a_cdef');
insert into t1 values('ab_def');
insert into t1 values('abc_ef');
insert into t1 values('abcd_f');
insert into t1 values('abcde_');
select c1 as c1u from t1 where c1 like 'ab\_def';
c1u
ab_def
select c1 as c2h from t1 where c1 like 'ab#_def' escape '#';
c2h
ab_def
drop table t1;
SET sql_mode = default;
#
# Start of 5.6 tests
#
#
# WL#3664 WEIGHT_STRING
#
set names tis620;
set collation_connection=tis620_thai_ci;
select @@collation_connection;
@@collation_connection
tis620_thai_ci
select hex(weight_string('a'));
hex(weight_string('a'))
61
select hex(weight_string('A'));
hex(weight_string('A'))
61
select hex(weight_string('abc'));
hex(weight_string('abc'))
616263
select hex(weight_string('abc' as char(2)));
hex(weight_string('abc' as char(2)))
6162
select hex(weight_string('abc' as char(3)));
hex(weight_string('abc' as char(3)))
616263
select hex(weight_string('abc' as char(5)));
hex(weight_string('abc' as char(5)))
6162632020
select hex(weight_string('abc', 1, 2, 0xC0));
hex(weight_string('abc', 1, 2, 0xC0))
61
select hex(weight_string('abc', 2, 2, 0xC0));
hex(weight_string('abc', 2, 2, 0xC0))
6162
select hex(weight_string('abc', 3, 2, 0xC0));
hex(weight_string('abc', 3, 2, 0xC0))
616220
select hex(weight_string('abc', 4, 2, 0xC0));
hex(weight_string('abc', 4, 2, 0xC0))
61622020
select hex(weight_string('abc', 5, 2, 0xC0));
hex(weight_string('abc', 5, 2, 0xC0))
6162202020
select hex(weight_string('abc',25, 2, 0xC0));
hex(weight_string('abc',25, 2, 0xC0))
61622020202020202020202020202020202020202020202020
select hex(weight_string('abc', 1, 3, 0xC0));
hex(weight_string('abc', 1, 3, 0xC0))
61
select hex(weight_string('abc', 2, 3, 0xC0));
hex(weight_string('abc', 2, 3, 0xC0))
6162
select hex(weight_string('abc', 3, 3, 0xC0));
hex(weight_string('abc', 3, 3, 0xC0))
616263
select hex(weight_string('abc', 4, 3, 0xC0));
hex(weight_string('abc', 4, 3, 0xC0))
61626320
select hex(weight_string('abc', 5, 3, 0xC0));
hex(weight_string('abc', 5, 3, 0xC0))
6162632020
select hex(weight_string('abc',25, 3, 0xC0));
hex(weight_string('abc',25, 3, 0xC0))
61626320202020202020202020202020202020202020202020
select hex(weight_string('abc', 1, 4, 0xC0));
hex(weight_string('abc', 1, 4, 0xC0))
61
select hex(weight_string('abc', 2, 4, 0xC0));
hex(weight_string('abc', 2, 4, 0xC0))
6162
select hex(weight_string('abc', 3, 4, 0xC0));
hex(weight_string('abc', 3, 4, 0xC0))
616263
select hex(weight_string('abc', 4, 4, 0xC0));
hex(weight_string('abc', 4, 4, 0xC0))
61626320
select hex(weight_string('abc', 5, 4, 0xC0));
hex(weight_string('abc', 5, 4, 0xC0))
6162632020
select hex(weight_string('abc',25, 4, 0xC0));
hex(weight_string('abc',25, 4, 0xC0))
61626320202020202020202020202020202020202020202020
select hex(weight_string(cast(0xE0A1 as char)));
hex(weight_string(cast(0xE0A1 as char)))
A1E0
select hex(weight_string(cast(0xE0A1 as char) as char(1)));
hex(weight_string(cast(0xE0A1 as char) as char(1)))
E0
set collation_connection=tis620_bin;
select @@collation_connection;
@@collation_connection
tis620_bin
select hex(weight_string('a'));
hex(weight_string('a'))
61
select hex(weight_string('A'));
hex(weight_string('A'))
41
select hex(weight_string('abc'));
hex(weight_string('abc'))
616263
select hex(weight_string('abc' as char(2)));
hex(weight_string('abc' as char(2)))
6162
select hex(weight_string('abc' as char(3)));
hex(weight_string('abc' as char(3)))
616263
select hex(weight_string('abc' as char(5)));
hex(weight_string('abc' as char(5)))
6162632020
select hex(weight_string('abc', 1, 2, 0xC0));
hex(weight_string('abc', 1, 2, 0xC0))
61
select hex(weight_string('abc', 2, 2, 0xC0));
hex(weight_string('abc', 2, 2, 0xC0))
6162
select hex(weight_string('abc', 3, 2, 0xC0));
hex(weight_string('abc', 3, 2, 0xC0))
616220
select hex(weight_string('abc', 4, 2, 0xC0));
hex(weight_string('abc', 4, 2, 0xC0))
61622020
select hex(weight_string('abc', 5, 2, 0xC0));
hex(weight_string('abc', 5, 2, 0xC0))
6162202020
select hex(weight_string('abc',25, 2, 0xC0));
hex(weight_string('abc',25, 2, 0xC0))
61622020202020202020202020202020202020202020202020
select hex(weight_string('abc', 1, 3, 0xC0));
hex(weight_string('abc', 1, 3, 0xC0))
61
select hex(weight_string('abc', 2, 3, 0xC0));
hex(weight_string('abc', 2, 3, 0xC0))
6162
select hex(weight_string('abc', 3, 3, 0xC0));
hex(weight_string('abc', 3, 3, 0xC0))
616263
select hex(weight_string('abc', 4, 3, 0xC0));
hex(weight_string('abc', 4, 3, 0xC0))
61626320
select hex(weight_string('abc', 5, 3, 0xC0));
hex(weight_string('abc', 5, 3, 0xC0))
6162632020
select hex(weight_string('abc',25, 3, 0xC0));
hex(weight_string('abc',25, 3, 0xC0))
61626320202020202020202020202020202020202020202020
select hex(weight_string('abc', 1, 4, 0xC0));
hex(weight_string('abc', 1, 4, 0xC0))
61
select hex(weight_string('abc', 2, 4, 0xC0));
hex(weight_string('abc', 2, 4, 0xC0))
6162
select hex(weight_string('abc', 3, 4, 0xC0));
hex(weight_string('abc', 3, 4, 0xC0))
616263
select hex(weight_string('abc', 4, 4, 0xC0));
hex(weight_string('abc', 4, 4, 0xC0))
61626320
select hex(weight_string('abc', 5, 4, 0xC0));
hex(weight_string('abc', 5, 4, 0xC0))
6162632020
select hex(weight_string('abc',25, 4, 0xC0));
hex(weight_string('abc',25, 4, 0xC0))
61626320202020202020202020202020202020202020202020
select hex(weight_string(cast(0xE0A1 as char)));
hex(weight_string(cast(0xE0A1 as char)))
E0A1
select hex(weight_string(cast(0xE0A1 as char) as char(1)));
hex(weight_string(cast(0xE0A1 as char) as char(1)))
E0
#
# Bugs#12635232: VALGRIND WARNINGS: IS_IPV6, IS_IPV4, INET6_ATON,
# INET6_NTOA + MULTIBYTE CHARSET.
#
SET NAMES tis620;
SELECT is_ipv4(inet_ntoa('1'));
is_ipv4(inet_ntoa('1'))
1
SELECT is_ipv6(inet_ntoa('1'));
is_ipv6(inet_ntoa('1'))
0
SELECT inet6_aton(inet_ntoa('1'));
inet6_aton(inet_ntoa('1'))
   
SELECT inet6_ntoa(inet_ntoa('1'));
inet6_ntoa(inet_ntoa('1'))
NULL
#
# Bug#14040277 UNINITIALIZED VALUE REFERENCED IN STR_TO_IPV6
#
SELECT inet6_aton(soundex('a'));
inet6_aton(soundex('a'))
NULL
#
# Bug#19047425 UNINITIALISED VALUE IN STR_TO_IPV6
#
do is_ipv4_mapped(inet6_aton(convert(_ascii "a:" using tis620)));
#
# End of 5.6 tests
#
