SET NAMES gb18030;
SET CHARACTER_SET_DATABASE = gb18030;
Warnings:
Warning	1681	Updating 'character_set_database' is deprecated. It will be made read-only in a future release.
CREATE DATABASE `中文`;
CREATE DATABASE `数据库`;
SELECT schema_name, HEX(schema_name) FROM information_schema.schemata WHERE schema_name NOT IN ('mtr', 'sys');
schema_name	HEX(schema_name)
information_schema	696E666F726D6174696F6E5F736368656D61
中文	E4B8ADE69687
数据库	E695B0E68DAEE5BA93
mysql	6D7973716C
performance_schema	706572666F726D616E63655F736368656D61
test	74657374
USE `数据库`;
USE `中文`;
DROP DATABASE `数据库`;
DROP DATABASE `中文`;
USE test;
'Test for CREATE TABLE'
CREATE TABLE `表格` (`字段一` CHAR(1)) DEFAULT CHARSET = gb18030;
CREATE TABLE `模式` (`列列列` CHAR(1)) DEFAULT CHARSET = gb18030;
CREATE TABLE `J嗷90` (`列9394` CHAR(1)) DEFAULT CHARSET = gb18030;
CREATE TABLE IF NOT EXISTS `表格`(`字段一` CHAR(1)) DEFAULT CHARSET = gb18030;
Warnings:
Note	1050	Table '表格' already exists
CREATE TABLE IF NOT EXISTS `模式` (`列列列` CHAR(1)) DEFAULT CHARSET = gb18030;
Warnings:
Note	1050	Table '模式' already exists
CREATE TABLE IF NOT EXISTS `J嗷90` (`列9394` CHAR(1)) DEFAULT CHARSET = gb18030;
Warnings:
Note	1050	Table 'J嗷90' already exists
CREATE TABLE IF NOT EXISTS `949494` (`939393` CHAR(1)) DEFAULT CHARSET = gb18030;
CREATE TEMPORARY TABLE `969798` (`959595` CHAR(1)) DEFAULT CHARSET = gb18030;
DESC `表格`;
Field	Type	Null	Key	Default	Extra
字段一	char(1)	YES		NULL	
DESC `模式`;
Field	Type	Null	Key	Default	Extra
列列列	char(1)	YES		NULL	
DESC `J嗷90`;
Field	Type	Null	Key	Default	Extra
列9394	char(1)	YES		NULL	
DESC `949494`;
Field	Type	Null	Key	Default	Extra
939393	char(1)	YES		NULL	
DESC `969798`;
Field	Type	Null	Key	Default	Extra
959595	char(1)	YES		NULL	
SHOW CREATE TABLE `表格`;
Table	Create Table
表格	CREATE TABLE `表格` (
  `字段一` char(1) DEFAULT NULL
) ENGINE=InnoDB DEFAULT CHARSET=gb18030
SHOW CREATE TABLE `模式`;
Table	Create Table
模式	CREATE TABLE `模式` (
  `列列列` char(1) DEFAULT NULL
) ENGINE=InnoDB DEFAULT CHARSET=gb18030
SHOW CREATE TABLE `J嗷90`;
Table	Create Table
J嗷90	CREATE TABLE `J嗷90` (
  `列9394` char(1) DEFAULT NULL
) ENGINE=InnoDB DEFAULT CHARSET=gb18030
SHOW CREATE TABLE `949494`;
Table	Create Table
949494	CREATE TABLE `949494` (
  `939393` char(1) DEFAULT NULL
) ENGINE=InnoDB DEFAULT CHARSET=gb18030
SHOW CREATE TABLE `969798`;
Table	Create Table
969798	CREATE TEMPORARY TABLE `969798` (
  `959595` char(1) DEFAULT NULL
) ENGINE=InnoDB DEFAULT CHARSET=gb18030
DROP TABLE `表格`, `模式`, `J嗷90`, `949494`, `969798`;
'Test for ALTER TABLE'
CREATE TABLE `表格` (`字段一` CHAR(5)) DEFAULT CHARSET = gb18030;
CREATE TABLE `J嗷90` (`919293` CHAR(5)) DEFAULT CHARSET = gb18030;
INSERT INTO `表格` VALUES ('一二三四28'), ('六七八九十'), ('9495969798'), ('2628055250');
INSERT INTO `J嗷90` VALUES ('焊36菡F'), ('h汉h汉h'), ('9293969799');
ALTER TABLE `表格` ADD `新字段一` CHAR(1) FIRST;
ALTER TABLE `表格` ADD `新字段二` CHAR(1) AFTER `字段一`;
ALTER TABLE `表格` ADD `新字段三` CHAR(1);
ALTER TABLE `表格` ADD INDEX (`新字段二`);
ALTER TABLE `表格` ADD PRIMARY KEY (`字段一`);
ALTER TABLE `表格` ADD UNIQUE (`新字段三`);
ALTER TABLE `表格` CHANGE `新字段二` `3232一` CHAR(1);
ALTER TABLE `表格` MODIFY `新字段三` CHAR(6);
SELECT * FROM `表格`;
新字段一	字段一	3232一	新字段三
NULL	2628055250	NULL	NULL
NULL	六七八九十	NULL	NULL
NULL	9495969798	NULL	NULL
NULL	一二三四28	NULL	NULL
DESC `表格`;
Field	Type	Null	Key	Default	Extra
新字段一	char(1)	YES		NULL	
字段一	char(5)	NO	PRI	NULL	
3232一	char(1)	YES	MUL	NULL	
新字段三	char(6)	YES	UNI	NULL	
SHOW CREATE TABLE `表格`;
Table	Create Table
表格	CREATE TABLE `表格` (
  `新字段一` char(1) DEFAULT NULL,
  `字段一` char(5) NOT NULL,
  `3232一` char(1) DEFAULT NULL,
  `新字段三` char(6) DEFAULT NULL,
  PRIMARY KEY (`字段一`),
  UNIQUE KEY `新字段三` (`新字段三`),
  KEY `新字段二` (`3232一`)
) ENGINE=InnoDB DEFAULT CHARSET=gb18030
ALTER TABLE `表格` DROP INDEX `新字段二`;
ALTER TABLE `表格` DROP PRIMARY KEY;
ALTER TABLE `表格` DROP INDEX `新字段三`;
ALTER TABLE `表格` DROP `3232一`;
ALTER TABLE `表格` DROP `新字段一`;
ALTER TABLE `表格` DROP `新字段三`;
SELECT * FROM `表格`;
字段一
2628055250
六七八九十
9495969798
一二三四28
DESC `表格`;
Field	Type	Null	Key	Default	Extra
字段一	char(5)	NO		NULL	
SHOW CREATE TABLE `表格`;
Table	Create Table
表格	CREATE TABLE `表格` (
  `字段一` char(5) NOT NULL
) ENGINE=InnoDB DEFAULT CHARSET=gb18030
DROP TABLE `表格`, `J嗷90`;
'Test for INSERT/UPDATE/DELETE'
CREATE TABLE `表一` (`字段一` char(5)) DEFAULT CHARSET = gb18030;
INSERT INTO `表一` VALUES ('53作52阼');
SELECT INSERT(`字段一`, 1, 1, '99') FROM `表一`;
INSERT(`字段一`, 1, 1, '99')
9953作52阼
SELECT INSERT(`字段一`, 1, 2, '99') FROM `表一`;
INSERT(`字段一`, 1, 2, '99')
99作52阼
SELECT INSERT(`字段一`, 1, 3, '99') FROM `表一`;
INSERT(`字段一`, 1, 3, '99')
9952阼
SELECT INSERT(`字段一`, 1, 4, '99') FROM `表一`;
INSERT(`字段一`, 1, 4, '99')
99阼
SELECT INSERT(`字段一`, 1, 5, '99') FROM `表一`;
INSERT(`字段一`, 1, 5, '99')
99
SELECT INSERT(`字段一`, 4, 1, '54') FROM `表一`;
INSERT(`字段一`, 4, 1, '?')
53作54阼
SELECT INSERT(`字段一`, 4, 2, '54') FROM `表一`;
INSERT(`字段一`, 4, 2, '?')
53作54
SELECT INSERT(`字段一`, 5, 1, '54') FROM `表一`;
INSERT(`字段一`, 5, 1, '?')
53作5254
SELECT INSERT(`字段一`, 1, 1, ' ') FROM `表一`;
INSERT(`字段一`, 1, 1, ' ')
 53作52阼
SELECT INSERT(`字段一`, 1, 2, '  ') FROM `表一`;
INSERT(`字段一`, 1, 2, '  ')
  作52阼
SELECT INSERT(`字段一`, 1, 3, '   ') FROM `表一`;
INSERT(`字段一`, 1, 3, '   ')
   52阼
SELECT INSERT(`字段一`, 1, 4, '    ') FROM `表一`;
INSERT(`字段一`, 1, 4, '    ')
    阼
SELECT INSERT(`字段一`, 1, 5, '     ') FROM `表一`;
INSERT(`字段一`, 1, 5, '     ')
     
SELECT INSERT(`字段一`, 4, 1, ' ') FROM `表一`;
INSERT(`字段一`, 4, 1, ' ')
53作 阼
SELECT INSERT(`字段一`, 4, 2, '  ') FROM `表一`;
INSERT(`字段一`, 4, 2, '  ')
53作  
SELECT INSERT(`字段一`, 5, 1, ' ') FROM `表一`;
INSERT(`字段一`, 5, 1, ' ')
53作52 
SELECT INSERT(`字段一`, 1, 1, '') FROM `表一`;
INSERT(`字段一`, 1, 1, '')
53作52阼
SELECT INSERT(`字段一`, 1, 2, '') FROM `表一`;
INSERT(`字段一`, 1, 2, '')
踝52阼
SELECT INSERT(`字段一`, 1, 3, '') FROM `表一`;
INSERT(`字段一`, 1, 3, '')
52阼
SELECT INSERT(`字段一`, 1, 4, '') FROM `表一`;
INSERT(`字段一`, 1, 4, '')
踮
SELECT INSERT(`字段一`, 1, 5, '') FROM `表一`;
INSERT(`字段一`, 1, 5, '')

SELECT INSERT(`字段一`, 4, 1, '28') FROM `表一`;
INSERT(`字段一`, 4, 1, '?')
53作28阼
SELECT INSERT(`字段一`, 4, 2, '2828') FROM `表一`;
INSERT(`字段一`, 4, 2, '??')
53作2828
SELECT INSERT(`字段一`, 5, 1, '28') FROM `表一`;
INSERT(`字段一`, 5, 1, '?')
53作5228
UPDATE `表一` SET `字段一` = ('坐阼座28');
SELECT * FROM `表一`;
字段一
坐阼座28
DELETE FROM `表一` WHERE `字段一` = '53作52阼';
SELECT * FROM `表一`;
字段一
坐阼座28
DELETE FROM `表一`;
SELECT * FROM `表一`;
字段一
'Test for CHAR, VARCHAR, TEXT'
CREATE TABLE `表二` (c CHAR(5), v VARCHAR(10), t TEXT) DEFAULT CHARSET = gb18030;
INSERT INTO `表二` VALUES ('定长5250字', '变长280552字符串字段', '文本大对象525354字段');
SELECT * FROM `表二`;
c	v	t
定长5250字	变长280552字符串字段	文本大对象525354字段
TRUNCATE `表二`;
DROP TABLE `表一`, `表二`;
'Test for ENUM'
CREATE TABLE `表二` (e ENUM('口', '日', '目', '田', '晶'), INDEX(e)) DEFAULT CHARSET = gb18030;
INSERT INTO `表二` VALUES('田'), ('日'), ('目'), ('晶'), ('口');
SELECT * FROM `表二`;
e
口
日
目
田
晶
ALTER TABLE `表二` ADD c CHAR(1) NOT NULL FIRST;
SHOW CREATE TABLE `表二`;
Table	Create Table
表二	CREATE TABLE `表二` (
  `c` char(1) NOT NULL,
  `e` enum('口','日','目','田','晶') DEFAULT NULL,
  KEY `e` (`e`)
) ENGINE=InnoDB DEFAULT CHARSET=gb18030
DESC `表二`;
Field	Type	Null	Key	Default	Extra
c	char(1)	NO		NULL	
e	enum('口','日','目','田','晶')	YES	MUL	NULL	
DROP TABLE `表二`;
'Test for WHERE/LIKE'
CREATE TABLE `表一` (c1 CHAR(20), INDEX(c1)) DEFAULT CHARSET = gb18030;
INSERT INTO `表一` VALUES ('9999999999999999999999999999999999999999');
INSERT INTO `表一` VALUES ('9999999999999999999999999999990209080364');
INSERT INTO `表一` VALUES ('¤№999999999999999999999999999999999999');
INSERT INTO `表一` VALUES ('9999999999000203040299069908039909999999');
INSERT INTO `表一` VALUES ('9904050607000002090301080499999999999999');
INSERT INTO `表一` VALUES ('9999999999999999999999999999050607080900');
INSERT INTO `表一` VALUES ('0102030405070899999999999999999999999999');
INSERT INTO `表一` VALUES (' !"#$%&\'()*+,-./');
INSERT INTO `表一` VALUES ('0123456789:;<=>?');
INSERT INTO `表一` VALUES ('@ABCDEFGHIJKLMNO');
INSERT INTO `表一` VALUES ('PQRSTUVWXYZ[\\]^_');
INSERT INTO `表一` VALUES ('abcdefghijklmno');
INSERT INTO `表一` VALUES ('pqrstuvwxyz{|}~');
INSERT INTO `表一` VALUES ('9909080200090508010301030509050701070609');
INSERT INTO `表一` VALUES ('0802080500990305090701010003020602070005');
INSERT INTO `表一` VALUES ('0608010503010402050706000807010809050907');
INSERT INTO `表一` VALUES ('0103070501090302050408080207040005000201');
INSERT INTO `表一` VALUES ('0906060008010503999999999999999999999999');
INSERT INTO `表一` VALUES ('99áà010900ǎā020200040600040802éè05');
INSERT INTO `表一` VALUES ('êě09ē01070406990802íì0706ǐ99ī0106');
INSERT INTO `表一` VALUES ('0709020604建0309óò0200ǒ02ō01060008');
INSERT INTO `表一` VALUES ('020408060200úùü0409ǔ03ū050106ǘǜǚ');
INSERT INTO `表一` VALUES ('ǖ07050709020604999999999999999999999999');
INSERT INTO `表一` VALUES ('99@AB丌EGJ两丨丫MN丰QTUW乇Z');
INSERT INTO `表一` VALUES (']乜`d乩lmqv亍仃');
INSERT INTO `表一` VALUES ('仡仨へ蜇醴仿怪');
INSERT INTO `表一` VALUES ('伙媚刭');
INSERT INTO `表一` VALUES ('佟佣堇栀胫9999999999');
INSERT INTO `表一` VALUES ('99ux{|鼐鼗鼙鼢');
INSERT INTO `表一` VALUES ('鼯@B鼷鼹FG鼽HJL齄MNOY[\');
INSERT INTO `表一` VALUES (']^`cdnostuvwy{');
INSERT INTO `表一` VALUES ('999999999999999999999999');
INSERT INTO `表一` VALUES ('2628055250515253545354');
SELECT * FROM `表一`;
c1
 !"#$%&'()*+,-./
0123456789:;<=>?
@ABCDEFGHIJKLMNO
abcdefghijklmno
PQRSTUVWXYZ[\]^_
pqrstuvwxyz{|}~
¤№999999999999999999999999999999999999
êě09ē01070406990802íì0706ǐ99ī0106
0802080500990305090701010003020602070005
0608010503010402050706000807010809050907
0709020604建0309óò0200ǒ02ō01060008
0103070501090302050408080207040005000201
020408060200úùü0409ǔ03ū050106ǘǜǚ
0906060008010503999999999999999999999999
ǖ07050709020604999999999999999999999999
0102030405070899999999999999999999999999
9909080200090508010301030509050701070609
99áà010900ǎā020200040600040802éè05
9904050607000002090301080499999999999999
9999999999000203040299069908039909999999
9999999999999999999999999999050607080900
9999999999999999999999999999990209080364
9999999999999999999999999999999999999999
99@AB丌EGJ两丨丫MN丰QTUW乇Z
99ux{|鼐鼗鼙鼢
仡仨へ蜇醴仿怪
999999999999999999999999
2628055250515253545354
伙媚刭
鼯@B鼷鼹FG鼽HJL齄MNOY[\
佟佣堇栀胫9999999999
]^`cdnostuvwy{
]乜`d乩lmqv亍仃
SELECT * FROM `表一` WHERE c1 LIKE ' %';
c1
 !"#$%&'()*+,-./
SELECT * FROM `表一` WHERE c1 LIKE '% %';
c1
 !"#$%&'()*+,-./
SELECT * FROM `表一` WHERE c1 LIKE '% ';
c1
SELECT * FROM `表一` WHERE c1 LIKE '仡%';
c1
仡仨へ蜇醴仿怪
SELECT * FROM `表一` WHERE c1 LIKE '%qv%';
c1
]乜`d乩lmqv亍仃
SELECT * FROM `表一` WHERE c1 LIKE '%佘';
c1
伙媚刭
SELECT * FROM `表一` WHERE c1 LIKE '鼯@B鼷鼹FG鼽HJL齄MNOY[\%';
c1
鼯@B鼷鼹FG鼽HJL齄MNOY[\
SELECT * FROM `表一` WHERE c1 LIKE '%鼯@B鼷鼹FG鼽HJL齄MNOY[\%';
c1
鼯@B鼷鼹FG鼽HJL齄MNOY[\
SELECT * FROM `表一` WHERE c1 LIKE '%鼯@B鼷鼹FG鼽HJL齄MNOY[\';
c1
鼯@B鼷鼹FG鼽HJL齄MNOY[\
SELECT * FROM `表一` WHERE c1 = '0608010503010402050706000807010809050907';
c1
0608010503010402050706000807010809050907
0709020604建0309óò0200ǒ02ō01060008
SELECT * FROM `表一` WHERE c1 = ']乜`d乩lmqv亍仃';
c1
]乜`d乩lmqv亍仃
SELECT * FROM `表一` WHERE c1 = ']^`cdnostuvwy{';
c1
]^`cdnostuvwy{
SELECT * FROM `表一` WHERE c1 = '2628055250515253545354';
c1
2628055250515253545354
'Test for CONVERT'
SELECT c1, CONVERT(c1 USING gb18030) FROM `表一`;
c1	CONVERT(c1 USING gb18030)
 !"#$%&'()*+,-./	 !"#$%&'()*+,-./
0123456789:;<=>?	0123456789:;<=>?
@ABCDEFGHIJKLMNO	@ABCDEFGHIJKLMNO
abcdefghijklmno	abcdefghijklmno
PQRSTUVWXYZ[\]^_	PQRSTUVWXYZ[\]^_
pqrstuvwxyz{|}~	pqrstuvwxyz{|}~
¤№999999999999999999999999999999999999	¤№999999999999999999999999999999999999
êě09ē01070406990802íì0706ǐ99ī0106	êě09ē01070406990802íì0706ǐ99ī0106
0802080500990305090701010003020602070005	0802080500990305090701010003020602070005
0608010503010402050706000807010809050907	0608010503010402050706000807010809050907
0709020604建0309óò0200ǒ02ō01060008	0709020604建0309óò0200ǒ02ō01060008
0103070501090302050408080207040005000201	0103070501090302050408080207040005000201
020408060200úùü0409ǔ03ū050106ǘǜǚ	020408060200úùü0409ǔ03ū050106ǘǜǚ
0906060008010503999999999999999999999999	0906060008010503999999999999999999999999
ǖ07050709020604999999999999999999999999	ǖ07050709020604999999999999999999999999
0102030405070899999999999999999999999999	0102030405070899999999999999999999999999
9909080200090508010301030509050701070609	9909080200090508010301030509050701070609
99áà010900ǎā020200040600040802éè05	99áà010900ǎā020200040600040802éè05
9904050607000002090301080499999999999999	9904050607000002090301080499999999999999
9999999999000203040299069908039909999999	9999999999000203040299069908039909999999
9999999999999999999999999999050607080900	9999999999999999999999999999050607080900
9999999999999999999999999999990209080364	9999999999999999999999999999990209080364
9999999999999999999999999999999999999999	9999999999999999999999999999999999999999
99@AB丌EGJ两丨丫MN丰QTUW乇Z	99@AB丌EGJ两丨丫MN丰QTUW乇Z
99ux{|鼐鼗鼙鼢	99ux{|鼐鼗鼙鼢
仡仨へ蜇醴仿怪	仡仨へ蜇醴仿怪
999999999999999999999999	999999999999999999999999
2628055250515253545354	2628055250515253545354
伙媚刭	伙媚刭
鼯@B鼷鼹FG鼽HJL齄MNOY[\	鼯@B鼷鼹FG鼽HJL齄MNOY[\
佟佣堇栀胫9999999999	佟佣堇栀胫9999999999
]^`cdnostuvwy{	]^`cdnostuvwy{
]乜`d乩lmqv亍仃	]乜`d乩lmqv亍仃
SELECT c1, CONVERT(c1 USING utf8mb4), CONVERT(CONVERT(c1 USING utf8mb4) USING gb18030) FROM `表一`;
c1	CONVERT(c1 USING utf8mb4)	CONVERT(CONVERT(c1 USING utf8mb4) USING gb18030)
 !"#$%&'()*+,-./	 !"#$%&'()*+,-./	 !"#$%&'()*+,-./
0123456789:;<=>?	0123456789:;<=>?	0123456789:;<=>?
@ABCDEFGHIJKLMNO	@ABCDEFGHIJKLMNO	@ABCDEFGHIJKLMNO
abcdefghijklmno	abcdefghijklmno	abcdefghijklmno
PQRSTUVWXYZ[\]^_	PQRSTUVWXYZ[\]^_	PQRSTUVWXYZ[\]^_
pqrstuvwxyz{|}~	pqrstuvwxyz{|}~	pqrstuvwxyz{|}~
¤№999999999999999999999999999999999999	¤№999999999999999999999999999999999999	¤№999999999999999999999999999999999999
êě09ē01070406990802íì0706ǐ99ī0106	êě09ē01070406990802íì0706ǐ99ī0106	êě09ē01070406990802íì0706ǐ99ī0106
0802080500990305090701010003020602070005	0802080500990305090701010003020602070005	0802080500990305090701010003020602070005
0608010503010402050706000807010809050907	0608010503010402050706000807010809050907	0608010503010402050706000807010809050907
0709020604建0309óò0200ǒ02ō01060008	0709020604建0309óò0200ǒ02ō01060008	0709020604建0309óò0200ǒ02ō01060008
0103070501090302050408080207040005000201	0103070501090302050408080207040005000201	0103070501090302050408080207040005000201
020408060200úùü0409ǔ03ū050106ǘǜǚ	020408060200úùü0409ǔ03ū050106ǘǜǚ	020408060200úùü0409ǔ03ū050106ǘǜǚ
0906060008010503999999999999999999999999	0906060008010503999999999999999999999999	0906060008010503999999999999999999999999
ǖ07050709020604999999999999999999999999	ǖ07050709020604999999999999999999999999	ǖ07050709020604999999999999999999999999
0102030405070899999999999999999999999999	0102030405070899999999999999999999999999	0102030405070899999999999999999999999999
9909080200090508010301030509050701070609	9909080200090508010301030509050701070609	9909080200090508010301030509050701070609
99áà010900ǎā020200040600040802éè05	99áà010900ǎā020200040600040802éè05	99áà010900ǎā020200040600040802éè05
9904050607000002090301080499999999999999	9904050607000002090301080499999999999999	9904050607000002090301080499999999999999
9999999999000203040299069908039909999999	9999999999000203040299069908039909999999	9999999999000203040299069908039909999999
9999999999999999999999999999050607080900	9999999999999999999999999999050607080900	9999999999999999999999999999050607080900
9999999999999999999999999999990209080364	9999999999999999999999999999990209080364	9999999999999999999999999999990209080364
9999999999999999999999999999999999999999	9999999999999999999999999999999999999999	9999999999999999999999999999999999999999
99@AB丌EGJ两丨丫MN丰QTUW乇Z	99@AB丌EGJ两丨丫MN丰QTUW乇Z	99@AB丌EGJ两丨丫MN丰QTUW乇Z
99ux{|鼐鼗鼙鼢	99ux{|鼐鼗鼙鼢	99ux{|鼐鼗鼙鼢
仡仨へ蜇醴仿怪	仡仨へ蜇醴仿怪	仡仨へ蜇醴仿怪
999999999999999999999999	999999999999999999999999	999999999999999999999999
2628055250515253545354	2628055250515253545354	2628055250515253545354
伙媚刭	伙媚刭	伙媚刭
鼯@B鼷鼹FG鼽HJL齄MNOY[\	鼯@B鼷鼹FG鼽HJL齄MNOY[\	鼯@B鼷鼹FG鼽HJL齄MNOY[\
佟佣堇栀胫9999999999	佟佣堇栀胫9999999999	佟佣堇栀胫9999999999
]^`cdnostuvwy{	]^`cdnostuvwy{	]^`cdnostuvwy{
]乜`d乩lmqv亍仃	]乜`d乩lmqv亍仃	]乜`d乩lmqv亍仃
DROP TABLE `表一`;
'Test for sub-query'
CREATE TABLE t1a (c CHAR(1) PRIMARY KEY) DEFAULT CHARSET = gb18030;
CREATE TABLE t1b (c CHAR(1) PRIMARY KEY) DEFAULT CHARSET = gb18030;
CREATE TABLE t2a (c CHAR(1) PRIMARY KEY) DEFAULT CHARSET = gb18030;
CREATE TABLE t2b (c CHAR(1) PRIMARY KEY) DEFAULT CHARSET = gb18030;
INSERT INTO t1a VALUES ('双'), ('字'), ('52'), ('53');
INSERT INTO t1b VALUES ('双');
INSERT INTO t2a VALUES ('54'), ('y'), ('53');
INSERT INTO t2b VALUES ('54');
SELECT c FROM t1a WHERE c IN (SELECT c FROM t1b);
c
双
SELECT c FROM t1a WHERE EXISTS (SELECT c FROM t1b WHERE t1a.c = t1b.c);
c
双
SELECT c FROM t1a WHERE NOT EXISTS (SELECT c FROM t1b WHERE t1a.c = t1b.c);
c
52
53
字
SELECT c FROM t2a WHERE c IN (SELECT c FROM t2b);
c
54
SELECT c FROM t2a WHERE EXISTS (SELECT c FROM t2b WHERE t2a.c = t2b.c);
c
54
SELECT c FROM t2a WHERE NOT EXISTS (SELECT c FROM t2b WHERE t2a.c = t2b.c);
c
53
y
'Test for JOIN'
SELECT * FROM t1a JOIN t1b;
c	c
52	双
53	双
双	双
字	双
SELECT * FROM t1a INNER JOIN t1b;
c	c
52	双
53	双
双	双
字	双
SELECT * FROM t1a JOIN t1b USING (c);
c
双
SELECT * FROM t1a INNER JOIN t1b USING (c);
c
双
SELECT * FROM t1a CROSS JOIN t1b;
c	c
52	双
53	双
双	双
字	双
SELECT * FROM t1a LEFT JOIN t1b USING (c);
c
52
53
双
字
SELECT * FROM t1a LEFT JOIN t1b ON (t1a.c = t1b.c);
c	c
52	NULL
53	NULL
双	双
字	NULL
SELECT * FROM t1b RIGHT JOIN t1a USING (c);
c
52
53
双
字
SELECT * FROM t1b RIGHT JOIN t1a ON (t1a.c = t1b.c);
c	c
NULL	52
NULL	53
双	双
NULL	字
SELECT * FROM t2a JOIN t2b;
c	c
53	54
54	54
y	54
SELECT * FROM t2a INNER JOIN t2b;
c	c
53	54
54	54
y	54
SELECT * FROM t2a JOIN t2b USING (c);
c
54
SELECT * FROM t2a INNER JOIN t2b USING (c);
c
54
SELECT * FROM t2a CROSS JOIN t2b;
c	c
53	54
54	54
y	54
SELECT * FROM t2a LEFT JOIN t2b USING (c);
c
53
54
y
SELECT * FROM t2a LEFT JOIN t2b ON (t2a.c = t2b.c);
c	c
53	NULL
54	54
y	NULL
SELECT * FROM t2b RIGHT JOIN t2a USING (c);
c
53
54
y
SELECT * FROM t2b RIGHT JOIN t2a ON (t2a.c = t2b.c);
c	c
NULL	53
54	54
NULL	y
DROP TABLE t1a, t1b, t2a, t2b;
'Test for string functions'
CREATE TABLE `表一` (c1 CHAR(20), INDEX(c1)) DEFAULT CHARSET = gb18030;
INSERT INTO `表一` VALUES ('12345678900987654321'), ('一二三四五伍肆叁贰壹'), ('六七八'), ('九十'), ('百'), ('50515253');
INSERT INTO `表一` VALUES ('31'), ('一31二三四'), ('2805');
SELECT c1, LENGTH(c1) FROM `表一`;
c1	LENGTH(c1)
12345678900987654321	20
2805	8
31	4
百	2
九十	4
六七八	6
50515253	16
一31二三四	12
一二三四五伍肆叁贰壹	20
SELECT c1, LPAD(c1, 20, '中') FROM `表一`;
c1	LPAD(c1, 20, '中')
12345678900987654321	12345678900987654321
2805	中中中中中中中中中中中中中中中中中中2805
31	中中中中中中中中中中中中中中中中中中中31
百	中中中中中中中中中中中中中中中中中中中百
九十	中中中中中中中中中中中中中中中中中中九十
六七八	中中中中中中中中中中中中中中中中中六七八
50515253	中中中中中中中中中中中中中中中中50515253
一31二三四	中中中中中中中中中中中中中中中一31二三四
一二三四五伍肆叁贰壹	中中中中中中中中中中一二三四五伍肆叁贰壹
SELECT c1, RPAD(c1, 20, '52') FROM `表一`;
c1	RPAD(c1, 20, '?')
12345678900987654321	12345678900987654321
2805	2805525252525252525252525252525252525252
31	3152525252525252525252525252525252525252
百	百52525252525252525252525252525252525252
九十	九十525252525252525252525252525252525252
六七八	六七八5252525252525252525252525252525252
50515253	5051525352525252525252525252525252525252
一31二三四	一31二三四525252525252525252525252525252
一二三四五伍肆叁贰壹	一二三四五伍肆叁贰壹52525252525252525252
TRUNCATE `表一`;
INSERT INTO `表一` VALUES ('一31二52三54四');
SELECT INSTR(c1, '一') FROM `表一`;
INSTR(c1, '一')
1
SELECT INSTR(c1, '二') FROM `表一`;
INSTR(c1, '二')
3
SELECT INSTR(c1, '三') FROM `表一`;
INSTR(c1, '三')
5
SELECT INSTR(c1, '四') FROM `表一`;
INSTR(c1, '四')
7
SELECT INSTR(c1, '52') FROM `表一`;
INSTR(c1, '?')
4
SELECT INSTR(c1, '54') FROM `表一`;
INSTR(c1, '?')
6
SELECT INSTR(c1, '31') FROM `表一`;
INSTR(c1, '31')
2
SELECT c1, LEFT(c1, 0) FROM `表一`;
c1	LEFT(c1, 0)
一31二52三54四	
SELECT c1, LEFT(c1, 1) FROM `表一`;
c1	LEFT(c1, 1)
一31二52三54四	一
SELECT c1, LEFT(c1, 2) FROM `表一`;
c1	LEFT(c1, 2)
一31二52三54四	一31
SELECT c1, LEFT(c1, 3) FROM `表一`;
c1	LEFT(c1, 3)
一31二52三54四	一31二
SELECT c1, LEFT(c1, 4) FROM `表一`;
c1	LEFT(c1, 4)
一31二52三54四	一31二52
SELECT c1, LEFT(c1, 5) FROM `表一`;
c1	LEFT(c1, 5)
一31二52三54四	一31二52三
SELECT c1, LEFT(c1, 6) FROM `表一`;
c1	LEFT(c1, 6)
一31二52三54四	一31二52三54
SELECT c1, LEFT(c1, 7) FROM `表一`;
c1	LEFT(c1, 7)
一31二52三54四	一31二52三54四
SELECT c1, RIGHT(c1, 0) FROM `表一`;
c1	RIGHT(c1, 0)
一31二52三54四	
SELECT c1, RIGHT(c1, 1) FROM `表一`;
c1	RIGHT(c1, 1)
一31二52三54四	四
SELECT c1, RIGHT(c1, 2) FROM `表一`;
c1	RIGHT(c1, 2)
一31二52三54四	54四
SELECT c1, RIGHT(c1, 3) FROM `表一`;
c1	RIGHT(c1, 3)
一31二52三54四	三54四
SELECT c1, RIGHT(c1, 4) FROM `表一`;
c1	RIGHT(c1, 4)
一31二52三54四	52三54四
SELECT c1, RIGHT(c1, 5) FROM `表一`;
c1	RIGHT(c1, 5)
一31二52三54四	二52三54四
SELECT c1, RIGHT(c1, 6) FROM `表一`;
c1	RIGHT(c1, 6)
一31二52三54四	31二52三54四
SELECT c1, RIGHT(c1, 7) FROM `表一`;
c1	RIGHT(c1, 7)
一31二52三54四	一31二52三54四
SELECT REPLACE(c1, '一', '一一') FROM `表一`;
REPLACE(c1, '一', '一一')
一一31二52三54四
SELECT REPLACE(c1, '四', '四四') FROM `表一`;
REPLACE(c1, '四', '四四')
一31二52三54四四
SELECT REPLACE(c1, '54', '5454') FROM `表一`;
REPLACE(c1, '?', '??')
一31二52三5454四
SELECT REPLACE(c1, '52', '5252') FROM `表一`;
REPLACE(c1, '?', '??')
一31二5252三54四
TRUNCATE `表一`;
INSERT INTO `表一` VALUES ('一31二52三53');
INSERT INTO `表一` VALUES ('一31二52三5352');
INSERT INTO `表一` VALUES ('一31二52三535252');
INSERT INTO `表一` VALUES ('一31二52三53525252');
INSERT INTO `表一` VALUES ('52一31二52三53');
INSERT INTO `表一` VALUES ('5252一31二52三53');
INSERT INTO `表一` VALUES ('525252一31二52三53');
INSERT INTO `表一` VALUES ('   一31二52三53   ');
SELECT c1, TRIM(TRAILING '52' FROM c1) FROM `表一`;
c1	TRIM(TRAILING '?' FROM c1)
   一31二52三53	   一31二52三53
525252一31二52三53	525252一31二52三53
5252一31二52三53	5252一31二52三53
52一31二52三53	52一31二52三53
一31二52三53	一31二52三53
一31二52三5352	一31二52三53
一31二52三535252	一31二52三53
一31二52三53525252	一31二52三53
SELECT c1, TRIM(LEADING '52' FROM c1) FROM `表一`;
c1	TRIM(LEADING '?' FROM c1)
   一31二52三53	   一31二52三53
525252一31二52三53	一31二52三53
5252一31二52三53	一31二52三53
52一31二52三53	一31二52三53
一31二52三53	一31二52三53
一31二52三5352	一31二52三5352
一31二52三535252	一31二52三535252
一31二52三53525252	一31二52三53525252
SELECT c1, TRIM(BOTH '52' FROM c1) FROM `表一`;
c1	TRIM(BOTH '?' FROM c1)
   一31二52三53	   一31二52三53
525252一31二52三53	一31二52三53
5252一31二52三53	一31二52三53
52一31二52三53	一31二52三53
一31二52三53	一31二52三53
一31二52三5352	一31二52三53
一31二52三535252	一31二52三53
一31二52三53525252	一31二52三53
SELECT c1, TRIM(c1) FROM `表一`;
c1	TRIM(c1)
   一31二52三53	一31二52三53
525252一31二52三53	525252一31二52三53
5252一31二52三53	5252一31二52三53
52一31二52三53	52一31二52三53
一31二52三53	一31二52三53
一31二52三5352	一31二52三5352
一31二52三535252	一31二52三535252
一31二52三53525252	一31二52三53525252
SELECT REVERSE(c1) FROM `表一`;
REVERSE(c1)
53三52二31一   
53三52二31一525252
53三52二31一5252
53三52二31一52
53三52二31一
5253三52二31一
525253三52二31一
52525253三52二31一
TRUNCATE `表一`;
DROP TABLE `表一`;
'Test for 'GROUP BY''
CREATE TABLE t1 (c VARCHAR(10)) DEFAULT CHARSET = gb18030;
INSERT INTO t1 VALUES ('砻'), (''), ('EX'), ('厘P'), ('嚏'), ('54'), ('EX');
SELECT c, COUNT(c) FROM t1 GROUP BY c;
c	COUNT(c)
EX	2
54	1
厘P	1
嚏	1
	1
砻	1
DROP TABLE t1;
'Test for PS'
CREATE TABLE t1 (c1 CHAR(3)) DEFAULT CHARSET = gb18030;
CREATE TABLE t2 (c1 CHAR(3)) DEFAULT CHARSET = gb18030;
CREATE TABLE t3 (`32` CHAR(1), `95` CHAR(1), `段` CHAR(1)) DEFAULT CHARSET = gb18030;
CREATE TABLE t4 (c1 CHAR(3)) DEFAULT CHARSET = gb18030;
INSERT INTO t1 VALUES ('xxx');
INSERT INTO t2 VALUES ('5098列');
INSERT INTO t3 VALUES ('x', 'x', 'x'), ('x', 'x', 'x'), ('y', 'y', 'y'), ('y', 'y', 'y'), ('z', 'z', 'z'), ('z', 'z', 'z');
INSERT INTO t4 VALUES ('50'), ('98'), ('列');
PREPARE stmt1 FROM 'SELECT ? FROM t3';
PREPARE stmt2 FROM 'SELECT * FROM t3 ORDER BY ?';
PREPARE stmt3 FROM 'SELECT COUNT(*) FROM t3 GROUP BY ?';
PREPARE stmt4 FROM 'SELECT CHAR_LENGTH(?)';
PREPARE stmt5 FROM 'SELECT CHARSET(?)';
PREPARE stmt6 FROM 'SELECT INSERT(c1,1,1,?) FROM t1';
PREPARE stmt7 FROM 'SELECT INSTR(c1,?) FROM t2';
PREPARE stmt8 FROM 'SELECT LOCATE(?,c1) FROM t2';
PREPARE stmt9 FROM 'SELECT LPAD(c1,9,?) FROM t1';
PREPARE stmt10 FROM 'SELECT REPLACE(c1,?,\'x\') FROM t2';
PREPARE stmt11 FROM 'SELECT REPLACE(c1,\'x\',?) FROM t1';
PREPARE stmt12 FROM 'SELECT RPAD(c1,9,?) FROM t1';
PREPARE stmt13 FROM 'UPDATE t4 SET c1=\'x\' WHERE c1=?';
PREPARE stmt14 FROM 'UPDATE t4 SET c1=? WHERE c1=\'x\'';
SET @arg = '50';
EXECUTE stmt1 USING @arg;
?
50
50
50
50
50
50
EXECUTE stmt2 USING @arg;
32	95	段
x	x	x
x	x	x
y	y	y
y	y	y
z	z	z
z	z	z
EXECUTE stmt3 USING @arg;
COUNT(*)
6
EXECUTE stmt4 USING @arg;
CHAR_LENGTH(?)
1
EXECUTE stmt5 USING @arg;
CHARSET(?)
gb18030
EXECUTE stmt6 USING @arg;
INSERT(c1,1,1,?)
50xx
EXECUTE stmt7 USING @arg;
INSTR(c1,?)
1
EXECUTE stmt8 USING @arg;
LOCATE(?,c1)
1
EXECUTE stmt9 USING @arg;
LPAD(c1,9,?)
505050505050xxx
EXECUTE stmt10 USING @arg;
REPLACE(c1,?,'x')
x98列
EXECUTE stmt11 USING @arg;
REPLACE(c1,'x',?)
505050
EXECUTE stmt12 USING @arg;
RPAD(c1,9,?)
xxx505050505050
EXECUTE stmt13 USING @arg;
SELECT * FROM t4;
c1
x
98
列
EXECUTE stmt14 USING @arg;
SELECT * FROM t4;
c1
50
98
列
SET @arg = '98';
EXECUTE stmt1 USING @arg;
?
98
98
98
98
98
98
EXECUTE stmt2 USING @arg;
32	95	段
x	x	x
x	x	x
y	y	y
y	y	y
z	z	z
z	z	z
EXECUTE stmt3 USING @arg;
COUNT(*)
6
EXECUTE stmt4 USING @arg;
CHAR_LENGTH(?)
1
EXECUTE stmt5 USING @arg;
CHARSET(?)
gb18030
EXECUTE stmt6 USING @arg;
INSERT(c1,1,1,?)
98xx
EXECUTE stmt7 USING @arg;
INSTR(c1,?)
2
EXECUTE stmt8 USING @arg;
LOCATE(?,c1)
2
EXECUTE stmt9 USING @arg;
LPAD(c1,9,?)
989898989898xxx
EXECUTE stmt10 USING @arg;
REPLACE(c1,?,'x')
50x列
EXECUTE stmt11 USING @arg;
REPLACE(c1,'x',?)
989898
EXECUTE stmt12 USING @arg;
RPAD(c1,9,?)
xxx989898989898
EXECUTE stmt13 USING @arg;
SELECT * FROM t4;
c1
50
x
列
EXECUTE stmt14 USING @arg;
SELECT * FROM t4;
c1
50
98
列
SET @arg = '列';
EXECUTE stmt1 USING @arg;
?
列
列
列
列
列
列
EXECUTE stmt2 USING @arg;
32	95	段
x	x	x
x	x	x
y	y	y
y	y	y
z	z	z
z	z	z
EXECUTE stmt3 USING @arg;
COUNT(*)
6
EXECUTE stmt4 USING @arg;
CHAR_LENGTH(?)
1
EXECUTE stmt5 USING @arg;
CHARSET(?)
gb18030
EXECUTE stmt6 USING @arg;
INSERT(c1,1,1,?)
列xx
EXECUTE stmt7 USING @arg;
INSTR(c1,?)
3
EXECUTE stmt8 USING @arg;
LOCATE(?,c1)
3
EXECUTE stmt9 USING @arg;
LPAD(c1,9,?)
列列列列列列xxx
EXECUTE stmt10 USING @arg;
REPLACE(c1,?,'x')
5098x
EXECUTE stmt11 USING @arg;
REPLACE(c1,'x',?)
列列列
EXECUTE stmt12 USING @arg;
RPAD(c1,9,?)
xxx列列列列列列
EXECUTE stmt13 USING @arg;
SELECT * FROM t4;
c1
50
98
x
EXECUTE stmt14 USING @arg;
SELECT * FROM t4;
c1
50
98
列
DEALLOCATE PREPARE stmt1;
DEALLOCATE PREPARE stmt2;
DEALLOCATE PREPARE stmt3;
DEALLOCATE PREPARE stmt4;
DEALLOCATE PREPARE stmt5;
DEALLOCATE PREPARE stmt6;
DEALLOCATE PREPARE stmt7;
DEALLOCATE PREPARE stmt8;
DEALLOCATE PREPARE stmt9;
DEALLOCATE PREPARE stmt10;
DEALLOCATE PREPARE stmt11;
DEALLOCATE PREPARE stmt12;
DEALLOCATE PREPARE stmt13;
DEALLOCATE PREPARE stmt14;
DROP TABLE t1;
DROP TABLE t2;
DROP TABLE t3;
DROP TABLE t4;
'Test for INTO OUTFILE/INFILE'
CREATE TABLE `表格一` (id INT PRIMARY KEY, c CHAR(5), b BINARY(50), v VARBINARY(100)) DEFAULT CHARSET = gb18030;
INSERT INTO `表格一` VALUES(1, 'ab56\串', '12\3\345', '字符56\串'), (2, '\2628\', '\\\\5C', '9293969799'), (3, '055250', '2628055250', '51525354');
SELECT * FROM `表格一`;
id	c	b	v
1	ab56\串	12\3\345                                        	字符56\串
2	\2628\	\\\\5C                                        	9293969799
3	055250	2628055250                              	51525354
SELECT * INTO OUTFILE 'MYSQLTEST_VARDIR/tmp/gb18030_encoding.txt' FROM `表格一`;;
SELECT LOAD_FILE('MYSQLTEST_VARDIR/tmp/gb18030_encoding.txt');;
LOAD_FILE('MYSQLTEST_VARDIR/tmp/gb18030_encoding.txt')
1	ab56\串	12\\\3\\\345\0\0\0\0\0\0\0\0\0\0\0\0\0\0\0\0\0\0\0\0\0\0\0\0\0\0\0\0\0\0\0\0\0\0\0\0\0\0\0\0	字符56\\\串
2	\2628\	\\\\\\\\\\\\5C\0\0\0\0\0\0\0\0\0\0\0\0\0\0\0\0\0\0\0\0\0\0\0\0\0\0\0\0\0\0\0\0\0\0\0\0\0\0\0\0	9293969799
3	055250	2628055250\0\0\0\0\0\0\0\0\0\0\0\0\0\0\0\0\0\0\0\0\0\0\0\0\0\0\0\0\0\0	51525354

CREATE TABLE `表格二` LIKE `表格一`;;
LOAD DATA INFILE 'MYSQLTEST_VARDIR/tmp/gb18030_encoding.txt' INTO TABLE `表格二` CHARACTER SET gb18030;;
SELECT COUNT(*) AS `Expect 3` FROM `表格一`, `表格二` WHERE `表格一`.id = `表格二`.id;;
Expect 3
3
SELECT COUNT(*) AS `Expect 0` FROM `表格一`, `表格二` WHERE `表格一`.id = `表格二`.id AND (`表格一`.c <> `表格二`.c OR `表格一`.b <> `表格二`.b OR `表格一`.v <> `表格二`.v);;
Expect 0
0
DROP TABLE `表格二`;
SELECT * INTO OUTFILE 'MYSQLTEST_VARDIR/tmp/gb18030_encoding.txt' FIELDS TERMINATED BY '5C' ENCLOSED BY '"' FROM `表格一`;;
SELECT LOAD_FILE('MYSQLTEST_VARDIR/tmp/gb18030_encoding.txt');;
LOAD_FILE('MYSQLTEST_VARDIR/tmp/gb18030_encoding.txt')
"1"5C"ab56\串"5C"12\\\3\\\345\0\0\0\0\0\0\0\0\0\0\0\0\0\0\0\0\0\0\0\0\0\0\0\0\0\0\0\0\0\0\0\0\0\0\0\0\0\0\0\0"5C"字符56\\\串"
"2"5C"\2628\"5C"\\\\\\\\\\\\5C\0\0\0\0\0\0\0\0\0\0\0\0\0\0\0\0\0\0\0\0\0\0\0\0\0\0\0\0\0\0\0\0\0\0\0\0\0\0\0\0"5C"9293969799"
"3"5C"055250"5C"2628055250\0\0\0\0\0\0\0\0\0\0\0\0\0\0\0\0\0\0\0\0\0\0\0\0\0\0\0\0\0\0"5C"51525354"

CREATE TABLE `表格二` LIKE `表格一`;;
LOAD DATA INFILE 'MYSQLTEST_VARDIR/tmp/gb18030_encoding.txt' INTO TABLE `表格二` CHARACTER SET gb18030 FIELDS TERMINATED BY '5C' ENCLOSED BY '"';;
SELECT COUNT(*) AS `Expect 3` FROM `表格一`, `表格二` WHERE `表格一`.id = `表格二`.id;;
Expect 3
3
SELECT COUNT(*) AS `Expect 0` FROM `表格一`, `表格二` WHERE `表格一`.id = `表格二`.id AND (`表格一`.c <> `表格二`.c OR `表格一`.b <> `表格二`.b OR `表格一`.v <> `表格二`.v);;
Expect 0
0
DROP TABLE `表格二`;
SELECT * INTO OUTFILE 'MYSQLTEST_VARDIR/tmp/gb18030_encoding.txt' FIELDS TERMINATED BY '5C' ENCLOSED BY '0' LINES TERMINATED BY '1' FROM `表格一`;;
SELECT LOAD_FILE('MYSQLTEST_VARDIR/tmp/gb18030_encoding.txt');;
LOAD_FILE('MYSQLTEST_VARDIR/tmp/gb18030_encoding.txt')
0\105C0ab56\串05C0\12\\\3\\\345\0\0\0\0\0\0\0\0\0\0\0\0\0\0\0\0\0\0\0\0\0\0\0\0\0\0\0\0\0\0\0\0\0\0\0\0\0\0\0\005C0字符56\\\串010205C0\2628\05C0\\\\\\\\\\\\5C\0\0\0\0\0\0\0\0\0\0\0\0\0\0\0\0\0\0\0\0\0\0\0\0\0\0\0\0\0\0\0\0\0\0\0\0\0\0\0\005C09293969799010305C005525005C02628\0\\552\\5\0\0\0\0\0\0\0\0\0\0\0\0\0\0\0\0\0\0\0\0\0\0\0\0\0\0\0\0\0\0\005C0\\5\\152535401
CREATE TABLE `表格二` LIKE `表格一`;;
LOAD DATA INFILE 'MYSQLTEST_VARDIR/tmp/gb18030_encoding.txt' INTO TABLE `表格二` CHARACTER SET gb18030 FIELDS TERMINATED BY '5C' ENCLOSED BY '0' LINES TERMINATED BY '1';;
SELECT COUNT(*) AS `Expect 3` FROM `表格一`, `表格二` WHERE `表格一`.id = `表格二`.id;;
Expect 3
3
SELECT COUNT(*) AS `Expect 0` FROM `表格一`, `表格二` WHERE `表格一`.id = `表格二`.id AND (`表格一`.c <> `表格二`.c OR `表格一`.b <> `表格二`.b OR `表格一`.v <> `表格二`.v);;
Expect 0
0
DROP TABLE `表格二`;
SELECT * INTO OUTFILE 'MYSQLTEST_VARDIR/tmp/gb18030_encoding.txt' FIELDS TERMINATED BY 'd' FROM `表格一`;;
SELECT LOAD_FILE('MYSQLTEST_VARDIR/tmp/gb18030_encoding.txt');;
LOAD_FILE('MYSQLTEST_VARDIR/tmp/gb18030_encoding.txt')
1dab56\串d12\\\3\\\345\0\0\0\0\0\0\0\0\0\0\0\0\0\0\0\0\0\0\0\0\0\0\0\0\0\0\0\0\0\0\0\0\0\0\0\0\0\0\0\0d字符56\\\串
2d\2628\d\\\\\\\\\\\\5C\0\0\0\0\0\0\0\0\0\0\0\0\0\0\0\0\0\0\0\0\0\0\0\0\0\0\0\0\0\0\0\0\0\0\0\0\0\0\0\0d9293969799
3d055250d2628055250\0\0\0\0\0\0\0\0\0\0\0\0\0\0\0\0\0\0\0\0\0\0\0\0\0\0\0\0\0\0d51525354

CREATE TABLE `表格二` LIKE `表格一`;;
LOAD DATA INFILE 'MYSQLTEST_VARDIR/tmp/gb18030_encoding.txt' INTO TABLE `表格二` CHARACTER SET gb18030 FIELDS TERMINATED BY 'd';;
SELECT COUNT(*) AS `Expect 3` FROM `表格一`, `表格二` WHERE `表格一`.id = `表格二`.id;;
Expect 3
3
SELECT COUNT(*) AS `Expect 0` FROM `表格一`, `表格二` WHERE `表格一`.id = `表格二`.id AND (`表格一`.c <> `表格二`.c OR `表格一`.b <> `表格二`.b OR `表格一`.v <> `表格二`.v);;
Expect 0
0
DROP TABLE `表格二`, `表格一`;
