use mysql;
SET GLOBAL debug= '+d,skip_dd_table_access_check';
#
# Subset of definitions from tables, not including
# timestamps, partitioning, view definitions and
# default values
SELECT
id, name, type, engine, collation_id, comment, hidden,
options, se_private_data, se_private_id, tablespace_id
FROM tables
WHERE id IN (SELECT id FROM tables
WHERE schema_id= 1
AND name IN ('innodb_table_stats',
'innodb_index_stats',
'character_sets',
'collations',
'tablespaces',
'tablespace_files',
'catalogs',
'schemata',
'tables',
'view_table_usage',
'columns',
'column_statistics',
'indexes',
'index_column_usage',
'column_type_elements',
'foreign_keys',
'foreign_key_column_usage',
'table_partitions',
'table_partition_values',
'index_partitions',
'dd_properties'))
ORDER BY id;
id	name	type	engine	collation_id	comment	hidden	options	se_private_data	se_private_id	tablespace_id
1	dd_properties	BASE TABLE	InnoDB	83		System	avg_row_length=0;key_block_size=0;keys_disabled=0;pack_record=1;row_type=2;stats_auto_recalc=0;stats_persistent=0;stats_sample_pages=0;	NULL	16	1
3	collations	BASE TABLE	InnoDB	83		System	avg_row_length=0;key_block_size=0;keys_disabled=0;pack_record=1;row_type=2;stats_auto_recalc=0;stats_persistent=0;stats_sample_pages=0;	autoinc=0;version=0;	18	1
4	tablespaces	BASE TABLE	InnoDB	83		System	avg_row_length=0;key_block_size=0;keys_disabled=0;pack_record=1;row_type=2;stats_auto_recalc=0;stats_persistent=0;stats_sample_pages=0;	autoinc=0;version=0;	19	1
5	tablespace_files	BASE TABLE	InnoDB	83		System	avg_row_length=0;key_block_size=0;keys_disabled=0;pack_record=1;row_type=2;stats_auto_recalc=0;stats_persistent=0;stats_sample_pages=0;	NULL	20	1
6	catalogs	BASE TABLE	InnoDB	83		System	avg_row_length=0;key_block_size=0;keys_disabled=0;pack_record=1;row_type=2;stats_auto_recalc=0;stats_persistent=0;stats_sample_pages=0;	autoinc=0;version=0;	21	1
7	column_statistics	BASE TABLE	InnoDB	83		System	avg_row_length=0;key_block_size=0;keys_disabled=0;pack_record=1;row_type=2;stats_auto_recalc=0;stats_persistent=0;stats_sample_pages=0;	autoinc=0;version=0;	22	1
8	schemata	BASE TABLE	InnoDB	83		System	avg_row_length=0;key_block_size=0;keys_disabled=0;pack_record=1;row_type=2;stats_auto_recalc=0;stats_persistent=0;stats_sample_pages=0;	autoinc=0;version=0;	23	1
10	tables	BASE TABLE	InnoDB	83		System	avg_row_length=0;key_block_size=0;keys_disabled=0;pack_record=1;row_type=2;stats_auto_recalc=0;stats_persistent=0;stats_sample_pages=0;	autoinc=0;version=0;	25	1
11	view_table_usage	BASE TABLE	InnoDB	83		System	avg_row_length=0;key_block_size=0;keys_disabled=0;pack_record=1;row_type=2;stats_auto_recalc=0;stats_persistent=0;stats_sample_pages=0;	NULL	26	1
13	columns	BASE TABLE	InnoDB	83		System	avg_row_length=0;key_block_size=0;keys_disabled=0;pack_record=1;row_type=2;stats_auto_recalc=0;stats_persistent=0;stats_sample_pages=0;	autoinc=0;version=0;	28	1
14	indexes	BASE TABLE	InnoDB	83		System	avg_row_length=0;key_block_size=0;keys_disabled=0;pack_record=1;row_type=2;stats_auto_recalc=0;stats_persistent=0;stats_sample_pages=0;	autoinc=0;version=0;	29	1
15	index_column_usage	BASE TABLE	InnoDB	83		System	avg_row_length=0;key_block_size=0;keys_disabled=0;pack_record=1;row_type=2;stats_auto_recalc=0;stats_persistent=0;stats_sample_pages=0;	NULL	30	1
16	column_type_elements	BASE TABLE	InnoDB	83		System	avg_row_length=0;key_block_size=0;keys_disabled=0;pack_record=1;row_type=2;stats_auto_recalc=0;stats_persistent=0;stats_sample_pages=0;	NULL	31	1
17	foreign_keys	BASE TABLE	InnoDB	83		System	avg_row_length=0;key_block_size=0;keys_disabled=0;pack_record=1;row_type=2;stats_auto_recalc=0;stats_persistent=0;stats_sample_pages=0;	autoinc=0;version=0;	32	1
18	foreign_key_column_usage	BASE TABLE	InnoDB	83		System	avg_row_length=0;key_block_size=0;keys_disabled=0;pack_record=1;row_type=2;stats_auto_recalc=0;stats_persistent=0;stats_sample_pages=0;	NULL	33	1
19	table_partitions	BASE TABLE	InnoDB	83		System	avg_row_length=0;key_block_size=0;keys_disabled=0;pack_record=1;row_type=2;stats_auto_recalc=0;stats_persistent=0;stats_sample_pages=0;	autoinc=0;version=0;	34	1
20	table_partition_values	BASE TABLE	InnoDB	83		System	avg_row_length=0;key_block_size=0;keys_disabled=0;pack_record=1;row_type=2;stats_auto_recalc=0;stats_persistent=0;stats_sample_pages=0;	NULL	35	1
21	index_partitions	BASE TABLE	InnoDB	83		System	avg_row_length=0;key_block_size=0;keys_disabled=0;pack_record=1;row_type=2;stats_auto_recalc=0;stats_persistent=0;stats_sample_pages=0;	NULL	36	1
29	innodb_table_stats	BASE TABLE	InnoDB	83		Visible	avg_row_length=0;key_block_size=0;keys_disabled=0;pack_record=1;row_type=2;stats_auto_recalc=0;stats_persistent=0;stats_sample_pages=0;	NULL	44	1
30	innodb_index_stats	BASE TABLE	InnoDB	83		Visible	avg_row_length=0;key_block_size=0;keys_disabled=0;pack_record=1;row_type=2;stats_auto_recalc=0;stats_persistent=0;stats_sample_pages=0;	NULL	45	1
32	character_sets	BASE TABLE	InnoDB	83		System	avg_row_length=0;key_block_size=0;keys_disabled=0;pack_record=1;row_type=2;stats_auto_recalc=0;stats_persistent=0;stats_sample_pages=0;	autoinc=255;version=1;	17	1
#
# Subset of definitions from columns, not including
# default_values.
SELECT id, table_id, name, ordinal_position, type, is_nullable,
is_zerofill, is_unsigned, char_length, numeric_precision,
numeric_scale, datetime_precision, collation_id, default_option,
update_option, is_auto_increment, comment, hidden, options,
se_private_data FROM columns
WHERE table_id IN (SELECT id FROM tables
WHERE schema_id= 1
AND name IN ('innodb_table_stats',
'innodb_index_stats',
'character_sets',
'collations',
'tablespaces',
'tablespace_files',
'catalogs',
'schemata',
'tables',
'view_table_usage',
'columns',
'column_statistics',
'indexes',
'index_column_usage',
'column_type_elements',
'foreign_keys',
'foreign_key_column_usage',
'table_partitions',
'table_partition_values',
'index_partitions',
'dd_properties'))
ORDER BY id;
id	table_id	name	ordinal_position	type	is_nullable	is_zerofill	is_unsigned	char_length	numeric_precision	numeric_scale	datetime_precision	collation_id	default_option	update_option	is_auto_increment	comment	hidden	options	se_private_data
1	1	properties	1	MYSQL_TYPE_MEDIUM_BLOB	1	0	0	8	0	NULL	NULL	83	NULL	NULL	0		0	interval_count=0;	NULL
2	1	DB_ROW_ID	2	MYSQL_TYPE_INT24	0	0	0	6	0	NULL	NULL	63	NULL	NULL	0		1	NULL	NULL
3	1	DB_TRX_ID	3	MYSQL_TYPE_INT24	0	0	0	6	0	NULL	NULL	63	NULL	NULL	0		1	NULL	NULL
4	1	DB_ROLL_PTR	4	MYSQL_TYPE_LONGLONG	0	0	0	7	0	NULL	NULL	63	NULL	NULL	0		1	NULL	NULL
12	3	id	1	MYSQL_TYPE_LONGLONG	0	0	1	20	20	0	NULL	83	NULL	NULL	1		0	interval_count=0;	NULL
13	3	name	2	MYSQL_TYPE_VARCHAR	0	0	0	192	0	NULL	NULL	33	NULL	NULL	0		0	interval_count=0;	NULL
14	3	character_set_id	3	MYSQL_TYPE_LONGLONG	0	0	1	20	20	0	NULL	83	NULL	NULL	0		0	interval_count=0;	NULL
15	3	is_compiled	4	MYSQL_TYPE_TINY	0	0	0	1	3	0	NULL	83	NULL	NULL	0		0	interval_count=0;	NULL
16	3	sort_length	5	MYSQL_TYPE_LONG	0	0	1	10	10	0	NULL	83	NULL	NULL	0		0	interval_count=0;	NULL
17	3	pad_attribute	6	MYSQL_TYPE_VARCHAR	0	0	0	27	0	NULL	NULL	83	NULL	NULL	0		0	interval_count=0;	NULL
18	3	DB_TRX_ID	7	MYSQL_TYPE_INT24	0	0	0	6	0	NULL	NULL	63	NULL	NULL	0		1	NULL	NULL
19	3	DB_ROLL_PTR	8	MYSQL_TYPE_LONGLONG	0	0	0	7	0	NULL	NULL	63	NULL	NULL	0		1	NULL	NULL
20	4	id	1	MYSQL_TYPE_LONGLONG	0	0	1	20	20	0	NULL	83	NULL	NULL	1		0	interval_count=0;	NULL
21	4	name	2	MYSQL_TYPE_VARCHAR	0	0	0	765	0	NULL	NULL	83	NULL	NULL	0		0	interval_count=0;	NULL
22	4	options	3	MYSQL_TYPE_MEDIUM_BLOB	1	0	0	8	0	NULL	NULL	83	NULL	NULL	0		0	interval_count=0;	NULL
23	4	se_private_data	4	MYSQL_TYPE_MEDIUM_BLOB	1	0	0	8	0	NULL	NULL	83	NULL	NULL	0		0	interval_count=0;	NULL
24	4	comment	5	MYSQL_TYPE_VARCHAR	0	0	0	6144	0	NULL	NULL	83	NULL	NULL	0		0	interval_count=0;	NULL
25	4	engine	6	MYSQL_TYPE_VARCHAR	0	0	0	192	0	NULL	NULL	83	NULL	NULL	0		0	interval_count=0;	NULL
26	4	DB_TRX_ID	7	MYSQL_TYPE_INT24	0	0	0	6	0	NULL	NULL	63	NULL	NULL	0		1	NULL	NULL
27	4	DB_ROLL_PTR	8	MYSQL_TYPE_LONGLONG	0	0	0	7	0	NULL	NULL	63	NULL	NULL	0		1	NULL	NULL
28	5	tablespace_id	1	MYSQL_TYPE_LONGLONG	0	0	1	20	20	0	NULL	83	NULL	NULL	0		0	interval_count=0;	NULL
29	5	ordinal_position	2	MYSQL_TYPE_LONG	0	0	1	10	10	0	NULL	83	NULL	NULL	0		0	interval_count=0;	NULL
30	5	file_name	3	MYSQL_TYPE_VARCHAR	0	0	0	1536	0	NULL	NULL	83	NULL	NULL	0		0	interval_count=0;	NULL
31	5	se_private_data	4	MYSQL_TYPE_MEDIUM_BLOB	1	0	0	8	0	NULL	NULL	83	NULL	NULL	0		0	interval_count=0;	NULL
32	5	DB_TRX_ID	5	MYSQL_TYPE_INT24	0	0	0	6	0	NULL	NULL	63	NULL	NULL	0		1	NULL	NULL
33	5	DB_ROLL_PTR	6	MYSQL_TYPE_LONGLONG	0	0	0	7	0	NULL	NULL	63	NULL	NULL	0		1	NULL	NULL
34	6	id	1	MYSQL_TYPE_LONGLONG	0	0	1	20	20	0	NULL	83	NULL	NULL	1		0	interval_count=0;	NULL
35	6	name	2	MYSQL_TYPE_VARCHAR	0	0	0	192	0	NULL	NULL	83	NULL	NULL	0		0	interval_count=0;	NULL
36	6	created	3	MYSQL_TYPE_TIMESTAMP2	0	0	0	19	0	NULL	0	8	CURRENT_TIMESTAMP	CURRENT_TIMESTAMP	0		0	interval_count=0;	NULL
37	6	last_altered	4	MYSQL_TYPE_TIMESTAMP2	0	0	0	19	0	NULL	0	8	CURRENT_TIMESTAMP	NULL	0		0	interval_count=0;	NULL
38	6	DB_TRX_ID	5	MYSQL_TYPE_INT24	0	0	0	6	0	NULL	NULL	63	NULL	NULL	0		1	NULL	NULL
39	6	DB_ROLL_PTR	6	MYSQL_TYPE_LONGLONG	0	0	0	7	0	NULL	NULL	63	NULL	NULL	0		1	NULL	NULL
40	7	id	1	MYSQL_TYPE_LONGLONG	0	0	1	20	20	0	NULL	83	NULL	NULL	1		0	interval_count=0;	NULL
41	7	catalog_id	2	MYSQL_TYPE_LONGLONG	0	0	1	20	20	0	NULL	83	NULL	NULL	0		0	interval_count=0;	NULL
42	7	name	3	MYSQL_TYPE_VARCHAR	0	0	0	765	0	NULL	NULL	83	NULL	NULL	0		0	interval_count=0;	NULL
43	7	schema_name	4	MYSQL_TYPE_VARCHAR	0	0	0	192	0	NULL	NULL	83	NULL	NULL	0		0	interval_count=0;	NULL
44	7	table_name	5	MYSQL_TYPE_VARCHAR	0	0	0	192	0	NULL	NULL	83	NULL	NULL	0		0	interval_count=0;	NULL
45	7	column_name	6	MYSQL_TYPE_VARCHAR	0	0	0	192	0	NULL	NULL	76	NULL	NULL	0		0	interval_count=0;	NULL
46	7	histogram	7	MYSQL_TYPE_JSON	0	0	0	8	0	NULL	NULL	63	NULL	NULL	0		0	interval_count=0;	NULL
47	7	DB_TRX_ID	8	MYSQL_TYPE_INT24	0	0	0	6	0	NULL	NULL	63	NULL	NULL	0		1	NULL	NULL
48	7	DB_ROLL_PTR	9	MYSQL_TYPE_LONGLONG	0	0	0	7	0	NULL	NULL	63	NULL	NULL	0		1	NULL	NULL
49	8	id	1	MYSQL_TYPE_LONGLONG	0	0	1	20	20	0	NULL	83	NULL	NULL	1		0	interval_count=0;	NULL
50	8	catalog_id	2	MYSQL_TYPE_LONGLONG	0	0	1	20	20	0	NULL	83	NULL	NULL	0		0	interval_count=0;	NULL
51	8	name	3	MYSQL_TYPE_VARCHAR	0	0	0	192	0	NULL	NULL	83	NULL	NULL	0		0	interval_count=0;	NULL
52	8	default_collation_id	4	MYSQL_TYPE_LONGLONG	0	0	1	20	20	0	NULL	83	NULL	NULL	0		0	interval_count=0;	NULL
53	8	created	5	MYSQL_TYPE_TIMESTAMP2	0	0	0	19	0	NULL	0	8	CURRENT_TIMESTAMP	CURRENT_TIMESTAMP	0		0	interval_count=0;	NULL
54	8	last_altered	6	MYSQL_TYPE_TIMESTAMP2	0	0	0	19	0	NULL	0	8	CURRENT_TIMESTAMP	NULL	0		0	interval_count=0;	NULL
55	8	DB_TRX_ID	7	MYSQL_TYPE_INT24	0	0	0	6	0	NULL	NULL	63	NULL	NULL	0		1	NULL	NULL
56	8	DB_ROLL_PTR	8	MYSQL_TYPE_LONGLONG	0	0	0	7	0	NULL	NULL	63	NULL	NULL	0		1	NULL	NULL
68	10	id	1	MYSQL_TYPE_LONGLONG	0	0	1	20	20	0	NULL	83	NULL	NULL	1		0	interval_count=0;	NULL
69	10	schema_id	2	MYSQL_TYPE_LONGLONG	0	0	1	20	20	0	NULL	83	NULL	NULL	0		0	interval_count=0;	NULL
70	10	name	3	MYSQL_TYPE_VARCHAR	0	0	0	192	0	NULL	NULL	83	NULL	NULL	0		0	interval_count=0;	NULL
71	10	type	4	MYSQL_TYPE_ENUM	0	0	0	33	0	NULL	NULL	83	NULL	NULL	0		0	interval_count=3;	NULL
72	10	engine	5	MYSQL_TYPE_VARCHAR	0	0	0	192	0	NULL	NULL	33	NULL	NULL	0		0	interval_count=0;	NULL
73	10	mysql_version_id	6	MYSQL_TYPE_LONG	0	0	1	10	10	0	NULL	83	NULL	NULL	0		0	interval_count=0;	NULL
74	10	row_format	7	MYSQL_TYPE_ENUM	1	0	0	30	0	NULL	NULL	83	NULL	NULL	0		0	interval_count=6;	NULL
75	10	collation_id	8	MYSQL_TYPE_LONGLONG	1	0	1	20	20	0	NULL	83	NULL	NULL	0		0	interval_count=0;	NULL
76	10	comment	9	MYSQL_TYPE_VARCHAR	0	0	0	6144	0	NULL	NULL	83	NULL	NULL	0		0	interval_count=0;	NULL
77	10	hidden	10	MYSQL_TYPE_ENUM	0	0	0	21	0	NULL	NULL	83	NULL	NULL	0		0	interval_count=4;	NULL
78	10	options	11	MYSQL_TYPE_MEDIUM_BLOB	1	0	0	8	0	NULL	NULL	63	NULL	NULL	0		0	interval_count=0;	NULL
79	10	se_private_data	12	MYSQL_TYPE_MEDIUM_BLOB	1	0	0	8	0	NULL	NULL	83	NULL	NULL	0		0	interval_count=0;	NULL
80	10	se_private_id	13	MYSQL_TYPE_LONGLONG	1	0	1	20	20	0	NULL	83	NULL	NULL	0		0	interval_count=0;	NULL
81	10	tablespace_id	14	MYSQL_TYPE_LONGLONG	1	0	1	20	20	0	NULL	83	NULL	NULL	0		0	interval_count=0;	NULL
82	10	partition_type	15	MYSQL_TYPE_ENUM	1	0	0	39	0	NULL	NULL	83	NULL	NULL	0		0	interval_count=11;	NULL
83	10	partition_expression	16	MYSQL_TYPE_VARCHAR	1	0	0	6144	0	NULL	NULL	83	NULL	NULL	0		0	interval_count=0;	NULL
84	10	default_partitioning	17	MYSQL_TYPE_ENUM	1	0	0	18	0	NULL	NULL	83	NULL	NULL	0		0	interval_count=3;	NULL
85	10	subpartition_type	18	MYSQL_TYPE_ENUM	1	0	0	39	0	NULL	NULL	83	NULL	NULL	0		0	interval_count=6;	NULL
86	10	subpartition_expression	19	MYSQL_TYPE_VARCHAR	1	0	0	6144	0	NULL	NULL	83	NULL	NULL	0		0	interval_count=0;	NULL
87	10	default_subpartitioning	20	MYSQL_TYPE_ENUM	1	0	0	18	0	NULL	NULL	83	NULL	NULL	0		0	interval_count=3;	NULL
88	10	created	21	MYSQL_TYPE_TIMESTAMP2	0	0	0	19	0	NULL	0	8	CURRENT_TIMESTAMP	CURRENT_TIMESTAMP	0		0	interval_count=0;	NULL
89	10	last_altered	22	MYSQL_TYPE_TIMESTAMP2	0	0	0	19	0	NULL	0	8	CURRENT_TIMESTAMP	NULL	0		0	interval_count=0;	NULL
90	10	view_definition	23	MYSQL_TYPE_LONG_BLOB	1	0	0	8	0	NULL	NULL	63	NULL	NULL	0		0	interval_count=0;	NULL
91	10	view_definition_utf8	24	MYSQL_TYPE_LONG_BLOB	1	0	0	8	0	NULL	NULL	83	NULL	NULL	0		0	interval_count=0;	NULL
92	10	view_check_option	25	MYSQL_TYPE_ENUM	1	0	0	24	0	NULL	NULL	83	NULL	NULL	0		0	interval_count=3;	NULL
93	10	view_is_updatable	26	MYSQL_TYPE_ENUM	1	0	0	9	0	NULL	NULL	83	NULL	NULL	0		0	interval_count=2;	NULL
94	10	view_algorithm	27	MYSQL_TYPE_ENUM	1	0	0	27	0	NULL	NULL	83	NULL	NULL	0		0	interval_count=3;	NULL
95	10	view_security_type	28	MYSQL_TYPE_ENUM	1	0	0	21	0	NULL	NULL	83	NULL	NULL	0		0	interval_count=3;	NULL
96	10	view_definer	29	MYSQL_TYPE_VARCHAR	1	0	0	279	0	NULL	NULL	83	NULL	NULL	0		0	interval_count=0;	NULL
97	10	view_client_collation_id	30	MYSQL_TYPE_LONGLONG	1	0	1	20	20	0	NULL	83	NULL	NULL	0		0	interval_count=0;	NULL
98	10	view_connection_collation_id	31	MYSQL_TYPE_LONGLONG	1	0	1	20	20	0	NULL	83	NULL	NULL	0		0	interval_count=0;	NULL
99	10	view_column_names	32	MYSQL_TYPE_LONG_BLOB	1	0	0	8	0	NULL	NULL	83	NULL	NULL	0		0	interval_count=0;	NULL
100	10	DB_TRX_ID	33	MYSQL_TYPE_INT24	0	0	0	6	0	NULL	NULL	63	NULL	NULL	0		1	NULL	NULL
101	10	DB_ROLL_PTR	34	MYSQL_TYPE_LONGLONG	0	0	0	7	0	NULL	NULL	63	NULL	NULL	0		1	NULL	NULL
102	11	view_id	1	MYSQL_TYPE_LONGLONG	0	0	1	20	20	0	NULL	83	NULL	NULL	0		0	interval_count=0;	NULL
103	11	table_catalog	2	MYSQL_TYPE_VARCHAR	0	0	0	192	0	NULL	NULL	83	NULL	NULL	0		0	interval_count=0;	NULL
104	11	table_schema	3	MYSQL_TYPE_VARCHAR	0	0	0	192	0	NULL	NULL	83	NULL	NULL	0		0	interval_count=0;	NULL
105	11	table_name	4	MYSQL_TYPE_VARCHAR	0	0	0	192	0	NULL	NULL	83	NULL	NULL	0		0	interval_count=0;	NULL
106	11	DB_TRX_ID	5	MYSQL_TYPE_INT24	0	0	0	6	0	NULL	NULL	63	NULL	NULL	0		1	NULL	NULL
107	11	DB_ROLL_PTR	6	MYSQL_TYPE_LONGLONG	0	0	0	7	0	NULL	NULL	63	NULL	NULL	0		1	NULL	NULL
114	13	id	1	MYSQL_TYPE_LONGLONG	0	0	1	20	20	0	NULL	83	NULL	NULL	1		0	interval_count=0;	NULL
115	13	table_id	2	MYSQL_TYPE_LONGLONG	0	0	1	20	20	0	NULL	83	NULL	NULL	0		0	interval_count=0;	NULL
116	13	name	3	MYSQL_TYPE_VARCHAR	0	0	0	192	0	NULL	NULL	76	NULL	NULL	0		0	interval_count=0;	NULL
117	13	ordinal_position	4	MYSQL_TYPE_LONG	0	0	1	10	10	0	NULL	83	NULL	NULL	0		0	interval_count=0;	NULL
118	13	type	5	MYSQL_TYPE_ENUM	0	0	0	66	0	NULL	NULL	83	NULL	NULL	0		0	interval_count=31;	NULL
119	13	is_nullable	6	MYSQL_TYPE_TINY	0	0	0	1	3	0	NULL	83	NULL	NULL	0		0	interval_count=0;	NULL
120	13	is_zerofill	7	MYSQL_TYPE_TINY	1	0	0	1	3	0	NULL	83	NULL	NULL	0		0	interval_count=0;	NULL
121	13	is_unsigned	8	MYSQL_TYPE_TINY	1	0	0	1	3	0	NULL	83	NULL	NULL	0		0	interval_count=0;	NULL
122	13	char_length	9	MYSQL_TYPE_LONG	1	0	1	10	10	0	NULL	83	NULL	NULL	0		0	interval_count=0;	NULL
123	13	numeric_precision	10	MYSQL_TYPE_LONG	1	0	1	10	10	0	NULL	83	NULL	NULL	0		0	interval_count=0;	NULL
124	13	numeric_scale	11	MYSQL_TYPE_LONG	1	0	1	10	10	0	NULL	83	NULL	NULL	0		0	interval_count=0;	NULL
125	13	datetime_precision	12	MYSQL_TYPE_LONG	1	0	1	10	10	0	NULL	83	NULL	NULL	0		0	interval_count=0;	NULL
126	13	collation_id	13	MYSQL_TYPE_LONGLONG	1	0	1	20	20	0	NULL	83	NULL	NULL	0		0	interval_count=0;	NULL
127	13	has_no_default	14	MYSQL_TYPE_TINY	1	0	0	1	3	0	NULL	83	NULL	NULL	0		0	interval_count=0;	NULL
128	13	default_value	15	MYSQL_TYPE_BLOB	1	0	0	8	0	NULL	NULL	63	NULL	NULL	0		0	interval_count=0;	NULL
129	13	default_value_utf8	16	MYSQL_TYPE_BLOB	1	0	0	8	0	NULL	NULL	83	NULL	NULL	0		0	interval_count=0;	NULL
130	13	default_option	17	MYSQL_TYPE_BLOB	1	0	0	8	0	NULL	NULL	63	NULL	NULL	0		0	interval_count=0;	NULL
131	13	update_option	18	MYSQL_TYPE_VARCHAR	1	0	0	96	0	NULL	NULL	83	NULL	NULL	0		0	interval_count=0;	NULL
132	13	is_auto_increment	19	MYSQL_TYPE_TINY	1	0	0	1	3	0	NULL	83	NULL	NULL	0		0	interval_count=0;	NULL
133	13	is_virtual	20	MYSQL_TYPE_TINY	1	0	0	1	3	0	NULL	83	NULL	NULL	0		0	interval_count=0;	NULL
134	13	generation_expression	21	MYSQL_TYPE_LONG_BLOB	1	0	0	8	0	NULL	NULL	63	NULL	NULL	0		0	interval_count=0;	NULL
135	13	generation_expression_utf8	22	MYSQL_TYPE_LONG_BLOB	1	0	0	8	0	NULL	NULL	83	NULL	NULL	0		0	interval_count=0;	NULL
136	13	comment	23	MYSQL_TYPE_VARCHAR	0	0	0	6144	0	NULL	NULL	83	NULL	NULL	0		0	interval_count=0;	NULL
137	13	hidden	24	MYSQL_TYPE_TINY	0	0	0	1	3	0	NULL	83	NULL	NULL	0		0	interval_count=0;	NULL
138	13	options	25	MYSQL_TYPE_MEDIUM_BLOB	1	0	0	8	0	NULL	NULL	83	NULL	NULL	0		0	interval_count=0;	NULL
139	13	se_private_data	26	MYSQL_TYPE_MEDIUM_BLOB	1	0	0	8	0	NULL	NULL	83	NULL	NULL	0		0	interval_count=0;	NULL
140	13	column_key	27	MYSQL_TYPE_ENUM	0	0	0	9	0	NULL	NULL	83	NULL	NULL	0		0	interval_count=4;	NULL
141	13	column_type_utf8	28	MYSQL_TYPE_MEDIUM_BLOB	0	0	0	8	0	NULL	NULL	83	NULL	NULL	0		0	interval_count=0;	NULL
142	13	DB_TRX_ID	29	MYSQL_TYPE_INT24	0	0	0	6	0	NULL	NULL	63	NULL	NULL	0		1	NULL	NULL
143	13	DB_ROLL_PTR	30	MYSQL_TYPE_LONGLONG	0	0	0	7	0	NULL	NULL	63	NULL	NULL	0		1	NULL	NULL
144	14	id	1	MYSQL_TYPE_LONGLONG	0	0	1	20	20	0	NULL	83	NULL	NULL	1		0	interval_count=0;	NULL
145	14	table_id	2	MYSQL_TYPE_LONGLONG	0	0	1	20	20	0	NULL	83	NULL	NULL	0		0	interval_count=0;	NULL
146	14	name	3	MYSQL_TYPE_VARCHAR	0	0	0	192	0	NULL	NULL	76	NULL	NULL	0		0	interval_count=0;	NULL
147	14	type	4	MYSQL_TYPE_ENUM	0	0	0	24	0	NULL	NULL	83	NULL	NULL	0		0	interval_count=5;	NULL
148	14	algorithm	5	MYSQL_TYPE_ENUM	0	0	0	33	0	NULL	NULL	83	NULL	NULL	0		0	interval_count=5;	NULL
149	14	is_algorithm_explicit	6	MYSQL_TYPE_TINY	0	0	0	1	3	0	NULL	83	NULL	NULL	0		0	interval_count=0;	NULL
150	14	is_visible	7	MYSQL_TYPE_TINY	0	0	0	1	3	0	NULL	83	NULL	NULL	0		0	interval_count=0;	NULL
151	14	is_generated	8	MYSQL_TYPE_TINY	0	0	0	1	3	0	NULL	83	NULL	NULL	0		0	interval_count=0;	NULL
152	14	hidden	9	MYSQL_TYPE_TINY	0	0	0	1	3	0	NULL	83	NULL	NULL	0		0	interval_count=0;	NULL
153	14	ordinal_position	10	MYSQL_TYPE_LONG	0	0	1	10	10	0	NULL	83	NULL	NULL	0		0	interval_count=0;	NULL
154	14	comment	11	MYSQL_TYPE_VARCHAR	0	0	0	6144	0	NULL	NULL	83	NULL	NULL	0		0	interval_count=0;	NULL
155	14	options	12	MYSQL_TYPE_MEDIUM_BLOB	1	0	0	8	0	NULL	NULL	83	NULL	NULL	0		0	interval_count=0;	NULL
156	14	se_private_data	13	MYSQL_TYPE_MEDIUM_BLOB	1	0	0	8	0	NULL	NULL	83	NULL	NULL	0		0	interval_count=0;	NULL
157	14	tablespace_id	14	MYSQL_TYPE_LONGLONG	1	0	1	20	20	0	NULL	83	NULL	NULL	0		0	interval_count=0;	NULL
158	14	engine	15	MYSQL_TYPE_VARCHAR	0	0	0	192	0	NULL	NULL	83	NULL	NULL	0		0	interval_count=0;	NULL
159	14	DB_TRX_ID	16	MYSQL_TYPE_INT24	0	0	0	6	0	NULL	NULL	63	NULL	NULL	0		1	NULL	NULL
160	14	DB_ROLL_PTR	17	MYSQL_TYPE_LONGLONG	0	0	0	7	0	NULL	NULL	63	NULL	NULL	0		1	NULL	NULL
161	15	index_id	1	MYSQL_TYPE_LONGLONG	0	0	1	20	20	0	NULL	83	NULL	NULL	0		0	interval_count=0;	NULL
162	15	ordinal_position	2	MYSQL_TYPE_LONG	0	0	1	10	10	0	NULL	83	NULL	NULL	0		0	interval_count=0;	NULL
163	15	column_id	3	MYSQL_TYPE_LONGLONG	0	0	1	20	20	0	NULL	83	NULL	NULL	0		0	interval_count=0;	NULL
164	15	length	4	MYSQL_TYPE_LONG	1	0	1	10	10	0	NULL	83	NULL	NULL	0		0	interval_count=0;	NULL
165	15	order	5	MYSQL_TYPE_ENUM	0	0	0	15	0	NULL	NULL	83	NULL	NULL	0		0	interval_count=3;	NULL
166	15	hidden	6	MYSQL_TYPE_TINY	0	0	0	1	3	0	NULL	83	NULL	NULL	0		0	interval_count=0;	NULL
167	15	DB_TRX_ID	7	MYSQL_TYPE_INT24	0	0	0	6	0	NULL	NULL	63	NULL	NULL	0		1	NULL	NULL
168	15	DB_ROLL_PTR	8	MYSQL_TYPE_LONGLONG	0	0	0	7	0	NULL	NULL	63	NULL	NULL	0		1	NULL	NULL
169	16	column_id	1	MYSQL_TYPE_LONGLONG	0	0	1	20	20	0	NULL	83	NULL	NULL	0		0	interval_count=0;	NULL
170	16	element_index	2	MYSQL_TYPE_LONG	0	0	1	10	10	0	NULL	83	NULL	NULL	0		0	interval_count=0;	NULL
171	16	name	3	MYSQL_TYPE_VARCHAR	0	0	0	1020	0	NULL	NULL	63	NULL	NULL	0		0	interval_count=0;	NULL
172	16	DB_TRX_ID	4	MYSQL_TYPE_INT24	0	0	0	6	0	NULL	NULL	63	NULL	NULL	0		1	NULL	NULL
173	16	DB_ROLL_PTR	5	MYSQL_TYPE_LONGLONG	0	0	0	7	0	NULL	NULL	63	NULL	NULL	0		1	NULL	NULL
174	17	id	1	MYSQL_TYPE_LONGLONG	0	0	1	20	20	0	NULL	83	NULL	NULL	1		0	interval_count=0;	NULL
175	17	schema_id	2	MYSQL_TYPE_LONGLONG	0	0	1	20	20	0	NULL	83	NULL	NULL	0		0	interval_count=0;	NULL
176	17	table_id	3	MYSQL_TYPE_LONGLONG	0	0	1	20	20	0	NULL	83	NULL	NULL	0		0	interval_count=0;	NULL
177	17	name	4	MYSQL_TYPE_VARCHAR	0	0	0	192	0	NULL	NULL	33	NULL	NULL	0		0	interval_count=0;	NULL
178	17	unique_constraint_id	5	MYSQL_TYPE_LONGLONG	0	0	1	20	20	0	NULL	83	NULL	NULL	0		0	interval_count=0;	NULL
179	17	match_option	6	MYSQL_TYPE_ENUM	0	0	0	21	0	NULL	NULL	83	NULL	NULL	0		0	interval_count=3;	NULL
180	17	update_rule	7	MYSQL_TYPE_ENUM	0	0	0	33	0	NULL	NULL	83	NULL	NULL	0		0	interval_count=5;	NULL
181	17	delete_rule	8	MYSQL_TYPE_ENUM	0	0	0	33	0	NULL	NULL	83	NULL	NULL	0		0	interval_count=5;	NULL
182	17	referenced_table_catalog	9	MYSQL_TYPE_VARCHAR	0	0	0	192	0	NULL	NULL	83	NULL	NULL	0		0	interval_count=0;	NULL
183	17	referenced_table_schema	10	MYSQL_TYPE_VARCHAR	0	0	0	192	0	NULL	NULL	83	NULL	NULL	0		0	interval_count=0;	NULL
184	17	referenced_table_name	11	MYSQL_TYPE_VARCHAR	0	0	0	192	0	NULL	NULL	83	NULL	NULL	0		0	interval_count=0;	NULL
185	17	DB_TRX_ID	12	MYSQL_TYPE_INT24	0	0	0	6	0	NULL	NULL	63	NULL	NULL	0		1	NULL	NULL
186	17	DB_ROLL_PTR	13	MYSQL_TYPE_LONGLONG	0	0	0	7	0	NULL	NULL	63	NULL	NULL	0		1	NULL	NULL
187	18	foreign_key_id	1	MYSQL_TYPE_LONGLONG	0	0	1	20	20	0	NULL	83	NULL	NULL	0		0	interval_count=0;	NULL
188	18	ordinal_position	2	MYSQL_TYPE_LONG	0	0	1	10	10	0	NULL	83	NULL	NULL	0		0	interval_count=0;	NULL
189	18	column_id	3	MYSQL_TYPE_LONGLONG	0	0	1	20	20	0	NULL	83	NULL	NULL	0		0	interval_count=0;	NULL
190	18	referenced_column_name	4	MYSQL_TYPE_VARCHAR	0	0	0	192	0	NULL	NULL	76	NULL	NULL	0		0	interval_count=0;	NULL
191	18	DB_TRX_ID	5	MYSQL_TYPE_INT24	0	0	0	6	0	NULL	NULL	63	NULL	NULL	0		1	NULL	NULL
192	18	DB_ROLL_PTR	6	MYSQL_TYPE_LONGLONG	0	0	0	7	0	NULL	NULL	63	NULL	NULL	0		1	NULL	NULL
193	19	id	1	MYSQL_TYPE_LONGLONG	0	0	1	20	20	0	NULL	83	NULL	NULL	1		0	interval_count=0;	NULL
194	19	table_id	2	MYSQL_TYPE_LONGLONG	0	0	1	20	20	0	NULL	83	NULL	NULL	0		0	interval_count=0;	NULL
195	19	level	3	MYSQL_TYPE_TINY	0	0	1	3	3	0	NULL	83	NULL	NULL	0		0	interval_count=0;	NULL
196	19	number	4	MYSQL_TYPE_SHORT	0	0	1	5	5	0	NULL	83	NULL	NULL	0		0	interval_count=0;	NULL
197	19	name	5	MYSQL_TYPE_VARCHAR	0	0	0	192	0	NULL	NULL	76	NULL	NULL	0		0	interval_count=0;	NULL
198	19	engine	6	MYSQL_TYPE_VARCHAR	0	0	0	192	0	NULL	NULL	83	NULL	NULL	0		0	interval_count=0;	NULL
199	19	comment	7	MYSQL_TYPE_VARCHAR	0	0	0	6144	0	NULL	NULL	83	NULL	NULL	0		0	interval_count=0;	NULL
200	19	options	8	MYSQL_TYPE_MEDIUM_BLOB	1	0	0	8	0	NULL	NULL	83	NULL	NULL	0		0	interval_count=0;	NULL
201	19	se_private_data	9	MYSQL_TYPE_MEDIUM_BLOB	1	0	0	8	0	NULL	NULL	83	NULL	NULL	0		0	interval_count=0;	NULL
202	19	se_private_id	10	MYSQL_TYPE_LONGLONG	1	0	1	20	20	0	NULL	83	NULL	NULL	0		0	interval_count=0;	NULL
203	19	tablespace_id	11	MYSQL_TYPE_LONGLONG	1	0	1	20	20	0	NULL	83	NULL	NULL	0		0	interval_count=0;	NULL
204	19	DB_TRX_ID	12	MYSQL_TYPE_INT24	0	0	0	6	0	NULL	NULL	63	NULL	NULL	0		1	NULL	NULL
205	19	DB_ROLL_PTR	13	MYSQL_TYPE_LONGLONG	0	0	0	7	0	NULL	NULL	63	NULL	NULL	0		1	NULL	NULL
206	20	partition_id	1	MYSQL_TYPE_LONGLONG	0	0	1	20	20	0	NULL	83	NULL	NULL	0		0	interval_count=0;	NULL
207	20	list_num	2	MYSQL_TYPE_TINY	0	0	1	3	3	0	NULL	83	NULL	NULL	0		0	interval_count=0;	NULL
208	20	column_num	3	MYSQL_TYPE_TINY	0	0	1	3	3	0	NULL	83	NULL	NULL	0		0	interval_count=0;	NULL
209	20	value_utf8	4	MYSQL_TYPE_BLOB	1	0	0	8	0	NULL	NULL	83	NULL	NULL	0		0	interval_count=0;	NULL
210	20	max_value	5	MYSQL_TYPE_TINY	0	0	0	1	3	0	NULL	83	NULL	NULL	0		0	interval_count=0;	NULL
211	20	DB_TRX_ID	6	MYSQL_TYPE_INT24	0	0	0	6	0	NULL	NULL	63	NULL	NULL	0		1	NULL	NULL
212	20	DB_ROLL_PTR	7	MYSQL_TYPE_LONGLONG	0	0	0	7	0	NULL	NULL	63	NULL	NULL	0		1	NULL	NULL
213	21	partition_id	1	MYSQL_TYPE_LONGLONG	0	0	1	20	20	0	NULL	83	NULL	NULL	0		0	interval_count=0;	NULL
214	21	index_id	2	MYSQL_TYPE_LONGLONG	0	0	1	20	20	0	NULL	83	NULL	NULL	0		0	interval_count=0;	NULL
215	21	options	3	MYSQL_TYPE_MEDIUM_BLOB	1	0	0	8	0	NULL	NULL	83	NULL	NULL	0		0	interval_count=0;	NULL
216	21	se_private_data	4	MYSQL_TYPE_MEDIUM_BLOB	1	0	0	8	0	NULL	NULL	83	NULL	NULL	0		0	interval_count=0;	NULL
217	21	tablespace_id	5	MYSQL_TYPE_LONGLONG	1	0	1	20	20	0	NULL	83	NULL	NULL	0		0	interval_count=0;	NULL
218	21	DB_TRX_ID	6	MYSQL_TYPE_INT24	0	0	0	6	0	NULL	NULL	63	NULL	NULL	0		1	NULL	NULL
219	21	DB_ROLL_PTR	7	MYSQL_TYPE_LONGLONG	0	0	0	7	0	NULL	NULL	63	NULL	NULL	0		1	NULL	NULL
335	29	database_name	1	MYSQL_TYPE_VARCHAR	0	0	0	192	0	NULL	NULL	83	NULL	NULL	0		0	interval_count=0;	NULL
336	29	table_name	2	MYSQL_TYPE_VARCHAR	0	0	0	597	0	NULL	NULL	83	NULL	NULL	0		0	interval_count=0;	NULL
337	29	last_update	3	MYSQL_TYPE_TIMESTAMP2	0	0	0	19	0	NULL	0	8	CURRENT_TIMESTAMP	CURRENT_TIMESTAMP	0		0	interval_count=0;	NULL
338	29	n_rows	4	MYSQL_TYPE_LONGLONG	0	0	1	20	20	0	NULL	83	NULL	NULL	0		0	interval_count=0;	NULL
339	29	clustered_index_size	5	MYSQL_TYPE_LONGLONG	0	0	1	20	20	0	NULL	83	NULL	NULL	0		0	interval_count=0;	NULL
340	29	sum_of_other_index_sizes	6	MYSQL_TYPE_LONGLONG	0	0	1	20	20	0	NULL	83	NULL	NULL	0		0	interval_count=0;	NULL
341	29	DB_TRX_ID	7	MYSQL_TYPE_INT24	0	0	0	6	0	NULL	NULL	63	NULL	NULL	0		1	NULL	NULL
342	29	DB_ROLL_PTR	8	MYSQL_TYPE_LONGLONG	0	0	0	7	0	NULL	NULL	63	NULL	NULL	0		1	NULL	NULL
343	30	database_name	1	MYSQL_TYPE_VARCHAR	0	0	0	192	0	NULL	NULL	83	NULL	NULL	0		0	interval_count=0;	NULL
344	30	table_name	2	MYSQL_TYPE_VARCHAR	0	0	0	597	0	NULL	NULL	83	NULL	NULL	0		0	interval_count=0;	NULL
345	30	index_name	3	MYSQL_TYPE_VARCHAR	0	0	0	192	0	NULL	NULL	83	NULL	NULL	0		0	interval_count=0;	NULL
346	30	last_update	4	MYSQL_TYPE_TIMESTAMP2	0	0	0	19	0	NULL	0	8	CURRENT_TIMESTAMP	CURRENT_TIMESTAMP	0		0	interval_count=0;	NULL
347	30	stat_name	5	MYSQL_TYPE_VARCHAR	0	0	0	192	0	NULL	NULL	83	NULL	NULL	0		0	interval_count=0;	NULL
348	30	stat_value	6	MYSQL_TYPE_LONGLONG	0	0	1	20	20	0	NULL	83	NULL	NULL	0		0	interval_count=0;	NULL
349	30	sample_size	7	MYSQL_TYPE_LONGLONG	1	0	1	20	20	0	NULL	83	NULL	NULL	0		0	interval_count=0;	NULL
350	30	stat_description	8	MYSQL_TYPE_VARCHAR	0	0	0	3072	0	NULL	NULL	83	NULL	NULL	0		0	interval_count=0;	NULL
351	30	DB_TRX_ID	9	MYSQL_TYPE_INT24	0	0	0	6	0	NULL	NULL	63	NULL	NULL	0		1	NULL	NULL
352	30	DB_ROLL_PTR	10	MYSQL_TYPE_LONGLONG	0	0	0	7	0	NULL	NULL	63	NULL	NULL	0		1	NULL	NULL
357	32	id	1	MYSQL_TYPE_LONGLONG	0	0	1	20	20	0	NULL	8	NULL	NULL	1		0	interval_count=0;	NULL
358	32	name	2	MYSQL_TYPE_VARCHAR	0	0	0	192	0	NULL	NULL	33	NULL	NULL	0		0	interval_count=0;	NULL
359	32	default_collation_id	3	MYSQL_TYPE_LONGLONG	0	0	1	20	20	0	NULL	8	NULL	NULL	0		0	interval_count=0;	NULL
360	32	comment	4	MYSQL_TYPE_VARCHAR	0	0	0	6144	0	NULL	NULL	33	NULL	NULL	0		0	interval_count=0;	NULL
361	32	mb_max_length	5	MYSQL_TYPE_LONG	0	0	1	10	10	0	NULL	8	NULL	NULL	0		0	interval_count=0;	NULL
362	32	DB_TRX_ID	6	MYSQL_TYPE_INT24	0	0	0	6	0	NULL	NULL	63	NULL	NULL	0		1	NULL	NULL
363	32	DB_ROLL_PTR	7	MYSQL_TYPE_LONGLONG	0	0	0	7	0	NULL	NULL	63	NULL	NULL	0		1	NULL	NULL
#
# Definitions from indexes
SELECT * FROM indexes
WHERE table_id IN (SELECT id FROM tables
WHERE schema_id= 1
AND name IN ('innodb_table_stats',
'innodb_index_stats',
'character_sets',
'collations',
'tablespaces',
'tablespace_files',
'catalogs',
'schemata',
'tables',
'view_table_usage',
'columns',
'column_statistics',
'indexes',
'index_column_usage',
'column_type_elements',
'foreign_keys',
'foreign_key_column_usage',
'table_partitions',
'table_partition_values',
'index_partitions',
'dd_properties'))
ORDER BY id;
id	table_id	name	type	algorithm	is_algorithm_explicit	is_visible	is_generated	hidden	ordinal_position	comment	options	se_private_data	tablespace_id	engine
1	1	PRIMARY	UNIQUE	BTREE	0	1	0	1	1		NULL	id=18;root=3;trx_id=0;	1	InnoDB
5	3	PRIMARY	PRIMARY	BTREE	0	1	0	0	1		flags=0;	id=22;root=7;trx_id=0;	1	InnoDB
6	3	name	UNIQUE	BTREE	0	1	0	0	2		flags=32;	id=23;root=8;trx_id=0;	1	InnoDB
7	3	character_set_id	MULTIPLE	BTREE	0	1	1	0	3		flags=0;	id=24;root=9;trx_id=0;	1	InnoDB
8	4	PRIMARY	PRIMARY	BTREE	0	1	0	0	1		flags=0;	id=25;root=10;trx_id=0;	1	InnoDB
9	4	name	UNIQUE	BTREE	0	1	0	0	2		flags=32;	id=26;root=11;trx_id=0;	1	InnoDB
10	5	tablespace_id	UNIQUE	BTREE	0	1	0	0	1		flags=0;	id=27;root=12;trx_id=0;	1	InnoDB
11	5	file_name	UNIQUE	BTREE	0	1	0	0	2		flags=32;	id=28;root=13;trx_id=0;	1	InnoDB
12	6	PRIMARY	PRIMARY	BTREE	0	1	0	0	1		flags=0;	id=29;root=14;trx_id=0;	1	InnoDB
13	6	name	UNIQUE	BTREE	0	1	0	0	2		flags=32;	id=30;root=15;trx_id=0;	1	InnoDB
14	7	PRIMARY	PRIMARY	BTREE	0	1	0	0	1		flags=0;	id=31;root=16;trx_id=0;	1	InnoDB
15	7	catalog_id	UNIQUE	BTREE	0	1	0	0	2		flags=32;	id=32;root=17;trx_id=0;	1	InnoDB
16	7	catalog_id_2	UNIQUE	BTREE	0	1	0	0	3		flags=32;	id=33;root=18;trx_id=0;	1	InnoDB
17	8	PRIMARY	PRIMARY	BTREE	0	1	0	0	1		flags=0;	id=34;root=19;trx_id=0;	1	InnoDB
18	8	catalog_id	UNIQUE	BTREE	0	1	0	0	2		flags=32;	id=35;root=20;trx_id=0;	1	InnoDB
19	8	default_collation_id	MULTIPLE	BTREE	0	1	1	0	3		flags=0;	id=36;root=21;trx_id=0;	1	InnoDB
22	10	PRIMARY	PRIMARY	BTREE	0	1	0	0	1		flags=0;	id=39;root=24;trx_id=0;	1	InnoDB
23	10	schema_id	UNIQUE	BTREE	0	1	0	0	2		flags=32;	id=40;root=25;trx_id=0;	1	InnoDB
24	10	engine	UNIQUE	BTREE	0	1	0	0	3		flags=32;	id=41;root=26;trx_id=0;	1	InnoDB
25	10	engine_2	MULTIPLE	BTREE	0	1	0	0	4		flags=32;	id=42;root=27;trx_id=0;	1	InnoDB
26	10	collation_id	MULTIPLE	BTREE	0	1	1	0	5		flags=0;	id=43;root=28;trx_id=0;	1	InnoDB
27	10	tablespace_id	MULTIPLE	BTREE	0	1	1	0	6		flags=0;	id=44;root=29;trx_id=0;	1	InnoDB
28	11	PRIMARY	PRIMARY	BTREE	0	1	0	0	1		flags=32;	id=45;root=30;trx_id=0;	1	InnoDB
29	11	table_catalog	MULTIPLE	BTREE	0	1	0	0	2		flags=32;	id=46;root=31;trx_id=0;	1	InnoDB
32	13	PRIMARY	PRIMARY	BTREE	0	1	0	0	1		flags=0;	id=49;root=34;trx_id=0;	1	InnoDB
33	13	table_id	UNIQUE	BTREE	0	1	0	0	2		flags=32;	id=50;root=35;trx_id=0;	1	InnoDB
34	13	table_id_2	UNIQUE	BTREE	0	1	0	0	3		flags=0;	id=51;root=36;trx_id=0;	1	InnoDB
35	13	collation_id	MULTIPLE	BTREE	0	1	1	0	4		flags=0;	id=52;root=37;trx_id=0;	1	InnoDB
36	14	PRIMARY	PRIMARY	BTREE	0	1	0	0	1		flags=0;	id=53;root=38;trx_id=0;	1	InnoDB
37	14	table_id	UNIQUE	BTREE	0	1	0	0	2		flags=32;	id=54;root=39;trx_id=0;	1	InnoDB
38	14	tablespace_id	MULTIPLE	BTREE	0	1	1	0	3		flags=0;	id=55;root=40;trx_id=0;	1	InnoDB
39	15	index_id	UNIQUE	BTREE	0	1	0	0	1		flags=0;	id=56;root=41;trx_id=0;	1	InnoDB
40	15	index_id_2	UNIQUE	BTREE	0	1	0	0	2		flags=0;	id=57;root=42;trx_id=0;	1	InnoDB
41	15	f2	MULTIPLE	BTREE	0	1	1	0	3		flags=0;	id=58;root=43;trx_id=0;	1	InnoDB
42	16	PRIMARY	PRIMARY	BTREE	0	1	0	0	1		flags=0;	id=59;root=44;trx_id=0;	1	InnoDB
43	17	PRIMARY	PRIMARY	BTREE	0	1	0	0	1		flags=0;	id=60;root=45;trx_id=0;	1	InnoDB
44	17	schema_id	UNIQUE	BTREE	0	1	0	0	2		flags=32;	id=61;root=47;trx_id=0;	1	InnoDB
45	17	table_id	UNIQUE	BTREE	0	1	0	0	3		flags=32;	id=62;root=48;trx_id=0;	1	InnoDB
46	17	referenced_table_catalog	MULTIPLE	BTREE	0	1	0	0	4		flags=32;	id=63;root=49;trx_id=0;	1	InnoDB
47	17	unique_constraint_id	MULTIPLE	BTREE	0	1	1	0	5		flags=0;	id=64;root=50;trx_id=0;	1	InnoDB
48	18	PRIMARY	PRIMARY	BTREE	0	1	0	0	1		flags=0;	id=65;root=51;trx_id=0;	1	InnoDB
49	18	foreign_key_id	UNIQUE	BTREE	0	1	0	0	2		flags=32;	id=66;root=52;trx_id=0;	1	InnoDB
50	18	column_id	MULTIPLE	BTREE	0	1	1	0	3		flags=0;	id=67;root=53;trx_id=0;	1	InnoDB
51	19	PRIMARY	PRIMARY	BTREE	0	1	0	0	1		flags=0;	id=68;root=54;trx_id=0;	1	InnoDB
52	19	table_id	UNIQUE	BTREE	0	1	0	0	2		flags=32;	id=69;root=55;trx_id=0;	1	InnoDB
53	19	table_id_2	UNIQUE	BTREE	0	1	0	0	3		flags=0;	id=70;root=56;trx_id=0;	1	InnoDB
54	19	engine	UNIQUE	BTREE	0	1	0	0	4		flags=32;	id=71;root=57;trx_id=0;	1	InnoDB
55	19	engine_2	MULTIPLE	BTREE	0	1	0	0	5		flags=32;	id=72;root=58;trx_id=0;	1	InnoDB
56	19	tablespace_id	MULTIPLE	BTREE	0	1	1	0	6		flags=0;	id=73;root=59;trx_id=0;	1	InnoDB
57	20	PRIMARY	PRIMARY	BTREE	0	1	0	0	1		flags=0;	id=74;root=60;trx_id=0;	1	InnoDB
58	21	PRIMARY	PRIMARY	BTREE	0	1	0	0	1		flags=0;	id=75;root=61;trx_id=0;	1	InnoDB
59	21	index_id	MULTIPLE	BTREE	0	1	1	0	2		flags=0;	id=76;root=62;trx_id=0;	1	InnoDB
60	21	tablespace_id	MULTIPLE	BTREE	0	1	1	0	3		flags=0;	id=77;root=63;trx_id=0;	1	InnoDB
84	29	PRIMARY	PRIMARY	BTREE	0	1	0	0	1		flags=32;	id=101;root=87;trx_id=0;	1	InnoDB
85	30	PRIMARY	PRIMARY	BTREE	0	1	0	0	1		flags=32;	id=102;root=88;trx_id=0;	1	InnoDB
87	32	PRIMARY	PRIMARY	BTREE	0	1	0	0	1		flags=0;	id=19;root=4;trx_id=772;	1	InnoDB
88	32	name	UNIQUE	BTREE	0	1	0	0	2		flags=32;	id=20;root=5;trx_id=772;	1	InnoDB
89	32	default_collation_id	MULTIPLE	BTREE	0	1	0	0	3		flags=0;	id=21;root=6;trx_id=772;	1	InnoDB
#
# Definitions from index_column_usage
SELECT * FROM index_column_usage
WHERE index_id IN (SELECT id FROM indexes
WHERE table_id IN (SELECT id FROM tables
WHERE schema_id= 1
AND name IN ('innodb_table_stats',
'innodb_index_stats',
'character_sets',
'collations',
'tablespaces',
'tablespace_files',
'catalogs',
'schemata',
'tables',
'view_table_usage',
'columns',
'column_statistics',
'indexes',
'index_column_usage',
'column_type_elements',
'foreign_keys',
'foreign_key_column_usage',
'table_partitions',
'table_partition_values',
'index_partitions',
'dd_properties')))
ORDER BY index_id, column_id;
index_id	ordinal_position	column_id	length	order	hidden
1	4	1	NULL	ASC	1
1	1	2	NULL	ASC	1
1	2	3	NULL	ASC	1
1	3	4	NULL	ASC	1
5	1	12	8	ASC	0
5	4	13	NULL	ASC	1
5	5	14	NULL	ASC	1
5	6	15	NULL	ASC	1
5	7	16	NULL	ASC	1
5	8	17	NULL	ASC	1
5	2	18	NULL	ASC	1
5	3	19	NULL	ASC	1
6	2	12	NULL	ASC	1
6	1	13	192	ASC	0
7	2	12	NULL	ASC	1
7	1	14	8	ASC	0
8	1	20	8	ASC	0
8	4	21	NULL	ASC	1
8	5	22	NULL	ASC	1
8	6	23	NULL	ASC	1
8	7	24	NULL	ASC	1
8	8	25	NULL	ASC	1
8	2	26	NULL	ASC	1
8	3	27	NULL	ASC	1
9	2	20	NULL	ASC	1
9	1	21	765	ASC	0
10	1	28	8	ASC	0
10	2	29	4	ASC	0
10	5	30	NULL	ASC	1
10	6	31	NULL	ASC	1
10	3	32	NULL	ASC	1
10	4	33	NULL	ASC	1
11	2	28	NULL	ASC	1
11	3	29	NULL	ASC	1
11	1	30	1536	ASC	0
12	1	34	8	ASC	0
12	4	35	NULL	ASC	1
12	5	36	NULL	ASC	1
12	6	37	NULL	ASC	1
12	2	38	NULL	ASC	1
12	3	39	NULL	ASC	1
13	2	34	NULL	ASC	1
13	1	35	192	ASC	0
14	1	40	8	ASC	0
14	4	41	NULL	ASC	1
14	5	42	NULL	ASC	1
14	6	43	NULL	ASC	1
14	7	44	NULL	ASC	1
14	8	45	NULL	ASC	1
14	9	46	NULL	ASC	1
14	2	47	NULL	ASC	1
14	3	48	NULL	ASC	1
15	3	40	NULL	ASC	1
15	1	41	8	ASC	0
15	2	42	765	ASC	0
16	5	40	NULL	ASC	1
16	1	41	8	ASC	0
16	2	43	192	ASC	0
16	3	44	192	ASC	0
16	4	45	192	ASC	0
17	1	49	8	ASC	0
17	4	50	NULL	ASC	1
17	5	51	NULL	ASC	1
17	6	52	NULL	ASC	1
17	7	53	NULL	ASC	1
17	8	54	NULL	ASC	1
17	2	55	NULL	ASC	1
17	3	56	NULL	ASC	1
18	3	49	NULL	ASC	1
18	1	50	8	ASC	0
18	2	51	192	ASC	0
19	2	49	NULL	ASC	1
19	1	52	8	ASC	0
22	1	68	8	ASC	0
22	4	69	NULL	ASC	1
22	5	70	NULL	ASC	1
22	6	71	NULL	ASC	1
22	7	72	NULL	ASC	1
22	8	73	NULL	ASC	1
22	9	74	NULL	ASC	1
22	10	75	NULL	ASC	1
22	11	76	NULL	ASC	1
22	12	77	NULL	ASC	1
22	13	78	NULL	ASC	1
22	14	79	NULL	ASC	1
22	15	80	NULL	ASC	1
22	16	81	NULL	ASC	1
22	17	82	NULL	ASC	1
22	18	83	NULL	ASC	1
22	19	84	NULL	ASC	1
22	20	85	NULL	ASC	1
22	21	86	NULL	ASC	1
22	22	87	NULL	ASC	1
22	23	88	NULL	ASC	1
22	24	89	NULL	ASC	1
22	25	90	NULL	ASC	1
22	26	91	NULL	ASC	1
22	27	92	NULL	ASC	1
22	28	93	NULL	ASC	1
22	29	94	NULL	ASC	1
22	30	95	NULL	ASC	1
22	31	96	NULL	ASC	1
22	32	97	NULL	ASC	1
22	33	98	NULL	ASC	1
22	34	99	NULL	ASC	1
22	2	100	NULL	ASC	1
22	3	101	NULL	ASC	1
23	3	68	NULL	ASC	1
23	1	69	8	ASC	0
23	2	70	192	ASC	0
24	3	68	NULL	ASC	1
24	1	72	192	ASC	0
24	2	80	8	ASC	0
25	2	68	NULL	ASC	1
25	1	72	192	ASC	0
26	2	68	NULL	ASC	1
26	1	75	8	ASC	0
27	2	68	NULL	ASC	1
27	1	81	8	ASC	0
28	1	102	8	ASC	0
28	2	103	192	ASC	0
28	3	104	192	ASC	0
28	4	105	192	ASC	0
28	5	106	NULL	ASC	1
28	6	107	NULL	ASC	1
29	4	102	NULL	ASC	1
29	1	103	192	ASC	0
29	2	104	192	ASC	0
29	3	105	192	ASC	0
32	1	114	8	ASC	0
32	4	115	NULL	ASC	1
32	5	116	NULL	ASC	1
32	6	117	NULL	ASC	1
32	7	118	NULL	ASC	1
32	8	119	NULL	ASC	1
32	9	120	NULL	ASC	1
32	10	121	NULL	ASC	1
32	11	122	NULL	ASC	1
32	12	123	NULL	ASC	1
32	13	124	NULL	ASC	1
32	14	125	NULL	ASC	1
32	15	126	NULL	ASC	1
32	16	127	NULL	ASC	1
32	17	128	NULL	ASC	1
32	18	129	NULL	ASC	1
32	19	130	NULL	ASC	1
32	20	131	NULL	ASC	1
32	21	132	NULL	ASC	1
32	22	133	NULL	ASC	1
32	23	134	NULL	ASC	1
32	24	135	NULL	ASC	1
32	25	136	NULL	ASC	1
32	26	137	NULL	ASC	1
32	27	138	NULL	ASC	1
32	28	139	NULL	ASC	1
32	29	140	NULL	ASC	1
32	30	141	NULL	ASC	1
32	2	142	NULL	ASC	1
32	3	143	NULL	ASC	1
33	3	114	NULL	ASC	1
33	1	115	8	ASC	0
33	2	116	192	ASC	0
34	3	114	NULL	ASC	1
34	1	115	8	ASC	0
34	2	117	4	ASC	0
35	2	114	NULL	ASC	1
35	1	126	8	ASC	0
36	1	144	8	ASC	0
36	4	145	NULL	ASC	1
36	5	146	NULL	ASC	1
36	6	147	NULL	ASC	1
36	7	148	NULL	ASC	1
36	8	149	NULL	ASC	1
36	9	150	NULL	ASC	1
36	10	151	NULL	ASC	1
36	11	152	NULL	ASC	1
36	12	153	NULL	ASC	1
36	13	154	NULL	ASC	1
36	14	155	NULL	ASC	1
36	15	156	NULL	ASC	1
36	16	157	NULL	ASC	1
36	17	158	NULL	ASC	1
36	2	159	NULL	ASC	1
36	3	160	NULL	ASC	1
37	3	144	NULL	ASC	1
37	1	145	8	ASC	0
37	2	146	192	ASC	0
38	2	144	NULL	ASC	1
38	1	157	8	ASC	0
39	1	161	8	ASC	0
39	2	162	4	ASC	0
39	5	163	NULL	ASC	1
39	6	164	NULL	ASC	1
39	7	165	NULL	ASC	1
39	8	166	NULL	ASC	1
39	3	167	NULL	ASC	1
39	4	168	NULL	ASC	1
40	1	161	8	ASC	0
40	4	162	NULL	ASC	1
40	2	163	8	ASC	0
40	3	166	1	ASC	0
41	2	161	NULL	ASC	1
41	3	162	NULL	ASC	1
41	1	163	8	ASC	0
42	1	169	8	ASC	0
42	2	170	4	ASC	0
42	5	171	NULL	ASC	1
42	3	172	NULL	ASC	1
42	4	173	NULL	ASC	1
43	1	174	8	ASC	0
43	4	175	NULL	ASC	1
43	5	176	NULL	ASC	1
43	6	177	NULL	ASC	1
43	7	178	NULL	ASC	1
43	8	179	NULL	ASC	1
43	9	180	NULL	ASC	1
43	10	181	NULL	ASC	1
43	11	182	NULL	ASC	1
43	12	183	NULL	ASC	1
43	13	184	NULL	ASC	1
43	2	185	NULL	ASC	1
43	3	186	NULL	ASC	1
44	3	174	NULL	ASC	1
44	1	175	8	ASC	0
44	2	177	192	ASC	0
45	3	174	NULL	ASC	1
45	1	176	8	ASC	0
45	2	177	192	ASC	0
46	4	174	NULL	ASC	1
46	1	182	192	ASC	0
46	2	183	192	ASC	0
46	3	184	192	ASC	0
47	2	174	NULL	ASC	1
47	1	178	8	ASC	0
48	1	187	8	ASC	0
48	2	188	4	ASC	0
48	5	189	NULL	ASC	1
48	6	190	NULL	ASC	1
48	3	191	NULL	ASC	1
48	4	192	NULL	ASC	1
49	1	187	8	ASC	0
49	4	188	NULL	ASC	1
49	2	189	8	ASC	0
49	3	190	192	ASC	0
50	2	187	NULL	ASC	1
50	3	188	NULL	ASC	1
50	1	189	8	ASC	0
51	1	193	8	ASC	0
51	4	194	NULL	ASC	1
51	5	195	NULL	ASC	1
51	6	196	NULL	ASC	1
51	7	197	NULL	ASC	1
51	8	198	NULL	ASC	1
51	9	199	NULL	ASC	1
51	10	200	NULL	ASC	1
51	11	201	NULL	ASC	1
51	12	202	NULL	ASC	1
51	13	203	NULL	ASC	1
51	2	204	NULL	ASC	1
51	3	205	NULL	ASC	1
52	3	193	NULL	ASC	1
52	1	194	8	ASC	0
52	2	197	192	ASC	0
53	4	193	NULL	ASC	1
53	1	194	8	ASC	0
53	2	195	1	ASC	0
53	3	196	2	ASC	0
54	3	193	NULL	ASC	1
54	1	198	192	ASC	0
54	2	202	8	ASC	0
55	2	193	NULL	ASC	1
55	1	198	192	ASC	0
56	2	193	NULL	ASC	1
56	1	203	8	ASC	0
57	1	206	8	ASC	0
57	2	207	1	ASC	0
57	3	208	1	ASC	0
57	6	209	NULL	ASC	1
57	7	210	NULL	ASC	1
57	4	211	NULL	ASC	1
57	5	212	NULL	ASC	1
58	1	213	8	ASC	0
58	2	214	8	ASC	0
58	5	215	NULL	ASC	1
58	6	216	NULL	ASC	1
58	7	217	NULL	ASC	1
58	3	218	NULL	ASC	1
58	4	219	NULL	ASC	1
59	2	213	NULL	ASC	1
59	1	214	8	ASC	0
60	2	213	NULL	ASC	1
60	3	214	NULL	ASC	1
60	1	217	8	ASC	0
84	1	335	192	ASC	0
84	2	336	597	ASC	0
84	5	337	NULL	ASC	1
84	6	338	NULL	ASC	1
84	7	339	NULL	ASC	1
84	8	340	NULL	ASC	1
84	3	341	NULL	ASC	1
84	4	342	NULL	ASC	1
85	1	343	192	ASC	0
85	2	344	597	ASC	0
85	3	345	192	ASC	0
85	7	346	NULL	ASC	1
85	4	347	192	ASC	0
85	8	348	NULL	ASC	1
85	9	349	NULL	ASC	1
85	10	350	NULL	ASC	1
85	5	351	NULL	ASC	1
85	6	352	NULL	ASC	1
87	1	357	8	ASC	0
87	4	358	NULL	ASC	1
87	5	359	NULL	ASC	1
87	6	360	NULL	ASC	1
87	7	361	NULL	ASC	1
87	2	362	NULL	ASC	1
87	3	363	NULL	ASC	1
88	2	357	NULL	ASC	1
88	1	358	192	ASC	0
89	2	357	NULL	ASC	1
89	1	359	8	ASC	0
SET GLOBAL debug= '-d,skip_dd_table_access_check';
