use mysql;
SET GLOBAL debug= '+d,skip_dd_table_access_check';
#
# Subset of definitions from tables, not including
# timestamps, partitioning, view definitions and
# default values
SELECT
id, name, type, engine, collation_id, comment, hidden,
options, se_private_data, se_private_id, tablespace_id
FROM tables
WHERE id IN (SELECT id FROM tables
WHERE schema_id= 1
AND name IN ('innodb_table_stats',
'innodb_index_stats',
'character_sets',
'collations',
'tablespaces',
'tablespace_files',
'catalogs',
'schemata',
'tables',
'view_table_usage',
'columns',
'column_statistics',
'indexes',
'index_column_usage',
'column_type_elements',
'foreign_keys',
'foreign_key_column_usage',
'table_partitions',
'table_partition_values',
'index_partitions',
'dd_properties'))
ORDER BY id;
id	name	type	engine	collation_id	comment	hidden	options	se_private_data	se_private_id	tablespace_id
1	dd_properties	BASE TABLE	InnoDB	83		System	avg_row_length=0;key_block_size=0;keys_disabled=0;pack_record=1;row_type=2;stats_auto_recalc=0;stats_persistent=0;stats_sample_pages=0;	NULL	1	1
3	collations	BASE TABLE	InnoDB	83		System	avg_row_length=0;key_block_size=0;keys_disabled=0;pack_record=1;row_type=2;stats_auto_recalc=0;stats_persistent=0;stats_sample_pages=0;	autoinc=0;version=0;	3	1
4	tablespaces	BASE TABLE	InnoDB	83		System	avg_row_length=0;key_block_size=0;keys_disabled=0;pack_record=1;row_type=2;stats_auto_recalc=0;stats_persistent=0;stats_sample_pages=0;	autoinc=0;version=0;	4	1
5	tablespace_files	BASE TABLE	InnoDB	83		System	avg_row_length=0;key_block_size=0;keys_disabled=0;pack_record=1;row_type=2;stats_auto_recalc=0;stats_persistent=0;stats_sample_pages=0;	NULL	5	1
6	catalogs	BASE TABLE	InnoDB	83		System	avg_row_length=0;key_block_size=0;keys_disabled=0;pack_record=1;row_type=2;stats_auto_recalc=0;stats_persistent=0;stats_sample_pages=0;	autoinc=0;version=0;	6	1
7	column_statistics	BASE TABLE	InnoDB	83		System	avg_row_length=0;key_block_size=0;keys_disabled=0;pack_record=1;row_type=2;stats_auto_recalc=0;stats_persistent=0;stats_sample_pages=0;	autoinc=0;version=0;	7	1
8	schemata	BASE TABLE	InnoDB	83		System	avg_row_length=0;key_block_size=0;keys_disabled=0;pack_record=1;row_type=2;stats_auto_recalc=0;stats_persistent=0;stats_sample_pages=0;	autoinc=0;version=0;	8	1
10	tables	BASE TABLE	InnoDB	83		System	avg_row_length=0;key_block_size=0;keys_disabled=0;pack_record=1;row_type=2;stats_auto_recalc=0;stats_persistent=0;stats_sample_pages=0;	autoinc=0;version=0;	10	1
11	view_table_usage	BASE TABLE	InnoDB	83		System	avg_row_length=0;key_block_size=0;keys_disabled=0;pack_record=1;row_type=2;stats_auto_recalc=0;stats_persistent=0;stats_sample_pages=0;	NULL	11	1
13	columns	BASE TABLE	InnoDB	83		System	avg_row_length=0;key_block_size=0;keys_disabled=0;pack_record=1;row_type=2;stats_auto_recalc=0;stats_persistent=0;stats_sample_pages=0;	autoinc=0;version=0;	13	1
14	indexes	BASE TABLE	InnoDB	83		System	avg_row_length=0;key_block_size=0;keys_disabled=0;pack_record=1;row_type=2;stats_auto_recalc=0;stats_persistent=0;stats_sample_pages=0;	autoinc=0;version=0;	14	1
15	index_column_usage	BASE TABLE	InnoDB	83		System	avg_row_length=0;key_block_size=0;keys_disabled=0;pack_record=1;row_type=2;stats_auto_recalc=0;stats_persistent=0;stats_sample_pages=0;	NULL	15	1
16	column_type_elements	BASE TABLE	InnoDB	83		System	avg_row_length=0;key_block_size=0;keys_disabled=0;pack_record=1;row_type=2;stats_auto_recalc=0;stats_persistent=0;stats_sample_pages=0;	NULL	16	1
17	foreign_keys	BASE TABLE	InnoDB	83		System	avg_row_length=0;key_block_size=0;keys_disabled=0;pack_record=1;row_type=2;stats_auto_recalc=0;stats_persistent=0;stats_sample_pages=0;	autoinc=0;version=0;	17	1
18	foreign_key_column_usage	BASE TABLE	InnoDB	83		System	avg_row_length=0;key_block_size=0;keys_disabled=0;pack_record=1;row_type=2;stats_auto_recalc=0;stats_persistent=0;stats_sample_pages=0;	NULL	18	1
19	table_partitions	BASE TABLE	InnoDB	83		System	avg_row_length=0;key_block_size=0;keys_disabled=0;pack_record=1;row_type=2;stats_auto_recalc=0;stats_persistent=0;stats_sample_pages=0;	autoinc=0;version=0;	19	1
20	table_partition_values	BASE TABLE	InnoDB	83		System	avg_row_length=0;key_block_size=0;keys_disabled=0;pack_record=1;row_type=2;stats_auto_recalc=0;stats_persistent=0;stats_sample_pages=0;	NULL	20	1
21	index_partitions	BASE TABLE	InnoDB	83		System	avg_row_length=0;key_block_size=0;keys_disabled=0;pack_record=1;row_type=2;stats_auto_recalc=0;stats_persistent=0;stats_sample_pages=0;	NULL	21	1
30	innodb_table_stats	BASE TABLE	InnoDB	83		Visible	avg_row_length=0;key_block_size=0;keys_disabled=0;pack_record=1;row_type=2;stats_auto_recalc=0;stats_persistent=0;stats_sample_pages=0;	NULL	30	1
31	innodb_index_stats	BASE TABLE	InnoDB	83		Visible	avg_row_length=0;key_block_size=0;keys_disabled=0;pack_record=1;row_type=2;stats_auto_recalc=0;stats_persistent=0;stats_sample_pages=0;	NULL	31	1
34	character_sets	BASE TABLE	InnoDB	83		System	avg_row_length=0;key_block_size=0;keys_disabled=0;pack_record=1;row_type=2;stats_auto_recalc=0;stats_persistent=0;stats_sample_pages=0;	autoinc=255;version=2;	2	1
#
# Subset of definitions from columns, not including
# default_values.
SELECT id, table_id, name, ordinal_position, type, is_nullable,
is_zerofill, is_unsigned, char_length, numeric_precision,
numeric_scale, datetime_precision, collation_id, default_option,
update_option, is_auto_increment, comment, hidden, options,
se_private_data FROM columns
WHERE table_id IN (SELECT id FROM tables
WHERE schema_id= 1
AND name IN ('innodb_table_stats',
'innodb_index_stats',
'character_sets',
'collations',
'tablespaces',
'tablespace_files',
'catalogs',
'schemata',
'tables',
'view_table_usage',
'columns',
'column_statistics',
'indexes',
'index_column_usage',
'column_type_elements',
'foreign_keys',
'foreign_key_column_usage',
'table_partitions',
'table_partition_values',
'index_partitions',
'dd_properties'))
ORDER BY id;
id	table_id	name	ordinal_position	type	is_nullable	is_zerofill	is_unsigned	char_length	numeric_precision	numeric_scale	datetime_precision	collation_id	default_option	update_option	is_auto_increment	comment	hidden	options	se_private_data
1	1	properties	1	MYSQL_TYPE_MEDIUM_BLOB	1	0	0	8	0	NULL	NULL	83	NULL	NULL	0		0	interval_count=0;	NULL
2	1	DB_ROW_ID	2	MYSQL_TYPE_INT24	0	0	0	6	0	NULL	NULL	63	NULL	NULL	0		1	NULL	NULL
3	1	DB_TRX_ID	3	MYSQL_TYPE_INT24	0	0	0	6	0	NULL	NULL	63	NULL	NULL	0		1	NULL	NULL
4	1	DB_ROLL_PTR	4	MYSQL_TYPE_LONGLONG	0	0	0	7	0	NULL	NULL	63	NULL	NULL	0		1	NULL	NULL
12	3	id	1	MYSQL_TYPE_LONGLONG	0	0	1	20	20	0	NULL	83	NULL	NULL	1		0	interval_count=0;	NULL
13	3	name	2	MYSQL_TYPE_VARCHAR	0	0	0	192	0	NULL	NULL	33	NULL	NULL	0		0	interval_count=0;	NULL
14	3	character_set_id	3	MYSQL_TYPE_LONGLONG	0	0	1	20	20	0	NULL	83	NULL	NULL	0		0	interval_count=0;	NULL
15	3	is_compiled	4	MYSQL_TYPE_TINY	0	0	0	1	3	0	NULL	83	NULL	NULL	0		0	interval_count=0;	NULL
16	3	sort_length	5	MYSQL_TYPE_LONG	0	0	1	10	10	0	NULL	83	NULL	NULL	0		0	interval_count=0;	NULL
17	3	pad_attribute	6	MYSQL_TYPE_VARCHAR	0	0	0	27	0	NULL	NULL	83	NULL	NULL	0		0	interval_count=0;	NULL
18	3	DB_TRX_ID	7	MYSQL_TYPE_INT24	0	0	0	6	0	NULL	NULL	63	NULL	NULL	0		1	NULL	NULL
19	3	DB_ROLL_PTR	8	MYSQL_TYPE_LONGLONG	0	0	0	7	0	NULL	NULL	63	NULL	NULL	0		1	NULL	NULL
20	4	id	1	MYSQL_TYPE_LONGLONG	0	0	1	20	20	0	NULL	83	NULL	NULL	1		0	interval_count=0;	NULL
21	4	name	2	MYSQL_TYPE_VARCHAR	0	0	0	777	0	NULL	NULL	83	NULL	NULL	0		0	interval_count=0;	NULL
22	4	options	3	MYSQL_TYPE_MEDIUM_BLOB	1	0	0	8	0	NULL	NULL	83	NULL	NULL	0		0	interval_count=0;	NULL
23	4	se_private_data	4	MYSQL_TYPE_MEDIUM_BLOB	1	0	0	8	0	NULL	NULL	83	NULL	NULL	0		0	interval_count=0;	NULL
24	4	comment	5	MYSQL_TYPE_VARCHAR	0	0	0	6144	0	NULL	NULL	83	NULL	NULL	0		0	interval_count=0;	NULL
25	4	engine	6	MYSQL_TYPE_VARCHAR	0	0	0	192	0	NULL	NULL	83	NULL	NULL	0		0	interval_count=0;	NULL
26	4	DB_TRX_ID	7	MYSQL_TYPE_INT24	0	0	0	6	0	NULL	NULL	63	NULL	NULL	0		1	NULL	NULL
27	4	DB_ROLL_PTR	8	MYSQL_TYPE_LONGLONG	0	0	0	7	0	NULL	NULL	63	NULL	NULL	0		1	NULL	NULL
28	5	tablespace_id	1	MYSQL_TYPE_LONGLONG	0	0	1	20	20	0	NULL	83	NULL	NULL	0		0	interval_count=0;	NULL
29	5	ordinal_position	2	MYSQL_TYPE_LONG	0	0	1	10	10	0	NULL	83	NULL	NULL	0		0	interval_count=0;	NULL
30	5	file_name	3	MYSQL_TYPE_VARCHAR	0	0	0	1536	0	NULL	NULL	83	NULL	NULL	0		0	interval_count=0;	NULL
31	5	se_private_data	4	MYSQL_TYPE_MEDIUM_BLOB	1	0	0	8	0	NULL	NULL	83	NULL	NULL	0		0	interval_count=0;	NULL
32	5	DB_TRX_ID	5	MYSQL_TYPE_INT24	0	0	0	6	0	NULL	NULL	63	NULL	NULL	0		1	NULL	NULL
33	5	DB_ROLL_PTR	6	MYSQL_TYPE_LONGLONG	0	0	0	7	0	NULL	NULL	63	NULL	NULL	0		1	NULL	NULL
34	6	id	1	MYSQL_TYPE_LONGLONG	0	0	1	20	20	0	NULL	83	NULL	NULL	1		0	interval_count=0;	NULL
35	6	name	2	MYSQL_TYPE_VARCHAR	0	0	0	192	0	NULL	NULL	83	NULL	NULL	0		0	interval_count=0;	NULL
36	6	created	3	MYSQL_TYPE_TIMESTAMP2	0	0	0	19	0	NULL	0	8	CURRENT_TIMESTAMP	CURRENT_TIMESTAMP	0		0	interval_count=0;	NULL
37	6	last_altered	4	MYSQL_TYPE_TIMESTAMP2	0	0	0	19	0	NULL	0	8	CURRENT_TIMESTAMP	NULL	0		0	interval_count=0;	NULL
38	6	DB_TRX_ID	5	MYSQL_TYPE_INT24	0	0	0	6	0	NULL	NULL	63	NULL	NULL	0		1	NULL	NULL
39	6	DB_ROLL_PTR	6	MYSQL_TYPE_LONGLONG	0	0	0	7	0	NULL	NULL	63	NULL	NULL	0		1	NULL	NULL
40	7	id	1	MYSQL_TYPE_LONGLONG	0	0	1	20	20	0	NULL	83	NULL	NULL	1		0	interval_count=0;	NULL
41	7	catalog_id	2	MYSQL_TYPE_LONGLONG	0	0	1	20	20	0	NULL	83	NULL	NULL	0		0	interval_count=0;	NULL
42	7	name	3	MYSQL_TYPE_VARCHAR	0	0	0	765	0	NULL	NULL	83	NULL	NULL	0		0	interval_count=0;	NULL
43	7	schema_name	4	MYSQL_TYPE_VARCHAR	0	0	0	192	0	NULL	NULL	83	NULL	NULL	0		0	interval_count=0;	NULL
44	7	table_name	5	MYSQL_TYPE_VARCHAR	0	0	0	192	0	NULL	NULL	83	NULL	NULL	0		0	interval_count=0;	NULL
45	7	column_name	6	MYSQL_TYPE_VARCHAR	0	0	0	192	0	NULL	NULL	76	NULL	NULL	0		0	interval_count=0;	NULL
46	7	histogram	7	MYSQL_TYPE_JSON	0	0	0	8	0	NULL	NULL	63	NULL	NULL	0		0	interval_count=0;	NULL
47	7	DB_TRX_ID	8	MYSQL_TYPE_INT24	0	0	0	6	0	NULL	NULL	63	NULL	NULL	0		1	NULL	NULL
48	7	DB_ROLL_PTR	9	MYSQL_TYPE_LONGLONG	0	0	0	7	0	NULL	NULL	63	NULL	NULL	0		1	NULL	NULL
49	8	id	1	MYSQL_TYPE_LONGLONG	0	0	1	20	20	0	NULL	83	NULL	NULL	1		0	interval_count=0;	NULL
50	8	catalog_id	2	MYSQL_TYPE_LONGLONG	0	0	1	20	20	0	NULL	83	NULL	NULL	0		0	interval_count=0;	NULL
51	8	name	3	MYSQL_TYPE_VARCHAR	0	0	0	192	0	NULL	NULL	83	NULL	NULL	0		0	interval_count=0;	NULL
52	8	default_collation_id	4	MYSQL_TYPE_LONGLONG	0	0	1	20	20	0	NULL	83	NULL	NULL	0		0	interval_count=0;	NULL
53	8	created	5	MYSQL_TYPE_TIMESTAMP2	0	0	0	19	0	NULL	0	8	CURRENT_TIMESTAMP	CURRENT_TIMESTAMP	0		0	interval_count=0;	NULL
54	8	last_altered	6	MYSQL_TYPE_TIMESTAMP2	0	0	0	19	0	NULL	0	8	CURRENT_TIMESTAMP	NULL	0		0	interval_count=0;	NULL
55	8	DB_TRX_ID	7	MYSQL_TYPE_INT24	0	0	0	6	0	NULL	NULL	63	NULL	NULL	0		1	NULL	NULL
56	8	DB_ROLL_PTR	8	MYSQL_TYPE_LONGLONG	0	0	0	7	0	NULL	NULL	63	NULL	NULL	0		1	NULL	NULL
68	10	id	1	MYSQL_TYPE_LONGLONG	0	0	1	20	20	0	NULL	83	NULL	NULL	1		0	interval_count=0;	NULL
69	10	schema_id	2	MYSQL_TYPE_LONGLONG	0	0	1	20	20	0	NULL	83	NULL	NULL	0		0	interval_count=0;	NULL
70	10	name	3	MYSQL_TYPE_VARCHAR	0	0	0	192	0	NULL	NULL	83	NULL	NULL	0		0	interval_count=0;	NULL
71	10	type	4	MYSQL_TYPE_ENUM	0	0	0	33	0	NULL	NULL	83	NULL	NULL	0		0	interval_count=3;	NULL
72	10	engine	5	MYSQL_TYPE_VARCHAR	0	0	0	192	0	NULL	NULL	33	NULL	NULL	0		0	interval_count=0;	NULL
73	10	mysql_version_id	6	MYSQL_TYPE_LONG	0	0	1	10	10	0	NULL	83	NULL	NULL	0		0	interval_count=0;	NULL
74	10	row_format	7	MYSQL_TYPE_ENUM	1	0	0	30	0	NULL	NULL	83	NULL	NULL	0		0	interval_count=6;	NULL
75	10	collation_id	8	MYSQL_TYPE_LONGLONG	1	0	1	20	20	0	NULL	83	NULL	NULL	0		0	interval_count=0;	NULL
76	10	comment	9	MYSQL_TYPE_VARCHAR	0	0	0	6144	0	NULL	NULL	83	NULL	NULL	0		0	interval_count=0;	NULL
77	10	hidden	10	MYSQL_TYPE_ENUM	0	0	0	21	0	NULL	NULL	83	NULL	NULL	0		0	interval_count=4;	NULL
78	10	options	11	MYSQL_TYPE_MEDIUM_BLOB	1	0	0	8	0	NULL	NULL	63	NULL	NULL	0		0	interval_count=0;	NULL
79	10	se_private_data	12	MYSQL_TYPE_MEDIUM_BLOB	1	0	0	8	0	NULL	NULL	83	NULL	NULL	0		0	interval_count=0;	NULL
80	10	se_private_id	13	MYSQL_TYPE_LONGLONG	1	0	1	20	20	0	NULL	83	NULL	NULL	0		0	interval_count=0;	NULL
81	10	tablespace_id	14	MYSQL_TYPE_LONGLONG	1	0	1	20	20	0	NULL	83	NULL	NULL	0		0	interval_count=0;	NULL
82	10	partition_type	15	MYSQL_TYPE_ENUM	1	0	0	39	0	NULL	NULL	83	NULL	NULL	0		0	interval_count=11;	NULL
83	10	partition_expression	16	MYSQL_TYPE_VARCHAR	1	0	0	6144	0	NULL	NULL	83	NULL	NULL	0		0	interval_count=0;	NULL
84	10	partition_expression_utf8	17	MYSQL_TYPE_VARCHAR	1	0	0	6144	0	NULL	NULL	83	NULL	NULL	0		0	interval_count=0;	NULL
85	10	default_partitioning	18	MYSQL_TYPE_ENUM	1	0	0	18	0	NULL	NULL	83	NULL	NULL	0		0	interval_count=3;	NULL
86	10	subpartition_type	19	MYSQL_TYPE_ENUM	1	0	0	39	0	NULL	NULL	83	NULL	NULL	0		0	interval_count=6;	NULL
87	10	subpartition_expression	20	MYSQL_TYPE_VARCHAR	1	0	0	6144	0	NULL	NULL	83	NULL	NULL	0		0	interval_count=0;	NULL
88	10	subpartition_expression_utf8	21	MYSQL_TYPE_VARCHAR	1	0	0	6144	0	NULL	NULL	83	NULL	NULL	0		0	interval_count=0;	NULL
89	10	default_subpartitioning	22	MYSQL_TYPE_ENUM	1	0	0	18	0	NULL	NULL	83	NULL	NULL	0		0	interval_count=3;	NULL
90	10	created	23	MYSQL_TYPE_TIMESTAMP2	0	0	0	19	0	NULL	0	8	CURRENT_TIMESTAMP	CURRENT_TIMESTAMP	0		0	interval_count=0;	NULL
91	10	last_altered	24	MYSQL_TYPE_TIMESTAMP2	0	0	0	19	0	NULL	0	8	CURRENT_TIMESTAMP	NULL	0		0	interval_count=0;	NULL
92	10	view_definition	25	MYSQL_TYPE_LONG_BLOB	1	0	0	8	0	NULL	NULL	63	NULL	NULL	0		0	interval_count=0;	NULL
93	10	view_definition_utf8	26	MYSQL_TYPE_LONG_BLOB	1	0	0	8	0	NULL	NULL	83	NULL	NULL	0		0	interval_count=0;	NULL
94	10	view_check_option	27	MYSQL_TYPE_ENUM	1	0	0	24	0	NULL	NULL	83	NULL	NULL	0		0	interval_count=3;	NULL
95	10	view_is_updatable	28	MYSQL_TYPE_ENUM	1	0	0	9	0	NULL	NULL	83	NULL	NULL	0		0	interval_count=2;	NULL
96	10	view_algorithm	29	MYSQL_TYPE_ENUM	1	0	0	27	0	NULL	NULL	83	NULL	NULL	0		0	interval_count=3;	NULL
97	10	view_security_type	30	MYSQL_TYPE_ENUM	1	0	0	21	0	NULL	NULL	83	NULL	NULL	0		0	interval_count=3;	NULL
98	10	view_definer	31	MYSQL_TYPE_VARCHAR	1	0	0	279	0	NULL	NULL	83	NULL	NULL	0		0	interval_count=0;	NULL
99	10	view_client_collation_id	32	MYSQL_TYPE_LONGLONG	1	0	1	20	20	0	NULL	83	NULL	NULL	0		0	interval_count=0;	NULL
100	10	view_connection_collation_id	33	MYSQL_TYPE_LONGLONG	1	0	1	20	20	0	NULL	83	NULL	NULL	0		0	interval_count=0;	NULL
101	10	view_column_names	34	MYSQL_TYPE_LONG_BLOB	1	0	0	8	0	NULL	NULL	83	NULL	NULL	0		0	interval_count=0;	NULL
102	10	DB_TRX_ID	35	MYSQL_TYPE_INT24	0	0	0	6	0	NULL	NULL	63	NULL	NULL	0		1	NULL	NULL
103	10	DB_ROLL_PTR	36	MYSQL_TYPE_LONGLONG	0	0	0	7	0	NULL	NULL	63	NULL	NULL	0		1	NULL	NULL
104	11	view_id	1	MYSQL_TYPE_LONGLONG	0	0	1	20	20	0	NULL	83	NULL	NULL	0		0	interval_count=0;	NULL
105	11	table_catalog	2	MYSQL_TYPE_VARCHAR	0	0	0	192	0	NULL	NULL	83	NULL	NULL	0		0	interval_count=0;	NULL
106	11	table_schema	3	MYSQL_TYPE_VARCHAR	0	0	0	192	0	NULL	NULL	83	NULL	NULL	0		0	interval_count=0;	NULL
107	11	table_name	4	MYSQL_TYPE_VARCHAR	0	0	0	192	0	NULL	NULL	83	NULL	NULL	0		0	interval_count=0;	NULL
108	11	DB_TRX_ID	5	MYSQL_TYPE_INT24	0	0	0	6	0	NULL	NULL	63	NULL	NULL	0		1	NULL	NULL
109	11	DB_ROLL_PTR	6	MYSQL_TYPE_LONGLONG	0	0	0	7	0	NULL	NULL	63	NULL	NULL	0		1	NULL	NULL
116	13	id	1	MYSQL_TYPE_LONGLONG	0	0	1	20	20	0	NULL	83	NULL	NULL	1		0	interval_count=0;	NULL
117	13	table_id	2	MYSQL_TYPE_LONGLONG	0	0	1	20	20	0	NULL	83	NULL	NULL	0		0	interval_count=0;	NULL
118	13	name	3	MYSQL_TYPE_VARCHAR	0	0	0	192	0	NULL	NULL	76	NULL	NULL	0		0	interval_count=0;	NULL
119	13	ordinal_position	4	MYSQL_TYPE_LONG	0	0	1	10	10	0	NULL	83	NULL	NULL	0		0	interval_count=0;	NULL
120	13	type	5	MYSQL_TYPE_ENUM	0	0	0	66	0	NULL	NULL	83	NULL	NULL	0		0	interval_count=31;	NULL
121	13	is_nullable	6	MYSQL_TYPE_TINY	0	0	0	1	3	0	NULL	83	NULL	NULL	0		0	interval_count=0;	NULL
122	13	is_zerofill	7	MYSQL_TYPE_TINY	1	0	0	1	3	0	NULL	83	NULL	NULL	0		0	interval_count=0;	NULL
123	13	is_unsigned	8	MYSQL_TYPE_TINY	1	0	0	1	3	0	NULL	83	NULL	NULL	0		0	interval_count=0;	NULL
124	13	char_length	9	MYSQL_TYPE_LONG	1	0	1	10	10	0	NULL	83	NULL	NULL	0		0	interval_count=0;	NULL
125	13	numeric_precision	10	MYSQL_TYPE_LONG	1	0	1	10	10	0	NULL	83	NULL	NULL	0		0	interval_count=0;	NULL
126	13	numeric_scale	11	MYSQL_TYPE_LONG	1	0	1	10	10	0	NULL	83	NULL	NULL	0		0	interval_count=0;	NULL
127	13	datetime_precision	12	MYSQL_TYPE_LONG	1	0	1	10	10	0	NULL	83	NULL	NULL	0		0	interval_count=0;	NULL
128	13	collation_id	13	MYSQL_TYPE_LONGLONG	1	0	1	20	20	0	NULL	83	NULL	NULL	0		0	interval_count=0;	NULL
129	13	has_no_default	14	MYSQL_TYPE_TINY	1	0	0	1	3	0	NULL	83	NULL	NULL	0		0	interval_count=0;	NULL
130	13	default_value	15	MYSQL_TYPE_BLOB	1	0	0	8	0	NULL	NULL	63	NULL	NULL	0		0	interval_count=0;	NULL
131	13	default_value_utf8	16	MYSQL_TYPE_BLOB	1	0	0	8	0	NULL	NULL	83	NULL	NULL	0		0	interval_count=0;	NULL
132	13	default_option	17	MYSQL_TYPE_BLOB	1	0	0	8	0	NULL	NULL	63	NULL	NULL	0		0	interval_count=0;	NULL
133	13	update_option	18	MYSQL_TYPE_VARCHAR	1	0	0	96	0	NULL	NULL	83	NULL	NULL	0		0	interval_count=0;	NULL
134	13	is_auto_increment	19	MYSQL_TYPE_TINY	1	0	0	1	3	0	NULL	83	NULL	NULL	0		0	interval_count=0;	NULL
135	13	is_virtual	20	MYSQL_TYPE_TINY	1	0	0	1	3	0	NULL	83	NULL	NULL	0		0	interval_count=0;	NULL
136	13	generation_expression	21	MYSQL_TYPE_LONG_BLOB	1	0	0	8	0	NULL	NULL	63	NULL	NULL	0		0	interval_count=0;	NULL
137	13	generation_expression_utf8	22	MYSQL_TYPE_LONG_BLOB	1	0	0	8	0	NULL	NULL	83	NULL	NULL	0		0	interval_count=0;	NULL
138	13	comment	23	MYSQL_TYPE_VARCHAR	0	0	0	6144	0	NULL	NULL	83	NULL	NULL	0		0	interval_count=0;	NULL
139	13	hidden	24	MYSQL_TYPE_TINY	0	0	0	1	3	0	NULL	83	NULL	NULL	0		0	interval_count=0;	NULL
140	13	options	25	MYSQL_TYPE_MEDIUM_BLOB	1	0	0	8	0	NULL	NULL	83	NULL	NULL	0		0	interval_count=0;	NULL
141	13	se_private_data	26	MYSQL_TYPE_MEDIUM_BLOB	1	0	0	8	0	NULL	NULL	83	NULL	NULL	0		0	interval_count=0;	NULL
142	13	column_key	27	MYSQL_TYPE_ENUM	0	0	0	9	0	NULL	NULL	83	NULL	NULL	0		0	interval_count=4;	NULL
143	13	column_type_utf8	28	MYSQL_TYPE_MEDIUM_BLOB	0	0	0	8	0	NULL	NULL	83	NULL	NULL	0		0	interval_count=0;	NULL
144	13	srs_id	29	MYSQL_TYPE_LONG	1	0	1	10	10	0	NULL	83	NULL	NULL	0		0	interval_count=0;	NULL
145	13	DB_TRX_ID	30	MYSQL_TYPE_INT24	0	0	0	6	0	NULL	NULL	63	NULL	NULL	0		1	NULL	NULL
146	13	DB_ROLL_PTR	31	MYSQL_TYPE_LONGLONG	0	0	0	7	0	NULL	NULL	63	NULL	NULL	0		1	NULL	NULL
147	14	id	1	MYSQL_TYPE_LONGLONG	0	0	1	20	20	0	NULL	83	NULL	NULL	1		0	interval_count=0;	NULL
148	14	table_id	2	MYSQL_TYPE_LONGLONG	0	0	1	20	20	0	NULL	83	NULL	NULL	0		0	interval_count=0;	NULL
149	14	name	3	MYSQL_TYPE_VARCHAR	0	0	0	192	0	NULL	NULL	76	NULL	NULL	0		0	interval_count=0;	NULL
150	14	type	4	MYSQL_TYPE_ENUM	0	0	0	24	0	NULL	NULL	83	NULL	NULL	0		0	interval_count=5;	NULL
151	14	algorithm	5	MYSQL_TYPE_ENUM	0	0	0	33	0	NULL	NULL	83	NULL	NULL	0		0	interval_count=5;	NULL
152	14	is_algorithm_explicit	6	MYSQL_TYPE_TINY	0	0	0	1	3	0	NULL	83	NULL	NULL	0		0	interval_count=0;	NULL
153	14	is_visible	7	MYSQL_TYPE_TINY	0	0	0	1	3	0	NULL	83	NULL	NULL	0		0	interval_count=0;	NULL
154	14	is_generated	8	MYSQL_TYPE_TINY	0	0	0	1	3	0	NULL	83	NULL	NULL	0		0	interval_count=0;	NULL
155	14	hidden	9	MYSQL_TYPE_TINY	0	0	0	1	3	0	NULL	83	NULL	NULL	0		0	interval_count=0;	NULL
156	14	ordinal_position	10	MYSQL_TYPE_LONG	0	0	1	10	10	0	NULL	83	NULL	NULL	0		0	interval_count=0;	NULL
157	14	comment	11	MYSQL_TYPE_VARCHAR	0	0	0	6144	0	NULL	NULL	83	NULL	NULL	0		0	interval_count=0;	NULL
158	14	options	12	MYSQL_TYPE_MEDIUM_BLOB	1	0	0	8	0	NULL	NULL	83	NULL	NULL	0		0	interval_count=0;	NULL
159	14	se_private_data	13	MYSQL_TYPE_MEDIUM_BLOB	1	0	0	8	0	NULL	NULL	83	NULL	NULL	0		0	interval_count=0;	NULL
160	14	tablespace_id	14	MYSQL_TYPE_LONGLONG	1	0	1	20	20	0	NULL	83	NULL	NULL	0		0	interval_count=0;	NULL
161	14	engine	15	MYSQL_TYPE_VARCHAR	0	0	0	192	0	NULL	NULL	83	NULL	NULL	0		0	interval_count=0;	NULL
162	14	DB_TRX_ID	16	MYSQL_TYPE_INT24	0	0	0	6	0	NULL	NULL	63	NULL	NULL	0		1	NULL	NULL
163	14	DB_ROLL_PTR	17	MYSQL_TYPE_LONGLONG	0	0	0	7	0	NULL	NULL	63	NULL	NULL	0		1	NULL	NULL
164	15	index_id	1	MYSQL_TYPE_LONGLONG	0	0	1	20	20	0	NULL	83	NULL	NULL	0		0	interval_count=0;	NULL
165	15	ordinal_position	2	MYSQL_TYPE_LONG	0	0	1	10	10	0	NULL	83	NULL	NULL	0		0	interval_count=0;	NULL
166	15	column_id	3	MYSQL_TYPE_LONGLONG	0	0	1	20	20	0	NULL	83	NULL	NULL	0		0	interval_count=0;	NULL
167	15	length	4	MYSQL_TYPE_LONG	1	0	1	10	10	0	NULL	83	NULL	NULL	0		0	interval_count=0;	NULL
168	15	order	5	MYSQL_TYPE_ENUM	0	0	0	15	0	NULL	NULL	83	NULL	NULL	0		0	interval_count=3;	NULL
169	15	hidden	6	MYSQL_TYPE_TINY	0	0	0	1	3	0	NULL	83	NULL	NULL	0		0	interval_count=0;	NULL
170	15	DB_TRX_ID	7	MYSQL_TYPE_INT24	0	0	0	6	0	NULL	NULL	63	NULL	NULL	0		1	NULL	NULL
171	15	DB_ROLL_PTR	8	MYSQL_TYPE_LONGLONG	0	0	0	7	0	NULL	NULL	63	NULL	NULL	0		1	NULL	NULL
172	16	column_id	1	MYSQL_TYPE_LONGLONG	0	0	1	20	20	0	NULL	83	NULL	NULL	0		0	interval_count=0;	NULL
173	16	element_index	2	MYSQL_TYPE_LONG	0	0	1	10	10	0	NULL	83	NULL	NULL	0		0	interval_count=0;	NULL
174	16	name	3	MYSQL_TYPE_VARCHAR	0	0	0	1020	0	NULL	NULL	63	NULL	NULL	0		0	interval_count=0;	NULL
175	16	DB_TRX_ID	4	MYSQL_TYPE_INT24	0	0	0	6	0	NULL	NULL	63	NULL	NULL	0		1	NULL	NULL
176	16	DB_ROLL_PTR	5	MYSQL_TYPE_LONGLONG	0	0	0	7	0	NULL	NULL	63	NULL	NULL	0		1	NULL	NULL
177	17	id	1	MYSQL_TYPE_LONGLONG	0	0	1	20	20	0	NULL	83	NULL	NULL	1		0	interval_count=0;	NULL
178	17	schema_id	2	MYSQL_TYPE_LONGLONG	0	0	1	20	20	0	NULL	83	NULL	NULL	0		0	interval_count=0;	NULL
179	17	table_id	3	MYSQL_TYPE_LONGLONG	0	0	1	20	20	0	NULL	83	NULL	NULL	0		0	interval_count=0;	NULL
180	17	name	4	MYSQL_TYPE_VARCHAR	0	0	0	192	0	NULL	NULL	33	NULL	NULL	0		0	interval_count=0;	NULL
181	17	unique_constraint_name	5	MYSQL_TYPE_VARCHAR	1	0	0	192	0	NULL	NULL	76	NULL	NULL	0		0	interval_count=0;	NULL
182	17	match_option	6	MYSQL_TYPE_ENUM	0	0	0	21	0	NULL	NULL	83	NULL	NULL	0		0	interval_count=3;	NULL
183	17	update_rule	7	MYSQL_TYPE_ENUM	0	0	0	33	0	NULL	NULL	83	NULL	NULL	0		0	interval_count=5;	NULL
184	17	delete_rule	8	MYSQL_TYPE_ENUM	0	0	0	33	0	NULL	NULL	83	NULL	NULL	0		0	interval_count=5;	NULL
185	17	referenced_table_catalog	9	MYSQL_TYPE_VARCHAR	0	0	0	192	0	NULL	NULL	83	NULL	NULL	0		0	interval_count=0;	NULL
186	17	referenced_table_schema	10	MYSQL_TYPE_VARCHAR	0	0	0	192	0	NULL	NULL	83	NULL	NULL	0		0	interval_count=0;	NULL
187	17	referenced_table_name	11	MYSQL_TYPE_VARCHAR	0	0	0	192	0	NULL	NULL	83	NULL	NULL	0		0	interval_count=0;	NULL
188	17	DB_TRX_ID	12	MYSQL_TYPE_INT24	0	0	0	6	0	NULL	NULL	63	NULL	NULL	0		1	NULL	NULL
189	17	DB_ROLL_PTR	13	MYSQL_TYPE_LONGLONG	0	0	0	7	0	NULL	NULL	63	NULL	NULL	0		1	NULL	NULL
190	18	foreign_key_id	1	MYSQL_TYPE_LONGLONG	0	0	1	20	20	0	NULL	83	NULL	NULL	0		0	interval_count=0;	NULL
191	18	ordinal_position	2	MYSQL_TYPE_LONG	0	0	1	10	10	0	NULL	83	NULL	NULL	0		0	interval_count=0;	NULL
192	18	column_id	3	MYSQL_TYPE_LONGLONG	0	0	1	20	20	0	NULL	83	NULL	NULL	0		0	interval_count=0;	NULL
193	18	referenced_column_name	4	MYSQL_TYPE_VARCHAR	0	0	0	192	0	NULL	NULL	76	NULL	NULL	0		0	interval_count=0;	NULL
194	18	DB_TRX_ID	5	MYSQL_TYPE_INT24	0	0	0	6	0	NULL	NULL	63	NULL	NULL	0		1	NULL	NULL
195	18	DB_ROLL_PTR	6	MYSQL_TYPE_LONGLONG	0	0	0	7	0	NULL	NULL	63	NULL	NULL	0		1	NULL	NULL
196	19	id	1	MYSQL_TYPE_LONGLONG	0	0	1	20	20	0	NULL	83	NULL	NULL	1		0	interval_count=0;	NULL
197	19	table_id	2	MYSQL_TYPE_LONGLONG	0	0	1	20	20	0	NULL	83	NULL	NULL	0		0	interval_count=0;	NULL
198	19	parent_partition_id	3	MYSQL_TYPE_LONGLONG	1	0	1	20	20	0	NULL	83	NULL	NULL	0		0	interval_count=0;	NULL
199	19	number	4	MYSQL_TYPE_SHORT	0	0	1	5	5	0	NULL	83	NULL	NULL	0		0	interval_count=0;	NULL
200	19	name	5	MYSQL_TYPE_VARCHAR	0	0	0	192	0	NULL	NULL	76	NULL	NULL	0		0	interval_count=0;	NULL
201	19	description_utf8	6	MYSQL_TYPE_BLOB	1	0	0	8	0	NULL	NULL	83	NULL	NULL	0		0	interval_count=0;	NULL
202	19	engine	7	MYSQL_TYPE_VARCHAR	0	0	0	192	0	NULL	NULL	83	NULL	NULL	0		0	interval_count=0;	NULL
203	19	comment	8	MYSQL_TYPE_VARCHAR	0	0	0	6144	0	NULL	NULL	83	NULL	NULL	0		0	interval_count=0;	NULL
204	19	options	9	MYSQL_TYPE_MEDIUM_BLOB	1	0	0	8	0	NULL	NULL	83	NULL	NULL	0		0	interval_count=0;	NULL
205	19	se_private_data	10	MYSQL_TYPE_MEDIUM_BLOB	1	0	0	8	0	NULL	NULL	83	NULL	NULL	0		0	interval_count=0;	NULL
206	19	se_private_id	11	MYSQL_TYPE_LONGLONG	1	0	1	20	20	0	NULL	83	NULL	NULL	0		0	interval_count=0;	NULL
207	19	tablespace_id	12	MYSQL_TYPE_LONGLONG	1	0	1	20	20	0	NULL	83	NULL	NULL	0		0	interval_count=0;	NULL
208	19	DB_TRX_ID	13	MYSQL_TYPE_INT24	0	0	0	6	0	NULL	NULL	63	NULL	NULL	0		1	NULL	NULL
209	19	DB_ROLL_PTR	14	MYSQL_TYPE_LONGLONG	0	0	0	7	0	NULL	NULL	63	NULL	NULL	0		1	NULL	NULL
210	20	partition_id	1	MYSQL_TYPE_LONGLONG	0	0	1	20	20	0	NULL	83	NULL	NULL	0		0	interval_count=0;	NULL
211	20	list_num	2	MYSQL_TYPE_TINY	0	0	1	3	3	0	NULL	83	NULL	NULL	0		0	interval_count=0;	NULL
212	20	column_num	3	MYSQL_TYPE_TINY	0	0	1	3	3	0	NULL	83	NULL	NULL	0		0	interval_count=0;	NULL
213	20	value_utf8	4	MYSQL_TYPE_BLOB	1	0	0	8	0	NULL	NULL	83	NULL	NULL	0		0	interval_count=0;	NULL
214	20	max_value	5	MYSQL_TYPE_TINY	0	0	0	1	3	0	NULL	83	NULL	NULL	0		0	interval_count=0;	NULL
215	20	DB_TRX_ID	6	MYSQL_TYPE_INT24	0	0	0	6	0	NULL	NULL	63	NULL	NULL	0		1	NULL	NULL
216	20	DB_ROLL_PTR	7	MYSQL_TYPE_LONGLONG	0	0	0	7	0	NULL	NULL	63	NULL	NULL	0		1	NULL	NULL
217	21	partition_id	1	MYSQL_TYPE_LONGLONG	0	0	1	20	20	0	NULL	83	NULL	NULL	0		0	interval_count=0;	NULL
218	21	index_id	2	MYSQL_TYPE_LONGLONG	0	0	1	20	20	0	NULL	83	NULL	NULL	0		0	interval_count=0;	NULL
219	21	options	3	MYSQL_TYPE_MEDIUM_BLOB	1	0	0	8	0	NULL	NULL	83	NULL	NULL	0		0	interval_count=0;	NULL
220	21	se_private_data	4	MYSQL_TYPE_MEDIUM_BLOB	1	0	0	8	0	NULL	NULL	83	NULL	NULL	0		0	interval_count=0;	NULL
221	21	tablespace_id	5	MYSQL_TYPE_LONGLONG	1	0	1	20	20	0	NULL	83	NULL	NULL	0		0	interval_count=0;	NULL
222	21	DB_TRX_ID	6	MYSQL_TYPE_INT24	0	0	0	6	0	NULL	NULL	63	NULL	NULL	0		1	NULL	NULL
223	21	DB_ROLL_PTR	7	MYSQL_TYPE_LONGLONG	0	0	0	7	0	NULL	NULL	63	NULL	NULL	0		1	NULL	NULL
349	30	database_name	1	MYSQL_TYPE_VARCHAR	0	0	0	192	0	NULL	NULL	83	NULL	NULL	0		0	interval_count=0;	NULL
350	30	table_name	2	MYSQL_TYPE_VARCHAR	0	0	0	597	0	NULL	NULL	83	NULL	NULL	0		0	interval_count=0;	NULL
351	30	last_update	3	MYSQL_TYPE_TIMESTAMP2	0	0	0	19	0	NULL	0	8	CURRENT_TIMESTAMP	CURRENT_TIMESTAMP	0		0	interval_count=0;	NULL
352	30	n_rows	4	MYSQL_TYPE_LONGLONG	0	0	1	20	20	0	NULL	83	NULL	NULL	0		0	interval_count=0;	NULL
353	30	clustered_index_size	5	MYSQL_TYPE_LONGLONG	0	0	1	20	20	0	NULL	83	NULL	NULL	0		0	interval_count=0;	NULL
354	30	sum_of_other_index_sizes	6	MYSQL_TYPE_LONGLONG	0	0	1	20	20	0	NULL	83	NULL	NULL	0		0	interval_count=0;	NULL
355	30	DB_TRX_ID	7	MYSQL_TYPE_INT24	0	0	0	6	0	NULL	NULL	63	NULL	NULL	0		1	NULL	NULL
356	30	DB_ROLL_PTR	8	MYSQL_TYPE_LONGLONG	0	0	0	7	0	NULL	NULL	63	NULL	NULL	0		1	NULL	NULL
357	31	database_name	1	MYSQL_TYPE_VARCHAR	0	0	0	192	0	NULL	NULL	83	NULL	NULL	0		0	interval_count=0;	NULL
358	31	table_name	2	MYSQL_TYPE_VARCHAR	0	0	0	597	0	NULL	NULL	83	NULL	NULL	0		0	interval_count=0;	NULL
359	31	index_name	3	MYSQL_TYPE_VARCHAR	0	0	0	192	0	NULL	NULL	83	NULL	NULL	0		0	interval_count=0;	NULL
360	31	last_update	4	MYSQL_TYPE_TIMESTAMP2	0	0	0	19	0	NULL	0	8	CURRENT_TIMESTAMP	CURRENT_TIMESTAMP	0		0	interval_count=0;	NULL
361	31	stat_name	5	MYSQL_TYPE_VARCHAR	0	0	0	192	0	NULL	NULL	83	NULL	NULL	0		0	interval_count=0;	NULL
362	31	stat_value	6	MYSQL_TYPE_LONGLONG	0	0	1	20	20	0	NULL	83	NULL	NULL	0		0	interval_count=0;	NULL
363	31	sample_size	7	MYSQL_TYPE_LONGLONG	1	0	1	20	20	0	NULL	83	NULL	NULL	0		0	interval_count=0;	NULL
364	31	stat_description	8	MYSQL_TYPE_VARCHAR	0	0	0	3072	0	NULL	NULL	83	NULL	NULL	0		0	interval_count=0;	NULL
365	31	DB_TRX_ID	9	MYSQL_TYPE_INT24	0	0	0	6	0	NULL	NULL	63	NULL	NULL	0		1	NULL	NULL
366	31	DB_ROLL_PTR	10	MYSQL_TYPE_LONGLONG	0	0	0	7	0	NULL	NULL	63	NULL	NULL	0		1	NULL	NULL
383	34	id	1	MYSQL_TYPE_LONGLONG	0	0	1	20	20	0	NULL	8	NULL	NULL	1		0	interval_count=0;	table_id=2;
384	34	name	2	MYSQL_TYPE_VARCHAR	0	0	0	192	0	NULL	NULL	33	NULL	NULL	0		0	interval_count=0;	table_id=2;
385	34	default_collation_id	3	MYSQL_TYPE_LONGLONG	0	0	1	20	20	0	NULL	8	NULL	NULL	0		0	interval_count=0;	table_id=2;
386	34	comment	4	MYSQL_TYPE_VARCHAR	0	0	0	6144	0	NULL	NULL	33	NULL	NULL	0		0	interval_count=0;	table_id=2;
387	34	mb_max_length	5	MYSQL_TYPE_LONG	0	0	1	10	10	0	NULL	8	NULL	NULL	0		0	interval_count=0;	table_id=2;
388	34	DB_TRX_ID	6	MYSQL_TYPE_INT24	0	0	0	6	0	NULL	NULL	63	NULL	NULL	0		1	NULL	table_id=2;
389	34	DB_ROLL_PTR	7	MYSQL_TYPE_LONGLONG	0	0	0	7	0	NULL	NULL	63	NULL	NULL	0		1	NULL	table_id=2;
#
# Definitions from indexes
SELECT * FROM indexes
WHERE table_id IN (SELECT id FROM tables
WHERE schema_id= 1
AND name IN ('innodb_table_stats',
'innodb_index_stats',
'character_sets',
'collations',
'tablespaces',
'tablespace_files',
'catalogs',
'schemata',
'tables',
'view_table_usage',
'columns',
'column_statistics',
'indexes',
'index_column_usage',
'column_type_elements',
'foreign_keys',
'foreign_key_column_usage',
'table_partitions',
'table_partition_values',
'index_partitions',
'dd_properties'))
ORDER BY id;
id	table_id	name	type	algorithm	is_algorithm_explicit	is_visible	is_generated	hidden	ordinal_position	comment	options	se_private_data	tablespace_id	engine
1	1	PRIMARY	UNIQUE	BTREE	0	1	0	1	1		NULL	id=1;root=4;trx_id=0;	1	InnoDB
5	3	PRIMARY	PRIMARY	BTREE	0	1	0	0	1		flags=0;	id=5;root=8;trx_id=0;	1	InnoDB
6	3	name	UNIQUE	BTREE	0	1	0	0	2		flags=32;	id=6;root=9;trx_id=0;	1	InnoDB
7	3	character_set_id	MULTIPLE	BTREE	0	1	1	0	3		flags=0;	id=7;root=10;trx_id=0;	1	InnoDB
8	4	PRIMARY	PRIMARY	BTREE	0	1	0	0	1		flags=0;	id=8;root=11;trx_id=0;	1	InnoDB
9	4	name	UNIQUE	BTREE	0	1	0	0	2		flags=32;	id=9;root=12;trx_id=0;	1	InnoDB
10	5	tablespace_id	UNIQUE	BTREE	0	1	0	0	1		flags=0;	id=10;root=13;trx_id=0;	1	InnoDB
11	5	file_name	UNIQUE	BTREE	0	1	0	0	2		flags=32;	id=11;root=14;trx_id=0;	1	InnoDB
12	6	PRIMARY	PRIMARY	BTREE	0	1	0	0	1		flags=0;	id=12;root=15;trx_id=0;	1	InnoDB
13	6	name	UNIQUE	BTREE	0	1	0	0	2		flags=32;	id=13;root=16;trx_id=0;	1	InnoDB
14	7	PRIMARY	PRIMARY	BTREE	0	1	0	0	1		flags=0;	id=14;root=17;trx_id=0;	1	InnoDB
15	7	catalog_id	UNIQUE	BTREE	0	1	0	0	2		flags=32;	id=15;root=18;trx_id=0;	1	InnoDB
16	7	catalog_id_2	UNIQUE	BTREE	0	1	0	0	3		flags=32;	id=16;root=19;trx_id=0;	1	InnoDB
17	8	PRIMARY	PRIMARY	BTREE	0	1	0	0	1		flags=0;	id=17;root=20;trx_id=0;	1	InnoDB
18	8	catalog_id	UNIQUE	BTREE	0	1	0	0	2		flags=32;	id=18;root=21;trx_id=0;	1	InnoDB
19	8	default_collation_id	MULTIPLE	BTREE	0	1	1	0	3		flags=0;	id=19;root=22;trx_id=0;	1	InnoDB
22	10	PRIMARY	PRIMARY	BTREE	0	1	0	0	1		flags=0;	id=22;root=25;trx_id=0;	1	InnoDB
23	10	schema_id	UNIQUE	BTREE	0	1	0	0	2		flags=32;	id=23;root=26;trx_id=0;	1	InnoDB
24	10	engine	UNIQUE	BTREE	0	1	0	0	3		flags=32;	id=24;root=27;trx_id=0;	1	InnoDB
25	10	engine_2	MULTIPLE	BTREE	0	1	0	0	4		flags=32;	id=25;root=28;trx_id=0;	1	InnoDB
26	10	collation_id	MULTIPLE	BTREE	0	1	1	0	5		flags=0;	id=26;root=29;trx_id=0;	1	InnoDB
27	10	tablespace_id	MULTIPLE	BTREE	0	1	1	0	6		flags=0;	id=27;root=30;trx_id=0;	1	InnoDB
28	11	PRIMARY	PRIMARY	BTREE	0	1	0	0	1		flags=32;	id=28;root=31;trx_id=0;	1	InnoDB
29	11	table_catalog	MULTIPLE	BTREE	0	1	0	0	2		flags=32;	id=29;root=32;trx_id=0;	1	InnoDB
32	13	PRIMARY	PRIMARY	BTREE	0	1	0	0	1		flags=0;	id=32;root=35;trx_id=0;	1	InnoDB
33	13	table_id	UNIQUE	BTREE	0	1	0	0	2		flags=32;	id=33;root=36;trx_id=0;	1	InnoDB
34	13	table_id_2	UNIQUE	BTREE	0	1	0	0	3		flags=0;	id=34;root=37;trx_id=0;	1	InnoDB
35	13	collation_id	MULTIPLE	BTREE	0	1	1	0	4		flags=0;	id=35;root=38;trx_id=0;	1	InnoDB
36	13	srs_id	MULTIPLE	BTREE	0	1	1	0	5		flags=0;	id=36;root=39;trx_id=0;	1	InnoDB
37	14	PRIMARY	PRIMARY	BTREE	0	1	0	0	1		flags=0;	id=37;root=40;trx_id=0;	1	InnoDB
38	14	table_id	UNIQUE	BTREE	0	1	0	0	2		flags=32;	id=38;root=41;trx_id=0;	1	InnoDB
39	14	tablespace_id	MULTIPLE	BTREE	0	1	1	0	3		flags=0;	id=39;root=42;trx_id=0;	1	InnoDB
40	15	index_id	UNIQUE	BTREE	0	1	0	0	1		flags=0;	id=40;root=43;trx_id=0;	1	InnoDB
41	15	index_id_2	UNIQUE	BTREE	0	1	0	0	2		flags=0;	id=41;root=44;trx_id=0;	1	InnoDB
42	15	f2	MULTIPLE	BTREE	0	1	1	0	3		flags=0;	id=42;root=45;trx_id=0;	1	InnoDB
43	16	PRIMARY	PRIMARY	BTREE	0	1	0	0	1		flags=0;	id=43;root=47;trx_id=0;	1	InnoDB
44	17	PRIMARY	PRIMARY	BTREE	0	1	0	0	1		flags=0;	id=44;root=48;trx_id=0;	1	InnoDB
45	17	schema_id	UNIQUE	BTREE	0	1	0	0	2		flags=32;	id=45;root=49;trx_id=0;	1	InnoDB
46	17	table_id	UNIQUE	BTREE	0	1	0	0	3		flags=32;	id=46;root=50;trx_id=0;	1	InnoDB
47	17	referenced_table_catalog	MULTIPLE	BTREE	0	1	0	0	4		flags=32;	id=47;root=51;trx_id=0;	1	InnoDB
48	18	PRIMARY	PRIMARY	BTREE	0	1	0	0	1		flags=0;	id=48;root=52;trx_id=0;	1	InnoDB
49	18	foreign_key_id	UNIQUE	BTREE	0	1	0	0	2		flags=32;	id=49;root=53;trx_id=0;	1	InnoDB
50	18	column_id	MULTIPLE	BTREE	0	1	1	0	3		flags=0;	id=50;root=54;trx_id=0;	1	InnoDB
51	19	PRIMARY	PRIMARY	BTREE	0	1	0	0	1		flags=0;	id=51;root=55;trx_id=0;	1	InnoDB
52	19	table_id	UNIQUE	BTREE	0	1	0	0	2		flags=32;	id=52;root=56;trx_id=0;	1	InnoDB
53	19	table_id_2	UNIQUE	BTREE	0	1	0	0	3		flags=0;	id=53;root=57;trx_id=0;	1	InnoDB
54	19	engine	UNIQUE	BTREE	0	1	0	0	4		flags=32;	id=54;root=58;trx_id=0;	1	InnoDB
55	19	engine_2	MULTIPLE	BTREE	0	1	0	0	5		flags=32;	id=55;root=59;trx_id=0;	1	InnoDB
56	19	tablespace_id	MULTIPLE	BTREE	0	1	1	0	6		flags=0;	id=56;root=60;trx_id=0;	1	InnoDB
57	20	PRIMARY	PRIMARY	BTREE	0	1	0	0	1		flags=0;	id=57;root=61;trx_id=0;	1	InnoDB
58	21	PRIMARY	PRIMARY	BTREE	0	1	0	0	1		flags=0;	id=58;root=62;trx_id=0;	1	InnoDB
59	21	index_id	MULTIPLE	BTREE	0	1	1	0	2		flags=0;	id=59;root=63;trx_id=0;	1	InnoDB
60	21	tablespace_id	MULTIPLE	BTREE	0	1	1	0	3		flags=0;	id=60;root=64;trx_id=0;	1	InnoDB
86	30	PRIMARY	PRIMARY	BTREE	0	1	0	0	1		flags=32;	id=86;root=91;trx_id=0;	1	InnoDB
87	31	PRIMARY	PRIMARY	BTREE	0	1	0	0	1		flags=32;	id=87;root=92;trx_id=0;	1	InnoDB
91	34	PRIMARY	PRIMARY	BTREE	0	1	0	0	1		flags=0;	id=2;root=5;space_id=4294967294;table_id=2;trx_id=769;	1	InnoDB
92	34	name	UNIQUE	BTREE	0	1	0	0	2		flags=32;	id=3;root=6;space_id=4294967294;table_id=2;trx_id=769;	1	InnoDB
93	34	default_collation_id	MULTIPLE	BTREE	0	1	0	0	3		flags=0;	id=4;root=7;space_id=4294967294;table_id=2;trx_id=769;	1	InnoDB
#
# Definitions from index_column_usage
SELECT * FROM index_column_usage
WHERE index_id IN (SELECT id FROM indexes
WHERE table_id IN (SELECT id FROM tables
WHERE schema_id= 1
AND name IN ('innodb_table_stats',
'innodb_index_stats',
'character_sets',
'collations',
'tablespaces',
'tablespace_files',
'catalogs',
'schemata',
'tables',
'view_table_usage',
'columns',
'column_statistics',
'indexes',
'index_column_usage',
'column_type_elements',
'foreign_keys',
'foreign_key_column_usage',
'table_partitions',
'table_partition_values',
'index_partitions',
'dd_properties')))
ORDER BY index_id, column_id;
index_id	ordinal_position	column_id	length	order	hidden
1	4	1	NULL	ASC	1
1	1	2	NULL	ASC	1
1	2	3	NULL	ASC	1
1	3	4	NULL	ASC	1
5	1	12	8	ASC	0
5	4	13	NULL	ASC	1
5	5	14	NULL	ASC	1
5	6	15	NULL	ASC	1
5	7	16	NULL	ASC	1
5	8	17	NULL	ASC	1
5	2	18	NULL	ASC	1
5	3	19	NULL	ASC	1
6	2	12	NULL	ASC	1
6	1	13	192	ASC	0
7	2	12	NULL	ASC	1
7	1	14	8	ASC	0
8	1	20	8	ASC	0
8	4	21	NULL	ASC	1
8	5	22	NULL	ASC	1
8	6	23	NULL	ASC	1
8	7	24	NULL	ASC	1
8	8	25	NULL	ASC	1
8	2	26	NULL	ASC	1
8	3	27	NULL	ASC	1
9	2	20	NULL	ASC	1
9	1	21	777	ASC	0
10	1	28	8	ASC	0
10	2	29	4	ASC	0
10	5	30	NULL	ASC	1
10	6	31	NULL	ASC	1
10	3	32	NULL	ASC	1
10	4	33	NULL	ASC	1
11	2	28	NULL	ASC	1
11	3	29	NULL	ASC	1
11	1	30	1536	ASC	0
12	1	34	8	ASC	0
12	4	35	NULL	ASC	1
12	5	36	NULL	ASC	1
12	6	37	NULL	ASC	1
12	2	38	NULL	ASC	1
12	3	39	NULL	ASC	1
13	2	34	NULL	ASC	1
13	1	35	192	ASC	0
14	1	40	8	ASC	0
14	4	41	NULL	ASC	1
14	5	42	NULL	ASC	1
14	6	43	NULL	ASC	1
14	7	44	NULL	ASC	1
14	8	45	NULL	ASC	1
14	9	46	NULL	ASC	1
14	2	47	NULL	ASC	1
14	3	48	NULL	ASC	1
15	3	40	NULL	ASC	1
15	1	41	8	ASC	0
15	2	42	765	ASC	0
16	5	40	NULL	ASC	1
16	1	41	8	ASC	0
16	2	43	192	ASC	0
16	3	44	192	ASC	0
16	4	45	192	ASC	0
17	1	49	8	ASC	0
17	4	50	NULL	ASC	1
17	5	51	NULL	ASC	1
17	6	52	NULL	ASC	1
17	7	53	NULL	ASC	1
17	8	54	NULL	ASC	1
17	2	55	NULL	ASC	1
17	3	56	NULL	ASC	1
18	3	49	NULL	ASC	1
18	1	50	8	ASC	0
18	2	51	192	ASC	0
19	2	49	NULL	ASC	1
19	1	52	8	ASC	0
22	1	68	8	ASC	0
22	4	69	NULL	ASC	1
22	5	70	NULL	ASC	1
22	6	71	NULL	ASC	1
22	7	72	NULL	ASC	1
22	8	73	NULL	ASC	1
22	9	74	NULL	ASC	1
22	10	75	NULL	ASC	1
22	11	76	NULL	ASC	1
22	12	77	NULL	ASC	1
22	13	78	NULL	ASC	1
22	14	79	NULL	ASC	1
22	15	80	NULL	ASC	1
22	16	81	NULL	ASC	1
22	17	82	NULL	ASC	1
22	18	83	NULL	ASC	1
22	19	84	NULL	ASC	1
22	20	85	NULL	ASC	1
22	21	86	NULL	ASC	1
22	22	87	NULL	ASC	1
22	23	88	NULL	ASC	1
22	24	89	NULL	ASC	1
22	25	90	NULL	ASC	1
22	26	91	NULL	ASC	1
22	27	92	NULL	ASC	1
22	28	93	NULL	ASC	1
22	29	94	NULL	ASC	1
22	30	95	NULL	ASC	1
22	31	96	NULL	ASC	1
22	32	97	NULL	ASC	1
22	33	98	NULL	ASC	1
22	34	99	NULL	ASC	1
22	35	100	NULL	ASC	1
22	36	101	NULL	ASC	1
22	2	102	NULL	ASC	1
22	3	103	NULL	ASC	1
23	3	68	NULL	ASC	1
23	1	69	8	ASC	0
23	2	70	192	ASC	0
24	3	68	NULL	ASC	1
24	1	72	192	ASC	0
24	2	80	8	ASC	0
25	2	68	NULL	ASC	1
25	1	72	192	ASC	0
26	2	68	NULL	ASC	1
26	1	75	8	ASC	0
27	2	68	NULL	ASC	1
27	1	81	8	ASC	0
28	1	104	8	ASC	0
28	2	105	192	ASC	0
28	3	106	192	ASC	0
28	4	107	192	ASC	0
28	5	108	NULL	ASC	1
28	6	109	NULL	ASC	1
29	4	104	NULL	ASC	1
29	1	105	192	ASC	0
29	2	106	192	ASC	0
29	3	107	192	ASC	0
32	1	116	8	ASC	0
32	4	117	NULL	ASC	1
32	5	118	NULL	ASC	1
32	6	119	NULL	ASC	1
32	7	120	NULL	ASC	1
32	8	121	NULL	ASC	1
32	9	122	NULL	ASC	1
32	10	123	NULL	ASC	1
32	11	124	NULL	ASC	1
32	12	125	NULL	ASC	1
32	13	126	NULL	ASC	1
32	14	127	NULL	ASC	1
32	15	128	NULL	ASC	1
32	16	129	NULL	ASC	1
32	17	130	NULL	ASC	1
32	18	131	NULL	ASC	1
32	19	132	NULL	ASC	1
32	20	133	NULL	ASC	1
32	21	134	NULL	ASC	1
32	22	135	NULL	ASC	1
32	23	136	NULL	ASC	1
32	24	137	NULL	ASC	1
32	25	138	NULL	ASC	1
32	26	139	NULL	ASC	1
32	27	140	NULL	ASC	1
32	28	141	NULL	ASC	1
32	29	142	NULL	ASC	1
32	30	143	NULL	ASC	1
32	31	144	NULL	ASC	1
32	2	145	NULL	ASC	1
32	3	146	NULL	ASC	1
33	3	116	NULL	ASC	1
33	1	117	8	ASC	0
33	2	118	192	ASC	0
34	3	116	NULL	ASC	1
34	1	117	8	ASC	0
34	2	119	4	ASC	0
35	2	116	NULL	ASC	1
35	1	128	8	ASC	0
36	2	116	NULL	ASC	1
36	1	144	4	ASC	0
37	1	147	8	ASC	0
37	4	148	NULL	ASC	1
37	5	149	NULL	ASC	1
37	6	150	NULL	ASC	1
37	7	151	NULL	ASC	1
37	8	152	NULL	ASC	1
37	9	153	NULL	ASC	1
37	10	154	NULL	ASC	1
37	11	155	NULL	ASC	1
37	12	156	NULL	ASC	1
37	13	157	NULL	ASC	1
37	14	158	NULL	ASC	1
37	15	159	NULL	ASC	1
37	16	160	NULL	ASC	1
37	17	161	NULL	ASC	1
37	2	162	NULL	ASC	1
37	3	163	NULL	ASC	1
38	3	147	NULL	ASC	1
38	1	148	8	ASC	0
38	2	149	192	ASC	0
39	2	147	NULL	ASC	1
39	1	160	8	ASC	0
40	1	164	8	ASC	0
40	2	165	4	ASC	0
40	5	166	NULL	ASC	1
40	6	167	NULL	ASC	1
40	7	168	NULL	ASC	1
40	8	169	NULL	ASC	1
40	3	170	NULL	ASC	1
40	4	171	NULL	ASC	1
41	1	164	8	ASC	0
41	4	165	NULL	ASC	1
41	2	166	8	ASC	0
41	3	169	1	ASC	0
42	2	164	NULL	ASC	1
42	3	165	NULL	ASC	1
42	1	166	8	ASC	0
43	1	172	8	ASC	0
43	2	173	4	ASC	0
43	5	174	NULL	ASC	1
43	3	175	NULL	ASC	1
43	4	176	NULL	ASC	1
44	1	177	8	ASC	0
44	4	178	NULL	ASC	1
44	5	179	NULL	ASC	1
44	6	180	NULL	ASC	1
44	7	181	NULL	ASC	1
44	8	182	NULL	ASC	1
44	9	183	NULL	ASC	1
44	10	184	NULL	ASC	1
44	11	185	NULL	ASC	1
44	12	186	NULL	ASC	1
44	13	187	NULL	ASC	1
44	2	188	NULL	ASC	1
44	3	189	NULL	ASC	1
45	3	177	NULL	ASC	1
45	1	178	8	ASC	0
45	2	180	192	ASC	0
46	3	177	NULL	ASC	1
46	1	179	8	ASC	0
46	2	180	192	ASC	0
47	4	177	NULL	ASC	1
47	1	185	192	ASC	0
47	2	186	192	ASC	0
47	3	187	192	ASC	0
48	1	190	8	ASC	0
48	2	191	4	ASC	0
48	5	192	NULL	ASC	1
48	6	193	NULL	ASC	1
48	3	194	NULL	ASC	1
48	4	195	NULL	ASC	1
49	1	190	8	ASC	0
49	4	191	NULL	ASC	1
49	2	192	8	ASC	0
49	3	193	192	ASC	0
50	2	190	NULL	ASC	1
50	3	191	NULL	ASC	1
50	1	192	8	ASC	0
51	1	196	8	ASC	0
51	4	197	NULL	ASC	1
51	5	198	NULL	ASC	1
51	6	199	NULL	ASC	1
51	7	200	NULL	ASC	1
51	8	201	NULL	ASC	1
51	9	202	NULL	ASC	1
51	10	203	NULL	ASC	1
51	11	204	NULL	ASC	1
51	12	205	NULL	ASC	1
51	13	206	NULL	ASC	1
51	14	207	NULL	ASC	1
51	2	208	NULL	ASC	1
51	3	209	NULL	ASC	1
52	3	196	NULL	ASC	1
52	1	197	8	ASC	0
52	2	200	192	ASC	0
53	4	196	NULL	ASC	1
53	1	197	8	ASC	0
53	2	198	8	ASC	0
53	3	199	2	ASC	0
54	3	196	NULL	ASC	1
54	1	202	192	ASC	0
54	2	206	8	ASC	0
55	2	196	NULL	ASC	1
55	1	202	192	ASC	0
56	2	196	NULL	ASC	1
56	1	207	8	ASC	0
57	1	210	8	ASC	0
57	2	211	1	ASC	0
57	3	212	1	ASC	0
57	6	213	NULL	ASC	1
57	7	214	NULL	ASC	1
57	4	215	NULL	ASC	1
57	5	216	NULL	ASC	1
58	1	217	8	ASC	0
58	2	218	8	ASC	0
58	5	219	NULL	ASC	1
58	6	220	NULL	ASC	1
58	7	221	NULL	ASC	1
58	3	222	NULL	ASC	1
58	4	223	NULL	ASC	1
59	2	217	NULL	ASC	1
59	1	218	8	ASC	0
60	2	217	NULL	ASC	1
60	3	218	NULL	ASC	1
60	1	221	8	ASC	0
86	1	349	192	ASC	0
86	2	350	597	ASC	0
86	5	351	NULL	ASC	1
86	6	352	NULL	ASC	1
86	7	353	NULL	ASC	1
86	8	354	NULL	ASC	1
86	3	355	NULL	ASC	1
86	4	356	NULL	ASC	1
87	1	357	192	ASC	0
87	2	358	597	ASC	0
87	3	359	192	ASC	0
87	7	360	NULL	ASC	1
87	4	361	192	ASC	0
87	8	362	NULL	ASC	1
87	9	363	NULL	ASC	1
87	10	364	NULL	ASC	1
87	5	365	NULL	ASC	1
87	6	366	NULL	ASC	1
91	1	383	8	ASC	0
91	4	384	NULL	ASC	1
91	5	385	NULL	ASC	1
91	6	386	NULL	ASC	1
91	7	387	NULL	ASC	1
91	2	388	NULL	ASC	1
91	3	389	NULL	ASC	1
92	2	383	NULL	ASC	1
92	1	384	192	ASC	0
93	2	383	NULL	ASC	1
93	1	385	8	ASC	0
SET GLOBAL debug= '-d,skip_dd_table_access_check';
