use mysql;
SET GLOBAL debug= '+d,skip_dd_table_access_check';
#
# Subset of definitions from tables, not including
# timestamps, partitioning, view definitions and
# default values
SELECT
id, name, type, engine, collation_id, comment, hidden,
options, se_private_data, se_private_id, tablespace_id
FROM tables
WHERE id IN (SELECT id FROM tables
WHERE schema_id= 1
AND name IN ('innodb_table_stats',
'innodb_index_stats',
'character_sets',
'collations',
'tablespaces',
'tablespace_files',
'catalogs',
'schemata',
'tables',
'view_table_usage',
'columns',
'indexes',
'index_column_usage',
'column_type_elements',
'foreign_keys',
'foreign_key_column_usage',
'table_partitions',
'table_partition_values',
'index_partitions',
'version'))
ORDER BY id;
id	name	type	engine	collation_id	comment	hidden	options	se_private_data	se_private_id	tablespace_id
1	version	BASE TABLE	InnoDB	83		1	avg_row_length=0;key_block_size=0;keys_disabled=0;pack_record=1;row_type=2;stats_auto_recalc=0;stats_persistent=0;stats_sample_pages=0;	NULL	11	NULL
3	collations	BASE TABLE	InnoDB	83		1	avg_row_length=0;key_block_size=0;keys_disabled=0;pack_record=1;row_type=2;stats_auto_recalc=0;stats_persistent=0;stats_sample_pages=0;	NULL	13	NULL
4	tablespaces	BASE TABLE	InnoDB	83		1	avg_row_length=0;key_block_size=0;keys_disabled=0;pack_record=1;row_type=2;stats_auto_recalc=0;stats_persistent=0;stats_sample_pages=0;	NULL	14	NULL
5	tablespace_files	BASE TABLE	InnoDB	83		1	avg_row_length=0;key_block_size=0;keys_disabled=0;pack_record=1;row_type=2;stats_auto_recalc=0;stats_persistent=0;stats_sample_pages=0;	NULL	15	NULL
6	catalogs	BASE TABLE	InnoDB	83		1	avg_row_length=0;key_block_size=0;keys_disabled=0;pack_record=1;row_type=2;stats_auto_recalc=0;stats_persistent=0;stats_sample_pages=0;	NULL	16	NULL
7	schemata	BASE TABLE	InnoDB	83		1	avg_row_length=0;key_block_size=0;keys_disabled=0;pack_record=1;row_type=2;stats_auto_recalc=0;stats_persistent=0;stats_sample_pages=0;	NULL	17	NULL
9	tables	BASE TABLE	InnoDB	83		1	avg_row_length=0;key_block_size=0;keys_disabled=0;pack_record=1;row_type=2;stats_auto_recalc=0;stats_persistent=0;stats_sample_pages=0;	NULL	19	NULL
10	view_table_usage	BASE TABLE	InnoDB	83		1	avg_row_length=0;key_block_size=0;keys_disabled=0;pack_record=1;row_type=2;stats_auto_recalc=0;stats_persistent=0;stats_sample_pages=0;	NULL	20	NULL
12	columns	BASE TABLE	InnoDB	83		1	avg_row_length=0;key_block_size=0;keys_disabled=0;pack_record=1;row_type=2;stats_auto_recalc=0;stats_persistent=0;stats_sample_pages=0;	NULL	22	NULL
13	indexes	BASE TABLE	InnoDB	83		1	avg_row_length=0;key_block_size=0;keys_disabled=0;pack_record=1;row_type=2;stats_auto_recalc=0;stats_persistent=0;stats_sample_pages=0;	NULL	23	NULL
14	index_column_usage	BASE TABLE	InnoDB	83		1	avg_row_length=0;key_block_size=0;keys_disabled=0;pack_record=1;row_type=2;stats_auto_recalc=0;stats_persistent=0;stats_sample_pages=0;	NULL	24	NULL
15	column_type_elements	BASE TABLE	InnoDB	83		1	avg_row_length=0;key_block_size=0;keys_disabled=0;pack_record=1;row_type=2;stats_auto_recalc=0;stats_persistent=0;stats_sample_pages=0;	NULL	25	NULL
16	foreign_keys	BASE TABLE	InnoDB	83		1	avg_row_length=0;key_block_size=0;keys_disabled=0;pack_record=1;row_type=2;stats_auto_recalc=0;stats_persistent=0;stats_sample_pages=0;	NULL	26	NULL
17	foreign_key_column_usage	BASE TABLE	InnoDB	83		1	avg_row_length=0;key_block_size=0;keys_disabled=0;pack_record=1;row_type=2;stats_auto_recalc=0;stats_persistent=0;stats_sample_pages=0;	NULL	27	NULL
18	table_partitions	BASE TABLE	InnoDB	83		1	avg_row_length=0;key_block_size=0;keys_disabled=0;pack_record=1;row_type=2;stats_auto_recalc=0;stats_persistent=0;stats_sample_pages=0;	NULL	28	NULL
19	table_partition_values	BASE TABLE	InnoDB	83		1	avg_row_length=0;key_block_size=0;keys_disabled=0;pack_record=1;row_type=2;stats_auto_recalc=0;stats_persistent=0;stats_sample_pages=0;	NULL	29	NULL
20	index_partitions	BASE TABLE	InnoDB	83		1	avg_row_length=0;key_block_size=0;keys_disabled=0;pack_record=1;row_type=2;stats_auto_recalc=0;stats_persistent=0;stats_sample_pages=0;	NULL	30	NULL
28	innodb_table_stats	BASE TABLE	InnoDB	83		0	avg_row_length=0;key_block_size=0;keys_disabled=0;pack_record=1;row_type=2;stats_auto_recalc=0;stats_persistent=0;stats_sample_pages=0;	NULL	38	NULL
29	innodb_index_stats	BASE TABLE	InnoDB	83		0	avg_row_length=0;key_block_size=0;keys_disabled=0;pack_record=1;row_type=2;stats_auto_recalc=0;stats_persistent=0;stats_sample_pages=0;	NULL	39	NULL
30	character_sets	BASE TABLE	InnoDB	83		1	avg_row_length=0;key_block_size=0;keys_disabled=0;pack_record=1;row_type=2;stats_auto_recalc=0;stats_persistent=0;stats_sample_pages=0;	NULL	NULL	NULL
#
# Subset of definitions from columns, not including
# default_values.
SELECT id, table_id, name, ordinal_position, type, is_nullable,
is_zerofill, is_unsigned, char_length, numeric_precision,
numeric_scale, datetime_precision, collation_id, default_option,
update_option, is_auto_increment, comment, hidden, options,
se_private_data FROM columns
WHERE table_id IN (SELECT id FROM tables
WHERE schema_id= 1
AND name IN ('innodb_table_stats',
'innodb_index_stats',
'character_sets',
'collations',
'tablespaces',
'tablespace_files',
'catalogs',
'schemata',
'tables',
'view_table_usage',
'columns',
'indexes',
'index_column_usage',
'column_type_elements',
'foreign_keys',
'foreign_key_column_usage',
'table_partitions',
'table_partition_values',
'index_partitions',
'version'))
ORDER BY id;
id	table_id	name	ordinal_position	type	is_nullable	is_zerofill	is_unsigned	char_length	numeric_precision	numeric_scale	datetime_precision	collation_id	default_option	update_option	is_auto_increment	comment	hidden	options	se_private_data
1	1	version	1	MYSQL_TYPE_LONG	0	0	1	10	10	0	NULL	83	NULL	NULL	0		0	interval_count=0;	NULL
7	3	id	1	MYSQL_TYPE_LONGLONG	0	0	1	20	20	0	NULL	83	NULL	NULL	1		0	interval_count=0;	NULL
8	3	name	2	MYSQL_TYPE_VARCHAR	0	0	0	192	0	NULL	NULL	33	NULL	NULL	0		0	interval_count=0;	NULL
9	3	character_set_id	3	MYSQL_TYPE_LONGLONG	0	0	1	20	20	0	NULL	83	NULL	NULL	0		0	interval_count=0;	NULL
10	3	is_compiled	4	MYSQL_TYPE_TINY	0	0	0	1	3	0	NULL	83	NULL	NULL	0		0	interval_count=0;	NULL
11	3	sort_length	5	MYSQL_TYPE_LONG	0	0	1	10	10	0	NULL	83	NULL	NULL	0		0	interval_count=0;	NULL
12	3	pad_attribute	6	MYSQL_TYPE_VARCHAR	0	0	0	27	0	NULL	NULL	83	NULL	NULL	0		0	interval_count=0;	NULL
13	4	id	1	MYSQL_TYPE_LONGLONG	0	0	1	20	20	0	NULL	83	NULL	NULL	1		0	interval_count=0;	NULL
14	4	name	2	MYSQL_TYPE_VARCHAR	0	0	0	765	0	NULL	NULL	83	NULL	NULL	0		0	interval_count=0;	NULL
15	4	options	3	MYSQL_TYPE_MEDIUM_BLOB	1	0	0	8	0	NULL	NULL	83	NULL	NULL	0		0	interval_count=0;	NULL
16	4	se_private_data	4	MYSQL_TYPE_MEDIUM_BLOB	1	0	0	8	0	NULL	NULL	83	NULL	NULL	0		0	interval_count=0;	NULL
17	4	comment	5	MYSQL_TYPE_VARCHAR	0	0	0	6144	0	NULL	NULL	83	NULL	NULL	0		0	interval_count=0;	NULL
18	4	engine	6	MYSQL_TYPE_VARCHAR	0	0	0	192	0	NULL	NULL	83	NULL	NULL	0		0	interval_count=0;	NULL
19	5	tablespace_id	1	MYSQL_TYPE_LONGLONG	0	0	1	20	20	0	NULL	83	NULL	NULL	0		0	interval_count=0;	NULL
20	5	ordinal_position	2	MYSQL_TYPE_LONG	0	0	1	10	10	0	NULL	83	NULL	NULL	0		0	interval_count=0;	NULL
21	5	file_name	3	MYSQL_TYPE_VARCHAR	0	0	0	1536	0	NULL	NULL	83	NULL	NULL	0		0	interval_count=0;	NULL
22	5	se_private_data	4	MYSQL_TYPE_MEDIUM_BLOB	1	0	0	8	0	NULL	NULL	83	NULL	NULL	0		0	interval_count=0;	NULL
23	6	id	1	MYSQL_TYPE_LONGLONG	0	0	1	20	20	0	NULL	83	NULL	NULL	1		0	interval_count=0;	NULL
24	6	name	2	MYSQL_TYPE_VARCHAR	0	0	0	192	0	NULL	NULL	83	NULL	NULL	0		0	interval_count=0;	NULL
25	6	created	3	MYSQL_TYPE_TIMESTAMP2	0	0	0	19	0	NULL	0	8	CURRENT_TIMESTAMP	CURRENT_TIMESTAMP	0		0	interval_count=0;	NULL
26	6	last_altered	4	MYSQL_TYPE_TIMESTAMP2	0	0	0	19	0	NULL	0	8	CURRENT_TIMESTAMP	NULL	0		0	interval_count=0;	NULL
27	7	id	1	MYSQL_TYPE_LONGLONG	0	0	1	20	20	0	NULL	83	NULL	NULL	1		0	interval_count=0;	NULL
28	7	catalog_id	2	MYSQL_TYPE_LONGLONG	0	0	1	20	20	0	NULL	83	NULL	NULL	0		0	interval_count=0;	NULL
29	7	name	3	MYSQL_TYPE_VARCHAR	0	0	0	192	0	NULL	NULL	83	NULL	NULL	0		0	interval_count=0;	NULL
30	7	default_collation_id	4	MYSQL_TYPE_LONGLONG	0	0	1	20	20	0	NULL	83	NULL	NULL	0		0	interval_count=0;	NULL
31	7	created	5	MYSQL_TYPE_TIMESTAMP2	0	0	0	19	0	NULL	0	8	CURRENT_TIMESTAMP	CURRENT_TIMESTAMP	0		0	interval_count=0;	NULL
32	7	last_altered	6	MYSQL_TYPE_TIMESTAMP2	0	0	0	19	0	NULL	0	8	CURRENT_TIMESTAMP	NULL	0		0	interval_count=0;	NULL
42	9	id	1	MYSQL_TYPE_LONGLONG	0	0	1	20	20	0	NULL	83	NULL	NULL	1		0	interval_count=0;	NULL
43	9	schema_id	2	MYSQL_TYPE_LONGLONG	0	0	1	20	20	0	NULL	83	NULL	NULL	0		0	interval_count=0;	NULL
44	9	name	3	MYSQL_TYPE_VARCHAR	0	0	0	192	0	NULL	NULL	83	NULL	NULL	0		0	interval_count=0;	NULL
45	9	type	4	MYSQL_TYPE_ENUM	0	0	0	33	0	NULL	NULL	83	NULL	NULL	0		0	interval_count=3;	NULL
46	9	engine	5	MYSQL_TYPE_VARCHAR	0	0	0	192	0	NULL	NULL	33	NULL	NULL	0		0	interval_count=0;	NULL
47	9	mysql_version_id	6	MYSQL_TYPE_LONG	0	0	1	10	10	0	NULL	83	NULL	NULL	0		0	interval_count=0;	NULL
48	9	row_format	7	MYSQL_TYPE_ENUM	1	0	0	30	0	NULL	NULL	83	NULL	NULL	0		0	interval_count=6;	NULL
49	9	collation_id	8	MYSQL_TYPE_LONGLONG	1	0	1	20	20	0	NULL	83	NULL	NULL	0		0	interval_count=0;	NULL
50	9	comment	9	MYSQL_TYPE_VARCHAR	0	0	0	6144	0	NULL	NULL	83	NULL	NULL	0		0	interval_count=0;	NULL
51	9	hidden	10	MYSQL_TYPE_TINY	0	0	0	1	3	0	NULL	83	NULL	NULL	0		0	interval_count=0;	NULL
52	9	options	11	MYSQL_TYPE_MEDIUM_BLOB	1	0	0	8	0	NULL	NULL	63	NULL	NULL	0		0	interval_count=0;	NULL
53	9	se_private_data	12	MYSQL_TYPE_MEDIUM_BLOB	1	0	0	8	0	NULL	NULL	83	NULL	NULL	0		0	interval_count=0;	NULL
54	9	se_private_id	13	MYSQL_TYPE_LONGLONG	1	0	1	20	20	0	NULL	83	NULL	NULL	0		0	interval_count=0;	NULL
55	9	tablespace_id	14	MYSQL_TYPE_LONGLONG	1	0	1	20	20	0	NULL	83	NULL	NULL	0		0	interval_count=0;	NULL
56	9	partition_type	15	MYSQL_TYPE_ENUM	1	0	0	39	0	NULL	NULL	83	NULL	NULL	0		0	interval_count=11;	NULL
57	9	partition_expression	16	MYSQL_TYPE_VARCHAR	1	0	0	6144	0	NULL	NULL	83	NULL	NULL	0		0	interval_count=0;	NULL
58	9	default_partitioning	17	MYSQL_TYPE_ENUM	1	0	0	18	0	NULL	NULL	83	NULL	NULL	0		0	interval_count=3;	NULL
59	9	subpartition_type	18	MYSQL_TYPE_ENUM	1	0	0	39	0	NULL	NULL	83	NULL	NULL	0		0	interval_count=6;	NULL
60	9	subpartition_expression	19	MYSQL_TYPE_VARCHAR	1	0	0	6144	0	NULL	NULL	83	NULL	NULL	0		0	interval_count=0;	NULL
61	9	default_subpartitioning	20	MYSQL_TYPE_ENUM	1	0	0	18	0	NULL	NULL	83	NULL	NULL	0		0	interval_count=3;	NULL
62	9	created	21	MYSQL_TYPE_TIMESTAMP2	0	0	0	19	0	NULL	0	8	CURRENT_TIMESTAMP	CURRENT_TIMESTAMP	0		0	interval_count=0;	NULL
63	9	last_altered	22	MYSQL_TYPE_TIMESTAMP2	0	0	0	19	0	NULL	0	8	CURRENT_TIMESTAMP	NULL	0		0	interval_count=0;	NULL
64	9	view_definition	23	MYSQL_TYPE_LONG_BLOB	1	0	0	8	0	NULL	NULL	63	NULL	NULL	0		0	interval_count=0;	NULL
65	9	view_definition_utf8	24	MYSQL_TYPE_LONG_BLOB	1	0	0	8	0	NULL	NULL	83	NULL	NULL	0		0	interval_count=0;	NULL
66	9	view_check_option	25	MYSQL_TYPE_ENUM	1	0	0	24	0	NULL	NULL	83	NULL	NULL	0		0	interval_count=3;	NULL
67	9	view_is_updatable	26	MYSQL_TYPE_ENUM	1	0	0	9	0	NULL	NULL	83	NULL	NULL	0		0	interval_count=2;	NULL
68	9	view_algorithm	27	MYSQL_TYPE_ENUM	1	0	0	27	0	NULL	NULL	83	NULL	NULL	0		0	interval_count=3;	NULL
69	9	view_security_type	28	MYSQL_TYPE_ENUM	1	0	0	21	0	NULL	NULL	83	NULL	NULL	0		0	interval_count=3;	NULL
70	9	view_definer	29	MYSQL_TYPE_VARCHAR	1	0	0	279	0	NULL	NULL	83	NULL	NULL	0		0	interval_count=0;	NULL
71	9	view_client_collation_id	30	MYSQL_TYPE_LONGLONG	1	0	1	20	20	0	NULL	83	NULL	NULL	0		0	interval_count=0;	NULL
72	9	view_connection_collation_id	31	MYSQL_TYPE_LONGLONG	1	0	1	20	20	0	NULL	83	NULL	NULL	0		0	interval_count=0;	NULL
73	9	view_column_names	32	MYSQL_TYPE_LONG_BLOB	1	0	0	8	0	NULL	NULL	83	NULL	NULL	0		0	interval_count=0;	NULL
74	10	view_id	1	MYSQL_TYPE_LONGLONG	0	0	1	20	20	0	NULL	83	NULL	NULL	0		0	interval_count=0;	NULL
75	10	table_catalog	2	MYSQL_TYPE_VARCHAR	0	0	0	192	0	NULL	NULL	83	NULL	NULL	0		0	interval_count=0;	NULL
76	10	table_schema	3	MYSQL_TYPE_VARCHAR	0	0	0	192	0	NULL	NULL	83	NULL	NULL	0		0	interval_count=0;	NULL
77	10	table_name	4	MYSQL_TYPE_VARCHAR	0	0	0	192	0	NULL	NULL	83	NULL	NULL	0		0	interval_count=0;	NULL
82	12	id	1	MYSQL_TYPE_LONGLONG	0	0	1	20	20	0	NULL	83	NULL	NULL	1		0	interval_count=0;	NULL
83	12	table_id	2	MYSQL_TYPE_LONGLONG	0	0	1	20	20	0	NULL	83	NULL	NULL	0		0	interval_count=0;	NULL
84	12	name	3	MYSQL_TYPE_VARCHAR	0	0	0	192	0	NULL	NULL	76	NULL	NULL	0		0	interval_count=0;	NULL
85	12	ordinal_position	4	MYSQL_TYPE_LONG	0	0	1	10	10	0	NULL	83	NULL	NULL	0		0	interval_count=0;	NULL
86	12	type	5	MYSQL_TYPE_ENUM	0	0	0	66	0	NULL	NULL	83	NULL	NULL	0		0	interval_count=31;	NULL
87	12	is_nullable	6	MYSQL_TYPE_TINY	0	0	0	1	3	0	NULL	83	NULL	NULL	0		0	interval_count=0;	NULL
88	12	is_zerofill	7	MYSQL_TYPE_TINY	1	0	0	1	3	0	NULL	83	NULL	NULL	0		0	interval_count=0;	NULL
89	12	is_unsigned	8	MYSQL_TYPE_TINY	1	0	0	1	3	0	NULL	83	NULL	NULL	0		0	interval_count=0;	NULL
90	12	char_length	9	MYSQL_TYPE_LONG	1	0	1	10	10	0	NULL	83	NULL	NULL	0		0	interval_count=0;	NULL
91	12	numeric_precision	10	MYSQL_TYPE_LONG	1	0	1	10	10	0	NULL	83	NULL	NULL	0		0	interval_count=0;	NULL
92	12	numeric_scale	11	MYSQL_TYPE_LONG	1	0	1	10	10	0	NULL	83	NULL	NULL	0		0	interval_count=0;	NULL
93	12	datetime_precision	12	MYSQL_TYPE_LONG	1	0	1	10	10	0	NULL	83	NULL	NULL	0		0	interval_count=0;	NULL
94	12	collation_id	13	MYSQL_TYPE_LONGLONG	1	0	1	20	20	0	NULL	83	NULL	NULL	0		0	interval_count=0;	NULL
95	12	has_no_default	14	MYSQL_TYPE_TINY	1	0	0	1	3	0	NULL	83	NULL	NULL	0		0	interval_count=0;	NULL
96	12	default_value	15	MYSQL_TYPE_BLOB	1	0	0	8	0	NULL	NULL	63	NULL	NULL	0		0	interval_count=0;	NULL
97	12	default_value_utf8	16	MYSQL_TYPE_BLOB	1	0	0	8	0	NULL	NULL	83	NULL	NULL	0		0	interval_count=0;	NULL
98	12	default_option	17	MYSQL_TYPE_BLOB	1	0	0	8	0	NULL	NULL	63	NULL	NULL	0		0	interval_count=0;	NULL
99	12	update_option	18	MYSQL_TYPE_VARCHAR	1	0	0	96	0	NULL	NULL	83	NULL	NULL	0		0	interval_count=0;	NULL
100	12	is_auto_increment	19	MYSQL_TYPE_TINY	1	0	0	1	3	0	NULL	83	NULL	NULL	0		0	interval_count=0;	NULL
101	12	is_virtual	20	MYSQL_TYPE_TINY	1	0	0	1	3	0	NULL	83	NULL	NULL	0		0	interval_count=0;	NULL
102	12	generation_expression	21	MYSQL_TYPE_LONG_BLOB	1	0	0	8	0	NULL	NULL	63	NULL	NULL	0		0	interval_count=0;	NULL
103	12	generation_expression_utf8	22	MYSQL_TYPE_LONG_BLOB	1	0	0	8	0	NULL	NULL	83	NULL	NULL	0		0	interval_count=0;	NULL
104	12	comment	23	MYSQL_TYPE_VARCHAR	0	0	0	6144	0	NULL	NULL	83	NULL	NULL	0		0	interval_count=0;	NULL
105	12	hidden	24	MYSQL_TYPE_TINY	0	0	0	1	3	0	NULL	83	NULL	NULL	0		0	interval_count=0;	NULL
106	12	options	25	MYSQL_TYPE_MEDIUM_BLOB	1	0	0	8	0	NULL	NULL	83	NULL	NULL	0		0	interval_count=0;	NULL
107	12	se_private_data	26	MYSQL_TYPE_MEDIUM_BLOB	1	0	0	8	0	NULL	NULL	83	NULL	NULL	0		0	interval_count=0;	NULL
108	12	column_key	27	MYSQL_TYPE_ENUM	0	0	0	9	0	NULL	NULL	83	NULL	NULL	0		0	interval_count=4;	NULL
109	12	column_type_utf8	28	MYSQL_TYPE_MEDIUM_BLOB	0	0	0	8	0	NULL	NULL	83	NULL	NULL	0		0	interval_count=0;	NULL
110	13	id	1	MYSQL_TYPE_LONGLONG	0	0	1	20	20	0	NULL	83	NULL	NULL	1		0	interval_count=0;	NULL
111	13	table_id	2	MYSQL_TYPE_LONGLONG	0	0	1	20	20	0	NULL	83	NULL	NULL	0		0	interval_count=0;	NULL
112	13	name	3	MYSQL_TYPE_VARCHAR	0	0	0	192	0	NULL	NULL	76	NULL	NULL	0		0	interval_count=0;	NULL
113	13	type	4	MYSQL_TYPE_ENUM	0	0	0	24	0	NULL	NULL	83	NULL	NULL	0		0	interval_count=5;	NULL
114	13	algorithm	5	MYSQL_TYPE_ENUM	0	0	0	33	0	NULL	NULL	83	NULL	NULL	0		0	interval_count=5;	NULL
115	13	is_algorithm_explicit	6	MYSQL_TYPE_TINY	0	0	0	1	3	0	NULL	83	NULL	NULL	0		0	interval_count=0;	NULL
116	13	is_visible	7	MYSQL_TYPE_TINY	0	0	0	1	3	0	NULL	83	NULL	NULL	0		0	interval_count=0;	NULL
117	13	is_generated	8	MYSQL_TYPE_TINY	0	0	0	1	3	0	NULL	83	NULL	NULL	0		0	interval_count=0;	NULL
118	13	hidden	9	MYSQL_TYPE_TINY	0	0	0	1	3	0	NULL	83	NULL	NULL	0		0	interval_count=0;	NULL
119	13	ordinal_position	10	MYSQL_TYPE_LONG	0	0	1	10	10	0	NULL	83	NULL	NULL	0		0	interval_count=0;	NULL
120	13	comment	11	MYSQL_TYPE_VARCHAR	0	0	0	6144	0	NULL	NULL	83	NULL	NULL	0		0	interval_count=0;	NULL
121	13	options	12	MYSQL_TYPE_MEDIUM_BLOB	1	0	0	8	0	NULL	NULL	83	NULL	NULL	0		0	interval_count=0;	NULL
122	13	se_private_data	13	MYSQL_TYPE_MEDIUM_BLOB	1	0	0	8	0	NULL	NULL	83	NULL	NULL	0		0	interval_count=0;	NULL
123	13	tablespace_id	14	MYSQL_TYPE_LONGLONG	1	0	1	20	20	0	NULL	83	NULL	NULL	0		0	interval_count=0;	NULL
124	13	engine	15	MYSQL_TYPE_VARCHAR	0	0	0	192	0	NULL	NULL	83	NULL	NULL	0		0	interval_count=0;	NULL
125	14	index_id	1	MYSQL_TYPE_LONGLONG	0	0	1	20	20	0	NULL	83	NULL	NULL	0		0	interval_count=0;	NULL
126	14	ordinal_position	2	MYSQL_TYPE_LONG	0	0	1	10	10	0	NULL	83	NULL	NULL	0		0	interval_count=0;	NULL
127	14	column_id	3	MYSQL_TYPE_LONGLONG	0	0	1	20	20	0	NULL	83	NULL	NULL	0		0	interval_count=0;	NULL
128	14	length	4	MYSQL_TYPE_LONG	1	0	1	10	10	0	NULL	83	NULL	NULL	0		0	interval_count=0;	NULL
129	14	order	5	MYSQL_TYPE_ENUM	0	0	0	15	0	NULL	NULL	83	NULL	NULL	0		0	interval_count=3;	NULL
130	14	hidden	6	MYSQL_TYPE_TINY	0	0	0	1	3	0	NULL	83	NULL	NULL	0		0	interval_count=0;	NULL
131	15	column_id	1	MYSQL_TYPE_LONGLONG	0	0	1	20	20	0	NULL	83	NULL	NULL	0		0	interval_count=0;	NULL
132	15	element_index	2	MYSQL_TYPE_LONG	0	0	1	10	10	0	NULL	83	NULL	NULL	0		0	interval_count=0;	NULL
133	15	name	3	MYSQL_TYPE_VARCHAR	0	0	0	255	0	NULL	NULL	63	NULL	NULL	0		0	interval_count=0;	NULL
134	16	id	1	MYSQL_TYPE_LONGLONG	0	0	1	20	20	0	NULL	83	NULL	NULL	1		0	interval_count=0;	NULL
135	16	schema_id	2	MYSQL_TYPE_LONGLONG	0	0	1	20	20	0	NULL	83	NULL	NULL	0		0	interval_count=0;	NULL
136	16	table_id	3	MYSQL_TYPE_LONGLONG	0	0	1	20	20	0	NULL	83	NULL	NULL	0		0	interval_count=0;	NULL
137	16	name	4	MYSQL_TYPE_VARCHAR	0	0	0	192	0	NULL	NULL	33	NULL	NULL	0		0	interval_count=0;	NULL
138	16	unique_constraint_id	5	MYSQL_TYPE_LONGLONG	0	0	1	20	20	0	NULL	83	NULL	NULL	0		0	interval_count=0;	NULL
139	16	match_option	6	MYSQL_TYPE_ENUM	0	0	0	21	0	NULL	NULL	83	NULL	NULL	0		0	interval_count=3;	NULL
140	16	update_rule	7	MYSQL_TYPE_ENUM	0	0	0	33	0	NULL	NULL	83	NULL	NULL	0		0	interval_count=5;	NULL
141	16	delete_rule	8	MYSQL_TYPE_ENUM	0	0	0	33	0	NULL	NULL	83	NULL	NULL	0		0	interval_count=5;	NULL
142	16	referenced_table_catalog	9	MYSQL_TYPE_VARCHAR	0	0	0	192	0	NULL	NULL	83	NULL	NULL	0		0	interval_count=0;	NULL
143	16	referenced_table_schema	10	MYSQL_TYPE_VARCHAR	0	0	0	192	0	NULL	NULL	83	NULL	NULL	0		0	interval_count=0;	NULL
144	16	referenced_table_name	11	MYSQL_TYPE_VARCHAR	0	0	0	192	0	NULL	NULL	83	NULL	NULL	0		0	interval_count=0;	NULL
145	17	foreign_key_id	1	MYSQL_TYPE_LONGLONG	0	0	1	20	20	0	NULL	83	NULL	NULL	0		0	interval_count=0;	NULL
146	17	ordinal_position	2	MYSQL_TYPE_LONG	0	0	1	10	10	0	NULL	83	NULL	NULL	0		0	interval_count=0;	NULL
147	17	column_id	3	MYSQL_TYPE_LONGLONG	0	0	1	20	20	0	NULL	83	NULL	NULL	0		0	interval_count=0;	NULL
148	17	referenced_column_name	4	MYSQL_TYPE_VARCHAR	0	0	0	192	0	NULL	NULL	76	NULL	NULL	0		0	interval_count=0;	NULL
149	18	id	1	MYSQL_TYPE_LONGLONG	0	0	1	20	20	0	NULL	83	NULL	NULL	1		0	interval_count=0;	NULL
150	18	table_id	2	MYSQL_TYPE_LONGLONG	0	0	1	20	20	0	NULL	83	NULL	NULL	0		0	interval_count=0;	NULL
151	18	level	3	MYSQL_TYPE_TINY	0	0	1	3	3	0	NULL	83	NULL	NULL	0		0	interval_count=0;	NULL
152	18	number	4	MYSQL_TYPE_SHORT	0	0	1	5	5	0	NULL	83	NULL	NULL	0		0	interval_count=0;	NULL
153	18	name	5	MYSQL_TYPE_VARCHAR	0	0	0	192	0	NULL	NULL	76	NULL	NULL	0		0	interval_count=0;	NULL
154	18	engine	6	MYSQL_TYPE_VARCHAR	0	0	0	192	0	NULL	NULL	83	NULL	NULL	0		0	interval_count=0;	NULL
155	18	comment	7	MYSQL_TYPE_VARCHAR	0	0	0	6144	0	NULL	NULL	83	NULL	NULL	0		0	interval_count=0;	NULL
156	18	options	8	MYSQL_TYPE_MEDIUM_BLOB	1	0	0	8	0	NULL	NULL	83	NULL	NULL	0		0	interval_count=0;	NULL
157	18	se_private_data	9	MYSQL_TYPE_MEDIUM_BLOB	1	0	0	8	0	NULL	NULL	83	NULL	NULL	0		0	interval_count=0;	NULL
158	18	se_private_id	10	MYSQL_TYPE_LONGLONG	1	0	1	20	20	0	NULL	83	NULL	NULL	0		0	interval_count=0;	NULL
159	18	tablespace_id	11	MYSQL_TYPE_LONGLONG	1	0	1	20	20	0	NULL	83	NULL	NULL	0		0	interval_count=0;	NULL
160	19	partition_id	1	MYSQL_TYPE_LONGLONG	0	0	1	20	20	0	NULL	83	NULL	NULL	0		0	interval_count=0;	NULL
161	19	list_num	2	MYSQL_TYPE_TINY	0	0	1	3	3	0	NULL	83	NULL	NULL	0		0	interval_count=0;	NULL
162	19	column_num	3	MYSQL_TYPE_TINY	0	0	1	3	3	0	NULL	83	NULL	NULL	0		0	interval_count=0;	NULL
163	19	value_utf8	4	MYSQL_TYPE_BLOB	1	0	0	8	0	NULL	NULL	83	NULL	NULL	0		0	interval_count=0;	NULL
164	19	max_value	5	MYSQL_TYPE_TINY	0	0	0	1	3	0	NULL	83	NULL	NULL	0		0	interval_count=0;	NULL
165	20	partition_id	1	MYSQL_TYPE_LONGLONG	0	0	1	20	20	0	NULL	83	NULL	NULL	0		0	interval_count=0;	NULL
166	20	index_id	2	MYSQL_TYPE_LONGLONG	0	0	1	20	20	0	NULL	83	NULL	NULL	0		0	interval_count=0;	NULL
167	20	options	3	MYSQL_TYPE_MEDIUM_BLOB	1	0	0	8	0	NULL	NULL	83	NULL	NULL	0		0	interval_count=0;	NULL
168	20	se_private_data	4	MYSQL_TYPE_MEDIUM_BLOB	1	0	0	8	0	NULL	NULL	83	NULL	NULL	0		0	interval_count=0;	NULL
169	20	tablespace_id	5	MYSQL_TYPE_LONGLONG	1	0	1	20	20	0	NULL	83	NULL	NULL	0		0	interval_count=0;	NULL
271	28	database_name	1	MYSQL_TYPE_VARCHAR	0	0	0	192	0	NULL	NULL	83	NULL	NULL	0		0	interval_count=0;	NULL
272	28	table_name	2	MYSQL_TYPE_VARCHAR	0	0	0	597	0	NULL	NULL	83	NULL	NULL	0		0	interval_count=0;	NULL
273	28	last_update	3	MYSQL_TYPE_TIMESTAMP2	0	0	0	19	0	NULL	0	8	CURRENT_TIMESTAMP	CURRENT_TIMESTAMP	0		0	interval_count=0;	NULL
274	28	n_rows	4	MYSQL_TYPE_LONGLONG	0	0	1	20	20	0	NULL	83	NULL	NULL	0		0	interval_count=0;	NULL
275	28	clustered_index_size	5	MYSQL_TYPE_LONGLONG	0	0	1	20	20	0	NULL	83	NULL	NULL	0		0	interval_count=0;	NULL
276	28	sum_of_other_index_sizes	6	MYSQL_TYPE_LONGLONG	0	0	1	20	20	0	NULL	83	NULL	NULL	0		0	interval_count=0;	NULL
277	29	database_name	1	MYSQL_TYPE_VARCHAR	0	0	0	192	0	NULL	NULL	83	NULL	NULL	0		0	interval_count=0;	NULL
278	29	table_name	2	MYSQL_TYPE_VARCHAR	0	0	0	597	0	NULL	NULL	83	NULL	NULL	0		0	interval_count=0;	NULL
279	29	index_name	3	MYSQL_TYPE_VARCHAR	0	0	0	192	0	NULL	NULL	83	NULL	NULL	0		0	interval_count=0;	NULL
280	29	last_update	4	MYSQL_TYPE_TIMESTAMP2	0	0	0	19	0	NULL	0	8	CURRENT_TIMESTAMP	CURRENT_TIMESTAMP	0		0	interval_count=0;	NULL
281	29	stat_name	5	MYSQL_TYPE_VARCHAR	0	0	0	192	0	NULL	NULL	83	NULL	NULL	0		0	interval_count=0;	NULL
282	29	stat_value	6	MYSQL_TYPE_LONGLONG	0	0	1	20	20	0	NULL	83	NULL	NULL	0		0	interval_count=0;	NULL
283	29	sample_size	7	MYSQL_TYPE_LONGLONG	1	0	1	20	20	0	NULL	83	NULL	NULL	0		0	interval_count=0;	NULL
284	29	stat_description	8	MYSQL_TYPE_VARCHAR	0	0	0	3072	0	NULL	NULL	83	NULL	NULL	0		0	interval_count=0;	NULL
285	30	id	1	MYSQL_TYPE_LONGLONG	0	0	1	20	20	0	NULL	8	NULL	NULL	1		0	interval_count=0;	NULL
286	30	name	2	MYSQL_TYPE_VARCHAR	0	0	0	192	0	NULL	NULL	33	NULL	NULL	0		0	interval_count=0;	NULL
287	30	default_collation_id	3	MYSQL_TYPE_LONGLONG	0	0	1	20	20	0	NULL	8	NULL	NULL	0		0	interval_count=0;	NULL
288	30	comment	4	MYSQL_TYPE_VARCHAR	0	0	0	6144	0	NULL	NULL	83	NULL	NULL	0		0	interval_count=0;	NULL
289	30	mb_max_length	5	MYSQL_TYPE_LONG	0	0	1	10	10	0	NULL	8	NULL	NULL	0		0	interval_count=0;	NULL
#
# Definitions from indexes
SELECT * FROM indexes
WHERE table_id IN (SELECT id FROM tables
WHERE schema_id= 1
AND name IN ('innodb_table_stats',
'innodb_index_stats',
'character_sets',
'collations',
'tablespaces',
'tablespace_files',
'catalogs',
'schemata',
'tables',
'view_table_usage',
'columns',
'indexes',
'index_column_usage',
'column_type_elements',
'foreign_keys',
'foreign_key_column_usage',
'table_partitions',
'table_partition_values',
'index_partitions',
'version'))
ORDER BY id;
id	table_id	name	type	algorithm	is_algorithm_explicit	is_visible	is_generated	hidden	ordinal_position	comment	options	se_private_data	tablespace_id	engine
1	1	PRIMARY	PRIMARY	BTREE	0	1	0	0	1		flags=0;	id=11;root=270;	NULL	InnoDB
4	3	PRIMARY	PRIMARY	BTREE	0	1	0	0	1		flags=0;	id=14;root=275;	NULL	InnoDB
5	3	name	UNIQUE	BTREE	0	1	0	0	2		flags=32;	id=15;root=276;	NULL	InnoDB
6	3	character_set_id	MULTIPLE	BTREE	0	1	1	0	3		flags=0;	id=16;root=277;	NULL	InnoDB
7	4	PRIMARY	PRIMARY	BTREE	0	1	0	0	1		flags=0;	id=17;root=279;	NULL	InnoDB
8	4	name	UNIQUE	BTREE	0	1	0	0	2		flags=32;	id=18;root=280;	NULL	InnoDB
9	5	tablespace_id	UNIQUE	BTREE	0	1	0	0	1		flags=0;	id=19;root=282;	NULL	InnoDB
10	5	file_name	UNIQUE	BTREE	0	1	0	0	2		flags=32;	id=20;root=283;	NULL	InnoDB
11	6	PRIMARY	PRIMARY	BTREE	0	1	0	0	1		flags=0;	id=21;root=285;	NULL	InnoDB
12	6	name	UNIQUE	BTREE	0	1	0	0	2		flags=32;	id=22;root=286;	NULL	InnoDB
13	7	PRIMARY	PRIMARY	BTREE	0	1	0	0	1		flags=0;	id=23;root=288;	NULL	InnoDB
14	7	catalog_id	UNIQUE	BTREE	0	1	0	0	2		flags=32;	id=24;root=289;	NULL	InnoDB
15	7	default_collation_id	MULTIPLE	BTREE	0	1	1	0	3		flags=0;	id=25;root=290;	NULL	InnoDB
18	9	PRIMARY	PRIMARY	BTREE	0	1	0	0	1		flags=0;	id=28;root=295;	NULL	InnoDB
19	9	schema_id	UNIQUE	BTREE	0	1	0	0	2		flags=32;	id=29;root=296;	NULL	InnoDB
20	9	engine	UNIQUE	BTREE	0	1	0	0	3		flags=32;	id=30;root=297;	NULL	InnoDB
21	9	engine_2	MULTIPLE	BTREE	0	1	0	0	4		flags=32;	id=31;root=298;	NULL	InnoDB
22	9	collation_id	MULTIPLE	BTREE	0	1	1	0	5		flags=0;	id=32;root=299;	NULL	InnoDB
23	9	tablespace_id	MULTIPLE	BTREE	0	1	1	0	6		flags=0;	id=33;root=300;	NULL	InnoDB
24	10	PRIMARY	PRIMARY	BTREE	0	1	0	0	1		flags=32;	id=34;root=302;	NULL	InnoDB
25	10	table_catalog	MULTIPLE	BTREE	0	1	0	0	2		flags=32;	id=35;root=303;	NULL	InnoDB
28	12	PRIMARY	PRIMARY	BTREE	0	1	0	0	1		flags=0;	id=38;root=308;	NULL	InnoDB
29	12	table_id	UNIQUE	BTREE	0	1	0	0	2		flags=32;	id=39;root=309;	NULL	InnoDB
30	12	table_id_2	UNIQUE	BTREE	0	1	0	0	3		flags=0;	id=40;root=310;	NULL	InnoDB
31	12	collation_id	MULTIPLE	BTREE	0	1	1	0	4		flags=0;	id=41;root=311;	NULL	InnoDB
32	13	PRIMARY	PRIMARY	BTREE	0	1	0	0	1		flags=0;	id=42;root=313;	NULL	InnoDB
33	13	table_id	UNIQUE	BTREE	0	1	0	0	2		flags=32;	id=43;root=314;	NULL	InnoDB
34	13	tablespace_id	MULTIPLE	BTREE	0	1	1	0	3		flags=0;	id=44;root=315;	NULL	InnoDB
35	14	index_id	UNIQUE	BTREE	0	1	0	0	1		flags=0;	id=45;root=317;	NULL	InnoDB
36	14	index_id_2	UNIQUE	BTREE	0	1	0	0	2		flags=0;	id=46;root=318;	NULL	InnoDB
37	14	f2	MULTIPLE	BTREE	0	1	1	0	3		flags=0;	id=47;root=319;	NULL	InnoDB
38	15	PRIMARY	PRIMARY	BTREE	0	1	0	0	1		flags=0;	id=48;root=321;	NULL	InnoDB
39	16	PRIMARY	PRIMARY	BTREE	0	1	0	0	1		flags=0;	id=49;root=323;	NULL	InnoDB
40	16	schema_id	UNIQUE	BTREE	0	1	0	0	2		flags=32;	id=50;root=324;	NULL	InnoDB
41	16	table_id	UNIQUE	BTREE	0	1	0	0	3		flags=32;	id=51;root=325;	NULL	InnoDB
42	16	unique_constraint_id	MULTIPLE	BTREE	0	1	1	0	4		flags=0;	id=52;root=326;	NULL	InnoDB
43	17	PRIMARY	PRIMARY	BTREE	0	1	0	0	1		flags=0;	id=53;root=328;	NULL	InnoDB
44	17	foreign_key_id	UNIQUE	BTREE	0	1	0	0	2		flags=32;	id=54;root=329;	NULL	InnoDB
45	17	column_id	MULTIPLE	BTREE	0	1	1	0	3		flags=0;	id=55;root=330;	NULL	InnoDB
46	18	PRIMARY	PRIMARY	BTREE	0	1	0	0	1		flags=0;	id=56;root=332;	NULL	InnoDB
47	18	table_id	UNIQUE	BTREE	0	1	0	0	2		flags=32;	id=57;root=333;	NULL	InnoDB
48	18	table_id_2	UNIQUE	BTREE	0	1	0	0	3		flags=0;	id=58;root=334;	NULL	InnoDB
49	18	engine	UNIQUE	BTREE	0	1	0	0	4		flags=32;	id=59;root=335;	NULL	InnoDB
50	18	engine_2	MULTIPLE	BTREE	0	1	0	0	5		flags=32;	id=60;root=336;	NULL	InnoDB
51	18	tablespace_id	MULTIPLE	BTREE	0	1	1	0	6		flags=0;	id=61;root=337;	NULL	InnoDB
52	19	PRIMARY	PRIMARY	BTREE	0	1	0	0	1		flags=0;	id=62;root=339;	NULL	InnoDB
53	20	PRIMARY	PRIMARY	BTREE	0	1	0	0	1		flags=0;	id=63;root=341;	NULL	InnoDB
54	20	index_id	MULTIPLE	BTREE	0	1	1	0	2		flags=0;	id=64;root=342;	NULL	InnoDB
55	20	tablespace_id	MULTIPLE	BTREE	0	1	1	0	3		flags=0;	id=65;root=343;	NULL	InnoDB
79	28	PRIMARY	PRIMARY	BTREE	0	1	0	0	1		flags=32;	id=89;root=375;	NULL	InnoDB
80	29	PRIMARY	PRIMARY	BTREE	0	1	0	0	1		flags=32;	id=90;root=377;	NULL	InnoDB
81	30	PRIMARY	PRIMARY	BTREE	0	1	0	0	1		flags=0;	NULL	NULL	InnoDB
82	30	name	UNIQUE	BTREE	0	1	0	0	2		flags=32;	NULL	NULL	InnoDB
83	30	default_collation_id	MULTIPLE	BTREE	0	1	1	0	3		flags=0;	NULL	NULL	InnoDB
#
# Definitions from index_column_usage
SELECT * FROM index_column_usage
WHERE index_id IN (SELECT id FROM indexes
WHERE table_id IN (SELECT id FROM tables
WHERE schema_id= 1
AND name IN ('innodb_table_stats',
'innodb_index_stats',
'character_sets',
'collations',
'tablespaces',
'tablespace_files',
'catalogs',
'schemata',
'tables',
'view_table_usage',
'columns',
'indexes',
'index_column_usage',
'column_type_elements',
'foreign_keys',
'foreign_key_column_usage',
'table_partitions',
'table_partition_values',
'index_partitions',
'version')))
ORDER BY index_id, column_id;
index_id	ordinal_position	column_id	length	order	hidden
1	1	1	4	ASC	0
4	1	7	8	ASC	0
5	1	8	192	ASC	0
6	1	9	8	ASC	0
7	1	13	8	ASC	0
8	1	14	765	ASC	0
9	1	19	8	ASC	0
9	2	20	4	ASC	0
10	1	21	1536	ASC	0
11	1	23	8	ASC	0
12	1	24	192	ASC	0
13	1	27	8	ASC	0
14	1	28	8	ASC	0
14	2	29	192	ASC	0
15	1	30	8	ASC	0
18	1	42	8	ASC	0
19	1	43	8	ASC	0
19	2	44	192	ASC	0
20	1	46	192	ASC	0
20	2	54	8	ASC	0
21	1	46	192	ASC	0
22	1	49	8	ASC	0
23	1	55	8	ASC	0
24	1	74	8	ASC	0
24	2	75	192	ASC	0
24	3	76	192	ASC	0
24	4	77	192	ASC	0
25	1	75	192	ASC	0
25	2	76	192	ASC	0
25	3	77	192	ASC	0
28	1	82	8	ASC	0
29	1	83	8	ASC	0
29	2	84	192	ASC	0
30	1	83	8	ASC	0
30	2	85	4	ASC	0
31	1	94	8	ASC	0
32	1	110	8	ASC	0
33	1	111	8	ASC	0
33	2	112	192	ASC	0
34	1	123	8	ASC	0
35	1	125	8	ASC	0
35	2	126	4	ASC	0
36	1	125	8	ASC	0
36	2	127	8	ASC	0
36	3	130	1	ASC	0
37	1	127	8	ASC	0
38	1	131	8	ASC	0
38	2	132	4	ASC	0
39	1	134	8	ASC	0
40	1	135	8	ASC	0
40	2	137	192	ASC	0
41	1	136	8	ASC	0
41	2	137	192	ASC	0
42	1	138	8	ASC	0
43	1	145	8	ASC	0
43	2	146	4	ASC	0
44	1	145	8	ASC	0
44	2	147	8	ASC	0
44	3	148	192	ASC	0
45	1	147	8	ASC	0
46	1	149	8	ASC	0
47	1	150	8	ASC	0
47	2	153	192	ASC	0
48	1	150	8	ASC	0
48	2	151	1	ASC	0
48	3	152	2	ASC	0
49	1	154	192	ASC	0
49	2	158	8	ASC	0
50	1	154	192	ASC	0
51	1	159	8	ASC	0
52	1	160	8	ASC	0
52	2	161	1	ASC	0
52	3	162	1	ASC	0
53	1	165	8	ASC	0
53	2	166	8	ASC	0
54	1	166	8	ASC	0
55	1	169	8	ASC	0
79	1	271	192	ASC	0
79	2	272	597	ASC	0
80	1	277	192	ASC	0
80	2	278	597	ASC	0
80	3	279	192	ASC	0
80	4	281	192	ASC	0
81	1	285	8	ASC	0
82	1	286	192	ASC	0
83	1	287	8	ASC	0
SET GLOBAL debug= '-d,skip_dd_table_access_check';
