CREATE DATABASE IF NOT EXISTS events_test;
CREATE DATABASE events_conn1_test2;
CREATE TABLE events_test.fill_it1(test_name varchar(20), occur datetime);
CREATE TABLE events_test.fill_it2(test_name varchar(20), occur datetime);
CREATE TABLE events_test.fill_it3(test_name varchar(20), occur datetime);
CREATE USER event_user2@localhost;
CREATE DATABASE events_conn2_db;
GRANT ALL ON *.* TO event_user2@localhost;
CREATE USER event_user3@localhost;
CREATE DATABASE events_conn3_db;
GRANT ALL ON *.* TO event_user3@localhost;
"In the second connection we create some events which won't be dropped till the end"
"In the second connection we create some events which won't be dropped till the end"
USE events_conn1_test2;
CREATE EVENT ev_drop1 ON SCHEDULE EVERY 10 MINUTE DISABLE DO SELECT 1;
CREATE EVENT ev_drop2 ON SCHEDULE EVERY 10 MINUTE DISABLE DO SELECT 1;
CREATE EVENT ev_drop3 ON SCHEDULE EVERY 10 MINUTE DISABLE DO SELECT 1;
USE events_test;
SELECT COUNT(*) FROM INFORMATION_SCHEMA.EVENTS;
COUNT(*)
103
SELECT COUNT(*) FROM INFORMATION_SCHEMA.EVENTS WHERE EVENT_SCHEMA='events_conn1_test2';
COUNT(*)
3
DROP DATABASE events_conn1_test2;
SELECT COUNT(*) FROM INFORMATION_SCHEMA.EVENTS WHERE EVENT_SCHEMA='events_conn1_test2';
COUNT(*)
0
"Now testing stability - dropping db -> events while they are running"
CREATE DATABASE events_conn1_test2;
USE events_conn1_test2;
SELECT COUNT(*) FROM INFORMATION_SCHEMA.EVENTS WHERE EVENT_SCHEMA='events_conn1_test2';
COUNT(*)
50
SET GLOBAL event_scheduler=on;
DROP DATABASE events_conn1_test2;
SET GLOBAL event_scheduler=off;
SELECT COUNT(*) FROM INFORMATION_SCHEMA.EVENTS WHERE EVENT_SCHEMA='events_conn1_test2';
COUNT(*)
0
CREATE DATABASE events_conn1_test3;
USE events_conn1_test3;
SET GLOBAL event_scheduler=on;
SELECT COUNT(*) FROM INFORMATION_SCHEMA.EVENTS WHERE EVENT_SCHEMA='events_conn1_test3';
COUNT(*)
50
CREATE DATABASE events_conn1_test4;
USE events_conn1_test4;
CREATE DATABASE events_conn1_test2;
USE events_conn1_test2;
SELECT COUNT(*) FROM INFORMATION_SCHEMA.EVENTS WHERE EVENT_SCHEMA='events_conn1_test2';
COUNT(*)
50
DROP DATABASE events_conn2_db;
DROP DATABASE events_conn3_db;
DROP DATABASE events_conn1_test2;
DROP DATABASE events_conn1_test3;
SET GLOBAL event_scheduler=off;
DROP DATABASE events_conn1_test4;
SET GLOBAL event_scheduler=on;
USE events_test;
DROP TABLE fill_it1;
DROP TABLE fill_it2;
DROP TABLE fill_it3;
DROP DATABASE events_test;
