#
# Bug#18446462: ASSERT `ROWS >= 0.0' AT
#               COST_MODEL_SERVER::ROW_EVALUATE_COST IN 
#               OPT_COSTMODEL.H
#
create table t10 (pk int primary key, i int);
insert into t10 values (1,1);
insert into t10 select pk+1, i from t10;
insert into t10 select pk+2, i from t10;
insert into t10 select pk+4, i from t10;
insert into t10 select pk+8, i from t10 limit 2;
create table t19 (pk int primary key, i int);
insert into t19 values (1,1);
insert into t19 select pk+1, i from t19;
insert into t19 select pk+2, i from t19;
insert into t19 select pk+4, i from t19;
insert into t19 select pk+8, i from t19;
insert into t19 select pk+16, i from t19 limit 3;
create table t25 (pk int primary key, i int);
insert into t25 values (1,1);
insert into t25 select pk+1, i from t25;
insert into t25 select pk+2, i from t25;
insert into t25 select pk+4, i from t25;
insert into t25 select pk+8, i from t25;
insert into t25 select pk+16, i from t25 limit 9;
set @optimizer_switch_saved=@@optimizer_switch;
set optimizer_switch='derived_merge=off';
EXPLAIN SELECT * FROM (
SELECT t10_1.*
FROM t10 AS t10_1,
t10 AS t10_2,
t10 AS t10_3,
t10 AS t10_4,
t10 AS t10_5,
t10 AS t10_6,
t25 AS t25_1, 
t25 AS t25_2,
t19
) AS d;
id	select_type	table	partitions	type	possible_keys	key	key_len	ref	rows	filtered	Extra
1	PRIMARY	<derived2>	NULL	ALL	NULL	NULL	NULL	NULL	11875000000	100.00	NULL
2	DERIVED	t10_1	NULL	ALL	NULL	NULL	NULL	NULL	10	100.00	NULL
2	DERIVED	t10_2	NULL	index	NULL	PRIMARY	4	NULL	10	100.00	Using index; Using join buffer (Block Nested Loop)
2	DERIVED	t10_3	NULL	index	NULL	PRIMARY	4	NULL	10	100.00	Using index; Using join buffer (Block Nested Loop)
2	DERIVED	t10_4	NULL	index	NULL	PRIMARY	4	NULL	10	100.00	Using index; Using join buffer (Block Nested Loop)
2	DERIVED	t10_5	NULL	index	NULL	PRIMARY	4	NULL	10	100.00	Using index; Using join buffer (Block Nested Loop)
2	DERIVED	t10_6	NULL	index	NULL	PRIMARY	4	NULL	10	100.00	Using index; Using join buffer (Block Nested Loop)
2	DERIVED	t19	NULL	index	NULL	PRIMARY	4	NULL	19	100.00	Using index; Using join buffer (Block Nested Loop)
2	DERIVED	t25_1	NULL	index	NULL	PRIMARY	4	NULL	25	100.00	Using index; Using join buffer (Block Nested Loop)
2	DERIVED	t25_2	NULL	index	NULL	PRIMARY	4	NULL	25	100.00	Using index; Using join buffer (Block Nested Loop)
Warnings:
Note	1003	/* select#1 */ select `d`.`pk` AS `pk`,`d`.`i` AS `i` from (/* select#2 */ select `test`.`t10_1`.`pk` AS `pk`,`test`.`t10_1`.`i` AS `i` from `test`.`t10` `t10_1` join `test`.`t10` `t10_2` join `test`.`t10` `t10_3` join `test`.`t10` `t10_4` join `test`.`t10` `t10_5` join `test`.`t10` `t10_6` join `test`.`t25` `t25_1` join `test`.`t25` `t25_2` join `test`.`t19`) `d`
set optimizer_switch=@optimizer_switch_saved;
DROP TABLE t10;
DROP TABLE t19;
DROP TABLE t25;
