DROP TABLE IF EXISTS t1;
Start of 5.4 tests
#
# WL#4642 Greek locale for DAYNAME, MONTHNAME, DATE_FORMAT
#
SET NAMES utf8;
SET @@lc_time_names=109;
SELECT @@lc_time_names;
@@lc_time_names
el_GR
CREATE TABLE t1 (a DATE);
INSERT INTO t1 VALUES
('2006-01-01'),('2006-01-02'),('2006-01-03'),
('2006-01-04'),('2006-01-05'),('2006-01-06'),('2006-01-07');
SELECT a, date_format(a,'%a') as abday, dayname(a) as day FROM t1 ORDER BY a;
a	abday	day
2006-01-01	Κυρ	Κυριακή
2006-01-02	Δευ	Δευτέρα
2006-01-03	Τρί	Τρίτη
2006-01-04	Τετ	Τετάρτη
2006-01-05	Πέμ	Πέμπτη
2006-01-06	Παρ	Παρασκευή
2006-01-07	Σάβ	Σάββατο
DROP TABLE t1;
CREATE TABLE t1 (a DATE);
INSERT INTO t1 VALUES
('2006-01-01'),('2006-02-01'),('2006-03-01'),
('2006-04-01'),('2006-05-01'),('2006-06-01'),
('2006-07-01'),('2006-08-01'),('2006-09-01'),
('2006-10-01'),('2006-11-01'),('2006-12-01');
SELECT a, date_format(a,'%b') as abmon, monthname(a) as mon FROM t1 ORDER BY a;
a	abmon	mon
2006-01-01	Ιαν	Ιανουάριος
2006-02-01	Φεβ	Φεβρουάριος
2006-03-01	Μάρ	Μάρτιος
2006-04-01	Απρ	Απρίλιος
2006-05-01	Μάι	Μάιος
2006-06-01	Ιούν	Ιούνιος
2006-07-01	Ιούλ	Ιούλιος
2006-08-01	Αύγ	Αύγουστος
2006-09-01	Σεπ	Σεπτέμβριος
2006-10-01	Οκτ	Οκτώβριος
2006-11-01	Νοέ	Νοέμβριος
2006-12-01	Δεκ	Δεκέμβριος
SELECT format(123456.789, 3, 'el_GR');
format(123456.789, 3, 'el_GR')
123456,789
DROP TABLE t1;
#
# Bug#46633 Obsolete Serbian locale name
#
SET lc_messages=sr_YU;
Warnings:
Warning	1287	'sr_YU' is deprecated and will be removed in a future release. Please use sr_RS instead
SHOW VARIABLES LIKE 'lc_messages';
Variable_name	Value
lc_messages	sr_RS
SET lc_messages=sr_RS;
SHOW VARIABLES LIKE 'lc_messages';
Variable_name	Value
lc_messages	sr_RS
SET lc_time_names=sr_RS;
SELECT format(123456.789, 3, 'sr_RS');
format(123456.789, 3, 'sr_RS')
123456.789
#
# Bug#43207 wrong LC_TIME names for romanian locale
#
SET NAMES utf8;
SET lc_time_names=ro_RO;
SELECT DATE_FORMAT('2001-01-01', '%w %a %W');
DATE_FORMAT('2001-01-01', '%w %a %W')
1 Lu Luni
SELECT DATE_FORMAT('2001-01-02', '%w %a %W');
DATE_FORMAT('2001-01-02', '%w %a %W')
2 Ma Marţi
SELECT DATE_FORMAT('2001-01-03', '%w %a %W');
DATE_FORMAT('2001-01-03', '%w %a %W')
3 Mi Miercuri
SELECT DATE_FORMAT('2001-01-04', '%w %a %W');
DATE_FORMAT('2001-01-04', '%w %a %W')
4 Jo Joi
SELECT DATE_FORMAT('2001-01-05', '%w %a %W');
DATE_FORMAT('2001-01-05', '%w %a %W')
5 Vi Vineri
SELECT DATE_FORMAT('2001-01-06', '%w %a %W');
DATE_FORMAT('2001-01-06', '%w %a %W')
6 Sâ Sâmbătă
SELECT DATE_FORMAT('2001-01-07', '%w %a %W');
DATE_FORMAT('2001-01-07', '%w %a %W')
0 Du Duminică
End of 5.4 tests
SET NAMES utf8;
SET lc_time_names=de_AT;
SELECT monthname('2001-01-01');
monthname('2001-01-01')
Jänner
SELECT monthname('2001-02-01');
monthname('2001-02-01')
Februar
SELECT monthname('2001-03-01');
monthname('2001-03-01')
März
#
# MDEV-10052 Illegal mix of collations with DAYNAME(date_field)<>varchar_field
#
SET NAMES utf8;
CREATE TABLE t1 (c VARCHAR(8) CHARACTER SET latin1, d DATE);
INSERT INTO t1 VALUES ('test',now());
Warnings:
Note	1265	Data truncated for column 'd' at row 1
SET lc_time_names=ru_RU;
SELECT c FROM t1 WHERE DAYNAME(d)<>c;
ERROR HY000: Illegal mix of collations (utf8_general_ci,COERCIBLE) and (latin1_swedish_ci,IMPLICIT) for operation '<>'
SELECT c FROM t1 WHERE MONTHNAME(d)<>c;
ERROR HY000: Illegal mix of collations (utf8_general_ci,COERCIBLE) and (latin1_swedish_ci,IMPLICIT) for operation '<>'
SET lc_time_names=en_US;
SELECT c FROM t1 WHERE DAYNAME(d)<>c;
c
test
SELECT c FROM t1 WHERE MONTHNAME(d)<>c;
c
test
SET NAMES latin1;
SELECT c FROM t1 WHERE DAYNAME(d)<>c;
c
test
SELECT c FROM t1 WHERE MONTHNAME(d)<>c;
c
test
DROP TABLE t1;
