# Test of SKIP LOCKED and NOWAIT on read only database.
set @start_read_only= @@global.read_only;
set @start_autocommit= @@global.autocommit;
set @@global.autocommit= 0;
CREATE USER test@localhost;
grant CREATE, SELECT, UPDATE on *.* to test@localhost;
CREATE USER test2@localhost;
grant CREATE, SELECT, UPDATE on *.* to test2@localhost;
connection default;
CREATE TABLE t1 ( a INT, b INT) ENGINE=InnoDB;
INSERT INTO t1 VALUES (1, 1);
INSERT INTO t1 VALUES (2, 2);
INSERT INTO t1 VALUES (3, 3);
CREATE VIEW v1 AS SELECT * FROM t1;
CREATE TABLE t2 ( a INT) ENGINE=InnoDB;
INSERT INTO t2 VALUES (10);
INSERT INTO t2 VALUES (20);
INSERT INTO t2 VALUES (30);
ALTER TABLE t1 ADD PRIMARY KEY (a);
########################################################################
# SELECT ... FOR UPDATE is only locking row with a=2
connect  con1,localhost,test,,test;
BEGIN;
SELECT * FROM t1 WHERE a=2 FOR UPDATE ;
a	b
2	2
connect  con2,localhost,test2,,test;
BEGIN;
SET SESSION innodb_lock_wait_timeout=1;
#
#  UPDATE ...
SELECT * FROM t1 FOR UPDATE;
ERROR HY000: Lock wait timeout exceeded; try restarting transaction
SELECT * FROM t1 FOR UPDATE NOWAIT;
ERROR HY000: Statement aborted because lock(s) could not be acquired immediately and NOWAIT is set.
SELECT * FROM t1 FOR UPDATE SKIP LOCKED;
a	b
1	1
3	3
#
#  SHARE ...
SELECT * FROM t1 FOR SHARE;
ERROR HY000: Lock wait timeout exceeded; try restarting transaction
SELECT * FROM t1 FOR SHARE NOWAIT;
ERROR HY000: Statement aborted because lock(s) could not be acquired immediately and NOWAIT is set.
SELECT * FROM t1 FOR SHARE SKIP LOCKED;
a	b
1	1
3	3
#
#  Dual locking clauses
SELECT * FROM t1, t2 FOR SHARE OF t1 FOR UPDATE OF t2;
ERROR HY000: Lock wait timeout exceeded; try restarting transaction
SELECT * FROM t1, t2 FOR SHARE OF t1 FOR SHARE OF t2;
ERROR HY000: Lock wait timeout exceeded; try restarting transaction
SELECT * FROM t1 FOR SHARE OF t1 NOWAIT;
ERROR HY000: Statement aborted because lock(s) could not be acquired immediately and NOWAIT is set.
SELECT * FROM t1 FOR SHARE OF t1 SKIP LOCKED;
a	b
1	1
3	3
SELECT * FROM t1, t2 FOR SHARE OF t1 NOWAIT FOR SHARE OF t2 NOWAIT;
ERROR HY000: Statement aborted because lock(s) could not be acquired immediately and NOWAIT is set.
COMMIT;
connection default;
set global read_only=ON;
########################################################################
# SELECT ... FOR UPDATE on a readonly db (with key)
connection con2;
BEGIN;
#
#  UPDATE ...
SELECT * FROM t1 FOR UPDATE;
ERROR HY000: The MySQL server is running with the --read-only option so it cannot execute this statement
SELECT * FROM t1 FOR UPDATE NOWAIT;
ERROR HY000: The MySQL server is running with the --read-only option so it cannot execute this statement
SELECT * FROM t1 FOR UPDATE SKIP LOCKED;
ERROR HY000: The MySQL server is running with the --read-only option so it cannot execute this statement
#
#  SHARE ...
SELECT * FROM t1 FOR SHARE;
ERROR HY000: Lock wait timeout exceeded; try restarting transaction
SELECT * FROM t1 FOR SHARE NOWAIT;
ERROR HY000: Statement aborted because lock(s) could not be acquired immediately and NOWAIT is set.
SELECT * FROM t1 FOR SHARE SKIP LOCKED;
a	b
1	1
3	3
#
#  Dual locking clauses
SELECT * FROM t1, t2 FOR SHARE OF t1 FOR UPDATE OF t2;
ERROR HY000: The MySQL server is running with the --read-only option so it cannot execute this statement
SELECT * FROM t1, t2 FOR SHARE OF t1 FOR SHARE OF t2;
ERROR HY000: Lock wait timeout exceeded; try restarting transaction
SELECT * FROM t1 FOR SHARE OF t1 NOWAIT;
ERROR HY000: Statement aborted because lock(s) could not be acquired immediately and NOWAIT is set.
SELECT * FROM t1 FOR SHARE OF t1 SKIP LOCKED;
a	b
1	1
3	3
SELECT * FROM t1, t2 FOR SHARE OF t1 NOWAIT FOR SHARE OF t2 NOWAIT;
ERROR HY000: Statement aborted because lock(s) could not be acquired immediately and NOWAIT is set.
COMMIT;
connection con1;
COMMIT;
connection default;
set global read_only=OFF;
connection con1;
########################################################################
# SELECT ... FOR SHARE is locking (with key)
connection con1;
BEGIN;
SELECT * FROM t1 WHERE a=2 FOR SHARE ;
a	b
2	2
connection default;
set global read_only=ON;
connection con2;
BEGIN;
SET SESSION innodb_lock_wait_timeout=1;
#
#  UPDATE ...
SELECT * FROM t1 FOR UPDATE;
ERROR HY000: The MySQL server is running with the --read-only option so it cannot execute this statement
SELECT * FROM t1 FOR UPDATE NOWAIT;
ERROR HY000: The MySQL server is running with the --read-only option so it cannot execute this statement
SELECT * FROM t1 FOR UPDATE SKIP LOCKED;
ERROR HY000: The MySQL server is running with the --read-only option so it cannot execute this statement
#
#  SHARE ...
SELECT * FROM t1 FOR SHARE;
a	b
1	1
2	2
3	3
SELECT * FROM t1 FOR SHARE NOWAIT;
a	b
1	1
2	2
3	3
SELECT * FROM t1 FOR SHARE SKIP LOCKED;
a	b
1	1
2	2
3	3
#
#  Dual locking clauses
SELECT * FROM t1, t2 FOR SHARE OF t1 FOR UPDATE OF t2;
ERROR HY000: The MySQL server is running with the --read-only option so it cannot execute this statement
SELECT * FROM t1, t2 FOR SHARE OF t1 FOR SHARE OF t2;
a	b	a
1	1	10
2	2	10
3	3	10
1	1	20
2	2	20
3	3	20
1	1	30
2	2	30
3	3	30
SELECT * FROM t1 FOR SHARE OF t1 NOWAIT;
a	b
1	1
2	2
3	3
SELECT * FROM t1 FOR SHARE OF t1 SKIP LOCKED;
a	b
1	1
2	2
3	3
SELECT * FROM t1, t2 FOR SHARE OF t1 NOWAIT FOR SHARE OF t2 NOWAIT;
a	b	a
1	1	10
2	2	10
3	3	10
1	1	20
2	2	20
3	3	20
1	1	30
2	2	30
3	3	30
COMMIT;
connection con1;
COMMIT;
connection default;
set global read_only=OFF;
########################################################################
# SELECT ... FOR SHARE OF ... FOR UPDATE OF ...
connection con1;
BEGIN;
SELECT * FROM t1, t2 FOR UPDATE OF t1 FOR SHARE OF t2;
a	b	a
1	1	10
2	2	10
3	3	10
1	1	20
2	2	20
3	3	20
1	1	30
2	2	30
3	3	30
connection default;
set global read_only=ON;
connection con2;
BEGIN;
SET SESSION innodb_lock_wait_timeout=1;
#
#  UPDATE ...
SELECT * FROM t1 FOR UPDATE;
ERROR HY000: The MySQL server is running with the --read-only option so it cannot execute this statement
SELECT * FROM t1 FOR UPDATE NOWAIT;
ERROR HY000: The MySQL server is running with the --read-only option so it cannot execute this statement
SELECT * FROM t1 FOR UPDATE SKIP LOCKED;
ERROR HY000: The MySQL server is running with the --read-only option so it cannot execute this statement
#
#  SHARE ...
SELECT * FROM t1 FOR SHARE;
ERROR HY000: Lock wait timeout exceeded; try restarting transaction
SELECT * FROM t1 FOR SHARE NOWAIT;
ERROR HY000: Statement aborted because lock(s) could not be acquired immediately and NOWAIT is set.
SELECT * FROM t1 FOR SHARE SKIP LOCKED;
a	b
#
#  Dual locking clauses
SELECT * FROM t1, t2 FOR SHARE OF t1 FOR UPDATE OF t2;
ERROR HY000: The MySQL server is running with the --read-only option so it cannot execute this statement
SELECT * FROM t1, t2 FOR SHARE OF t1 FOR SHARE OF t2;
ERROR HY000: Lock wait timeout exceeded; try restarting transaction
SELECT * FROM t1 FOR SHARE OF t1 NOWAIT;
ERROR HY000: Statement aborted because lock(s) could not be acquired immediately and NOWAIT is set.
SELECT * FROM t1 FOR SHARE OF t1 SKIP LOCKED;
a	b
SELECT * FROM t1, t2 FOR SHARE OF t1 NOWAIT FOR SHARE OF t2 NOWAIT;
ERROR HY000: Statement aborted because lock(s) could not be acquired immediately and NOWAIT is set.
COMMIT;
connection con1;
COMMIT;
connection default;
set global read_only=OFF;
connection default;
disconnect con1;
disconnect con2;
DROP VIEW v1;
DROP TABLE t1, t2;
DROP USER test@localhost;
DROP USER test2@localhost;
set @@global.read_only= @start_read_only;
set @@global.autocommit= @start_autocommit;
