#
# Bug#24741298: "SELECT ... FOR UPDATE NOWAIT" ON MYISAM TABLE CAUSED
# CRASH
#
CREATE TABLE t1 ( a INT ) ENGINE = MyISAM;
SELECT * FROM t1 FOR UPDATE NOWAIT;
a
DROP TABLE t1;
