DROP TABLE IF EXISTS t1;
select 1;
1
1
select 2;
select 3;
select 4||||
2
2
3
3
4
4
select 5;
select 6;
select 50, 'abc';'abcd'
5
5
6
6
50	abc
50	abc
select "abcd'";'abcd'
abcd'
abcd'
select "'abcd";'abcd'
'abcd
'abcd
select 5'abcd'
5
5
select 'finish';
finish
finish
flush status;
create table t1 (i int);
insert into t1 values (1);
select * from t1 where i = 1;
insert into t1 values (2),(3),(4);
select * from t1 where i = 2;
select * from t1 where i = 3||||
i
1
i
2
i
3
show status like 'Slow_queries'||||
Variable_name	Value
Slow_queries	3
drop table t1||||
