DROP TABLE IF EXISTS t1, `"t"1`, t1aa, t2, t2aa, t3;
drop database if exists mysqldump_test_db;
drop database if exists db1;
drop database if exists db2;
drop view if exists v1, v2, v3;
CREATE TABLE t1(a int);
INSERT INTO t1 VALUES (1), (2);
<?xml version="1.0"?>
<mysqldump xmlns:xsi="http://www.w3.org/2001/XMLSchema-instance">
<database name="test">
	<table_structure name="t1">
		<field Field="a" Type="int(11)" Null="YES" Key="" Extra="" />
	</table_structure>
	<table_data name="t1">
	<row>
		<field name="a">1</field>
	</row>
	<row>
		<field name="a">2</field>
	</row>
	</table_data>
</database>
</mysqldump>
DROP TABLE t1;
CREATE TABLE t1 (a decimal(64, 20));
INSERT INTO t1 VALUES ("1234567890123456789012345678901234567890"),
("0987654321098765432109876543210987654321");
CREATE TABLE `t1` (
  `a` decimal(64,20) default NULL
) ENGINE=MyISAM DEFAULT CHARSET=latin1;
INSERT INTO `t1` VALUES ('1234567890123456789012345678901234567890.00000000000000000000'),('987654321098765432109876543210987654321.00000000000000000000');
DROP TABLE t1;
CREATE TABLE t1 (a double);
INSERT INTO t1 VALUES ('-9e999999');
Warnings:
Warning	1264	Out of range value adjusted for column 'a' at row 1
CREATE TABLE `t1` (
  `a` double default NULL
) ENGINE=MyISAM DEFAULT CHARSET=latin1;
INSERT INTO `t1` VALUES (RES);
DROP TABLE t1;
CREATE TABLE t1 (a DECIMAL(10,5), b FLOAT);
INSERT INTO t1 VALUES (1.2345, 2.3456);
INSERT INTO t1 VALUES ('1.2345', 2.3456);
INSERT INTO t1 VALUES ("1.2345", 2.3456);
SET @OLD_SQL_MODE=@@SQL_MODE, SQL_MODE='ANSI_QUOTES';
INSERT INTO t1 VALUES (1.2345, 2.3456);
INSERT INTO t1 VALUES ('1.2345', 2.3456);
INSERT INTO t1 VALUES ("1.2345", 2.3456);
ERROR 42S22: Unknown column '1.2345' in 'field list'
SET SQL_MODE=@OLD_SQL_MODE;
CREATE TABLE `t1` (
  `a` decimal(10,5) default NULL,
  `b` float default NULL
) ENGINE=MyISAM DEFAULT CHARSET=latin1;
INSERT INTO `t1` VALUES ('1.23450',2.3456),('1.23450',2.3456),('1.23450',2.3456),('1.23450',2.3456),('1.23450',2.3456);
CREATE TABLE `t1` (
  `a` decimal(10,5) default NULL,
  `b` float default NULL
);
INSERT INTO `t1` VALUES ('1.23450',2.3456),('1.23450',2.3456),('1.23450',2.3456),('1.23450',2.3456),('1.23450',2.3456);

/*!40101 SET @OLD_CHARACTER_SET_CLIENT=@@CHARACTER_SET_CLIENT */;
/*!40101 SET @OLD_CHARACTER_SET_RESULTS=@@CHARACTER_SET_RESULTS */;
/*!40101 SET @OLD_COLLATION_CONNECTION=@@COLLATION_CONNECTION */;
/*!40101 SET NAMES utf8 */;
/*!40103 SET @OLD_TIME_ZONE=@@TIME_ZONE */;
/*!40103 SET TIME_ZONE='+00:00' */;
/*!40014 SET @OLD_UNIQUE_CHECKS=@@UNIQUE_CHECKS, UNIQUE_CHECKS=0 */;
/*!40014 SET @OLD_FOREIGN_KEY_CHECKS=@@FOREIGN_KEY_CHECKS, FOREIGN_KEY_CHECKS=0 */;
/*!40101 SET @OLD_SQL_MODE=@@SQL_MODE, SQL_MODE='NO_AUTO_VALUE_ON_ZERO' */;
/*!40111 SET @OLD_SQL_NOTES=@@SQL_NOTES, SQL_NOTES=0 */;
DROP TABLE IF EXISTS `t1`;
CREATE TABLE `t1` (
  `a` decimal(10,5) default NULL,
  `b` float default NULL
);

LOCK TABLES `t1` WRITE;
/*!40000 ALTER TABLE `t1` DISABLE KEYS */;
INSERT INTO `t1` VALUES ('1.23450',2.3456),('1.23450',2.3456),('1.23450',2.3456),('1.23450',2.3456),('1.23450',2.3456);
/*!40000 ALTER TABLE `t1` ENABLE KEYS */;
UNLOCK TABLES;
/*!40103 SET TIME_ZONE=@OLD_TIME_ZONE */;

/*!40101 SET SQL_MODE=@OLD_SQL_MODE */;
/*!40014 SET FOREIGN_KEY_CHECKS=@OLD_FOREIGN_KEY_CHECKS */;
/*!40014 SET UNIQUE_CHECKS=@OLD_UNIQUE_CHECKS */;
/*!40101 SET CHARACTER_SET_CLIENT=@OLD_CHARACTER_SET_CLIENT */;
/*!40101 SET CHARACTER_SET_RESULTS=@OLD_CHARACTER_SET_RESULTS */;
/*!40101 SET COLLATION_CONNECTION=@OLD_COLLATION_CONNECTION */;
/*!40111 SET SQL_NOTES=@OLD_SQL_NOTES */;

/*!40103 SET @OLD_TIME_ZONE=@@TIME_ZONE */;
/*!40103 SET TIME_ZONE='+00:00' */;
/*!40014 SET @OLD_UNIQUE_CHECKS=@@UNIQUE_CHECKS, UNIQUE_CHECKS=0 */;
/*!40014 SET @OLD_FOREIGN_KEY_CHECKS=@@FOREIGN_KEY_CHECKS, FOREIGN_KEY_CHECKS=0 */;
/*!40101 SET @OLD_SQL_MODE=@@SQL_MODE, SQL_MODE='NO_AUTO_VALUE_ON_ZERO' */;
/*!40111 SET @OLD_SQL_NOTES=@@SQL_NOTES, SQL_NOTES=0 */;
CREATE TABLE `t1` (
  `a` decimal(10,5) default NULL,
  `b` float default NULL
);

INSERT INTO `t1` VALUES ('1.23450',2.3456),('1.23450',2.3456),('1.23450',2.3456),('1.23450',2.3456),('1.23450',2.3456);
/*!40103 SET TIME_ZONE=@OLD_TIME_ZONE */;

/*!40101 SET SQL_MODE=@OLD_SQL_MODE */;
/*!40014 SET FOREIGN_KEY_CHECKS=@OLD_FOREIGN_KEY_CHECKS */;
/*!40014 SET UNIQUE_CHECKS=@OLD_UNIQUE_CHECKS */;
/*!40111 SET SQL_NOTES=@OLD_SQL_NOTES */;

DROP TABLE t1;
CREATE TABLE t1(a int, b text, c varchar(3));
INSERT INTO t1 VALUES (1, "test", "tes"), (2, "TEST", "TES");
<?xml version="1.0"?>
<mysqldump xmlns:xsi="http://www.w3.org/2001/XMLSchema-instance">
<database name="test">
	<table_structure name="t1">
		<field Field="a" Type="int(11)" Null="YES" Key="" Extra="" />
		<field Field="b" Type="text" Null="YES" Key="" Extra="" />
		<field Field="c" Type="varchar(3)" Null="YES" Key="" Extra="" />
	</table_structure>
	<table_data name="t1">
	<row>
		<field name="a">1</field>
		<field name="b">test</field>
		<field name="c">tes</field>
	</row>
	<row>
		<field name="a">2</field>
		<field name="b">TEST</field>
		<field name="c">TES</field>
	</row>
	</table_data>
</database>
</mysqldump>
DROP TABLE t1;
CREATE TABLE t1 (`a"b"` char(2));
INSERT INTO t1 VALUES ("1\""), ("\"2");
<?xml version="1.0"?>
<mysqldump xmlns:xsi="http://www.w3.org/2001/XMLSchema-instance">
<database name="test">
	<table_structure name="t1">
		<field Field="a&quot;b&quot;" Type="char(2)" Null="YES" Key="" Extra="" />
	</table_structure>
	<table_data name="t1">
	<row>
		<field name="a&quot;b&quot;">1&quot;</field>
	</row>
	<row>
		<field name="a&quot;b&quot;">&quot;2</field>
	</row>
	</table_data>
</database>
</mysqldump>
DROP TABLE t1;
CREATE TABLE t1 (a  VARCHAR(255)) DEFAULT CHARSET koi8r;
INSERT INTO t1  VALUES (_koi8r x'C1C2C3C4C5'), (NULL);

/*!40101 SET @OLD_CHARACTER_SET_CLIENT=@@CHARACTER_SET_CLIENT */;
/*!40101 SET @OLD_CHARACTER_SET_RESULTS=@@CHARACTER_SET_RESULTS */;
/*!40101 SET @OLD_COLLATION_CONNECTION=@@COLLATION_CONNECTION */;
/*!40101 SET NAMES utf8 */;
/*!40103 SET @OLD_TIME_ZONE=@@TIME_ZONE */;
/*!40103 SET TIME_ZONE='+00:00' */;
/*!40014 SET @OLD_UNIQUE_CHECKS=@@UNIQUE_CHECKS, UNIQUE_CHECKS=0 */;
/*!40014 SET @OLD_FOREIGN_KEY_CHECKS=@@FOREIGN_KEY_CHECKS, FOREIGN_KEY_CHECKS=0 */;
/*!40101 SET @OLD_SQL_MODE=@@SQL_MODE, SQL_MODE='NO_AUTO_VALUE_ON_ZERO' */;
/*!40111 SET @OLD_SQL_NOTES=@@SQL_NOTES, SQL_NOTES=0 */;
DROP TABLE IF EXISTS `t1`;
CREATE TABLE `t1` (
  `a` varchar(255) default NULL
) ENGINE=MyISAM DEFAULT CHARSET=koi8r;

LOCK TABLES `t1` WRITE;
/*!40000 ALTER TABLE `t1` DISABLE KEYS */;
INSERT INTO `t1` VALUES ('Ð°Ð±Ñ†Ð´Ðµ');
INSERT INTO `t1` VALUES (NULL);
/*!40000 ALTER TABLE `t1` ENABLE KEYS */;
UNLOCK TABLES;
/*!40103 SET TIME_ZONE=@OLD_TIME_ZONE */;

/*!40101 SET SQL_MODE=@OLD_SQL_MODE */;
/*!40014 SET FOREIGN_KEY_CHECKS=@OLD_FOREIGN_KEY_CHECKS */;
/*!40014 SET UNIQUE_CHECKS=@OLD_UNIQUE_CHECKS */;
/*!40101 SET CHARACTER_SET_CLIENT=@OLD_CHARACTER_SET_CLIENT */;
/*!40101 SET CHARACTER_SET_RESULTS=@OLD_CHARACTER_SET_RESULTS */;
/*!40101 SET COLLATION_CONNECTION=@OLD_COLLATION_CONNECTION */;
/*!40111 SET SQL_NOTES=@OLD_SQL_NOTES */;

DROP TABLE t1;
CREATE TABLE t1 (a int) ENGINE=MYISAM;
INSERT INTO t1 VALUES (1), (2);
/*!40103 SET @OLD_TIME_ZONE=@@TIME_ZONE */;
/*!40103 SET TIME_ZONE='+00:00' */;
/*!40014 SET @OLD_UNIQUE_CHECKS=@@UNIQUE_CHECKS, UNIQUE_CHECKS=0 */;
/*!40014 SET @OLD_FOREIGN_KEY_CHECKS=@@FOREIGN_KEY_CHECKS, FOREIGN_KEY_CHECKS=0 */;
/*!40101 SET @OLD_SQL_MODE=@@SQL_MODE, SQL_MODE='NO_AUTO_VALUE_ON_ZERO,MYSQL40' */;
/*!40111 SET @OLD_SQL_NOTES=@@SQL_NOTES, SQL_NOTES=0 */;
DROP TABLE IF EXISTS `t1`;
CREATE TABLE `t1` (
  `a` int(11) default NULL
) TYPE=MyISAM;

LOCK TABLES `t1` WRITE;
/*!40000 ALTER TABLE `t1` DISABLE KEYS */;
INSERT INTO `t1` VALUES (1),(2);
/*!40000 ALTER TABLE `t1` ENABLE KEYS */;
UNLOCK TABLES;
/*!40103 SET TIME_ZONE=@OLD_TIME_ZONE */;

/*!40101 SET SQL_MODE=@OLD_SQL_MODE */;
/*!40014 SET FOREIGN_KEY_CHECKS=@OLD_FOREIGN_KEY_CHECKS */;
/*!40014 SET UNIQUE_CHECKS=@OLD_UNIQUE_CHECKS */;
/*!40111 SET SQL_NOTES=@OLD_SQL_NOTES */;

/*!40103 SET @OLD_TIME_ZONE=@@TIME_ZONE */;
/*!40103 SET TIME_ZONE='+00:00' */;
/*!40014 SET @OLD_UNIQUE_CHECKS=@@UNIQUE_CHECKS, UNIQUE_CHECKS=0 */;
/*!40014 SET @OLD_FOREIGN_KEY_CHECKS=@@FOREIGN_KEY_CHECKS, FOREIGN_KEY_CHECKS=0 */;
/*!40101 SET @OLD_SQL_MODE=@@SQL_MODE, SQL_MODE='NO_AUTO_VALUE_ON_ZERO,MYSQL323' */;
/*!40111 SET @OLD_SQL_NOTES=@@SQL_NOTES, SQL_NOTES=0 */;
DROP TABLE IF EXISTS `t1`;
CREATE TABLE `t1` (
  `a` int(11) default NULL
) TYPE=MyISAM;

LOCK TABLES `t1` WRITE;
/*!40000 ALTER TABLE `t1` DISABLE KEYS */;
INSERT INTO `t1` VALUES (1),(2);
/*!40000 ALTER TABLE `t1` ENABLE KEYS */;
UNLOCK TABLES;
/*!40103 SET TIME_ZONE=@OLD_TIME_ZONE */;

/*!40101 SET SQL_MODE=@OLD_SQL_MODE */;
/*!40014 SET FOREIGN_KEY_CHECKS=@OLD_FOREIGN_KEY_CHECKS */;
/*!40014 SET UNIQUE_CHECKS=@OLD_UNIQUE_CHECKS */;
/*!40111 SET SQL_NOTES=@OLD_SQL_NOTES */;

DROP TABLE t1;
create table ```a` (i int);
CREATE TABLE ```a` (
  `i` int(11) default NULL
) ENGINE=MyISAM DEFAULT CHARSET=latin1;
drop table ```a`;
create table t1(a int);

/*!40101 SET @OLD_CHARACTER_SET_CLIENT=@@CHARACTER_SET_CLIENT */;
/*!40101 SET @OLD_CHARACTER_SET_RESULTS=@@CHARACTER_SET_RESULTS */;
/*!40101 SET @OLD_COLLATION_CONNECTION=@@COLLATION_CONNECTION */;
/*!40101 SET NAMES utf8 */;
/*!40103 SET @OLD_TIME_ZONE=@@TIME_ZONE */;
/*!40103 SET TIME_ZONE='+00:00' */;
/*!40014 SET @OLD_UNIQUE_CHECKS=@@UNIQUE_CHECKS, UNIQUE_CHECKS=0 */;
/*!40014 SET @OLD_FOREIGN_KEY_CHECKS=@@FOREIGN_KEY_CHECKS, FOREIGN_KEY_CHECKS=0 */;
/*!40101 SET @OLD_SQL_MODE=@@SQL_MODE, SQL_MODE='NO_AUTO_VALUE_ON_ZERO' */;
/*!40111 SET @OLD_SQL_NOTES=@@SQL_NOTES, SQL_NOTES=0 */;
DROP TABLE IF EXISTS `t1`;
CREATE TABLE `t1` (
  `a` int(11) default NULL
) ENGINE=MyISAM DEFAULT CHARSET=latin1;

LOCK TABLES `t1` WRITE;
/*!40000 ALTER TABLE `t1` DISABLE KEYS */;
/*!40000 ALTER TABLE `t1` ENABLE KEYS */;
UNLOCK TABLES;
/*!40103 SET TIME_ZONE=@OLD_TIME_ZONE */;

/*!40101 SET SQL_MODE=@OLD_SQL_MODE */;
/*!40014 SET FOREIGN_KEY_CHECKS=@OLD_FOREIGN_KEY_CHECKS */;
/*!40014 SET UNIQUE_CHECKS=@OLD_UNIQUE_CHECKS */;
/*!40101 SET CHARACTER_SET_CLIENT=@OLD_CHARACTER_SET_CLIENT */;
/*!40101 SET CHARACTER_SET_RESULTS=@OLD_CHARACTER_SET_RESULTS */;
/*!40101 SET COLLATION_CONNECTION=@OLD_COLLATION_CONNECTION */;
/*!40111 SET SQL_NOTES=@OLD_SQL_NOTES */;

/*!40103 SET @OLD_TIME_ZONE=@@TIME_ZONE */;
/*!40103 SET TIME_ZONE='+00:00' */;
/*!40014 SET @OLD_UNIQUE_CHECKS=@@UNIQUE_CHECKS, UNIQUE_CHECKS=0 */;
/*!40014 SET @OLD_FOREIGN_KEY_CHECKS=@@FOREIGN_KEY_CHECKS, FOREIGN_KEY_CHECKS=0 */;
/*!40101 SET @OLD_SQL_MODE=@@SQL_MODE, SQL_MODE='NO_AUTO_VALUE_ON_ZERO,ANSI' */;
/*!40111 SET @OLD_SQL_NOTES=@@SQL_NOTES, SQL_NOTES=0 */;
DROP TABLE IF EXISTS "t1";
CREATE TABLE "t1" (
  "a" int(11) default NULL
);

LOCK TABLES "t1" WRITE;
/*!40000 ALTER TABLE "t1" DISABLE KEYS */;
/*!40000 ALTER TABLE "t1" ENABLE KEYS */;
UNLOCK TABLES;
/*!40103 SET TIME_ZONE=@OLD_TIME_ZONE */;

/*!40101 SET SQL_MODE=@OLD_SQL_MODE */;
/*!40014 SET FOREIGN_KEY_CHECKS=@OLD_FOREIGN_KEY_CHECKS */;
/*!40014 SET UNIQUE_CHECKS=@OLD_UNIQUE_CHECKS */;
/*!40111 SET SQL_NOTES=@OLD_SQL_NOTES */;

set global sql_mode='ANSI_QUOTES';

/*!40101 SET @OLD_CHARACTER_SET_CLIENT=@@CHARACTER_SET_CLIENT */;
/*!40101 SET @OLD_CHARACTER_SET_RESULTS=@@CHARACTER_SET_RESULTS */;
/*!40101 SET @OLD_COLLATION_CONNECTION=@@COLLATION_CONNECTION */;
/*!40101 SET NAMES utf8 */;
/*!40103 SET @OLD_TIME_ZONE=@@TIME_ZONE */;
/*!40103 SET TIME_ZONE='+00:00' */;
/*!40014 SET @OLD_UNIQUE_CHECKS=@@UNIQUE_CHECKS, UNIQUE_CHECKS=0 */;
/*!40014 SET @OLD_FOREIGN_KEY_CHECKS=@@FOREIGN_KEY_CHECKS, FOREIGN_KEY_CHECKS=0 */;
/*!40101 SET @OLD_SQL_MODE=@@SQL_MODE, SQL_MODE='NO_AUTO_VALUE_ON_ZERO' */;
/*!40111 SET @OLD_SQL_NOTES=@@SQL_NOTES, SQL_NOTES=0 */;
DROP TABLE IF EXISTS `t1`;
CREATE TABLE `t1` (
  `a` int(11) default NULL
) ENGINE=MyISAM DEFAULT CHARSET=latin1;

LOCK TABLES `t1` WRITE;
/*!40000 ALTER TABLE `t1` DISABLE KEYS */;
/*!40000 ALTER TABLE `t1` ENABLE KEYS */;
UNLOCK TABLES;
/*!40103 SET TIME_ZONE=@OLD_TIME_ZONE */;

/*!40101 SET SQL_MODE=@OLD_SQL_MODE */;
/*!40014 SET FOREIGN_KEY_CHECKS=@OLD_FOREIGN_KEY_CHECKS */;
/*!40014 SET UNIQUE_CHECKS=@OLD_UNIQUE_CHECKS */;
/*!40101 SET CHARACTER_SET_CLIENT=@OLD_CHARACTER_SET_CLIENT */;
/*!40101 SET CHARACTER_SET_RESULTS=@OLD_CHARACTER_SET_RESULTS */;
/*!40101 SET COLLATION_CONNECTION=@OLD_COLLATION_CONNECTION */;
/*!40111 SET SQL_NOTES=@OLD_SQL_NOTES */;

/*!40103 SET @OLD_TIME_ZONE=@@TIME_ZONE */;
/*!40103 SET TIME_ZONE='+00:00' */;
/*!40014 SET @OLD_UNIQUE_CHECKS=@@UNIQUE_CHECKS, UNIQUE_CHECKS=0 */;
/*!40014 SET @OLD_FOREIGN_KEY_CHECKS=@@FOREIGN_KEY_CHECKS, FOREIGN_KEY_CHECKS=0 */;
/*!40101 SET @OLD_SQL_MODE=@@SQL_MODE, SQL_MODE='NO_AUTO_VALUE_ON_ZERO,ANSI' */;
/*!40111 SET @OLD_SQL_NOTES=@@SQL_NOTES, SQL_NOTES=0 */;
DROP TABLE IF EXISTS "t1";
CREATE TABLE "t1" (
  "a" int(11) default NULL
);

LOCK TABLES "t1" WRITE;
/*!40000 ALTER TABLE "t1" DISABLE KEYS */;
/*!40000 ALTER TABLE "t1" ENABLE KEYS */;
UNLOCK TABLES;
/*!40103 SET TIME_ZONE=@OLD_TIME_ZONE */;

/*!40101 SET SQL_MODE=@OLD_SQL_MODE */;
/*!40014 SET FOREIGN_KEY_CHECKS=@OLD_FOREIGN_KEY_CHECKS */;
/*!40014 SET UNIQUE_CHECKS=@OLD_UNIQUE_CHECKS */;
/*!40111 SET SQL_NOTES=@OLD_SQL_NOTES */;

set global sql_mode='';
drop table t1;
create table t1(a int);
insert into t1 values (1),(2),(3);

/*!40101 SET @OLD_CHARACTER_SET_CLIENT=@@CHARACTER_SET_CLIENT */;
/*!40101 SET @OLD_CHARACTER_SET_RESULTS=@@CHARACTER_SET_RESULTS */;
/*!40101 SET @OLD_COLLATION_CONNECTION=@@COLLATION_CONNECTION */;
/*!40101 SET NAMES utf8 */;
/*!40103 SET @OLD_TIME_ZONE=@@TIME_ZONE */;
/*!40103 SET TIME_ZONE='+00:00' */;
/*!40101 SET @OLD_SQL_MODE=@@SQL_MODE, SQL_MODE='' */;
/*!40111 SET @OLD_SQL_NOTES=@@SQL_NOTES, SQL_NOTES=0 */;
DROP TABLE IF EXISTS `t1`;
CREATE TABLE `t1` (
  `a` int(11) default NULL
) ENGINE=MyISAM DEFAULT CHARSET=latin1;

/*!40103 SET TIME_ZONE=@OLD_TIME_ZONE */;

/*!40101 SET SQL_MODE=@OLD_SQL_MODE */;
/*!40101 SET CHARACTER_SET_CLIENT=@OLD_CHARACTER_SET_CLIENT */;
/*!40101 SET CHARACTER_SET_RESULTS=@OLD_CHARACTER_SET_RESULTS */;
/*!40101 SET COLLATION_CONNECTION=@OLD_COLLATION_CONNECTION */;
/*!40111 SET SQL_NOTES=@OLD_SQL_NOTES */;

1
2
3
drop table t1;

/*!40101 SET @OLD_CHARACTER_SET_CLIENT=@@CHARACTER_SET_CLIENT */;
/*!40101 SET @OLD_CHARACTER_SET_RESULTS=@@CHARACTER_SET_RESULTS */;
/*!40101 SET @OLD_COLLATION_CONNECTION=@@COLLATION_CONNECTION */;
/*!40101 SET NAMES utf8 */;
/*!40103 SET @OLD_TIME_ZONE=@@TIME_ZONE */;
/*!40103 SET TIME_ZONE='+00:00' */;
/*!40014 SET @OLD_UNIQUE_CHECKS=@@UNIQUE_CHECKS, UNIQUE_CHECKS=0 */;
/*!40014 SET @OLD_FOREIGN_KEY_CHECKS=@@FOREIGN_KEY_CHECKS, FOREIGN_KEY_CHECKS=0 */;
/*!40101 SET @OLD_SQL_MODE=@@SQL_MODE, SQL_MODE='NO_AUTO_VALUE_ON_ZERO' */;
/*!40111 SET @OLD_SQL_NOTES=@@SQL_NOTES, SQL_NOTES=0 */;

CREATE DATABASE /*!32312 IF NOT EXISTS*/ `test` /*!40100 DEFAULT CHARACTER SET latin1 */;

USE `test`;
/*!40103 SET TIME_ZONE=@OLD_TIME_ZONE */;

/*!40101 SET SQL_MODE=@OLD_SQL_MODE */;
/*!40014 SET FOREIGN_KEY_CHECKS=@OLD_FOREIGN_KEY_CHECKS */;
/*!40014 SET UNIQUE_CHECKS=@OLD_UNIQUE_CHECKS */;
/*!40101 SET CHARACTER_SET_CLIENT=@OLD_CHARACTER_SET_CLIENT */;
/*!40101 SET CHARACTER_SET_RESULTS=@OLD_CHARACTER_SET_RESULTS */;
/*!40101 SET COLLATION_CONNECTION=@OLD_COLLATION_CONNECTION */;
/*!40111 SET SQL_NOTES=@OLD_SQL_NOTES */;

create database mysqldump_test_db character set latin2 collate latin2_bin;

/*!40101 SET @OLD_CHARACTER_SET_CLIENT=@@CHARACTER_SET_CLIENT */;
/*!40101 SET @OLD_CHARACTER_SET_RESULTS=@@CHARACTER_SET_RESULTS */;
/*!40101 SET @OLD_COLLATION_CONNECTION=@@COLLATION_CONNECTION */;
/*!40101 SET NAMES utf8 */;
/*!40103 SET @OLD_TIME_ZONE=@@TIME_ZONE */;
/*!40103 SET TIME_ZONE='+00:00' */;
/*!40014 SET @OLD_UNIQUE_CHECKS=@@UNIQUE_CHECKS, UNIQUE_CHECKS=0 */;
/*!40014 SET @OLD_FOREIGN_KEY_CHECKS=@@FOREIGN_KEY_CHECKS, FOREIGN_KEY_CHECKS=0 */;
/*!40101 SET @OLD_SQL_MODE=@@SQL_MODE, SQL_MODE='NO_AUTO_VALUE_ON_ZERO' */;
/*!40111 SET @OLD_SQL_NOTES=@@SQL_NOTES, SQL_NOTES=0 */;

CREATE DATABASE /*!32312 IF NOT EXISTS*/ `mysqldump_test_db` /*!40100 DEFAULT CHARACTER SET latin2 COLLATE latin2_bin */;

USE `mysqldump_test_db`;
/*!40103 SET TIME_ZONE=@OLD_TIME_ZONE */;

/*!40101 SET SQL_MODE=@OLD_SQL_MODE */;
/*!40014 SET FOREIGN_KEY_CHECKS=@OLD_FOREIGN_KEY_CHECKS */;
/*!40014 SET UNIQUE_CHECKS=@OLD_UNIQUE_CHECKS */;
/*!40101 SET CHARACTER_SET_CLIENT=@OLD_CHARACTER_SET_CLIENT */;
/*!40101 SET CHARACTER_SET_RESULTS=@OLD_CHARACTER_SET_RESULTS */;
/*!40101 SET COLLATION_CONNECTION=@OLD_COLLATION_CONNECTION */;
/*!40111 SET SQL_NOTES=@OLD_SQL_NOTES */;

drop database mysqldump_test_db;
CREATE TABLE t1 (a  CHAR(10));
INSERT INTO t1  VALUES (_latin1 'ÄÖÜß');

/*!40101 SET @OLD_CHARACTER_SET_CLIENT=@@CHARACTER_SET_CLIENT */;
/*!40101 SET @OLD_CHARACTER_SET_RESULTS=@@CHARACTER_SET_RESULTS */;
/*!40101 SET @OLD_COLLATION_CONNECTION=@@COLLATION_CONNECTION */;
/*!40101 SET NAMES utf8 */;
/*!40103 SET @OLD_TIME_ZONE=@@TIME_ZONE */;
/*!40103 SET TIME_ZONE='+00:00' */;
/*!40014 SET @OLD_UNIQUE_CHECKS=@@UNIQUE_CHECKS, UNIQUE_CHECKS=0 */;
/*!40014 SET @OLD_FOREIGN_KEY_CHECKS=@@FOREIGN_KEY_CHECKS, FOREIGN_KEY_CHECKS=0 */;
/*!40101 SET @OLD_SQL_MODE=@@SQL_MODE, SQL_MODE='NO_AUTO_VALUE_ON_ZERO' */;
/*!40111 SET @OLD_SQL_NOTES=@@SQL_NOTES, SQL_NOTES=0 */;
DROP TABLE IF EXISTS `t1`;
CREATE TABLE `t1` (
  `a` char(10) default NULL
) ENGINE=MyISAM DEFAULT CHARSET=latin1;

LOCK TABLES `t1` WRITE;
/*!40000 ALTER TABLE `t1` DISABLE KEYS */;
INSERT INTO `t1` VALUES ('Ã„Ã–ÃœÃŸ');
/*!40000 ALTER TABLE `t1` ENABLE KEYS */;
UNLOCK TABLES;
/*!40103 SET TIME_ZONE=@OLD_TIME_ZONE */;

/*!40101 SET SQL_MODE=@OLD_SQL_MODE */;
/*!40014 SET FOREIGN_KEY_CHECKS=@OLD_FOREIGN_KEY_CHECKS */;
/*!40014 SET UNIQUE_CHECKS=@OLD_UNIQUE_CHECKS */;
/*!40101 SET CHARACTER_SET_CLIENT=@OLD_CHARACTER_SET_CLIENT */;
/*!40101 SET CHARACTER_SET_RESULTS=@OLD_CHARACTER_SET_RESULTS */;
/*!40101 SET COLLATION_CONNECTION=@OLD_COLLATION_CONNECTION */;
/*!40111 SET SQL_NOTES=@OLD_SQL_NOTES */;

/*!40103 SET @OLD_TIME_ZONE=@@TIME_ZONE */;
/*!40103 SET TIME_ZONE='+00:00' */;
/*!40014 SET @OLD_UNIQUE_CHECKS=@@UNIQUE_CHECKS, UNIQUE_CHECKS=0 */;
/*!40014 SET @OLD_FOREIGN_KEY_CHECKS=@@FOREIGN_KEY_CHECKS, FOREIGN_KEY_CHECKS=0 */;
/*!40101 SET @OLD_SQL_MODE=@@SQL_MODE, SQL_MODE='NO_AUTO_VALUE_ON_ZERO,MYSQL323' */;
/*!40111 SET @OLD_SQL_NOTES=@@SQL_NOTES, SQL_NOTES=0 */;
DROP TABLE IF EXISTS `t1`;
CREATE TABLE `t1` (
  `a` char(10) default NULL
) TYPE=MyISAM;

LOCK TABLES `t1` WRITE;
/*!40000 ALTER TABLE `t1` DISABLE KEYS */;
INSERT INTO `t1` VALUES ('Ž™šá');
/*!40000 ALTER TABLE `t1` ENABLE KEYS */;
UNLOCK TABLES;
/*!40103 SET TIME_ZONE=@OLD_TIME_ZONE */;

/*!40101 SET SQL_MODE=@OLD_SQL_MODE */;
/*!40014 SET FOREIGN_KEY_CHECKS=@OLD_FOREIGN_KEY_CHECKS */;
/*!40014 SET UNIQUE_CHECKS=@OLD_UNIQUE_CHECKS */;
/*!40111 SET SQL_NOTES=@OLD_SQL_NOTES */;

/*!40103 SET @OLD_TIME_ZONE=@@TIME_ZONE */;
/*!40103 SET TIME_ZONE='+00:00' */;
/*!40014 SET @OLD_UNIQUE_CHECKS=@@UNIQUE_CHECKS, UNIQUE_CHECKS=0 */;
/*!40014 SET @OLD_FOREIGN_KEY_CHECKS=@@FOREIGN_KEY_CHECKS, FOREIGN_KEY_CHECKS=0 */;
/*!40101 SET @OLD_SQL_MODE=@@SQL_MODE, SQL_MODE='NO_AUTO_VALUE_ON_ZERO,MYSQL323' */;
/*!40111 SET @OLD_SQL_NOTES=@@SQL_NOTES, SQL_NOTES=0 */;
DROP TABLE IF EXISTS `t1`;
CREATE TABLE `t1` (
  `a` char(10) default NULL
) TYPE=MyISAM;

LOCK TABLES `t1` WRITE;
/*!40000 ALTER TABLE `t1` DISABLE KEYS */;
INSERT INTO `t1` VALUES ('Ž™šá');
/*!40000 ALTER TABLE `t1` ENABLE KEYS */;
UNLOCK TABLES;
/*!40103 SET TIME_ZONE=@OLD_TIME_ZONE */;

/*!40101 SET SQL_MODE=@OLD_SQL_MODE */;
/*!40014 SET FOREIGN_KEY_CHECKS=@OLD_FOREIGN_KEY_CHECKS */;
/*!40014 SET UNIQUE_CHECKS=@OLD_UNIQUE_CHECKS */;
/*!40111 SET SQL_NOTES=@OLD_SQL_NOTES */;

/*!40103 SET @OLD_TIME_ZONE=@@TIME_ZONE */;
/*!40103 SET TIME_ZONE='+00:00' */;
/*!40014 SET @OLD_UNIQUE_CHECKS=@@UNIQUE_CHECKS, UNIQUE_CHECKS=0 */;
/*!40014 SET @OLD_FOREIGN_KEY_CHECKS=@@FOREIGN_KEY_CHECKS, FOREIGN_KEY_CHECKS=0 */;
/*!40101 SET @OLD_SQL_MODE=@@SQL_MODE, SQL_MODE='NO_AUTO_VALUE_ON_ZERO,MYSQL323' */;
/*!40111 SET @OLD_SQL_NOTES=@@SQL_NOTES, SQL_NOTES=0 */;
DROP TABLE IF EXISTS `t1`;
CREATE TABLE `t1` (
  `a` char(10) default NULL
) TYPE=MyISAM;

LOCK TABLES `t1` WRITE;
/*!40000 ALTER TABLE `t1` DISABLE KEYS */;
INSERT INTO `t1` VALUES ('Ã„Ã–ÃœÃŸ');
/*!40000 ALTER TABLE `t1` ENABLE KEYS */;
UNLOCK TABLES;
/*!40103 SET TIME_ZONE=@OLD_TIME_ZONE */;

/*!40101 SET SQL_MODE=@OLD_SQL_MODE */;
/*!40014 SET FOREIGN_KEY_CHECKS=@OLD_FOREIGN_KEY_CHECKS */;
/*!40014 SET UNIQUE_CHECKS=@OLD_UNIQUE_CHECKS */;
/*!40111 SET SQL_NOTES=@OLD_SQL_NOTES */;

DROP TABLE t1;
CREATE TABLE t1 (a int);
CREATE TABLE t2 (a int);
INSERT INTO t1 VALUES (1),(2),(3);
INSERT INTO t2 VALUES (4),(5),(6);

/*!40101 SET @OLD_CHARACTER_SET_CLIENT=@@CHARACTER_SET_CLIENT */;
/*!40101 SET @OLD_CHARACTER_SET_RESULTS=@@CHARACTER_SET_RESULTS */;
/*!40101 SET @OLD_COLLATION_CONNECTION=@@COLLATION_CONNECTION */;
/*!40101 SET NAMES utf8 */;
/*!40103 SET @OLD_TIME_ZONE=@@TIME_ZONE */;
/*!40103 SET TIME_ZONE='+00:00' */;
/*!40014 SET @OLD_UNIQUE_CHECKS=@@UNIQUE_CHECKS, UNIQUE_CHECKS=0 */;
/*!40014 SET @OLD_FOREIGN_KEY_CHECKS=@@FOREIGN_KEY_CHECKS, FOREIGN_KEY_CHECKS=0 */;
/*!40101 SET @OLD_SQL_MODE=@@SQL_MODE, SQL_MODE='NO_AUTO_VALUE_ON_ZERO' */;
/*!40111 SET @OLD_SQL_NOTES=@@SQL_NOTES, SQL_NOTES=0 */;
DROP TABLE IF EXISTS `t2`;
CREATE TABLE `t2` (
  `a` int(11) default NULL
) ENGINE=MyISAM DEFAULT CHARSET=latin1;

LOCK TABLES `t2` WRITE;
/*!40000 ALTER TABLE `t2` DISABLE KEYS */;
INSERT INTO `t2` VALUES (4),(5),(6);
/*!40000 ALTER TABLE `t2` ENABLE KEYS */;
UNLOCK TABLES;
/*!40103 SET TIME_ZONE=@OLD_TIME_ZONE */;

/*!40101 SET SQL_MODE=@OLD_SQL_MODE */;
/*!40014 SET FOREIGN_KEY_CHECKS=@OLD_FOREIGN_KEY_CHECKS */;
/*!40014 SET UNIQUE_CHECKS=@OLD_UNIQUE_CHECKS */;
/*!40101 SET CHARACTER_SET_CLIENT=@OLD_CHARACTER_SET_CLIENT */;
/*!40101 SET CHARACTER_SET_RESULTS=@OLD_CHARACTER_SET_RESULTS */;
/*!40101 SET COLLATION_CONNECTION=@OLD_COLLATION_CONNECTION */;
/*!40111 SET SQL_NOTES=@OLD_SQL_NOTES */;

DROP TABLE t1;
DROP TABLE t2;
CREATE TABLE t1 (`b` blob);
INSERT INTO `t1` VALUES (0x602010000280100005E71A);

/*!40101 SET @OLD_CHARACTER_SET_CLIENT=@@CHARACTER_SET_CLIENT */;
/*!40101 SET @OLD_CHARACTER_SET_RESULTS=@@CHARACTER_SET_RESULTS */;
/*!40101 SET @OLD_COLLATION_CONNECTION=@@COLLATION_CONNECTION */;
/*!40101 SET NAMES utf8 */;
/*!40103 SET @OLD_TIME_ZONE=@@TIME_ZONE */;
/*!40103 SET TIME_ZONE='+00:00' */;
/*!40014 SET @OLD_UNIQUE_CHECKS=@@UNIQUE_CHECKS, UNIQUE_CHECKS=0 */;
/*!40014 SET @OLD_FOREIGN_KEY_CHECKS=@@FOREIGN_KEY_CHECKS, FOREIGN_KEY_CHECKS=0 */;
/*!40101 SET @OLD_SQL_MODE=@@SQL_MODE, SQL_MODE='NO_AUTO_VALUE_ON_ZERO' */;
/*!40111 SET @OLD_SQL_NOTES=@@SQL_NOTES, SQL_NOTES=0 */;
DROP TABLE IF EXISTS `t1`;
CREATE TABLE `t1` (
  `b` blob
) ENGINE=MyISAM DEFAULT CHARSET=latin1;

LOCK TABLES `t1` WRITE;
/*!40000 ALTER TABLE `t1` DISABLE KEYS */;
INSERT INTO `t1` VALUES (0x602010000280100005E71A);
/*!40000 ALTER TABLE `t1` ENABLE KEYS */;
UNLOCK TABLES;
/*!40103 SET TIME_ZONE=@OLD_TIME_ZONE */;

/*!40101 SET SQL_MODE=@OLD_SQL_MODE */;
/*!40014 SET FOREIGN_KEY_CHECKS=@OLD_FOREIGN_KEY_CHECKS */;
/*!40014 SET UNIQUE_CHECKS=@OLD_UNIQUE_CHECKS */;
/*!40101 SET CHARACTER_SET_CLIENT=@OLD_CHARACTER_SET_CLIENT */;
/*!40101 SET CHARACTER_SET_RESULTS=@OLD_CHARACTER_SET_RESULTS */;
/*!40101 SET COLLATION_CONNECTION=@OLD_COLLATION_CONNECTION */;
/*!40111 SET SQL_NOTES=@OLD_SQL_NOTES */;

DROP TABLE t1;
CREATE TABLE t1 (a int);
INSERT INTO t1 VALUES (1),(2),(3);
INSERT INTO t1 VALUES (4),(5),(6);

/*!40101 SET @OLD_CHARACTER_SET_CLIENT=@@CHARACTER_SET_CLIENT */;
/*!40101 SET @OLD_CHARACTER_SET_RESULTS=@@CHARACTER_SET_RESULTS */;
/*!40101 SET @OLD_COLLATION_CONNECTION=@@COLLATION_CONNECTION */;
/*!40101 SET NAMES utf8 */;
/*!40103 SET @OLD_TIME_ZONE=@@TIME_ZONE */;
/*!40103 SET TIME_ZONE='+00:00' */;
/*!40014 SET @OLD_UNIQUE_CHECKS=@@UNIQUE_CHECKS, UNIQUE_CHECKS=0 */;
/*!40014 SET @OLD_FOREIGN_KEY_CHECKS=@@FOREIGN_KEY_CHECKS, FOREIGN_KEY_CHECKS=0 */;
/*!40101 SET @OLD_SQL_MODE=@@SQL_MODE, SQL_MODE='NO_AUTO_VALUE_ON_ZERO' */;
/*!40111 SET @OLD_SQL_NOTES=@@SQL_NOTES, SQL_NOTES=0 */;
DROP TABLE IF EXISTS `t1`;
CREATE TABLE `t1` (
  `a` int(11) default NULL
) ENGINE=MyISAM DEFAULT CHARSET=latin1;

LOCK TABLES `t1` WRITE;
/*!40000 ALTER TABLE `t1` DISABLE KEYS */;
INSERT  IGNORE INTO `t1` VALUES (1),(2),(3),(4),(5),(6);
/*!40000 ALTER TABLE `t1` ENABLE KEYS */;
UNLOCK TABLES;
/*!40103 SET TIME_ZONE=@OLD_TIME_ZONE */;

/*!40101 SET SQL_MODE=@OLD_SQL_MODE */;
/*!40014 SET FOREIGN_KEY_CHECKS=@OLD_FOREIGN_KEY_CHECKS */;
/*!40014 SET UNIQUE_CHECKS=@OLD_UNIQUE_CHECKS */;
/*!40101 SET CHARACTER_SET_CLIENT=@OLD_CHARACTER_SET_CLIENT */;
/*!40101 SET CHARACTER_SET_RESULTS=@OLD_CHARACTER_SET_RESULTS */;
/*!40101 SET COLLATION_CONNECTION=@OLD_COLLATION_CONNECTION */;
/*!40111 SET SQL_NOTES=@OLD_SQL_NOTES */;


/*!40101 SET @OLD_CHARACTER_SET_CLIENT=@@CHARACTER_SET_CLIENT */;
/*!40101 SET @OLD_CHARACTER_SET_RESULTS=@@CHARACTER_SET_RESULTS */;
/*!40101 SET @OLD_COLLATION_CONNECTION=@@COLLATION_CONNECTION */;
/*!40101 SET NAMES utf8 */;
/*!40103 SET @OLD_TIME_ZONE=@@TIME_ZONE */;
/*!40103 SET TIME_ZONE='+00:00' */;
/*!40014 SET @OLD_UNIQUE_CHECKS=@@UNIQUE_CHECKS, UNIQUE_CHECKS=0 */;
/*!40014 SET @OLD_FOREIGN_KEY_CHECKS=@@FOREIGN_KEY_CHECKS, FOREIGN_KEY_CHECKS=0 */;
/*!40101 SET @OLD_SQL_MODE=@@SQL_MODE, SQL_MODE='NO_AUTO_VALUE_ON_ZERO' */;
/*!40111 SET @OLD_SQL_NOTES=@@SQL_NOTES, SQL_NOTES=0 */;
DROP TABLE IF EXISTS `t1`;
CREATE TABLE `t1` (
  `a` int(11) default NULL
) ENGINE=MyISAM DEFAULT CHARSET=latin1;


/*!40000 ALTER TABLE `t1` DISABLE KEYS */;
INSERT  DELAYED IGNORE INTO `t1` VALUES (1),(2),(3),(4),(5),(6);
/*!40000 ALTER TABLE `t1` ENABLE KEYS */;
/*!40103 SET TIME_ZONE=@OLD_TIME_ZONE */;

/*!40101 SET SQL_MODE=@OLD_SQL_MODE */;
/*!40014 SET FOREIGN_KEY_CHECKS=@OLD_FOREIGN_KEY_CHECKS */;
/*!40014 SET UNIQUE_CHECKS=@OLD_UNIQUE_CHECKS */;
/*!40101 SET CHARACTER_SET_CLIENT=@OLD_CHARACTER_SET_CLIENT */;
/*!40101 SET CHARACTER_SET_RESULTS=@OLD_CHARACTER_SET_RESULTS */;
/*!40101 SET COLLATION_CONNECTION=@OLD_COLLATION_CONNECTION */;
/*!40111 SET SQL_NOTES=@OLD_SQL_NOTES */;

DROP TABLE t1;
create table t1 (
F_c4ca4238a0b923820dcc509a6f75849b int,
F_c81e728d9d4c2f636f067f89cc14862c int,
F_eccbc87e4b5ce2fe28308fd9f2a7baf3 int,
F_a87ff679a2f3e71d9181a67b7542122c int,
F_e4da3b7fbbce2345d7772b0674a318d5 int,
F_1679091c5a880faf6fb5e6087eb1b2dc int,
F_8f14e45fceea167a5a36dedd4bea2543 int,
F_c9f0f895fb98ab9159f51fd0297e236d int,
F_45c48cce2e2d7fbdea1afc51c7c6ad26 int,
F_d3d9446802a44259755d38e6d163e820 int,
F_6512bd43d9caa6e02c990b0a82652dca int,
F_c20ad4d76fe97759aa27a0c99bff6710 int,
F_c51ce410c124a10e0db5e4b97fc2af39 int,
F_aab3238922bcc25a6f606eb525ffdc56 int,
F_9bf31c7ff062936a96d3c8bd1f8f2ff3 int,
F_c74d97b01eae257e44aa9d5bade97baf int,
F_70efdf2ec9b086079795c442636b55fb int,
F_6f4922f45568161a8cdf4ad2299f6d23 int,
F_1f0e3dad99908345f7439f8ffabdffc4 int,
F_98f13708210194c475687be6106a3b84 int,
F_3c59dc048e8850243be8079a5c74d079 int,
F_b6d767d2f8ed5d21a44b0e5886680cb9 int,
F_37693cfc748049e45d87b8c7d8b9aacd int,
F_1ff1de774005f8da13f42943881c655f int,
F_8e296a067a37563370ded05f5a3bf3ec int,
F_4e732ced3463d06de0ca9a15b6153677 int,
F_02e74f10e0327ad868d138f2b4fdd6f0 int,
F_33e75ff09dd601bbe69f351039152189 int,
F_6ea9ab1baa0efb9e19094440c317e21b int,
F_34173cb38f07f89ddbebc2ac9128303f int,
F_c16a5320fa475530d9583c34fd356ef5 int,
F_6364d3f0f495b6ab9dcf8d3b5c6e0b01 int,
F_182be0c5cdcd5072bb1864cdee4d3d6e int,
F_e369853df766fa44e1ed0ff613f563bd int,
F_1c383cd30b7c298ab50293adfecb7b18 int,
F_19ca14e7ea6328a42e0eb13d585e4c22 int,
F_a5bfc9e07964f8dddeb95fc584cd965d int,
F_a5771bce93e200c36f7cd9dfd0e5deaa int,
F_d67d8ab4f4c10bf22aa353e27879133c int,
F_d645920e395fedad7bbbed0eca3fe2e0 int,
F_3416a75f4cea9109507cacd8e2f2aefc int,
F_a1d0c6e83f027327d8461063f4ac58a6 int,
F_17e62166fc8586dfa4d1bc0e1742c08b int,
F_f7177163c833dff4b38fc8d2872f1ec6 int,
F_6c8349cc7260ae62e3b1396831a8398f int,
F_d9d4f495e875a2e075a1a4a6e1b9770f int,
F_67c6a1e7ce56d3d6fa748ab6d9af3fd7 int,
F_642e92efb79421734881b53e1e1b18b6 int,
F_f457c545a9ded88f18ecee47145a72c0 int,
F_c0c7c76d30bd3dcaefc96f40275bdc0a int,
F_2838023a778dfaecdc212708f721b788 int,
F_9a1158154dfa42caddbd0694a4e9bdc8 int,
F_d82c8d1619ad8176d665453cfb2e55f0 int,
F_a684eceee76fc522773286a895bc8436 int,
F_b53b3a3d6ab90ce0268229151c9bde11 int,
F_9f61408e3afb633e50cdf1b20de6f466 int,
F_72b32a1f754ba1c09b3695e0cb6cde7f int,
F_66f041e16a60928b05a7e228a89c3799 int,
F_093f65e080a295f8076b1c5722a46aa2 int,
F_072b030ba126b2f4b2374f342be9ed44 int,
F_7f39f8317fbdb1988ef4c628eba02591 int,
F_44f683a84163b3523afe57c2e008bc8c int,
F_03afdbd66e7929b125f8597834fa83a4 int,
F_ea5d2f1c4608232e07d3aa3d998e5135 int,
F_fc490ca45c00b1249bbe3554a4fdf6fb int,
F_3295c76acbf4caaed33c36b1b5fc2cb1 int,
F_735b90b4568125ed6c3f678819b6e058 int,
F_a3f390d88e4c41f2747bfa2f1b5f87db int,
F_14bfa6bb14875e45bba028a21ed38046 int,
F_7cbbc409ec990f19c78c75bd1e06f215 int,
F_e2c420d928d4bf8ce0ff2ec19b371514 int,
F_32bb90e8976aab5298d5da10fe66f21d int,
F_d2ddea18f00665ce8623e36bd4e3c7c5 int,
F_ad61ab143223efbc24c7d2583be69251 int,
F_d09bf41544a3365a46c9077ebb5e35c3 int,
F_fbd7939d674997cdb4692d34de8633c4 int,
F_28dd2c7955ce926456240b2ff0100bde int,
F_35f4a8d465e6e1edc05f3d8ab658c551 int,
F_d1fe173d08e959397adf34b1d77e88d7 int,
F_f033ab37c30201f73f142449d037028d int,
F_43ec517d68b6edd3015b3edc9a11367b int,
F_9778d5d219c5080b9a6a17bef029331c int,
F_fe9fc289c3ff0af142b6d3bead98a923 int,
F_68d30a9594728bc39aa24be94b319d21 int,
F_3ef815416f775098fe977004015c6193 int,
F_93db85ed909c13838ff95ccfa94cebd9 int,
F_c7e1249ffc03eb9ded908c236bd1996d int,
F_2a38a4a9316c49e5a833517c45d31070 int,
F_7647966b7343c29048673252e490f736 int,
F_8613985ec49eb8f757ae6439e879bb2a int,
F_54229abfcfa5649e7003b83dd4755294 int,
F_92cc227532d17e56e07902b254dfad10 int,
F_98dce83da57b0395e163467c9dae521b int,
F_f4b9ec30ad9f68f89b29639786cb62ef int,
F_812b4ba287f5ee0bc9d43bbf5bbe87fb int,
F_26657d5ff9020d2abefe558796b99584 int,
F_e2ef524fbf3d9fe611d5a8e90fefdc9c int,
F_ed3d2c21991e3bef5e069713af9fa6ca int,
F_ac627ab1ccbdb62ec96e702f07f6425b int,
F_f899139df5e1059396431415e770c6dd int,
F_38b3eff8baf56627478ec76a704e9b52 int,
F_ec8956637a99787bd197eacd77acce5e int,
F_6974ce5ac660610b44d9b9fed0ff9548 int,
F_c9e1074f5b3f9fc8ea15d152add07294 int,
F_65b9eea6e1cc6bb9f0cd2a47751a186f int,
F_f0935e4cd5920aa6c7c996a5ee53a70f int,
F_a97da629b098b75c294dffdc3e463904 int,
F_a3c65c2974270fd093ee8a9bf8ae7d0b int,
F_2723d092b63885e0d7c260cc007e8b9d int,
F_5f93f983524def3dca464469d2cf9f3e int,
F_698d51a19d8a121ce581499d7b701668 int,
F_7f6ffaa6bb0b408017b62254211691b5 int,
F_73278a4a86960eeb576a8fd4c9ec6997 int,
F_5fd0b37cd7dbbb00f97ba6ce92bf5add int,
F_2b44928ae11fb9384c4cf38708677c48 int,
F_c45147dee729311ef5b5c3003946c48f int,
F_eb160de1de89d9058fcb0b968dbbbd68 int,
F_5ef059938ba799aaa845e1c2e8a762bd int,
F_07e1cd7dca89a1678042477183b7ac3f int,
F_da4fb5c6e93e74d3df8527599fa62642 int,
F_4c56ff4ce4aaf9573aa5dff913df997a int,
F_a0a080f42e6f13b3a2df133f073095dd int,
F_202cb962ac59075b964b07152d234b70 int,
F_c8ffe9a587b126f152ed3d89a146b445 int,
F_3def184ad8f4755ff269862ea77393dd int,
F_069059b7ef840f0c74a814ec9237b6ec int,
F_ec5decca5ed3d6b8079e2e7e7bacc9f2 int,
F_76dc611d6ebaafc66cc0879c71b5db5c int,
F_d1f491a404d6854880943e5c3cd9ca25 int,
F_9b8619251a19057cff70779273e95aa6 int,
F_1afa34a7f984eeabdbb0a7d494132ee5 int,
F_65ded5353c5ee48d0b7d48c591b8f430 int,
F_9fc3d7152ba9336a670e36d0ed79bc43 int,
F_02522a2b2726fb0a03bb19f2d8d9524d int,
F_7f1de29e6da19d22b51c68001e7e0e54 int,
F_42a0e188f5033bc65bf8d78622277c4e int,
F_3988c7f88ebcb58c6ce932b957b6f332 int,
F_013d407166ec4fa56eb1e1f8cbe183b9 int,
F_e00da03b685a0dd18fb6a08af0923de0 int,
F_1385974ed5904a438616ff7bdb3f7439 int,
F_0f28b5d49b3020afeecd95b4009adf4c int,
F_a8baa56554f96369ab93e4f3bb068c22 int,
F_903ce9225fca3e988c2af215d4e544d3 int,
F_0a09c8844ba8f0936c20bd791130d6b6 int,
F_2b24d495052a8ce66358eb576b8912c8 int,
F_a5e00132373a7031000fd987a3c9f87b int,
F_8d5e957f297893487bd98fa830fa6413 int,
F_47d1e990583c9c67424d369f3414728e int,
F_f2217062e9a397a1dca429e7d70bc6ca int,
F_7ef605fc8dba5425d6965fbd4c8fbe1f int,
F_a8f15eda80c50adb0e71943adc8015cf int,
F_37a749d808e46495a8da1e5352d03cae int,
F_b3e3e393c77e35a4a3f3cbd1e429b5dc int,
F_1d7f7abc18fcb43975065399b0d1e48e int,
F_2a79ea27c279e471f4d180b08d62b00a int,
F_1c9ac0159c94d8d0cbedc973445af2da int,
F_6c4b761a28b734fe93831e3fb400ce87 int,
F_06409663226af2f3114485aa4e0a23b4 int,
F_140f6969d5213fd0ece03148e62e461e int,
F_b73ce398c39f506af761d2277d853a92 int,
F_bd4c9ab730f5513206b999ec0d90d1fb int,
F_82aa4b0af34c2313a562076992e50aa3 int,
F_0777d5c17d4066b82ab86dff8a46af6f int,
F_fa7cdfad1a5aaf8370ebeda47a1ff1c3 int,
F_9766527f2b5d3e95d4a733fcfb77bd7e int,
F_7e7757b1e12abcb736ab9a754ffb617a int,
F_5878a7ab84fb43402106c575658472fa int,
F_006f52e9102a8d3be2fe5614f42ba989 int,
F_3636638817772e42b59d74cff571fbb3 int,
F_149e9677a5989fd342ae44213df68868 int,
F_a4a042cf4fd6bfb47701cbc8a1653ada int,
F_1ff8a7b5dc7a7d1f0ed65aaa29c04b1e int,
F_f7e6c85504ce6e82442c770f7c8606f0 int,
F_bf8229696f7a3bb4700cfddef19fa23f int,
F_82161242827b703e6acf9c726942a1e4 int,
F_38af86134b65d0f10fe33d30dd76442e int,
F_96da2f590cd7246bbde0051047b0d6f7 int,
F_8f85517967795eeef66c225f7883bdcb int,
F_8f53295a73878494e9bc8dd6c3c7104f int,
F_045117b0e0a11a242b9765e79cbf113f int,
F_fc221309746013ac554571fbd180e1c8 int,
F_4c5bde74a8f110656874902f07378009 int,
F_cedebb6e872f539bef8c3f919874e9d7 int,
F_6cdd60ea0045eb7a6ec44c54d29ed402 int,
F_eecca5b6365d9607ee5a9d336962c534 int,
F_9872ed9fc22fc182d371c3e9ed316094 int,
F_31fefc0e570cb3860f2a6d4b38c6490d int,
F_9dcb88e0137649590b755372b040afad int,
F_a2557a7b2e94197ff767970b67041697 int,
F_cfecdb276f634854f3ef915e2e980c31 int,
F_0aa1883c6411f7873cb83dacb17b0afc int,
F_58a2fc6ed39fd083f55d4182bf88826d int,
F_bd686fd640be98efaae0091fa301e613 int,
F_a597e50502f5ff68e3e25b9114205d4a int,
F_0336dcbab05b9d5ad24f4333c7658a0e int,
F_084b6fbb10729ed4da8c3d3f5a3ae7c9 int,
F_85d8ce590ad8981ca2c8286f79f59954 int,
F_0e65972dce68dad4d52d063967f0a705 int,
F_84d9ee44e457ddef7f2c4f25dc8fa865 int,
F_3644a684f98ea8fe223c713b77189a77 int,
F_757b505cfd34c64c85ca5b5690ee5293 int,
F_854d6fae5ee42911677c739ee1734486 int,
F_e2c0be24560d78c5e599c2a9c9d0bbd2 int,
F_274ad4786c3abca69fa097b85867d9a4 int,
F_eae27d77ca20db309e056e3d2dcd7d69 int,
F_7eabe3a1649ffa2b3ff8c02ebfd5659f int,
F_69adc1e107f7f7d035d7baf04342e1ca int,
F_091d584fced301b442654dd8c23b3fc9 int,
F_b1d10e7bafa4421218a51b1e1f1b0ba2 int,
F_6f3ef77ac0e3619e98159e9b6febf557 int,
F_eb163727917cbba1eea208541a643e74 int,
F_1534b76d325a8f591b52d302e7181331 int,
F_979d472a84804b9f647bc185a877a8b5 int,
F_ca46c1b9512a7a8315fa3c5a946e8265 int,
F_3b8a614226a953a8cd9526fca6fe9ba5 int,
F_45fbc6d3e05ebd93369ce542e8f2322d int,
F_63dc7ed1010d3c3b8269faf0ba7491d4 int,
F_e96ed478dab8595a7dbda4cbcbee168f int,
F_c0e190d8267e36708f955d7ab048990d int,
F_ec8ce6abb3e952a85b8551ba726a1227 int,
F_060ad92489947d410d897474079c1477 int,
F_bcbe3365e6ac95ea2c0343a2395834dd int,
F_115f89503138416a242f40fb7d7f338e int,
F_13fe9d84310e77f13a6d184dbf1232f3 int,
F_d1c38a09acc34845c6be3a127a5aacaf int,
F_9cfdf10e8fc047a44b08ed031e1f0ed1 int,
F_705f2172834666788607efbfca35afb3 int,
F_74db120f0a8e5646ef5a30154e9f6deb int,
F_57aeee35c98205091e18d1140e9f38cf int,
F_6da9003b743b65f4c0ccd295cc484e57 int,
F_9b04d152845ec0a378394003c96da594 int,
F_be83ab3ecd0db773eb2dc1b0a17836a1 int,
F_e165421110ba03099a1c0393373c5b43 int,
F_289dff07669d7a23de0ef88d2f7129e7 int,
F_577ef1154f3240ad5b9b413aa7346a1e int,
F_01161aaa0b6d1345dd8fe4e481144d84 int,
F_539fd53b59e3bb12d203f45a912eeaf2 int,
F_ac1dd209cbcc5e5d1c6e28598e8cbbe8 int,
F_555d6702c950ecb729a966504af0a635 int,
F_335f5352088d7d9bf74191e006d8e24c int,
F_f340f1b1f65b6df5b5e3f94d95b11daf int,
F_e4a6222cdb5b34375400904f03d8e6a5 int,
F_cb70ab375662576bd1ac5aaf16b3fca4 int,
F_9188905e74c28e489b44e954ec0b9bca int,
F_0266e33d3f546cb5436a10798e657d97 int,
F_38db3aed920cf82ab059bfccbd02be6a int,
F_3cec07e9ba5f5bb252d13f5f431e4bbb int,
F_621bf66ddb7c962aa0d22ac97d69b793 int,
F_077e29b11be80ab57e1a2ecabb7da330 int,
F_6c9882bbac1c7093bd25041881277658 int,
F_19f3cd308f1455b3fa09a282e0d496f4 int,
F_03c6b06952c750899bb03d998e631860 int,
F_c24cd76e1ce41366a4bbe8a49b02a028 int,
F_c52f1bd66cc19d05628bd8bf27af3ad6 int,
F_fe131d7f5a6b38b23cc967316c13dae2 int,
F_f718499c1c8cef6730f9fd03c8125cab int,
F_d96409bf894217686ba124d7356686c9 int,
F_502e4a16930e414107ee22b6198c578f int,
F_cfa0860e83a4c3a763a7e62d825349f7 int,
F_a4f23670e1833f3fdb077ca70bbd5d66 int,
F_b1a59b315fc9a3002ce38bbe070ec3f5 int,
F_36660e59856b4de58a219bcf4e27eba3 int,
F_8c19f571e251e61cb8dd3612f26d5ecf int,
F_d6baf65e0b240ce177cf70da146c8dc8 int,
F_e56954b4f6347e897f954495eab16a88 int,
F_f7664060cc52bc6f3d620bcedc94a4b6 int,
F_eda80a3d5b344bc40f3bc04f65b7a357 int,
F_8f121ce07d74717e0b1f21d122e04521 int,
F_06138bc5af6023646ede0e1f7c1eac75 int,
F_39059724f73a9969845dfe4146c5660e int,
F_7f100b7b36092fb9b06dfb4fac360931 int,
F_7a614fd06c325499f1680b9896beedeb int,
F_4734ba6f3de83d861c3176a6273cac6d int,
F_d947bf06a885db0d477d707121934ff8 int,
F_63923f49e5241343aa7acb6a06a751e7 int,
F_db8e1af0cb3aca1ae2d0018624204529 int,
F_20f07591c6fcb220ffe637cda29bb3f6 int,
F_07cdfd23373b17c6b337251c22b7ea57 int,
F_d395771085aab05244a4fb8fd91bf4ee int,
F_92c8c96e4c37100777c7190b76d28233 int,
F_e3796ae838835da0b6f6ea37bcf8bcb7 int,
F_6a9aeddfc689c1d0e3b9ccc3ab651bc5 int,
F_0f49c89d1e7298bb9930789c8ed59d48 int,
F_46ba9f2a6976570b0353203ec4474217 int,
F_0e01938fc48a2cfb5f2217fbfb00722d int,
F_16a5cdae362b8d27a1d8f8c7b78b4330 int,
F_918317b57931b6b7a7d29490fe5ec9f9 int,
F_48aedb8880cab8c45637abc7493ecddd int,
F_839ab46820b524afda05122893c2fe8e int,
F_f90f2aca5c640289d0a29417bcb63a37 int,
F_9c838d2e45b2ad1094d42f4ef36764f6 int,
F_1700002963a49da13542e0726b7bb758 int,
F_53c3bce66e43be4f209556518c2fcb54 int,
F_6883966fd8f918a4aa29be29d2c386fb int,
F_49182f81e6a13cf5eaa496d51fea6406 int,
F_d296c101daa88a51f6ca8cfc1ac79b50 int,
F_9fd81843ad7f202f26c1a174c7357585 int,
F_26e359e83860db1d11b6acca57d8ea88 int,
F_ef0d3930a7b6c95bd2b32ed45989c61f int,
F_94f6d7e04a4d452035300f18b984988c int,
F_34ed066df378efacc9b924ec161e7639 int,
F_577bcc914f9e55d5e4e4f82f9f00e7d4 int,
F_11b9842e0a271ff252c1903e7132cd68 int,
F_37bc2f75bf1bcfe8450a1a41c200364c int,
F_496e05e1aea0a9c4655800e8a7b9ea28 int,
F_b2eb7349035754953b57a32e2841bda5 int,
F_8e98d81f8217304975ccb23337bb5761 int,
F_a8c88a0055f636e4a163a5e3d16adab7 int,
F_eddea82ad2755b24c4e168c5fc2ebd40 int,
F_06eb61b839a0cefee4967c67ccb099dc int,
F_9dfcd5e558dfa04aaf37f137a1d9d3e5 int,
F_950a4152c2b4aa3ad78bdd6b366cc179 int,
F_158f3069a435b314a80bdcb024f8e422 int,
F_758874998f5bd0c393da094e1967a72b int,
F_ad13a2a07ca4b7642959dc0c4c740ab6 int,
F_3fe94a002317b5f9259f82690aeea4cd int,
F_5b8add2a5d98b1a652ea7fd72d942dac int,
F_432aca3a1e345e339f35a30c8f65edce int,
F_8d3bba7425e7c98c50f52ca1b52d3735 int,
F_320722549d1751cf3f247855f937b982 int,
F_caf1a3dfb505ffed0d024130f58c5cfa int,
F_5737c6ec2e0716f3d8a7a5c4e0de0d9a int,
F_bc6dc48b743dc5d013b1abaebd2faed2 int,
F_f2fc990265c712c49d51a18a32b39f0c int,
F_89f0fd5c927d466d6ec9a21b9ac34ffa int,
F_a666587afda6e89aec274a3657558a27 int,
F_b83aac23b9528732c23cc7352950e880 int,
F_cd00692c3bfe59267d5ecfac5310286c int,
F_6faa8040da20ef399b63a72d0e4ab575 int,
F_fe73f687e5bc5280214e0486b273a5f9 int);
insert into t1 (F_8d3bba7425e7c98c50f52ca1b52d3735) values (1);

/*!40101 SET @OLD_CHARACTER_SET_CLIENT=@@CHARACTER_SET_CLIENT */;
/*!40101 SET @OLD_CHARACTER_SET_RESULTS=@@CHARACTER_SET_RESULTS */;
/*!40101 SET @OLD_COLLATION_CONNECTION=@@COLLATION_CONNECTION */;
/*!40101 SET NAMES utf8 */;
/*!40103 SET @OLD_TIME_ZONE=@@TIME_ZONE */;
/*!40103 SET TIME_ZONE='+00:00' */;
/*!40014 SET @OLD_UNIQUE_CHECKS=@@UNIQUE_CHECKS, UNIQUE_CHECKS=0 */;
/*!40014 SET @OLD_FOREIGN_KEY_CHECKS=@@FOREIGN_KEY_CHECKS, FOREIGN_KEY_CHECKS=0 */;
/*!40101 SET @OLD_SQL_MODE=@@SQL_MODE, SQL_MODE='NO_AUTO_VALUE_ON_ZERO' */;
/*!40111 SET @OLD_SQL_NOTES=@@SQL_NOTES, SQL_NOTES=0 */;
DROP TABLE IF EXISTS `t1`;
CREATE TABLE `t1` (
  `F_c4ca4238a0b923820dcc509a6f75849b` int(11) default NULL,
  `F_c81e728d9d4c2f636f067f89cc14862c` int(11) default NULL,
  `F_eccbc87e4b5ce2fe28308fd9f2a7baf3` int(11) default NULL,
  `F_a87ff679a2f3e71d9181a67b7542122c` int(11) default NULL,
  `F_e4da3b7fbbce2345d7772b0674a318d5` int(11) default NULL,
  `F_1679091c5a880faf6fb5e6087eb1b2dc` int(11) default NULL,
  `F_8f14e45fceea167a5a36dedd4bea2543` int(11) default NULL,
  `F_c9f0f895fb98ab9159f51fd0297e236d` int(11) default NULL,
  `F_45c48cce2e2d7fbdea1afc51c7c6ad26` int(11) default NULL,
  `F_d3d9446802a44259755d38e6d163e820` int(11) default NULL,
  `F_6512bd43d9caa6e02c990b0a82652dca` int(11) default NULL,
  `F_c20ad4d76fe97759aa27a0c99bff6710` int(11) default NULL,
  `F_c51ce410c124a10e0db5e4b97fc2af39` int(11) default NULL,
  `F_aab3238922bcc25a6f606eb525ffdc56` int(11) default NULL,
  `F_9bf31c7ff062936a96d3c8bd1f8f2ff3` int(11) default NULL,
  `F_c74d97b01eae257e44aa9d5bade97baf` int(11) default NULL,
  `F_70efdf2ec9b086079795c442636b55fb` int(11) default NULL,
  `F_6f4922f45568161a8cdf4ad2299f6d23` int(11) default NULL,
  `F_1f0e3dad99908345f7439f8ffabdffc4` int(11) default NULL,
  `F_98f13708210194c475687be6106a3b84` int(11) default NULL,
  `F_3c59dc048e8850243be8079a5c74d079` int(11) default NULL,
  `F_b6d767d2f8ed5d21a44b0e5886680cb9` int(11) default NULL,
  `F_37693cfc748049e45d87b8c7d8b9aacd` int(11) default NULL,
  `F_1ff1de774005f8da13f42943881c655f` int(11) default NULL,
  `F_8e296a067a37563370ded05f5a3bf3ec` int(11) default NULL,
  `F_4e732ced3463d06de0ca9a15b6153677` int(11) default NULL,
  `F_02e74f10e0327ad868d138f2b4fdd6f0` int(11) default NULL,
  `F_33e75ff09dd601bbe69f351039152189` int(11) default NULL,
  `F_6ea9ab1baa0efb9e19094440c317e21b` int(11) default NULL,
  `F_34173cb38f07f89ddbebc2ac9128303f` int(11) default NULL,
  `F_c16a5320fa475530d9583c34fd356ef5` int(11) default NULL,
  `F_6364d3f0f495b6ab9dcf8d3b5c6e0b01` int(11) default NULL,
  `F_182be0c5cdcd5072bb1864cdee4d3d6e` int(11) default NULL,
  `F_e369853df766fa44e1ed0ff613f563bd` int(11) default NULL,
  `F_1c383cd30b7c298ab50293adfecb7b18` int(11) default NULL,
  `F_19ca14e7ea6328a42e0eb13d585e4c22` int(11) default NULL,
  `F_a5bfc9e07964f8dddeb95fc584cd965d` int(11) default NULL,
  `F_a5771bce93e200c36f7cd9dfd0e5deaa` int(11) default NULL,
  `F_d67d8ab4f4c10bf22aa353e27879133c` int(11) default NULL,
  `F_d645920e395fedad7bbbed0eca3fe2e0` int(11) default NULL,
  `F_3416a75f4cea9109507cacd8e2f2aefc` int(11) default NULL,
  `F_a1d0c6e83f027327d8461063f4ac58a6` int(11) default NULL,
  `F_17e62166fc8586dfa4d1bc0e1742c08b` int(11) default NULL,
  `F_f7177163c833dff4b38fc8d2872f1ec6` int(11) default NULL,
  `F_6c8349cc7260ae62e3b1396831a8398f` int(11) default NULL,
  `F_d9d4f495e875a2e075a1a4a6e1b9770f` int(11) default NULL,
  `F_67c6a1e7ce56d3d6fa748ab6d9af3fd7` int(11) default NULL,
  `F_642e92efb79421734881b53e1e1b18b6` int(11) default NULL,
  `F_f457c545a9ded88f18ecee47145a72c0` int(11) default NULL,
  `F_c0c7c76d30bd3dcaefc96f40275bdc0a` int(11) default NULL,
  `F_2838023a778dfaecdc212708f721b788` int(11) default NULL,
  `F_9a1158154dfa42caddbd0694a4e9bdc8` int(11) default NULL,
  `F_d82c8d1619ad8176d665453cfb2e55f0` int(11) default NULL,
  `F_a684eceee76fc522773286a895bc8436` int(11) default NULL,
  `F_b53b3a3d6ab90ce0268229151c9bde11` int(11) default NULL,
  `F_9f61408e3afb633e50cdf1b20de6f466` int(11) default NULL,
  `F_72b32a1f754ba1c09b3695e0cb6cde7f` int(11) default NULL,
  `F_66f041e16a60928b05a7e228a89c3799` int(11) default NULL,
  `F_093f65e080a295f8076b1c5722a46aa2` int(11) default NULL,
  `F_072b030ba126b2f4b2374f342be9ed44` int(11) default NULL,
  `F_7f39f8317fbdb1988ef4c628eba02591` int(11) default NULL,
  `F_44f683a84163b3523afe57c2e008bc8c` int(11) default NULL,
  `F_03afdbd66e7929b125f8597834fa83a4` int(11) default NULL,
  `F_ea5d2f1c4608232e07d3aa3d998e5135` int(11) default NULL,
  `F_fc490ca45c00b1249bbe3554a4fdf6fb` int(11) default NULL,
  `F_3295c76acbf4caaed33c36b1b5fc2cb1` int(11) default NULL,
  `F_735b90b4568125ed6c3f678819b6e058` int(11) default NULL,
  `F_a3f390d88e4c41f2747bfa2f1b5f87db` int(11) default NULL,
  `F_14bfa6bb14875e45bba028a21ed38046` int(11) default NULL,
  `F_7cbbc409ec990f19c78c75bd1e06f215` int(11) default NULL,
  `F_e2c420d928d4bf8ce0ff2ec19b371514` int(11) default NULL,
  `F_32bb90e8976aab5298d5da10fe66f21d` int(11) default NULL,
  `F_d2ddea18f00665ce8623e36bd4e3c7c5` int(11) default NULL,
  `F_ad61ab143223efbc24c7d2583be69251` int(11) default NULL,
  `F_d09bf41544a3365a46c9077ebb5e35c3` int(11) default NULL,
  `F_fbd7939d674997cdb4692d34de8633c4` int(11) default NULL,
  `F_28dd2c7955ce926456240b2ff0100bde` int(11) default NULL,
  `F_35f4a8d465e6e1edc05f3d8ab658c551` int(11) default NULL,
  `F_d1fe173d08e959397adf34b1d77e88d7` int(11) default NULL,
  `F_f033ab37c30201f73f142449d037028d` int(11) default NULL,
  `F_43ec517d68b6edd3015b3edc9a11367b` int(11) default NULL,
  `F_9778d5d219c5080b9a6a17bef029331c` int(11) default NULL,
  `F_fe9fc289c3ff0af142b6d3bead98a923` int(11) default NULL,
  `F_68d30a9594728bc39aa24be94b319d21` int(11) default NULL,
  `F_3ef815416f775098fe977004015c6193` int(11) default NULL,
  `F_93db85ed909c13838ff95ccfa94cebd9` int(11) default NULL,
  `F_c7e1249ffc03eb9ded908c236bd1996d` int(11) default NULL,
  `F_2a38a4a9316c49e5a833517c45d31070` int(11) default NULL,
  `F_7647966b7343c29048673252e490f736` int(11) default NULL,
  `F_8613985ec49eb8f757ae6439e879bb2a` int(11) default NULL,
  `F_54229abfcfa5649e7003b83dd4755294` int(11) default NULL,
  `F_92cc227532d17e56e07902b254dfad10` int(11) default NULL,
  `F_98dce83da57b0395e163467c9dae521b` int(11) default NULL,
  `F_f4b9ec30ad9f68f89b29639786cb62ef` int(11) default NULL,
  `F_812b4ba287f5ee0bc9d43bbf5bbe87fb` int(11) default NULL,
  `F_26657d5ff9020d2abefe558796b99584` int(11) default NULL,
  `F_e2ef524fbf3d9fe611d5a8e90fefdc9c` int(11) default NULL,
  `F_ed3d2c21991e3bef5e069713af9fa6ca` int(11) default NULL,
  `F_ac627ab1ccbdb62ec96e702f07f6425b` int(11) default NULL,
  `F_f899139df5e1059396431415e770c6dd` int(11) default NULL,
  `F_38b3eff8baf56627478ec76a704e9b52` int(11) default NULL,
  `F_ec8956637a99787bd197eacd77acce5e` int(11) default NULL,
  `F_6974ce5ac660610b44d9b9fed0ff9548` int(11) default NULL,
  `F_c9e1074f5b3f9fc8ea15d152add07294` int(11) default NULL,
  `F_65b9eea6e1cc6bb9f0cd2a47751a186f` int(11) default NULL,
  `F_f0935e4cd5920aa6c7c996a5ee53a70f` int(11) default NULL,
  `F_a97da629b098b75c294dffdc3e463904` int(11) default NULL,
  `F_a3c65c2974270fd093ee8a9bf8ae7d0b` int(11) default NULL,
  `F_2723d092b63885e0d7c260cc007e8b9d` int(11) default NULL,
  `F_5f93f983524def3dca464469d2cf9f3e` int(11) default NULL,
  `F_698d51a19d8a121ce581499d7b701668` int(11) default NULL,
  `F_7f6ffaa6bb0b408017b62254211691b5` int(11) default NULL,
  `F_73278a4a86960eeb576a8fd4c9ec6997` int(11) default NULL,
  `F_5fd0b37cd7dbbb00f97ba6ce92bf5add` int(11) default NULL,
  `F_2b44928ae11fb9384c4cf38708677c48` int(11) default NULL,
  `F_c45147dee729311ef5b5c3003946c48f` int(11) default NULL,
  `F_eb160de1de89d9058fcb0b968dbbbd68` int(11) default NULL,
  `F_5ef059938ba799aaa845e1c2e8a762bd` int(11) default NULL,
  `F_07e1cd7dca89a1678042477183b7ac3f` int(11) default NULL,
  `F_da4fb5c6e93e74d3df8527599fa62642` int(11) default NULL,
  `F_4c56ff4ce4aaf9573aa5dff913df997a` int(11) default NULL,
  `F_a0a080f42e6f13b3a2df133f073095dd` int(11) default NULL,
  `F_202cb962ac59075b964b07152d234b70` int(11) default NULL,
  `F_c8ffe9a587b126f152ed3d89a146b445` int(11) default NULL,
  `F_3def184ad8f4755ff269862ea77393dd` int(11) default NULL,
  `F_069059b7ef840f0c74a814ec9237b6ec` int(11) default NULL,
  `F_ec5decca5ed3d6b8079e2e7e7bacc9f2` int(11) default NULL,
  `F_76dc611d6ebaafc66cc0879c71b5db5c` int(11) default NULL,
  `F_d1f491a404d6854880943e5c3cd9ca25` int(11) default NULL,
  `F_9b8619251a19057cff70779273e95aa6` int(11) default NULL,
  `F_1afa34a7f984eeabdbb0a7d494132ee5` int(11) default NULL,
  `F_65ded5353c5ee48d0b7d48c591b8f430` int(11) default NULL,
  `F_9fc3d7152ba9336a670e36d0ed79bc43` int(11) default NULL,
  `F_02522a2b2726fb0a03bb19f2d8d9524d` int(11) default NULL,
  `F_7f1de29e6da19d22b51c68001e7e0e54` int(11) default NULL,
  `F_42a0e188f5033bc65bf8d78622277c4e` int(11) default NULL,
  `F_3988c7f88ebcb58c6ce932b957b6f332` int(11) default NULL,
  `F_013d407166ec4fa56eb1e1f8cbe183b9` int(11) default NULL,
  `F_e00da03b685a0dd18fb6a08af0923de0` int(11) default NULL,
  `F_1385974ed5904a438616ff7bdb3f7439` int(11) default NULL,
  `F_0f28b5d49b3020afeecd95b4009adf4c` int(11) default NULL,
  `F_a8baa56554f96369ab93e4f3bb068c22` int(11) default NULL,
  `F_903ce9225fca3e988c2af215d4e544d3` int(11) default NULL,
  `F_0a09c8844ba8f0936c20bd791130d6b6` int(11) default NULL,
  `F_2b24d495052a8ce66358eb576b8912c8` int(11) default NULL,
  `F_a5e00132373a7031000fd987a3c9f87b` int(11) default NULL,
  `F_8d5e957f297893487bd98fa830fa6413` int(11) default NULL,
  `F_47d1e990583c9c67424d369f3414728e` int(11) default NULL,
  `F_f2217062e9a397a1dca429e7d70bc6ca` int(11) default NULL,
  `F_7ef605fc8dba5425d6965fbd4c8fbe1f` int(11) default NULL,
  `F_a8f15eda80c50adb0e71943adc8015cf` int(11) default NULL,
  `F_37a749d808e46495a8da1e5352d03cae` int(11) default NULL,
  `F_b3e3e393c77e35a4a3f3cbd1e429b5dc` int(11) default NULL,
  `F_1d7f7abc18fcb43975065399b0d1e48e` int(11) default NULL,
  `F_2a79ea27c279e471f4d180b08d62b00a` int(11) default NULL,
  `F_1c9ac0159c94d8d0cbedc973445af2da` int(11) default NULL,
  `F_6c4b761a28b734fe93831e3fb400ce87` int(11) default NULL,
  `F_06409663226af2f3114485aa4e0a23b4` int(11) default NULL,
  `F_140f6969d5213fd0ece03148e62e461e` int(11) default NULL,
  `F_b73ce398c39f506af761d2277d853a92` int(11) default NULL,
  `F_bd4c9ab730f5513206b999ec0d90d1fb` int(11) default NULL,
  `F_82aa4b0af34c2313a562076992e50aa3` int(11) default NULL,
  `F_0777d5c17d4066b82ab86dff8a46af6f` int(11) default NULL,
  `F_fa7cdfad1a5aaf8370ebeda47a1ff1c3` int(11) default NULL,
  `F_9766527f2b5d3e95d4a733fcfb77bd7e` int(11) default NULL,
  `F_7e7757b1e12abcb736ab9a754ffb617a` int(11) default NULL,
  `F_5878a7ab84fb43402106c575658472fa` int(11) default NULL,
  `F_006f52e9102a8d3be2fe5614f42ba989` int(11) default NULL,
  `F_3636638817772e42b59d74cff571fbb3` int(11) default NULL,
  `F_149e9677a5989fd342ae44213df68868` int(11) default NULL,
  `F_a4a042cf4fd6bfb47701cbc8a1653ada` int(11) default NULL,
  `F_1ff8a7b5dc7a7d1f0ed65aaa29c04b1e` int(11) default NULL,
  `F_f7e6c85504ce6e82442c770f7c8606f0` int(11) default NULL,
  `F_bf8229696f7a3bb4700cfddef19fa23f` int(11) default NULL,
  `F_82161242827b703e6acf9c726942a1e4` int(11) default NULL,
  `F_38af86134b65d0f10fe33d30dd76442e` int(11) default NULL,
  `F_96da2f590cd7246bbde0051047b0d6f7` int(11) default NULL,
  `F_8f85517967795eeef66c225f7883bdcb` int(11) default NULL,
  `F_8f53295a73878494e9bc8dd6c3c7104f` int(11) default NULL,
  `F_045117b0e0a11a242b9765e79cbf113f` int(11) default NULL,
  `F_fc221309746013ac554571fbd180e1c8` int(11) default NULL,
  `F_4c5bde74a8f110656874902f07378009` int(11) default NULL,
  `F_cedebb6e872f539bef8c3f919874e9d7` int(11) default NULL,
  `F_6cdd60ea0045eb7a6ec44c54d29ed402` int(11) default NULL,
  `F_eecca5b6365d9607ee5a9d336962c534` int(11) default NULL,
  `F_9872ed9fc22fc182d371c3e9ed316094` int(11) default NULL,
  `F_31fefc0e570cb3860f2a6d4b38c6490d` int(11) default NULL,
  `F_9dcb88e0137649590b755372b040afad` int(11) default NULL,
  `F_a2557a7b2e94197ff767970b67041697` int(11) default NULL,
  `F_cfecdb276f634854f3ef915e2e980c31` int(11) default NULL,
  `F_0aa1883c6411f7873cb83dacb17b0afc` int(11) default NULL,
  `F_58a2fc6ed39fd083f55d4182bf88826d` int(11) default NULL,
  `F_bd686fd640be98efaae0091fa301e613` int(11) default NULL,
  `F_a597e50502f5ff68e3e25b9114205d4a` int(11) default NULL,
  `F_0336dcbab05b9d5ad24f4333c7658a0e` int(11) default NULL,
  `F_084b6fbb10729ed4da8c3d3f5a3ae7c9` int(11) default NULL,
  `F_85d8ce590ad8981ca2c8286f79f59954` int(11) default NULL,
  `F_0e65972dce68dad4d52d063967f0a705` int(11) default NULL,
  `F_84d9ee44e457ddef7f2c4f25dc8fa865` int(11) default NULL,
  `F_3644a684f98ea8fe223c713b77189a77` int(11) default NULL,
  `F_757b505cfd34c64c85ca5b5690ee5293` int(11) default NULL,
  `F_854d6fae5ee42911677c739ee1734486` int(11) default NULL,
  `F_e2c0be24560d78c5e599c2a9c9d0bbd2` int(11) default NULL,
  `F_274ad4786c3abca69fa097b85867d9a4` int(11) default NULL,
  `F_eae27d77ca20db309e056e3d2dcd7d69` int(11) default NULL,
  `F_7eabe3a1649ffa2b3ff8c02ebfd5659f` int(11) default NULL,
  `F_69adc1e107f7f7d035d7baf04342e1ca` int(11) default NULL,
  `F_091d584fced301b442654dd8c23b3fc9` int(11) default NULL,
  `F_b1d10e7bafa4421218a51b1e1f1b0ba2` int(11) default NULL,
  `F_6f3ef77ac0e3619e98159e9b6febf557` int(11) default NULL,
  `F_eb163727917cbba1eea208541a643e74` int(11) default NULL,
  `F_1534b76d325a8f591b52d302e7181331` int(11) default NULL,
  `F_979d472a84804b9f647bc185a877a8b5` int(11) default NULL,
  `F_ca46c1b9512a7a8315fa3c5a946e8265` int(11) default NULL,
  `F_3b8a614226a953a8cd9526fca6fe9ba5` int(11) default NULL,
  `F_45fbc6d3e05ebd93369ce542e8f2322d` int(11) default NULL,
  `F_63dc7ed1010d3c3b8269faf0ba7491d4` int(11) default NULL,
  `F_e96ed478dab8595a7dbda4cbcbee168f` int(11) default NULL,
  `F_c0e190d8267e36708f955d7ab048990d` int(11) default NULL,
  `F_ec8ce6abb3e952a85b8551ba726a1227` int(11) default NULL,
  `F_060ad92489947d410d897474079c1477` int(11) default NULL,
  `F_bcbe3365e6ac95ea2c0343a2395834dd` int(11) default NULL,
  `F_115f89503138416a242f40fb7d7f338e` int(11) default NULL,
  `F_13fe9d84310e77f13a6d184dbf1232f3` int(11) default NULL,
  `F_d1c38a09acc34845c6be3a127a5aacaf` int(11) default NULL,
  `F_9cfdf10e8fc047a44b08ed031e1f0ed1` int(11) default NULL,
  `F_705f2172834666788607efbfca35afb3` int(11) default NULL,
  `F_74db120f0a8e5646ef5a30154e9f6deb` int(11) default NULL,
  `F_57aeee35c98205091e18d1140e9f38cf` int(11) default NULL,
  `F_6da9003b743b65f4c0ccd295cc484e57` int(11) default NULL,
  `F_9b04d152845ec0a378394003c96da594` int(11) default NULL,
  `F_be83ab3ecd0db773eb2dc1b0a17836a1` int(11) default NULL,
  `F_e165421110ba03099a1c0393373c5b43` int(11) default NULL,
  `F_289dff07669d7a23de0ef88d2f7129e7` int(11) default NULL,
  `F_577ef1154f3240ad5b9b413aa7346a1e` int(11) default NULL,
  `F_01161aaa0b6d1345dd8fe4e481144d84` int(11) default NULL,
  `F_539fd53b59e3bb12d203f45a912eeaf2` int(11) default NULL,
  `F_ac1dd209cbcc5e5d1c6e28598e8cbbe8` int(11) default NULL,
  `F_555d6702c950ecb729a966504af0a635` int(11) default NULL,
  `F_335f5352088d7d9bf74191e006d8e24c` int(11) default NULL,
  `F_f340f1b1f65b6df5b5e3f94d95b11daf` int(11) default NULL,
  `F_e4a6222cdb5b34375400904f03d8e6a5` int(11) default NULL,
  `F_cb70ab375662576bd1ac5aaf16b3fca4` int(11) default NULL,
  `F_9188905e74c28e489b44e954ec0b9bca` int(11) default NULL,
  `F_0266e33d3f546cb5436a10798e657d97` int(11) default NULL,
  `F_38db3aed920cf82ab059bfccbd02be6a` int(11) default NULL,
  `F_3cec07e9ba5f5bb252d13f5f431e4bbb` int(11) default NULL,
  `F_621bf66ddb7c962aa0d22ac97d69b793` int(11) default NULL,
  `F_077e29b11be80ab57e1a2ecabb7da330` int(11) default NULL,
  `F_6c9882bbac1c7093bd25041881277658` int(11) default NULL,
  `F_19f3cd308f1455b3fa09a282e0d496f4` int(11) default NULL,
  `F_03c6b06952c750899bb03d998e631860` int(11) default NULL,
  `F_c24cd76e1ce41366a4bbe8a49b02a028` int(11) default NULL,
  `F_c52f1bd66cc19d05628bd8bf27af3ad6` int(11) default NULL,
  `F_fe131d7f5a6b38b23cc967316c13dae2` int(11) default NULL,
  `F_f718499c1c8cef6730f9fd03c8125cab` int(11) default NULL,
  `F_d96409bf894217686ba124d7356686c9` int(11) default NULL,
  `F_502e4a16930e414107ee22b6198c578f` int(11) default NULL,
  `F_cfa0860e83a4c3a763a7e62d825349f7` int(11) default NULL,
  `F_a4f23670e1833f3fdb077ca70bbd5d66` int(11) default NULL,
  `F_b1a59b315fc9a3002ce38bbe070ec3f5` int(11) default NULL,
  `F_36660e59856b4de58a219bcf4e27eba3` int(11) default NULL,
  `F_8c19f571e251e61cb8dd3612f26d5ecf` int(11) default NULL,
  `F_d6baf65e0b240ce177cf70da146c8dc8` int(11) default NULL,
  `F_e56954b4f6347e897f954495eab16a88` int(11) default NULL,
  `F_f7664060cc52bc6f3d620bcedc94a4b6` int(11) default NULL,
  `F_eda80a3d5b344bc40f3bc04f65b7a357` int(11) default NULL,
  `F_8f121ce07d74717e0b1f21d122e04521` int(11) default NULL,
  `F_06138bc5af6023646ede0e1f7c1eac75` int(11) default NULL,
  `F_39059724f73a9969845dfe4146c5660e` int(11) default NULL,
  `F_7f100b7b36092fb9b06dfb4fac360931` int(11) default NULL,
  `F_7a614fd06c325499f1680b9896beedeb` int(11) default NULL,
  `F_4734ba6f3de83d861c3176a6273cac6d` int(11) default NULL,
  `F_d947bf06a885db0d477d707121934ff8` int(11) default NULL,
  `F_63923f49e5241343aa7acb6a06a751e7` int(11) default NULL,
  `F_db8e1af0cb3aca1ae2d0018624204529` int(11) default NULL,
  `F_20f07591c6fcb220ffe637cda29bb3f6` int(11) default NULL,
  `F_07cdfd23373b17c6b337251c22b7ea57` int(11) default NULL,
  `F_d395771085aab05244a4fb8fd91bf4ee` int(11) default NULL,
  `F_92c8c96e4c37100777c7190b76d28233` int(11) default NULL,
  `F_e3796ae838835da0b6f6ea37bcf8bcb7` int(11) default NULL,
  `F_6a9aeddfc689c1d0e3b9ccc3ab651bc5` int(11) default NULL,
  `F_0f49c89d1e7298bb9930789c8ed59d48` int(11) default NULL,
  `F_46ba9f2a6976570b0353203ec4474217` int(11) default NULL,
  `F_0e01938fc48a2cfb5f2217fbfb00722d` int(11) default NULL,
  `F_16a5cdae362b8d27a1d8f8c7b78b4330` int(11) default NULL,
  `F_918317b57931b6b7a7d29490fe5ec9f9` int(11) default NULL,
  `F_48aedb8880cab8c45637abc7493ecddd` int(11) default NULL,
  `F_839ab46820b524afda05122893c2fe8e` int(11) default NULL,
  `F_f90f2aca5c640289d0a29417bcb63a37` int(11) default NULL,
  `F_9c838d2e45b2ad1094d42f4ef36764f6` int(11) default NULL,
  `F_1700002963a49da13542e0726b7bb758` int(11) default NULL,
  `F_53c3bce66e43be4f209556518c2fcb54` int(11) default NULL,
  `F_6883966fd8f918a4aa29be29d2c386fb` int(11) default NULL,
  `F_49182f81e6a13cf5eaa496d51fea6406` int(11) default NULL,
  `F_d296c101daa88a51f6ca8cfc1ac79b50` int(11) default NULL,
  `F_9fd81843ad7f202f26c1a174c7357585` int(11) default NULL,
  `F_26e359e83860db1d11b6acca57d8ea88` int(11) default NULL,
  `F_ef0d3930a7b6c95bd2b32ed45989c61f` int(11) default NULL,
  `F_94f6d7e04a4d452035300f18b984988c` int(11) default NULL,
  `F_34ed066df378efacc9b924ec161e7639` int(11) default NULL,
  `F_577bcc914f9e55d5e4e4f82f9f00e7d4` int(11) default NULL,
  `F_11b9842e0a271ff252c1903e7132cd68` int(11) default NULL,
  `F_37bc2f75bf1bcfe8450a1a41c200364c` int(11) default NULL,
  `F_496e05e1aea0a9c4655800e8a7b9ea28` int(11) default NULL,
  `F_b2eb7349035754953b57a32e2841bda5` int(11) default NULL,
  `F_8e98d81f8217304975ccb23337bb5761` int(11) default NULL,
  `F_a8c88a0055f636e4a163a5e3d16adab7` int(11) default NULL,
  `F_eddea82ad2755b24c4e168c5fc2ebd40` int(11) default NULL,
  `F_06eb61b839a0cefee4967c67ccb099dc` int(11) default NULL,
  `F_9dfcd5e558dfa04aaf37f137a1d9d3e5` int(11) default NULL,
  `F_950a4152c2b4aa3ad78bdd6b366cc179` int(11) default NULL,
  `F_158f3069a435b314a80bdcb024f8e422` int(11) default NULL,
  `F_758874998f5bd0c393da094e1967a72b` int(11) default NULL,
  `F_ad13a2a07ca4b7642959dc0c4c740ab6` int(11) default NULL,
  `F_3fe94a002317b5f9259f82690aeea4cd` int(11) default NULL,
  `F_5b8add2a5d98b1a652ea7fd72d942dac` int(11) default NULL,
  `F_432aca3a1e345e339f35a30c8f65edce` int(11) default NULL,
  `F_8d3bba7425e7c98c50f52ca1b52d3735` int(11) default NULL,
  `F_320722549d1751cf3f247855f937b982` int(11) default NULL,
  `F_caf1a3dfb505ffed0d024130f58c5cfa` int(11) default NULL,
  `F_5737c6ec2e0716f3d8a7a5c4e0de0d9a` int(11) default NULL,
  `F_bc6dc48b743dc5d013b1abaebd2faed2` int(11) default NULL,
  `F_f2fc990265c712c49d51a18a32b39f0c` int(11) default NULL,
  `F_89f0fd5c927d466d6ec9a21b9ac34ffa` int(11) default NULL,
  `F_a666587afda6e89aec274a3657558a27` int(11) default NULL,
  `F_b83aac23b9528732c23cc7352950e880` int(11) default NULL,
  `F_cd00692c3bfe59267d5ecfac5310286c` int(11) default NULL,
  `F_6faa8040da20ef399b63a72d0e4ab575` int(11) default NULL,
  `F_fe73f687e5bc5280214e0486b273a5f9` int(11) default NULL
) ENGINE=MyISAM DEFAULT CHARSET=latin1;

LOCK TABLES `t1` WRITE;
/*!40000 ALTER TABLE `t1` DISABLE KEYS */;
INSERT INTO `t1` (`F_c4ca4238a0b923820dcc509a6f75849b`, `F_c81e728d9d4c2f636f067f89cc14862c`, `F_eccbc87e4b5ce2fe28308fd9f2a7baf3`, `F_a87ff679a2f3e71d9181a67b7542122c`, `F_e4da3b7fbbce2345d7772b0674a318d5`, `F_1679091c5a880faf6fb5e6087eb1b2dc`, `F_8f14e45fceea167a5a36dedd4bea2543`, `F_c9f0f895fb98ab9159f51fd0297e236d`, `F_45c48cce2e2d7fbdea1afc51c7c6ad26`, `F_d3d9446802a44259755d38e6d163e820`, `F_6512bd43d9caa6e02c990b0a82652dca`, `F_c20ad4d76fe97759aa27a0c99bff6710`, `F_c51ce410c124a10e0db5e4b97fc2af39`, `F_aab3238922bcc25a6f606eb525ffdc56`, `F_9bf31c7ff062936a96d3c8bd1f8f2ff3`, `F_c74d97b01eae257e44aa9d5bade97baf`, `F_70efdf2ec9b086079795c442636b55fb`, `F_6f4922f45568161a8cdf4ad2299f6d23`, `F_1f0e3dad99908345f7439f8ffabdffc4`, `F_98f13708210194c475687be6106a3b84`, `F_3c59dc048e8850243be8079a5c74d079`, `F_b6d767d2f8ed5d21a44b0e5886680cb9`, `F_37693cfc748049e45d87b8c7d8b9aacd`, `F_1ff1de774005f8da13f42943881c655f`, `F_8e296a067a37563370ded05f5a3bf3ec`, `F_4e732ced3463d06de0ca9a15b6153677`, `F_02e74f10e0327ad868d138f2b4fdd6f0`, `F_33e75ff09dd601bbe69f351039152189`, `F_6ea9ab1baa0efb9e19094440c317e21b`, `F_34173cb38f07f89ddbebc2ac9128303f`, `F_c16a5320fa475530d9583c34fd356ef5`, `F_6364d3f0f495b6ab9dcf8d3b5c6e0b01`, `F_182be0c5cdcd5072bb1864cdee4d3d6e`, `F_e369853df766fa44e1ed0ff613f563bd`, `F_1c383cd30b7c298ab50293adfecb7b18`, `F_19ca14e7ea6328a42e0eb13d585e4c22`, `F_a5bfc9e07964f8dddeb95fc584cd965d`, `F_a5771bce93e200c36f7cd9dfd0e5deaa`, `F_d67d8ab4f4c10bf22aa353e27879133c`, `F_d645920e395fedad7bbbed0eca3fe2e0`, `F_3416a75f4cea9109507cacd8e2f2aefc`, `F_a1d0c6e83f027327d8461063f4ac58a6`, `F_17e62166fc8586dfa4d1bc0e1742c08b`, `F_f7177163c833dff4b38fc8d2872f1ec6`, `F_6c8349cc7260ae62e3b1396831a8398f`, `F_d9d4f495e875a2e075a1a4a6e1b9770f`, `F_67c6a1e7ce56d3d6fa748ab6d9af3fd7`, `F_642e92efb79421734881b53e1e1b18b6`, `F_f457c545a9ded88f18ecee47145a72c0`, `F_c0c7c76d30bd3dcaefc96f40275bdc0a`, `F_2838023a778dfaecdc212708f721b788`, `F_9a1158154dfa42caddbd0694a4e9bdc8`, `F_d82c8d1619ad8176d665453cfb2e55f0`, `F_a684eceee76fc522773286a895bc8436`, `F_b53b3a3d6ab90ce0268229151c9bde11`, `F_9f61408e3afb633e50cdf1b20de6f466`, `F_72b32a1f754ba1c09b3695e0cb6cde7f`, `F_66f041e16a60928b05a7e228a89c3799`, `F_093f65e080a295f8076b1c5722a46aa2`, `F_072b030ba126b2f4b2374f342be9ed44`, `F_7f39f8317fbdb1988ef4c628eba02591`, `F_44f683a84163b3523afe57c2e008bc8c`, `F_03afdbd66e7929b125f8597834fa83a4`, `F_ea5d2f1c4608232e07d3aa3d998e5135`, `F_fc490ca45c00b1249bbe3554a4fdf6fb`, `F_3295c76acbf4caaed33c36b1b5fc2cb1`, `F_735b90b4568125ed6c3f678819b6e058`, `F_a3f390d88e4c41f2747bfa2f1b5f87db`, `F_14bfa6bb14875e45bba028a21ed38046`, `F_7cbbc409ec990f19c78c75bd1e06f215`, `F_e2c420d928d4bf8ce0ff2ec19b371514`, `F_32bb90e8976aab5298d5da10fe66f21d`, `F_d2ddea18f00665ce8623e36bd4e3c7c5`, `F_ad61ab143223efbc24c7d2583be69251`, `F_d09bf41544a3365a46c9077ebb5e35c3`, `F_fbd7939d674997cdb4692d34de8633c4`, `F_28dd2c7955ce926456240b2ff0100bde`, `F_35f4a8d465e6e1edc05f3d8ab658c551`, `F_d1fe173d08e959397adf34b1d77e88d7`, `F_f033ab37c30201f73f142449d037028d`, `F_43ec517d68b6edd3015b3edc9a11367b`, `F_9778d5d219c5080b9a6a17bef029331c`, `F_fe9fc289c3ff0af142b6d3bead98a923`, `F_68d30a9594728bc39aa24be94b319d21`, `F_3ef815416f775098fe977004015c6193`, `F_93db85ed909c13838ff95ccfa94cebd9`, `F_c7e1249ffc03eb9ded908c236bd1996d`, `F_2a38a4a9316c49e5a833517c45d31070`, `F_7647966b7343c29048673252e490f736`, `F_8613985ec49eb8f757ae6439e879bb2a`, `F_54229abfcfa5649e7003b83dd4755294`, `F_92cc227532d17e56e07902b254dfad10`, `F_98dce83da57b0395e163467c9dae521b`, `F_f4b9ec30ad9f68f89b29639786cb62ef`, `F_812b4ba287f5ee0bc9d43bbf5bbe87fb`, `F_26657d5ff9020d2abefe558796b99584`, `F_e2ef524fbf3d9fe611d5a8e90fefdc9c`, `F_ed3d2c21991e3bef5e069713af9fa6ca`, `F_ac627ab1ccbdb62ec96e702f07f6425b`, `F_f899139df5e1059396431415e770c6dd`, `F_38b3eff8baf56627478ec76a704e9b52`, `F_ec8956637a99787bd197eacd77acce5e`, `F_6974ce5ac660610b44d9b9fed0ff9548`, `F_c9e1074f5b3f9fc8ea15d152add07294`, `F_65b9eea6e1cc6bb9f0cd2a47751a186f`, `F_f0935e4cd5920aa6c7c996a5ee53a70f`, `F_a97da629b098b75c294dffdc3e463904`, `F_a3c65c2974270fd093ee8a9bf8ae7d0b`, `F_2723d092b63885e0d7c260cc007e8b9d`, `F_5f93f983524def3dca464469d2cf9f3e`, `F_698d51a19d8a121ce581499d7b701668`, `F_7f6ffaa6bb0b408017b62254211691b5`, `F_73278a4a86960eeb576a8fd4c9ec6997`, `F_5fd0b37cd7dbbb00f97ba6ce92bf5add`, `F_2b44928ae11fb9384c4cf38708677c48`, `F_c45147dee729311ef5b5c3003946c48f`, `F_eb160de1de89d9058fcb0b968dbbbd68`, `F_5ef059938ba799aaa845e1c2e8a762bd`, `F_07e1cd7dca89a1678042477183b7ac3f`, `F_da4fb5c6e93e74d3df8527599fa62642`, `F_4c56ff4ce4aaf9573aa5dff913df997a`, `F_a0a080f42e6f13b3a2df133f073095dd`, `F_202cb962ac59075b964b07152d234b70`, `F_c8ffe9a587b126f152ed3d89a146b445`, `F_3def184ad8f4755ff269862ea77393dd`, `F_069059b7ef840f0c74a814ec9237b6ec`, `F_ec5decca5ed3d6b8079e2e7e7bacc9f2`, `F_76dc611d6ebaafc66cc0879c71b5db5c`, `F_d1f491a404d6854880943e5c3cd9ca25`, `F_9b8619251a19057cff70779273e95aa6`, `F_1afa34a7f984eeabdbb0a7d494132ee5`, `F_65ded5353c5ee48d0b7d48c591b8f430`, `F_9fc3d7152ba9336a670e36d0ed79bc43`, `F_02522a2b2726fb0a03bb19f2d8d9524d`, `F_7f1de29e6da19d22b51c68001e7e0e54`, `F_42a0e188f5033bc65bf8d78622277c4e`, `F_3988c7f88ebcb58c6ce932b957b6f332`, `F_013d407166ec4fa56eb1e1f8cbe183b9`, `F_e00da03b685a0dd18fb6a08af0923de0`, `F_1385974ed5904a438616ff7bdb3f7439`, `F_0f28b5d49b3020afeecd95b4009adf4c`, `F_a8baa56554f96369ab93e4f3bb068c22`, `F_903ce9225fca3e988c2af215d4e544d3`, `F_0a09c8844ba8f0936c20bd791130d6b6`, `F_2b24d495052a8ce66358eb576b8912c8`, `F_a5e00132373a7031000fd987a3c9f87b`, `F_8d5e957f297893487bd98fa830fa6413`, `F_47d1e990583c9c67424d369f3414728e`, `F_f2217062e9a397a1dca429e7d70bc6ca`, `F_7ef605fc8dba5425d6965fbd4c8fbe1f`, `F_a8f15eda80c50adb0e71943adc8015cf`, `F_37a749d808e46495a8da1e5352d03cae`, `F_b3e3e393c77e35a4a3f3cbd1e429b5dc`, `F_1d7f7abc18fcb43975065399b0d1e48e`, `F_2a79ea27c279e471f4d180b08d62b00a`, `F_1c9ac0159c94d8d0cbedc973445af2da`, `F_6c4b761a28b734fe93831e3fb400ce87`, `F_06409663226af2f3114485aa4e0a23b4`, `F_140f6969d5213fd0ece03148e62e461e`, `F_b73ce398c39f506af761d2277d853a92`, `F_bd4c9ab730f5513206b999ec0d90d1fb`, `F_82aa4b0af34c2313a562076992e50aa3`, `F_0777d5c17d4066b82ab86dff8a46af6f`, `F_fa7cdfad1a5aaf8370ebeda47a1ff1c3`, `F_9766527f2b5d3e95d4a733fcfb77bd7e`, `F_7e7757b1e12abcb736ab9a754ffb617a`, `F_5878a7ab84fb43402106c575658472fa`, `F_006f52e9102a8d3be2fe5614f42ba989`, `F_3636638817772e42b59d74cff571fbb3`, `F_149e9677a5989fd342ae44213df68868`, `F_a4a042cf4fd6bfb47701cbc8a1653ada`, `F_1ff8a7b5dc7a7d1f0ed65aaa29c04b1e`, `F_f7e6c85504ce6e82442c770f7c8606f0`, `F_bf8229696f7a3bb4700cfddef19fa23f`, `F_82161242827b703e6acf9c726942a1e4`, `F_38af86134b65d0f10fe33d30dd76442e`, `F_96da2f590cd7246bbde0051047b0d6f7`, `F_8f85517967795eeef66c225f7883bdcb`, `F_8f53295a73878494e9bc8dd6c3c7104f`, `F_045117b0e0a11a242b9765e79cbf113f`, `F_fc221309746013ac554571fbd180e1c8`, `F_4c5bde74a8f110656874902f07378009`, `F_cedebb6e872f539bef8c3f919874e9d7`, `F_6cdd60ea0045eb7a6ec44c54d29ed402`, `F_eecca5b6365d9607ee5a9d336962c534`, `F_9872ed9fc22fc182d371c3e9ed316094`, `F_31fefc0e570cb3860f2a6d4b38c6490d`, `F_9dcb88e0137649590b755372b040afad`, `F_a2557a7b2e94197ff767970b67041697`, `F_cfecdb276f634854f3ef915e2e980c31`, `F_0aa1883c6411f7873cb83dacb17b0afc`, `F_58a2fc6ed39fd083f55d4182bf88826d`, `F_bd686fd640be98efaae0091fa301e613`, `F_a597e50502f5ff68e3e25b9114205d4a`, `F_0336dcbab05b9d5ad24f4333c7658a0e`, `F_084b6fbb10729ed4da8c3d3f5a3ae7c9`, `F_85d8ce590ad8981ca2c8286f79f59954`, `F_0e65972dce68dad4d52d063967f0a705`, `F_84d9ee44e457ddef7f2c4f25dc8fa865`, `F_3644a684f98ea8fe223c713b77189a77`, `F_757b505cfd34c64c85ca5b5690ee5293`, `F_854d6fae5ee42911677c739ee1734486`, `F_e2c0be24560d78c5e599c2a9c9d0bbd2`, `F_274ad4786c3abca69fa097b85867d9a4`, `F_eae27d77ca20db309e056e3d2dcd7d69`, `F_7eabe3a1649ffa2b3ff8c02ebfd5659f`, `F_69adc1e107f7f7d035d7baf04342e1ca`, `F_091d584fced301b442654dd8c23b3fc9`, `F_b1d10e7bafa4421218a51b1e1f1b0ba2`, `F_6f3ef77ac0e3619e98159e9b6febf557`, `F_eb163727917cbba1eea208541a643e74`, `F_1534b76d325a8f591b52d302e7181331`, `F_979d472a84804b9f647bc185a877a8b5`, `F_ca46c1b9512a7a8315fa3c5a946e8265`, `F_3b8a614226a953a8cd9526fca6fe9ba5`, `F_45fbc6d3e05ebd93369ce542e8f2322d`, `F_63dc7ed1010d3c3b8269faf0ba7491d4`, `F_e96ed478dab8595a7dbda4cbcbee168f`, `F_c0e190d8267e36708f955d7ab048990d`, `F_ec8ce6abb3e952a85b8551ba726a1227`, `F_060ad92489947d410d897474079c1477`, `F_bcbe3365e6ac95ea2c0343a2395834dd`, `F_115f89503138416a242f40fb7d7f338e`, `F_13fe9d84310e77f13a6d184dbf1232f3`, `F_d1c38a09acc34845c6be3a127a5aacaf`, `F_9cfdf10e8fc047a44b08ed031e1f0ed1`, `F_705f2172834666788607efbfca35afb3`, `F_74db120f0a8e5646ef5a30154e9f6deb`, `F_57aeee35c98205091e18d1140e9f38cf`, `F_6da9003b743b65f4c0ccd295cc484e57`, `F_9b04d152845ec0a378394003c96da594`, `F_be83ab3ecd0db773eb2dc1b0a17836a1`, `F_e165421110ba03099a1c0393373c5b43`, `F_289dff07669d7a23de0ef88d2f7129e7`, `F_577ef1154f3240ad5b9b413aa7346a1e`, `F_01161aaa0b6d1345dd8fe4e481144d84`, `F_539fd53b59e3bb12d203f45a912eeaf2`, `F_ac1dd209cbcc5e5d1c6e28598e8cbbe8`, `F_555d6702c950ecb729a966504af0a635`, `F_335f5352088d7d9bf74191e006d8e24c`, `F_f340f1b1f65b6df5b5e3f94d95b11daf`, `F_e4a6222cdb5b34375400904f03d8e6a5`, `F_cb70ab375662576bd1ac5aaf16b3fca4`, `F_9188905e74c28e489b44e954ec0b9bca`, `F_0266e33d3f546cb5436a10798e657d97`, `F_38db3aed920cf82ab059bfccbd02be6a`, `F_3cec07e9ba5f5bb252d13f5f431e4bbb`, `F_621bf66ddb7c962aa0d22ac97d69b793`, `F_077e29b11be80ab57e1a2ecabb7da330`, `F_6c9882bbac1c7093bd25041881277658`, `F_19f3cd308f1455b3fa09a282e0d496f4`, `F_03c6b06952c750899bb03d998e631860`, `F_c24cd76e1ce41366a4bbe8a49b02a028`, `F_c52f1bd66cc19d05628bd8bf27af3ad6`, `F_fe131d7f5a6b38b23cc967316c13dae2`, `F_f718499c1c8cef6730f9fd03c8125cab`, `F_d96409bf894217686ba124d7356686c9`, `F_502e4a16930e414107ee22b6198c578f`, `F_cfa0860e83a4c3a763a7e62d825349f7`, `F_a4f23670e1833f3fdb077ca70bbd5d66`, `F_b1a59b315fc9a3002ce38bbe070ec3f5`, `F_36660e59856b4de58a219bcf4e27eba3`, `F_8c19f571e251e61cb8dd3612f26d5ecf`, `F_d6baf65e0b240ce177cf70da146c8dc8`, `F_e56954b4f6347e897f954495eab16a88`, `F_f7664060cc52bc6f3d620bcedc94a4b6`, `F_eda80a3d5b344bc40f3bc04f65b7a357`, `F_8f121ce07d74717e0b1f21d122e04521`, `F_06138bc5af6023646ede0e1f7c1eac75`, `F_39059724f73a9969845dfe4146c5660e`, `F_7f100b7b36092fb9b06dfb4fac360931`, `F_7a614fd06c325499f1680b9896beedeb`, `F_4734ba6f3de83d861c3176a6273cac6d`, `F_d947bf06a885db0d477d707121934ff8`, `F_63923f49e5241343aa7acb6a06a751e7`, `F_db8e1af0cb3aca1ae2d0018624204529`, `F_20f07591c6fcb220ffe637cda29bb3f6`, `F_07cdfd23373b17c6b337251c22b7ea57`, `F_d395771085aab05244a4fb8fd91bf4ee`, `F_92c8c96e4c37100777c7190b76d28233`, `F_e3796ae838835da0b6f6ea37bcf8bcb7`, `F_6a9aeddfc689c1d0e3b9ccc3ab651bc5`, `F_0f49c89d1e7298bb9930789c8ed59d48`, `F_46ba9f2a6976570b0353203ec4474217`, `F_0e01938fc48a2cfb5f2217fbfb00722d`, `F_16a5cdae362b8d27a1d8f8c7b78b4330`, `F_918317b57931b6b7a7d29490fe5ec9f9`, `F_48aedb8880cab8c45637abc7493ecddd`, `F_839ab46820b524afda05122893c2fe8e`, `F_f90f2aca5c640289d0a29417bcb63a37`, `F_9c838d2e45b2ad1094d42f4ef36764f6`, `F_1700002963a49da13542e0726b7bb758`, `F_53c3bce66e43be4f209556518c2fcb54`, `F_6883966fd8f918a4aa29be29d2c386fb`, `F_49182f81e6a13cf5eaa496d51fea6406`, `F_d296c101daa88a51f6ca8cfc1ac79b50`, `F_9fd81843ad7f202f26c1a174c7357585`, `F_26e359e83860db1d11b6acca57d8ea88`, `F_ef0d3930a7b6c95bd2b32ed45989c61f`, `F_94f6d7e04a4d452035300f18b984988c`, `F_34ed066df378efacc9b924ec161e7639`, `F_577bcc914f9e55d5e4e4f82f9f00e7d4`, `F_11b9842e0a271ff252c1903e7132cd68`, `F_37bc2f75bf1bcfe8450a1a41c200364c`, `F_496e05e1aea0a9c4655800e8a7b9ea28`, `F_b2eb7349035754953b57a32e2841bda5`, `F_8e98d81f8217304975ccb23337bb5761`, `F_a8c88a0055f636e4a163a5e3d16adab7`, `F_eddea82ad2755b24c4e168c5fc2ebd40`, `F_06eb61b839a0cefee4967c67ccb099dc`, `F_9dfcd5e558dfa04aaf37f137a1d9d3e5`, `F_950a4152c2b4aa3ad78bdd6b366cc179`, `F_158f3069a435b314a80bdcb024f8e422`, `F_758874998f5bd0c393da094e1967a72b`, `F_ad13a2a07ca4b7642959dc0c4c740ab6`, `F_3fe94a002317b5f9259f82690aeea4cd`, `F_5b8add2a5d98b1a652ea7fd72d942dac`, `F_432aca3a1e345e339f35a30c8f65edce`, `F_8d3bba7425e7c98c50f52ca1b52d3735`, `F_320722549d1751cf3f247855f937b982`, `F_caf1a3dfb505ffed0d024130f58c5cfa`, `F_5737c6ec2e0716f3d8a7a5c4e0de0d9a`, `F_bc6dc48b743dc5d013b1abaebd2faed2`, `F_f2fc990265c712c49d51a18a32b39f0c`, `F_89f0fd5c927d466d6ec9a21b9ac34ffa`, `F_a666587afda6e89aec274a3657558a27`, `F_b83aac23b9528732c23cc7352950e880`, `F_cd00692c3bfe59267d5ecfac5310286c`, `F_6faa8040da20ef399b63a72d0e4ab575`, `F_fe73f687e5bc5280214e0486b273a5f9`) VALUES (NULL,NULL,NULL,NULL,NULL,NULL,NULL,NULL,NULL,NULL,NULL,NULL,NULL,NULL,NULL,NULL,NULL,NULL,NULL,NULL,NULL,NULL,NULL,NULL,NULL,NULL,NULL,NULL,NULL,NULL,NULL,NULL,NULL,NULL,NULL,NULL,NULL,NULL,NULL,NULL,NULL,NULL,NULL,NULL,NULL,NULL,NULL,NULL,NULL,NULL,NULL,NULL,NULL,NULL,NULL,NULL,NULL,NULL,NULL,NULL,NULL,NULL,NULL,NULL,NULL,NULL,NULL,NULL,NULL,NULL,NULL,NULL,NULL,NULL,NULL,NULL,NULL,NULL,NULL,NULL,NULL,NULL,NULL,NULL,NULL,NULL,NULL,NULL,NULL,NULL,NULL,NULL,NULL,NULL,NULL,NULL,NULL,NULL,NULL,NULL,NULL,NULL,NULL,NULL,NULL,NULL,NULL,NULL,NULL,NULL,NULL,NULL,NULL,NULL,NULL,NULL,NULL,NULL,NULL,NULL,NULL,NULL,NULL,NULL,NULL,NULL,NULL,NULL,NULL,NULL,NULL,NULL,NULL,NULL,NULL,NULL,NULL,NULL,NULL,NULL,NULL,NULL,NULL,NULL,NULL,NULL,NULL,NULL,NULL,NULL,NULL,NULL,NULL,NULL,NULL,NULL,NULL,NULL,NULL,NULL,NULL,NULL,NULL,NULL,NULL,NULL,NULL,NULL,NULL,NULL,NULL,NULL,NULL,NULL,NULL,NULL,NULL,NULL,NULL,NULL,NULL,NULL,NULL,NULL,NULL,NULL,NULL,NULL,NULL,NULL,NULL,NULL,NULL,NULL,NULL,NULL,NULL,NULL,NULL,NULL,NULL,NULL,NULL,NULL,NULL,NULL,NULL,NULL,NULL,NULL,NULL,NULL,NULL,NULL,NULL,NULL,NULL,NULL,NULL,NULL,NULL,NULL,NULL,NULL,NULL,NULL,NULL,NULL,NULL,NULL,NULL,NULL,NULL,NULL,NULL,NULL,NULL,NULL,NULL,NULL,NULL,NULL,NULL,NULL,NULL,NULL,NULL,NULL,NULL,NULL,NULL,NULL,NULL,NULL,NULL,NULL,NULL,NULL,NULL,NULL,NULL,NULL,NULL,NULL,NULL,NULL,NULL,NULL,NULL,NULL,NULL,NULL,NULL,NULL,NULL,NULL,NULL,NULL,NULL,NULL,NULL,NULL,NULL,NULL,NULL,NULL,NULL,NULL,NULL,NULL,NULL,NULL,NULL,NULL,NULL,NULL,NULL,NULL,NULL,NULL,NULL,NULL,NULL,NULL,NULL,NULL,NULL,NULL,NULL,NULL,NULL,NULL,NULL,NULL,NULL,NULL,NULL,NULL,1,NULL,NULL,NULL,NULL,NULL,NULL,NULL,NULL,NULL,NULL,NULL);
/*!40000 ALTER TABLE `t1` ENABLE KEYS */;
UNLOCK TABLES;
/*!40103 SET TIME_ZONE=@OLD_TIME_ZONE */;

/*!40101 SET SQL_MODE=@OLD_SQL_MODE */;
/*!40014 SET FOREIGN_KEY_CHECKS=@OLD_FOREIGN_KEY_CHECKS */;
/*!40014 SET UNIQUE_CHECKS=@OLD_UNIQUE_CHECKS */;
/*!40101 SET CHARACTER_SET_CLIENT=@OLD_CHARACTER_SET_CLIENT */;
/*!40101 SET CHARACTER_SET_RESULTS=@OLD_CHARACTER_SET_RESULTS */;
/*!40101 SET COLLATION_CONNECTION=@OLD_COLLATION_CONNECTION */;
/*!40111 SET SQL_NOTES=@OLD_SQL_NOTES */;

drop table t1;
CREATE TABLE t1 (a int);
INSERT INTO t1 VALUES (1),(2),(3);

/*!40101 SET @OLD_CHARACTER_SET_CLIENT=@@CHARACTER_SET_CLIENT */;
/*!40101 SET @OLD_CHARACTER_SET_RESULTS=@@CHARACTER_SET_RESULTS */;
/*!40101 SET @OLD_COLLATION_CONNECTION=@@COLLATION_CONNECTION */;
/*!40101 SET NAMES utf8 */;
/*!40103 SET @OLD_TIME_ZONE=@@TIME_ZONE */;
/*!40103 SET TIME_ZONE='+00:00' */;
/*!40014 SET @OLD_UNIQUE_CHECKS=@@UNIQUE_CHECKS, UNIQUE_CHECKS=0 */;
/*!40014 SET @OLD_FOREIGN_KEY_CHECKS=@@FOREIGN_KEY_CHECKS, FOREIGN_KEY_CHECKS=0 */;
/*!40101 SET @OLD_SQL_MODE=@@SQL_MODE, SQL_MODE='NO_AUTO_VALUE_ON_ZERO' */;
/*!40111 SET @OLD_SQL_NOTES=@@SQL_NOTES, SQL_NOTES=0 */;

/*!40000 DROP DATABASE IF EXISTS `test`*/;

CREATE DATABASE /*!32312 IF NOT EXISTS*/ `test` /*!40100 DEFAULT CHARACTER SET latin1 */;

USE `test`;
DROP TABLE IF EXISTS `t1`;
CREATE TABLE `t1` (
  `a` int(11) default NULL
) ENGINE=MyISAM DEFAULT CHARSET=latin1;

LOCK TABLES `t1` WRITE;
/*!40000 ALTER TABLE `t1` DISABLE KEYS */;
INSERT INTO `t1` VALUES (1),(2),(3);
/*!40000 ALTER TABLE `t1` ENABLE KEYS */;
UNLOCK TABLES;
/*!40103 SET TIME_ZONE=@OLD_TIME_ZONE */;

/*!40101 SET SQL_MODE=@OLD_SQL_MODE */;
/*!40014 SET FOREIGN_KEY_CHECKS=@OLD_FOREIGN_KEY_CHECKS */;
/*!40014 SET UNIQUE_CHECKS=@OLD_UNIQUE_CHECKS */;
/*!40101 SET CHARACTER_SET_CLIENT=@OLD_CHARACTER_SET_CLIENT */;
/*!40101 SET CHARACTER_SET_RESULTS=@OLD_CHARACTER_SET_RESULTS */;
/*!40101 SET COLLATION_CONNECTION=@OLD_COLLATION_CONNECTION */;
/*!40111 SET SQL_NOTES=@OLD_SQL_NOTES */;

DROP TABLE t1;
create database db1;
use db1;
CREATE TABLE t2 (
a varchar(30) default NULL,
KEY a (a(5))
);
INSERT INTO t2 VALUES ('alfred');
INSERT INTO t2 VALUES ('angie');
INSERT INTO t2 VALUES ('bingo');
INSERT INTO t2 VALUES ('waffle');
INSERT INTO t2 VALUES ('lemon');
create view v2 as select * from t2 where a like 'a%' with check option;

/*!40101 SET @OLD_CHARACTER_SET_CLIENT=@@CHARACTER_SET_CLIENT */;
/*!40101 SET @OLD_CHARACTER_SET_RESULTS=@@CHARACTER_SET_RESULTS */;
/*!40101 SET @OLD_COLLATION_CONNECTION=@@COLLATION_CONNECTION */;
/*!40101 SET NAMES utf8 */;
/*!40103 SET @OLD_TIME_ZONE=@@TIME_ZONE */;
/*!40103 SET TIME_ZONE='+00:00' */;
/*!40014 SET @OLD_UNIQUE_CHECKS=@@UNIQUE_CHECKS, UNIQUE_CHECKS=0 */;
/*!40014 SET @OLD_FOREIGN_KEY_CHECKS=@@FOREIGN_KEY_CHECKS, FOREIGN_KEY_CHECKS=0 */;
/*!40101 SET @OLD_SQL_MODE=@@SQL_MODE, SQL_MODE='NO_AUTO_VALUE_ON_ZERO' */;
/*!40111 SET @OLD_SQL_NOTES=@@SQL_NOTES, SQL_NOTES=0 */;
DROP TABLE IF EXISTS `t2`;
CREATE TABLE `t2` (
  `a` varchar(30) default NULL,
  KEY `a` (`a`(5))
) ENGINE=MyISAM DEFAULT CHARSET=latin1;

LOCK TABLES `t2` WRITE;
/*!40000 ALTER TABLE `t2` DISABLE KEYS */;
INSERT INTO `t2` VALUES ('alfred'),('angie'),('bingo'),('waffle'),('lemon');
/*!40000 ALTER TABLE `t2` ENABLE KEYS */;
UNLOCK TABLES;
DROP TABLE IF EXISTS `v2`;
/*!50001 DROP VIEW IF EXISTS `v2`*/;
/*!50001 CREATE TABLE `v2` (
  `a` varchar(30)
) */;
/*!50001 DROP TABLE IF EXISTS `v2`*/;
/*!50001 DROP VIEW IF EXISTS `v2`*/;
/*!50001 CREATE ALGORITHM=UNDEFINED */
/*!50013 DEFINER=`root`@`localhost` SQL SECURITY DEFINER */
/*!50001 VIEW `v2` AS select `t2`.`a` AS `a` from `t2` where (`t2`.`a` like _latin1'a%') */
/*!50002 WITH CASCADED CHECK OPTION */;
/*!40103 SET TIME_ZONE=@OLD_TIME_ZONE */;

/*!40101 SET SQL_MODE=@OLD_SQL_MODE */;
/*!40014 SET FOREIGN_KEY_CHECKS=@OLD_FOREIGN_KEY_CHECKS */;
/*!40014 SET UNIQUE_CHECKS=@OLD_UNIQUE_CHECKS */;
/*!40101 SET CHARACTER_SET_CLIENT=@OLD_CHARACTER_SET_CLIENT */;
/*!40101 SET CHARACTER_SET_RESULTS=@OLD_CHARACTER_SET_RESULTS */;
/*!40101 SET COLLATION_CONNECTION=@OLD_COLLATION_CONNECTION */;
/*!40111 SET SQL_NOTES=@OLD_SQL_NOTES */;

drop table t2;
drop view v2;
drop database db1;
create database db2;
use db2;
create table t1 (a int);
create table t2 (a int, b varchar(10), primary key(a));
insert into t2 values (1, "on"), (2, "off"), (10, "pol"), (12, "meg");
insert into t1 values (289), (298), (234), (456), (789);
create view v1 as select * from t2;
create view v2 as select * from t1;
drop table t1, t2;
drop view v1, v2;
drop database db2;
create database db1;
use db1;
show tables;
Tables_in_db1
t1
t2
v1
v2
select * from t2 order by a;
a	b
1	on
2	off
10	pol
12	meg
drop table t1, t2;
drop database db1;
--fields-optionally-enclosed-by="
CREATE DATABASE mysqldump_test_db;
USE mysqldump_test_db;
CREATE TABLE t1 ( a INT );
CREATE TABLE t2 ( a INT );
INSERT INTO t1 VALUES (1), (2);
INSERT INTO t2 VALUES (1), (2);

/*!40101 SET @OLD_CHARACTER_SET_CLIENT=@@CHARACTER_SET_CLIENT */;
/*!40101 SET @OLD_CHARACTER_SET_RESULTS=@@CHARACTER_SET_RESULTS */;
/*!40101 SET @OLD_COLLATION_CONNECTION=@@COLLATION_CONNECTION */;
/*!40101 SET NAMES utf8 */;
/*!40103 SET @OLD_TIME_ZONE=@@TIME_ZONE */;
/*!40103 SET TIME_ZONE='+00:00' */;
/*!40014 SET @OLD_UNIQUE_CHECKS=@@UNIQUE_CHECKS, UNIQUE_CHECKS=0 */;
/*!40014 SET @OLD_FOREIGN_KEY_CHECKS=@@FOREIGN_KEY_CHECKS, FOREIGN_KEY_CHECKS=0 */;
/*!40101 SET @OLD_SQL_MODE=@@SQL_MODE, SQL_MODE='NO_AUTO_VALUE_ON_ZERO' */;
/*!40111 SET @OLD_SQL_NOTES=@@SQL_NOTES, SQL_NOTES=0 */;
DROP TABLE IF EXISTS `t1`;
CREATE TABLE `t1` (
  `a` int(11) default NULL
) ENGINE=MyISAM DEFAULT CHARSET=latin1;
DROP TABLE IF EXISTS `t2`;
CREATE TABLE `t2` (
  `a` int(11) default NULL
) ENGINE=MyISAM DEFAULT CHARSET=latin1;
/*!40103 SET TIME_ZONE=@OLD_TIME_ZONE */;

/*!40101 SET SQL_MODE=@OLD_SQL_MODE */;
/*!40014 SET FOREIGN_KEY_CHECKS=@OLD_FOREIGN_KEY_CHECKS */;
/*!40014 SET UNIQUE_CHECKS=@OLD_UNIQUE_CHECKS */;
/*!40101 SET CHARACTER_SET_CLIENT=@OLD_CHARACTER_SET_CLIENT */;
/*!40101 SET CHARACTER_SET_RESULTS=@OLD_CHARACTER_SET_RESULTS */;
/*!40101 SET COLLATION_CONNECTION=@OLD_COLLATION_CONNECTION */;
/*!40111 SET SQL_NOTES=@OLD_SQL_NOTES */;


/*!40101 SET @OLD_CHARACTER_SET_CLIENT=@@CHARACTER_SET_CLIENT */;
/*!40101 SET @OLD_CHARACTER_SET_RESULTS=@@CHARACTER_SET_RESULTS */;
/*!40101 SET @OLD_COLLATION_CONNECTION=@@COLLATION_CONNECTION */;
/*!40101 SET NAMES utf8 */;
/*!40103 SET @OLD_TIME_ZONE=@@TIME_ZONE */;
/*!40103 SET TIME_ZONE='+00:00' */;
/*!40014 SET @OLD_UNIQUE_CHECKS=@@UNIQUE_CHECKS, UNIQUE_CHECKS=0 */;
/*!40014 SET @OLD_FOREIGN_KEY_CHECKS=@@FOREIGN_KEY_CHECKS, FOREIGN_KEY_CHECKS=0 */;
/*!40101 SET @OLD_SQL_MODE=@@SQL_MODE, SQL_MODE='NO_AUTO_VALUE_ON_ZERO' */;
/*!40111 SET @OLD_SQL_NOTES=@@SQL_NOTES, SQL_NOTES=0 */;
DROP TABLE IF EXISTS `t1`;
CREATE TABLE `t1` (
  `a` int(11) default NULL
) ENGINE=MyISAM DEFAULT CHARSET=latin1;
DROP TABLE IF EXISTS `t2`;
CREATE TABLE `t2` (
  `a` int(11) default NULL
) ENGINE=MyISAM DEFAULT CHARSET=latin1;
/*!40103 SET TIME_ZONE=@OLD_TIME_ZONE */;

/*!40101 SET SQL_MODE=@OLD_SQL_MODE */;
/*!40014 SET FOREIGN_KEY_CHECKS=@OLD_FOREIGN_KEY_CHECKS */;
/*!40014 SET UNIQUE_CHECKS=@OLD_UNIQUE_CHECKS */;
/*!40101 SET CHARACTER_SET_CLIENT=@OLD_CHARACTER_SET_CLIENT */;
/*!40101 SET CHARACTER_SET_RESULTS=@OLD_CHARACTER_SET_RESULTS */;
/*!40101 SET COLLATION_CONNECTION=@OLD_COLLATION_CONNECTION */;
/*!40111 SET SQL_NOTES=@OLD_SQL_NOTES */;

<?xml version="1.0"?>
<mysqldump xmlns:xsi="http://www.w3.org/2001/XMLSchema-instance">
<database name="mysqldump_test_db">
	<table_structure name="t1">
		<field Field="a" Type="int(11)" Null="YES" Key="" Extra="" />
	</table_structure>
	<table_structure name="t2">
		<field Field="a" Type="int(11)" Null="YES" Key="" Extra="" />
	</table_structure>
</database>
</mysqldump>
<?xml version="1.0"?>
<mysqldump xmlns:xsi="http://www.w3.org/2001/XMLSchema-instance">
<database name="mysqldump_test_db">
	<table_structure name="t1">
		<field Field="a" Type="int(11)" Null="YES" Key="" Extra="" />
	</table_structure>
	<table_structure name="t2">
		<field Field="a" Type="int(11)" Null="YES" Key="" Extra="" />
	</table_structure>
</database>
</mysqldump>
DROP TABLE t1, t2;
DROP DATABASE mysqldump_test_db;
create database mysqldump_test_db;
use mysqldump_test_db;
create table t1(a varchar(30) primary key, b int not null);
create table t2(a varchar(30) primary key, b int not null);
create table t3(a varchar(30) primary key, b int not null);
test_sequence
------ Testing with illegal table names ------
mysqldump: Couldn't find table: "\d-2-1.sql"

mysqldump: Couldn't find table: "\t1"

mysqldump: Couldn't find table: "\t1"

mysqldump: Couldn't find table: "\\t1"

mysqldump: Couldn't find table: "t\1"

mysqldump: Couldn't find table: "t\1"

mysqldump: Couldn't find table: "t/1"

mysqldump: Couldn't find table: "T_1"

mysqldump: Couldn't find table: "T%1"

mysqldump: Couldn't find table: "T'1"

mysqldump: Couldn't find table: "T_1"

mysqldump: Couldn't find table: "T_"

test_sequence
------ Testing with illegal database names ------
mysqldump: Got error: 1049: Unknown database 'mysqldump_test_d' when selecting the database
mysqldump: Got error: 1102: Incorrect database name 'mysqld\ump_test_db' when selecting the database
drop table t1, t2, t3;
drop database mysqldump_test_db;
use test;
create table t1 (a int(10));
create table t2 (pk int primary key auto_increment,
a int(10), b varchar(30), c datetime, d blob, e text);
insert into t1 values (NULL), (10), (20);
insert into t2 (a, b) values (NULL, NULL),(10, NULL),(NULL, "twenty"),(30, "thirty");
<?xml version="1.0"?>
<mysqldump xmlns:xsi="http://www.w3.org/2001/XMLSchema-instance">
<database name="test">
	<table_data name="t1">
	<row>
		<field name="a" xsi:nil="true" />
	</row>
	<row>
		<field name="a">10</field>
	</row>
	<row>
		<field name="a">20</field>
	</row>
	</table_data>
	<table_data name="t2">
	<row>
		<field name="pk">1</field>
		<field name="a" xsi:nil="true" />
		<field name="b" xsi:nil="true" />
		<field name="c" xsi:nil="true" />
		<field name="d" xsi:nil="true" />
		<field name="e" xsi:nil="true" />
	</row>
	<row>
		<field name="pk">2</field>
		<field name="a">10</field>
		<field name="b" xsi:nil="true" />
		<field name="c" xsi:nil="true" />
		<field name="d" xsi:nil="true" />
		<field name="e" xsi:nil="true" />
	</row>
	<row>
		<field name="pk">3</field>
		<field name="a" xsi:nil="true" />
		<field name="b">twenty</field>
		<field name="c" xsi:nil="true" />
		<field name="d" xsi:nil="true" />
		<field name="e" xsi:nil="true" />
	</row>
	<row>
		<field name="pk">4</field>
		<field name="a">30</field>
		<field name="b">thirty</field>
		<field name="c" xsi:nil="true" />
		<field name="d" xsi:nil="true" />
		<field name="e" xsi:nil="true" />
	</row>
	</table_data>
</database>
</mysqldump>
drop table t1, t2;
create table t1 (a text character set utf8, b text character set latin1);
insert t1 values (0x4F736E616272C3BC636B, 0x4BF66C6E);
select * from t1;
a	b
Osnabrück	Köln
test.t1: Records: 1  Deleted: 0  Skipped: 0  Warnings: 0
select * from t1;
a	b
Osnabrück	Köln
drop table t1;
create table `t1` (
t1_name varchar(255) default null,
t1_id int(10) unsigned not null auto_increment,
key (t1_name),
primary key (t1_id)
) auto_increment = 1000 default charset=latin1;
insert into t1 (t1_name) values('bla');
insert into t1 (t1_name) values('bla');
insert into t1 (t1_name) values('bla');
select * from t1;
t1_name	t1_id
bla	1000
bla	1001
bla	1002
show create table `t1`;
Table	Create Table
t1	CREATE TABLE `t1` (
  `t1_name` varchar(255) default NULL,
  `t1_id` int(10) unsigned NOT NULL auto_increment,
  PRIMARY KEY  (`t1_id`),
  KEY `t1_name` (`t1_name`)
) ENGINE=MyISAM AUTO_INCREMENT=1003 DEFAULT CHARSET=latin1
DROP TABLE `t1`;
select * from t1;
t1_name	t1_id
bla	1000
bla	1001
bla	1002
show create table `t1`;
Table	Create Table
t1	CREATE TABLE `t1` (
  `t1_name` varchar(255) default NULL,
  `t1_id` int(10) unsigned NOT NULL auto_increment,
  PRIMARY KEY  (`t1_id`),
  KEY `t1_name` (`t1_name`)
) ENGINE=MyISAM AUTO_INCREMENT=1003 DEFAULT CHARSET=latin1
drop table `t1`;
End of 4.1 tests
create table t1(a int);
create view v1 as select * from t1;

/*!40101 SET @OLD_CHARACTER_SET_CLIENT=@@CHARACTER_SET_CLIENT */;
/*!40101 SET @OLD_CHARACTER_SET_RESULTS=@@CHARACTER_SET_RESULTS */;
/*!40101 SET @OLD_COLLATION_CONNECTION=@@COLLATION_CONNECTION */;
/*!40101 SET NAMES utf8 */;
/*!40103 SET @OLD_TIME_ZONE=@@TIME_ZONE */;
/*!40103 SET TIME_ZONE='+00:00' */;
/*!40014 SET @OLD_UNIQUE_CHECKS=@@UNIQUE_CHECKS, UNIQUE_CHECKS=0 */;
/*!40014 SET @OLD_FOREIGN_KEY_CHECKS=@@FOREIGN_KEY_CHECKS, FOREIGN_KEY_CHECKS=0 */;
/*!40101 SET @OLD_SQL_MODE=@@SQL_MODE, SQL_MODE='NO_AUTO_VALUE_ON_ZERO' */;
/*!40111 SET @OLD_SQL_NOTES=@@SQL_NOTES, SQL_NOTES=0 */;
DROP TABLE IF EXISTS `t1`;
CREATE TABLE `t1` (
  `a` int(11) default NULL
) ENGINE=MyISAM DEFAULT CHARSET=latin1;

LOCK TABLES `t1` WRITE;
/*!40000 ALTER TABLE `t1` DISABLE KEYS */;
/*!40000 ALTER TABLE `t1` ENABLE KEYS */;
UNLOCK TABLES;
DROP TABLE IF EXISTS `v1`;
/*!50001 DROP VIEW IF EXISTS `v1`*/;
/*!50001 CREATE TABLE `v1` (
  `a` int(11)
) */;
/*!50001 DROP TABLE IF EXISTS `v1`*/;
/*!50001 DROP VIEW IF EXISTS `v1`*/;
/*!50001 CREATE ALGORITHM=UNDEFINED */
/*!50013 DEFINER=`root`@`localhost` SQL SECURITY DEFINER */
/*!50001 VIEW `v1` AS select `t1`.`a` AS `a` from `t1` */;
/*!40103 SET TIME_ZONE=@OLD_TIME_ZONE */;

/*!40101 SET SQL_MODE=@OLD_SQL_MODE */;
/*!40014 SET FOREIGN_KEY_CHECKS=@OLD_FOREIGN_KEY_CHECKS */;
/*!40014 SET UNIQUE_CHECKS=@OLD_UNIQUE_CHECKS */;
/*!40101 SET CHARACTER_SET_CLIENT=@OLD_CHARACTER_SET_CLIENT */;
/*!40101 SET CHARACTER_SET_RESULTS=@OLD_CHARACTER_SET_RESULTS */;
/*!40101 SET COLLATION_CONNECTION=@OLD_COLLATION_CONNECTION */;
/*!40111 SET SQL_NOTES=@OLD_SQL_NOTES */;

drop view v1;
drop table t1;
create database mysqldump_test_db;
use mysqldump_test_db;
CREATE TABLE t2 (
a varchar(30) default NULL,
KEY a (a(5))
);
INSERT INTO t2 VALUES ('alfred');
INSERT INTO t2 VALUES ('angie');
INSERT INTO t2 VALUES ('bingo');
INSERT INTO t2 VALUES ('waffle');
INSERT INTO t2 VALUES ('lemon');
create view v2 as select * from t2 where a like 'a%' with check option;

/*!40101 SET @OLD_CHARACTER_SET_CLIENT=@@CHARACTER_SET_CLIENT */;
/*!40101 SET @OLD_CHARACTER_SET_RESULTS=@@CHARACTER_SET_RESULTS */;
/*!40101 SET @OLD_COLLATION_CONNECTION=@@COLLATION_CONNECTION */;
/*!40101 SET NAMES utf8 */;
/*!40103 SET @OLD_TIME_ZONE=@@TIME_ZONE */;
/*!40103 SET TIME_ZONE='+00:00' */;
/*!40014 SET @OLD_UNIQUE_CHECKS=@@UNIQUE_CHECKS, UNIQUE_CHECKS=0 */;
/*!40014 SET @OLD_FOREIGN_KEY_CHECKS=@@FOREIGN_KEY_CHECKS, FOREIGN_KEY_CHECKS=0 */;
/*!40101 SET @OLD_SQL_MODE=@@SQL_MODE, SQL_MODE='NO_AUTO_VALUE_ON_ZERO' */;
/*!40111 SET @OLD_SQL_NOTES=@@SQL_NOTES, SQL_NOTES=0 */;
DROP TABLE IF EXISTS `t2`;
CREATE TABLE `t2` (
  `a` varchar(30) default NULL,
  KEY `a` (`a`(5))
) ENGINE=MyISAM DEFAULT CHARSET=latin1;

LOCK TABLES `t2` WRITE;
/*!40000 ALTER TABLE `t2` DISABLE KEYS */;
INSERT INTO `t2` VALUES ('alfred'),('angie'),('bingo'),('waffle'),('lemon');
/*!40000 ALTER TABLE `t2` ENABLE KEYS */;
UNLOCK TABLES;
DROP TABLE IF EXISTS `v2`;
/*!50001 DROP VIEW IF EXISTS `v2`*/;
/*!50001 CREATE TABLE `v2` (
  `a` varchar(30)
) */;
/*!50001 DROP TABLE IF EXISTS `v2`*/;
/*!50001 DROP VIEW IF EXISTS `v2`*/;
/*!50001 CREATE ALGORITHM=UNDEFINED */
/*!50013 DEFINER=`root`@`localhost` SQL SECURITY DEFINER */
/*!50001 VIEW `v2` AS select `t2`.`a` AS `a` from `t2` where (`t2`.`a` like _latin1'a%') */
/*!50002 WITH CASCADED CHECK OPTION */;
/*!40103 SET TIME_ZONE=@OLD_TIME_ZONE */;

/*!40101 SET SQL_MODE=@OLD_SQL_MODE */;
/*!40014 SET FOREIGN_KEY_CHECKS=@OLD_FOREIGN_KEY_CHECKS */;
/*!40014 SET UNIQUE_CHECKS=@OLD_UNIQUE_CHECKS */;
/*!40101 SET CHARACTER_SET_CLIENT=@OLD_CHARACTER_SET_CLIENT */;
/*!40101 SET CHARACTER_SET_RESULTS=@OLD_CHARACTER_SET_RESULTS */;
/*!40101 SET COLLATION_CONNECTION=@OLD_COLLATION_CONNECTION */;
/*!40111 SET SQL_NOTES=@OLD_SQL_NOTES */;

drop table t2;
drop view v2;
drop database mysqldump_test_db;
use test;
CREATE TABLE t1 (a char(10));
INSERT INTO t1 VALUES ('\'');

/*!40101 SET @OLD_CHARACTER_SET_CLIENT=@@CHARACTER_SET_CLIENT */;
/*!40101 SET @OLD_CHARACTER_SET_RESULTS=@@CHARACTER_SET_RESULTS */;
/*!40101 SET @OLD_COLLATION_CONNECTION=@@COLLATION_CONNECTION */;
/*!40101 SET NAMES utf8 */;
/*!40103 SET @OLD_TIME_ZONE=@@TIME_ZONE */;
/*!40103 SET TIME_ZONE='+00:00' */;
/*!40014 SET @OLD_UNIQUE_CHECKS=@@UNIQUE_CHECKS, UNIQUE_CHECKS=0 */;
/*!40014 SET @OLD_FOREIGN_KEY_CHECKS=@@FOREIGN_KEY_CHECKS, FOREIGN_KEY_CHECKS=0 */;
/*!40101 SET @OLD_SQL_MODE=@@SQL_MODE, SQL_MODE='NO_AUTO_VALUE_ON_ZERO' */;
/*!40111 SET @OLD_SQL_NOTES=@@SQL_NOTES, SQL_NOTES=0 */;
DROP TABLE IF EXISTS `t1`;
CREATE TABLE `t1` (
  `a` char(10) default NULL
) ENGINE=MyISAM DEFAULT CHARSET=latin1;

LOCK TABLES `t1` WRITE;
/*!40000 ALTER TABLE `t1` DISABLE KEYS */;
INSERT INTO `t1` VALUES ('\'');
/*!40000 ALTER TABLE `t1` ENABLE KEYS */;
UNLOCK TABLES;
/*!40103 SET TIME_ZONE=@OLD_TIME_ZONE */;

/*!40101 SET SQL_MODE=@OLD_SQL_MODE */;
/*!40014 SET FOREIGN_KEY_CHECKS=@OLD_FOREIGN_KEY_CHECKS */;
/*!40014 SET UNIQUE_CHECKS=@OLD_UNIQUE_CHECKS */;
/*!40101 SET CHARACTER_SET_CLIENT=@OLD_CHARACTER_SET_CLIENT */;
/*!40101 SET CHARACTER_SET_RESULTS=@OLD_CHARACTER_SET_RESULTS */;
/*!40101 SET COLLATION_CONNECTION=@OLD_COLLATION_CONNECTION */;
/*!40111 SET SQL_NOTES=@OLD_SQL_NOTES */;

DROP TABLE t1;
create table t1(a int, b int, c varchar(30));
insert into t1 values(1, 2, "one"), (2, 4, "two"), (3, 6, "three");
create view v3 as
select * from t1;
create  view v1 as
select * from v3 where b in (1, 2, 3, 4, 5, 6, 7);
create  view v2 as
select v3.a from v3, v1 where v1.a=v3.a and v3.b=3 limit 1;

/*!40101 SET @OLD_CHARACTER_SET_CLIENT=@@CHARACTER_SET_CLIENT */;
/*!40101 SET @OLD_CHARACTER_SET_RESULTS=@@CHARACTER_SET_RESULTS */;
/*!40101 SET @OLD_COLLATION_CONNECTION=@@COLLATION_CONNECTION */;
/*!40101 SET NAMES utf8 */;
/*!40103 SET @OLD_TIME_ZONE=@@TIME_ZONE */;
/*!40103 SET TIME_ZONE='+00:00' */;
/*!40014 SET @OLD_UNIQUE_CHECKS=@@UNIQUE_CHECKS, UNIQUE_CHECKS=0 */;
/*!40014 SET @OLD_FOREIGN_KEY_CHECKS=@@FOREIGN_KEY_CHECKS, FOREIGN_KEY_CHECKS=0 */;
/*!40101 SET @OLD_SQL_MODE=@@SQL_MODE, SQL_MODE='NO_AUTO_VALUE_ON_ZERO' */;
/*!40111 SET @OLD_SQL_NOTES=@@SQL_NOTES, SQL_NOTES=0 */;
DROP TABLE IF EXISTS `t1`;
CREATE TABLE `t1` (
  `a` int(11) default NULL,
  `b` int(11) default NULL,
  `c` varchar(30) default NULL
) ENGINE=MyISAM DEFAULT CHARSET=latin1;

LOCK TABLES `t1` WRITE;
/*!40000 ALTER TABLE `t1` DISABLE KEYS */;
INSERT INTO `t1` VALUES (1,2,'one'),(2,4,'two'),(3,6,'three');
/*!40000 ALTER TABLE `t1` ENABLE KEYS */;
UNLOCK TABLES;
DROP TABLE IF EXISTS `v1`;
/*!50001 DROP VIEW IF EXISTS `v1`*/;
/*!50001 CREATE TABLE `v1` (
  `a` int(11),
  `b` int(11),
  `c` varchar(30)
) */;
DROP TABLE IF EXISTS `v2`;
/*!50001 DROP VIEW IF EXISTS `v2`*/;
/*!50001 CREATE TABLE `v2` (
  `a` int(11)
) */;
DROP TABLE IF EXISTS `v3`;
/*!50001 DROP VIEW IF EXISTS `v3`*/;
/*!50001 CREATE TABLE `v3` (
  `a` int(11),
  `b` int(11),
  `c` varchar(30)
) */;
/*!50001 DROP TABLE IF EXISTS `v1`*/;
/*!50001 DROP VIEW IF EXISTS `v1`*/;
/*!50001 CREATE ALGORITHM=UNDEFINED */
/*!50013 DEFINER=`root`@`localhost` SQL SECURITY DEFINER */
/*!50001 VIEW `v1` AS select `v3`.`a` AS `a`,`v3`.`b` AS `b`,`v3`.`c` AS `c` from `v3` where (`v3`.`b` in (1,2,3,4,5,6,7)) */;
/*!50001 DROP TABLE IF EXISTS `v2`*/;
/*!50001 DROP VIEW IF EXISTS `v2`*/;
/*!50001 CREATE ALGORITHM=UNDEFINED */
/*!50013 DEFINER=`root`@`localhost` SQL SECURITY DEFINER */
/*!50001 VIEW `v2` AS select `v3`.`a` AS `a` from (`v3` join `v1`) where ((`v1`.`a` = `v3`.`a`) and (`v3`.`b` = 3)) limit 1 */;
/*!50001 DROP TABLE IF EXISTS `v3`*/;
/*!50001 DROP VIEW IF EXISTS `v3`*/;
/*!50001 CREATE ALGORITHM=UNDEFINED */
/*!50013 DEFINER=`root`@`localhost` SQL SECURITY DEFINER */
/*!50001 VIEW `v3` AS select `t1`.`a` AS `a`,`t1`.`b` AS `b`,`t1`.`c` AS `c` from `t1` */;
/*!40103 SET TIME_ZONE=@OLD_TIME_ZONE */;

/*!40101 SET SQL_MODE=@OLD_SQL_MODE */;
/*!40014 SET FOREIGN_KEY_CHECKS=@OLD_FOREIGN_KEY_CHECKS */;
/*!40014 SET UNIQUE_CHECKS=@OLD_UNIQUE_CHECKS */;
/*!40101 SET CHARACTER_SET_CLIENT=@OLD_CHARACTER_SET_CLIENT */;
/*!40101 SET CHARACTER_SET_RESULTS=@OLD_CHARACTER_SET_RESULTS */;
/*!40101 SET COLLATION_CONNECTION=@OLD_COLLATION_CONNECTION */;
/*!40111 SET SQL_NOTES=@OLD_SQL_NOTES */;

drop view v1, v2, v3;
drop table t1;
CREATE TABLE t1 (a int, b bigint default NULL);
CREATE TABLE t2 (a int);
create trigger trg1 before insert on t1 for each row
begin
if new.a > 10 then
set new.a := 10;
set new.a := 11;
end if;
end|
create trigger trg2 before update on t1 for each row begin
if old.a % 2 = 0 then set new.b := 12; end if;
end|
set sql_mode="traditional"|
create trigger trg3 after update on t1 for each row
begin
if new.a = -1 then
set @fired:= "Yes";
end if;
end|
create trigger trg4 before insert on t2 for each row
begin
if new.a > 10 then
set @fired:= "No";
end if;
end|
set sql_mode=default|
show triggers like "t1";
Trigger	Event	Table	Statement	Timing	Created	sql_mode	Definer
trg1	INSERT	t1	begin
if new.a > 10 then
set new.a := 10;
set new.a := 11;
end if;
end	BEFORE	0000-00-00 00:00:00		root@localhost
trg2	UPDATE	t1	begin
if old.a % 2 = 0 then set new.b := 12; end if;
end	BEFORE	0000-00-00 00:00:00		root@localhost
trg3	UPDATE	t1	begin
if new.a = -1 then
set @fired:= "Yes";
end if;
end	AFTER	0000-00-00 00:00:00	STRICT_TRANS_TABLES,STRICT_ALL_TABLES,NO_ZERO_IN_DATE,NO_ZERO_DATE,ERROR_FOR_DIVISION_BY_ZERO,TRADITIONAL,NO_AUTO_CREATE_USER	root@localhost
INSERT INTO t1 (a) VALUES (1),(2),(3),(22);
update t1 set a = 4 where a=3;

/*!40101 SET @OLD_CHARACTER_SET_CLIENT=@@CHARACTER_SET_CLIENT */;
/*!40101 SET @OLD_CHARACTER_SET_RESULTS=@@CHARACTER_SET_RESULTS */;
/*!40101 SET @OLD_COLLATION_CONNECTION=@@COLLATION_CONNECTION */;
/*!40101 SET NAMES utf8 */;
/*!40103 SET @OLD_TIME_ZONE=@@TIME_ZONE */;
/*!40103 SET TIME_ZONE='+00:00' */;
/*!40014 SET @OLD_UNIQUE_CHECKS=@@UNIQUE_CHECKS, UNIQUE_CHECKS=0 */;
/*!40014 SET @OLD_FOREIGN_KEY_CHECKS=@@FOREIGN_KEY_CHECKS, FOREIGN_KEY_CHECKS=0 */;
/*!40101 SET @OLD_SQL_MODE=@@SQL_MODE, SQL_MODE='NO_AUTO_VALUE_ON_ZERO' */;
/*!40111 SET @OLD_SQL_NOTES=@@SQL_NOTES, SQL_NOTES=0 */;

CREATE DATABASE /*!32312 IF NOT EXISTS*/ `test` /*!40100 DEFAULT CHARACTER SET latin1 */;

USE `test`;
DROP TABLE IF EXISTS `t1`;
CREATE TABLE `t1` (
  `a` int(11) default NULL,
  `b` bigint(20) default NULL
) ENGINE=MyISAM DEFAULT CHARSET=latin1;

LOCK TABLES `t1` WRITE;
/*!40000 ALTER TABLE `t1` DISABLE KEYS */;
INSERT INTO `t1` VALUES (1,NULL),(2,NULL),(4,NULL),(11,NULL);
/*!40000 ALTER TABLE `t1` ENABLE KEYS */;
UNLOCK TABLES;

/*!50003 SET @OLD_SQL_MODE=@@SQL_MODE*/;
DELIMITER ;;
/*!50003 SET SESSION SQL_MODE="" */;;
/*!50003 CREATE */ /*!50017 DEFINER=`root`@`localhost` */ /*!50003 TRIGGER `trg1` BEFORE INSERT ON `t1` FOR EACH ROW begin
if new.a > 10 then
set new.a := 10;
set new.a := 11;
end if;
end */;;

/*!50003 SET SESSION SQL_MODE="" */;;
/*!50003 CREATE */ /*!50017 DEFINER=`root`@`localhost` */ /*!50003 TRIGGER `trg2` BEFORE UPDATE ON `t1` FOR EACH ROW begin
if old.a % 2 = 0 then set new.b := 12; end if;
end */;;

/*!50003 SET SESSION SQL_MODE="STRICT_TRANS_TABLES,STRICT_ALL_TABLES,NO_ZERO_IN_DATE,NO_ZERO_DATE,ERROR_FOR_DIVISION_BY_ZERO,TRADITIONAL,NO_AUTO_CREATE_USER" */;;
/*!50003 CREATE */ /*!50017 DEFINER=`root`@`localhost` */ /*!50003 TRIGGER `trg3` AFTER UPDATE ON `t1` FOR EACH ROW begin
if new.a = -1 then
set @fired:= "Yes";
end if;
end */;;

DELIMITER ;
/*!50003 SET SESSION SQL_MODE=@OLD_SQL_MODE */;
DROP TABLE IF EXISTS `t2`;
CREATE TABLE `t2` (
  `a` int(11) default NULL
) ENGINE=MyISAM DEFAULT CHARSET=latin1;

LOCK TABLES `t2` WRITE;
/*!40000 ALTER TABLE `t2` DISABLE KEYS */;
/*!40000 ALTER TABLE `t2` ENABLE KEYS */;
UNLOCK TABLES;

/*!50003 SET @OLD_SQL_MODE=@@SQL_MODE*/;
DELIMITER ;;
/*!50003 SET SESSION SQL_MODE="STRICT_TRANS_TABLES,STRICT_ALL_TABLES,NO_ZERO_IN_DATE,NO_ZERO_DATE,ERROR_FOR_DIVISION_BY_ZERO,TRADITIONAL,NO_AUTO_CREATE_USER" */;;
/*!50003 CREATE */ /*!50017 DEFINER=`root`@`localhost` */ /*!50003 TRIGGER `trg4` BEFORE INSERT ON `t2` FOR EACH ROW begin
if new.a > 10 then
set @fired:= "No";
end if;
end */;;

DELIMITER ;
/*!50003 SET SESSION SQL_MODE=@OLD_SQL_MODE */;
/*!40103 SET TIME_ZONE=@OLD_TIME_ZONE */;

/*!40101 SET SQL_MODE=@OLD_SQL_MODE */;
/*!40014 SET FOREIGN_KEY_CHECKS=@OLD_FOREIGN_KEY_CHECKS */;
/*!40014 SET UNIQUE_CHECKS=@OLD_UNIQUE_CHECKS */;
/*!40101 SET CHARACTER_SET_CLIENT=@OLD_CHARACTER_SET_CLIENT */;
/*!40101 SET CHARACTER_SET_RESULTS=@OLD_CHARACTER_SET_RESULTS */;
/*!40101 SET COLLATION_CONNECTION=@OLD_COLLATION_CONNECTION */;
/*!40111 SET SQL_NOTES=@OLD_SQL_NOTES */;


/*!40101 SET @OLD_CHARACTER_SET_CLIENT=@@CHARACTER_SET_CLIENT */;
/*!40101 SET @OLD_CHARACTER_SET_RESULTS=@@CHARACTER_SET_RESULTS */;
/*!40101 SET @OLD_COLLATION_CONNECTION=@@COLLATION_CONNECTION */;
/*!40101 SET NAMES utf8 */;
/*!40103 SET @OLD_TIME_ZONE=@@TIME_ZONE */;
/*!40103 SET TIME_ZONE='+00:00' */;
/*!40014 SET @OLD_UNIQUE_CHECKS=@@UNIQUE_CHECKS, UNIQUE_CHECKS=0 */;
/*!40014 SET @OLD_FOREIGN_KEY_CHECKS=@@FOREIGN_KEY_CHECKS, FOREIGN_KEY_CHECKS=0 */;
/*!40101 SET @OLD_SQL_MODE=@@SQL_MODE, SQL_MODE='NO_AUTO_VALUE_ON_ZERO' */;
/*!40111 SET @OLD_SQL_NOTES=@@SQL_NOTES, SQL_NOTES=0 */;

CREATE DATABASE /*!32312 IF NOT EXISTS*/ `test` /*!40100 DEFAULT CHARACTER SET latin1 */;

USE `test`;
DROP TABLE IF EXISTS `t1`;
CREATE TABLE `t1` (
  `a` int(11) default NULL,
  `b` bigint(20) default NULL
) ENGINE=MyISAM DEFAULT CHARSET=latin1;

LOCK TABLES `t1` WRITE;
/*!40000 ALTER TABLE `t1` DISABLE KEYS */;
INSERT INTO `t1` VALUES (1,NULL),(2,NULL),(4,NULL),(11,NULL);
/*!40000 ALTER TABLE `t1` ENABLE KEYS */;
UNLOCK TABLES;
DROP TABLE IF EXISTS `t2`;
CREATE TABLE `t2` (
  `a` int(11) default NULL
) ENGINE=MyISAM DEFAULT CHARSET=latin1;

LOCK TABLES `t2` WRITE;
/*!40000 ALTER TABLE `t2` DISABLE KEYS */;
/*!40000 ALTER TABLE `t2` ENABLE KEYS */;
UNLOCK TABLES;
/*!40103 SET TIME_ZONE=@OLD_TIME_ZONE */;

/*!40101 SET SQL_MODE=@OLD_SQL_MODE */;
/*!40014 SET FOREIGN_KEY_CHECKS=@OLD_FOREIGN_KEY_CHECKS */;
/*!40014 SET UNIQUE_CHECKS=@OLD_UNIQUE_CHECKS */;
/*!40101 SET CHARACTER_SET_CLIENT=@OLD_CHARACTER_SET_CLIENT */;
/*!40101 SET CHARACTER_SET_RESULTS=@OLD_CHARACTER_SET_RESULTS */;
/*!40101 SET COLLATION_CONNECTION=@OLD_COLLATION_CONNECTION */;
/*!40111 SET SQL_NOTES=@OLD_SQL_NOTES */;

drop table t1;
show tables;
Tables_in_test
t1
t2
show triggers;
Trigger	Event	Table	Statement	Timing	Created	sql_mode	Definer
trg1	INSERT	t1	begin
if new.a > 10 then
set new.a := 10;
set new.a := 11;
end if;
end	BEFORE	#		root@localhost
trg2	UPDATE	t1	begin
if old.a % 2 = 0 then set new.b := 12; end if;
end	BEFORE	#		root@localhost
trg3	UPDATE	t1	begin
if new.a = -1 then
set @fired:= "Yes";
end if;
end	AFTER	#	STRICT_TRANS_TABLES,STRICT_ALL_TABLES,NO_ZERO_IN_DATE,NO_ZERO_DATE,ERROR_FOR_DIVISION_BY_ZERO,TRADITIONAL,NO_AUTO_CREATE_USER	root@localhost
trg4	INSERT	t2	begin
if new.a > 10 then
set @fired:= "No";
end if;
end	BEFORE	#	STRICT_TRANS_TABLES,STRICT_ALL_TABLES,NO_ZERO_IN_DATE,NO_ZERO_DATE,ERROR_FOR_DIVISION_BY_ZERO,TRADITIONAL,NO_AUTO_CREATE_USER	root@localhost
DROP TABLE t1, t2;
--port=1234
--port=1234
DROP TABLE IF EXISTS `test1`;
Warnings:
Note	1051	Unknown table 'test1'
CREATE TABLE `test1` (
`a1` int(11) default NULL
) ENGINE=MyISAM DEFAULT CHARSET=latin1;
DROP TABLE IF EXISTS `test2`;
Warnings:
Note	1051	Unknown table 'test2'
CREATE TABLE `test2` (
`a2` int(11) default NULL
) ENGINE=MyISAM DEFAULT CHARSET=latin1;
CREATE TRIGGER `testref` BEFORE INSERT ON `test1` FOR EACH ROW BEGIN
INSERT INTO test2 SET a2 = NEW.a1; END  //
INSERT INTO `test1` VALUES (1);
SELECT * FROM `test2`;
a2
1
SHOW TRIGGERS;
Trigger	Event	Table	Statement	Timing	Created	sql_mode	Definer
testref	INSERT	test1	BEGIN
INSERT INTO test2 SET a2 = NEW.a1; END	BEFORE	NULL		root@localhost
SELECT * FROM `test1`;
a1
1
SELECT * FROM `test2`;
a2
1
DROP TRIGGER testref;
DROP TABLE test1;
DROP TABLE test2;
DROP TABLE IF EXISTS t1;
DROP FUNCTION IF EXISTS bug9056_func1;
DROP FUNCTION IF EXISTS bug9056_func2;
DROP PROCEDURE IF EXISTS bug9056_proc1;
DROP PROCEDURE IF EXISTS bug9056_proc2;
DROP PROCEDURE IF EXISTS `a'b`;
CREATE TABLE t1 (id int);
INSERT INTO t1 VALUES(1), (2), (3), (4), (5);
CREATE FUNCTION `bug9056_func1`(a INT, b INT) RETURNS int(11) RETURN a+b //
CREATE PROCEDURE `bug9056_proc1`(IN a INT, IN b INT, OUT c INT)
BEGIN SELECT a+b INTO c; end  //
create function bug9056_func2(f1 char binary) returns char binary
begin
set f1= concat( 'hello', f1 );
return f1;
end //
CREATE PROCEDURE bug9056_proc2(OUT a INT) 
BEGIN 
select sum(id) from t1 into a; 
END //
set sql_mode='ansi';
create procedure `a'b` () select 1;
set sql_mode='';

/*!40101 SET @OLD_CHARACTER_SET_CLIENT=@@CHARACTER_SET_CLIENT */;
/*!40101 SET @OLD_CHARACTER_SET_RESULTS=@@CHARACTER_SET_RESULTS */;
/*!40101 SET @OLD_COLLATION_CONNECTION=@@COLLATION_CONNECTION */;
/*!40101 SET NAMES utf8 */;
/*!40103 SET @OLD_TIME_ZONE=@@TIME_ZONE */;
/*!40103 SET TIME_ZONE='+00:00' */;
/*!40014 SET @OLD_UNIQUE_CHECKS=@@UNIQUE_CHECKS, UNIQUE_CHECKS=0 */;
/*!40014 SET @OLD_FOREIGN_KEY_CHECKS=@@FOREIGN_KEY_CHECKS, FOREIGN_KEY_CHECKS=0 */;
/*!40101 SET @OLD_SQL_MODE=@@SQL_MODE, SQL_MODE='NO_AUTO_VALUE_ON_ZERO' */;
/*!40111 SET @OLD_SQL_NOTES=@@SQL_NOTES, SQL_NOTES=0 */;

CREATE DATABASE /*!32312 IF NOT EXISTS*/ `test` /*!40100 DEFAULT CHARACTER SET latin1 */;

USE `test`;
DROP TABLE IF EXISTS `t1`;
CREATE TABLE `t1` (
  `id` int(11) default NULL
) ENGINE=MyISAM DEFAULT CHARSET=latin1;

LOCK TABLES `t1` WRITE;
/*!40000 ALTER TABLE `t1` DISABLE KEYS */;
INSERT INTO `t1` VALUES (1),(2),(3),(4),(5);
/*!40000 ALTER TABLE `t1` ENABLE KEYS */;
UNLOCK TABLES;
DELIMITER ;;
/*!50003 DROP FUNCTION IF EXISTS `bug9056_func1` */;;
/*!50003 SET SESSION SQL_MODE=""*/;;
/*!50003 CREATE*/ /*!50020 DEFINER=`root`@`localhost`*/ /*!50003 FUNCTION `bug9056_func1`(a INT, b INT) RETURNS int(11)
RETURN a+b */;;
/*!50003 SET SESSION SQL_MODE=@OLD_SQL_MODE*/;;
/*!50003 DROP FUNCTION IF EXISTS `bug9056_func2` */;;
/*!50003 SET SESSION SQL_MODE=""*/;;
/*!50003 CREATE*/ /*!50020 DEFINER=`root`@`localhost`*/ /*!50003 FUNCTION `bug9056_func2`(f1 char binary) RETURNS char(1)
begin
set f1= concat( 'hello', f1 );
return f1;
end */;;
/*!50003 SET SESSION SQL_MODE=@OLD_SQL_MODE*/;;
/*!50003 DROP PROCEDURE IF EXISTS `a'b` */;;
/*!50003 SET SESSION SQL_MODE="REAL_AS_FLOAT,PIPES_AS_CONCAT,ANSI_QUOTES,IGNORE_SPACE,ANSI"*/;;
/*!50003 CREATE*/ /*!50020 DEFINER="root"@"localhost"*/ /*!50003 PROCEDURE "a'b"()
select 1 */;;
/*!50003 SET SESSION SQL_MODE=@OLD_SQL_MODE*/;;
/*!50003 DROP PROCEDURE IF EXISTS `bug9056_proc1` */;;
/*!50003 SET SESSION SQL_MODE=""*/;;
/*!50003 CREATE*/ /*!50020 DEFINER=`root`@`localhost`*/ /*!50003 PROCEDURE `bug9056_proc1`(IN a INT, IN b INT, OUT c INT)
BEGIN SELECT a+b INTO c; end */;;
/*!50003 SET SESSION SQL_MODE=@OLD_SQL_MODE*/;;
/*!50003 DROP PROCEDURE IF EXISTS `bug9056_proc2` */;;
/*!50003 SET SESSION SQL_MODE=""*/;;
/*!50003 CREATE*/ /*!50020 DEFINER=`root`@`localhost`*/ /*!50003 PROCEDURE `bug9056_proc2`(OUT a INT)
BEGIN 
select sum(id) from t1 into a; 
END */;;
/*!50003 SET SESSION SQL_MODE=@OLD_SQL_MODE*/;;
DELIMITER ;
/*!40103 SET TIME_ZONE=@OLD_TIME_ZONE */;

/*!40101 SET SQL_MODE=@OLD_SQL_MODE */;
/*!40014 SET FOREIGN_KEY_CHECKS=@OLD_FOREIGN_KEY_CHECKS */;
/*!40014 SET UNIQUE_CHECKS=@OLD_UNIQUE_CHECKS */;
/*!40101 SET CHARACTER_SET_CLIENT=@OLD_CHARACTER_SET_CLIENT */;
/*!40101 SET CHARACTER_SET_RESULTS=@OLD_CHARACTER_SET_RESULTS */;
/*!40101 SET COLLATION_CONNECTION=@OLD_COLLATION_CONNECTION */;
/*!40111 SET SQL_NOTES=@OLD_SQL_NOTES */;

DROP FUNCTION bug9056_func1;
DROP FUNCTION bug9056_func2;
DROP PROCEDURE bug9056_proc1;
DROP PROCEDURE bug9056_proc2;
DROP PROCEDURE `a'b`;
drop table t1;
drop table if exists t1;
create table t1 (`d` timestamp, unique (`d`));
set time_zone='+00:00';
insert into t1 values ('2003-10-25 22:00:00'),('2003-10-25 23:00:00');
select * from t1;
d
2003-10-25 22:00:00
2003-10-25 23:00:00
set time_zone='Europe/Moscow';
select * from t1;
d
2003-10-26 02:00:00
2003-10-26 02:00:00
set global time_zone='Europe/Moscow';

/*!40101 SET @OLD_CHARACTER_SET_CLIENT=@@CHARACTER_SET_CLIENT */;
/*!40101 SET @OLD_CHARACTER_SET_RESULTS=@@CHARACTER_SET_RESULTS */;
/*!40101 SET @OLD_COLLATION_CONNECTION=@@COLLATION_CONNECTION */;
/*!40101 SET NAMES utf8 */;
/*!40103 SET @OLD_TIME_ZONE=@@TIME_ZONE */;
/*!40103 SET TIME_ZONE='+00:00' */;
/*!40014 SET @OLD_UNIQUE_CHECKS=@@UNIQUE_CHECKS, UNIQUE_CHECKS=0 */;
/*!40014 SET @OLD_FOREIGN_KEY_CHECKS=@@FOREIGN_KEY_CHECKS, FOREIGN_KEY_CHECKS=0 */;
/*!40101 SET @OLD_SQL_MODE=@@SQL_MODE, SQL_MODE='NO_AUTO_VALUE_ON_ZERO' */;
/*!40111 SET @OLD_SQL_NOTES=@@SQL_NOTES, SQL_NOTES=0 */;

CREATE DATABASE /*!32312 IF NOT EXISTS*/ `test` /*!40100 DEFAULT CHARACTER SET latin1 */;

USE `test`;
DROP TABLE IF EXISTS `t1`;
CREATE TABLE `t1` (
  `d` timestamp NOT NULL default CURRENT_TIMESTAMP on update CURRENT_TIMESTAMP,
  UNIQUE KEY `d` (`d`)
) ENGINE=MyISAM DEFAULT CHARSET=latin1;

LOCK TABLES `t1` WRITE;
/*!40000 ALTER TABLE `t1` DISABLE KEYS */;
INSERT INTO `t1` VALUES ('2003-10-25 22:00:00'),('2003-10-25 23:00:00');
/*!40000 ALTER TABLE `t1` ENABLE KEYS */;
UNLOCK TABLES;
/*!40103 SET TIME_ZONE=@OLD_TIME_ZONE */;

/*!40101 SET SQL_MODE=@OLD_SQL_MODE */;
/*!40014 SET FOREIGN_KEY_CHECKS=@OLD_FOREIGN_KEY_CHECKS */;
/*!40014 SET UNIQUE_CHECKS=@OLD_UNIQUE_CHECKS */;
/*!40101 SET CHARACTER_SET_CLIENT=@OLD_CHARACTER_SET_CLIENT */;
/*!40101 SET CHARACTER_SET_RESULTS=@OLD_CHARACTER_SET_RESULTS */;
/*!40101 SET COLLATION_CONNECTION=@OLD_COLLATION_CONNECTION */;
/*!40111 SET SQL_NOTES=@OLD_SQL_NOTES */;


/*!40101 SET @OLD_CHARACTER_SET_CLIENT=@@CHARACTER_SET_CLIENT */;
/*!40101 SET @OLD_CHARACTER_SET_RESULTS=@@CHARACTER_SET_RESULTS */;
/*!40101 SET @OLD_COLLATION_CONNECTION=@@COLLATION_CONNECTION */;
/*!40101 SET NAMES utf8 */;
/*!40014 SET @OLD_UNIQUE_CHECKS=@@UNIQUE_CHECKS, UNIQUE_CHECKS=0 */;
/*!40014 SET @OLD_FOREIGN_KEY_CHECKS=@@FOREIGN_KEY_CHECKS, FOREIGN_KEY_CHECKS=0 */;
/*!40101 SET @OLD_SQL_MODE=@@SQL_MODE, SQL_MODE='NO_AUTO_VALUE_ON_ZERO' */;
/*!40111 SET @OLD_SQL_NOTES=@@SQL_NOTES, SQL_NOTES=0 */;

CREATE DATABASE /*!32312 IF NOT EXISTS*/ `test` /*!40100 DEFAULT CHARACTER SET latin1 */;

USE `test`;
DROP TABLE IF EXISTS `t1`;
CREATE TABLE `t1` (
  `d` timestamp NOT NULL default CURRENT_TIMESTAMP on update CURRENT_TIMESTAMP,
  UNIQUE KEY `d` (`d`)
) ENGINE=MyISAM DEFAULT CHARSET=latin1;

LOCK TABLES `t1` WRITE;
/*!40000 ALTER TABLE `t1` DISABLE KEYS */;
INSERT INTO `t1` VALUES ('2003-10-26 02:00:00'),('2003-10-26 02:00:00');
/*!40000 ALTER TABLE `t1` ENABLE KEYS */;
UNLOCK TABLES;

/*!40101 SET SQL_MODE=@OLD_SQL_MODE */;
/*!40014 SET FOREIGN_KEY_CHECKS=@OLD_FOREIGN_KEY_CHECKS */;
/*!40014 SET UNIQUE_CHECKS=@OLD_UNIQUE_CHECKS */;
/*!40101 SET CHARACTER_SET_CLIENT=@OLD_CHARACTER_SET_CLIENT */;
/*!40101 SET CHARACTER_SET_RESULTS=@OLD_CHARACTER_SET_RESULTS */;
/*!40101 SET COLLATION_CONNECTION=@OLD_COLLATION_CONNECTION */;
/*!40111 SET SQL_NOTES=@OLD_SQL_NOTES */;

drop table t1;
set global time_zone=default;
set time_zone=default;
DROP TABLE IF EXISTS `t1 test`;
DROP TABLE IF EXISTS `t2 test`;
CREATE TABLE `t1 test` (
`a1` int(11) default NULL
) ENGINE=MyISAM DEFAULT CHARSET=latin1;
CREATE TABLE `t2 test` (
`a2` int(11) default NULL
) ENGINE=MyISAM DEFAULT CHARSET=latin1;
CREATE TRIGGER `test trig` BEFORE INSERT ON `t1 test` FOR EACH ROW BEGIN
INSERT INTO `t2 test` SET a2 = NEW.a1; END  //
INSERT INTO `t1 test` VALUES (1);
INSERT INTO `t1 test` VALUES (2);
INSERT INTO `t1 test` VALUES (3);
SELECT * FROM `t2 test`;
a2
1
2
3
/*!40103 SET @OLD_TIME_ZONE=@@TIME_ZONE */;
/*!40103 SET TIME_ZONE='+00:00' */;
/*!40014 SET @OLD_UNIQUE_CHECKS=@@UNIQUE_CHECKS, UNIQUE_CHECKS=0 */;
/*!40014 SET @OLD_FOREIGN_KEY_CHECKS=@@FOREIGN_KEY_CHECKS, FOREIGN_KEY_CHECKS=0 */;
/*!40101 SET @OLD_SQL_MODE=@@SQL_MODE, SQL_MODE='NO_AUTO_VALUE_ON_ZERO,ANSI' */;
/*!40111 SET @OLD_SQL_NOTES=@@SQL_NOTES, SQL_NOTES=0 */;
DROP TABLE IF EXISTS "t1 test";
CREATE TABLE "t1 test" (
  "a1" int(11) default NULL
);

LOCK TABLES "t1 test" WRITE;
/*!40000 ALTER TABLE "t1 test" DISABLE KEYS */;
INSERT INTO "t1 test" VALUES (1),(2),(3);
/*!40000 ALTER TABLE "t1 test" ENABLE KEYS */;
UNLOCK TABLES;

/*!50003 SET @OLD_SQL_MODE=@@SQL_MODE*/;
DELIMITER ;;
/*!50003 SET SESSION SQL_MODE="" */;;
/*!50003 CREATE */ /*!50017 DEFINER=`root`@`localhost` */ /*!50003 TRIGGER `test trig` BEFORE INSERT ON `t1 test` FOR EACH ROW BEGIN
INSERT INTO `t2 test` SET a2 = NEW.a1; END */;;

DELIMITER ;
/*!50003 SET SESSION SQL_MODE=@OLD_SQL_MODE */;
DROP TABLE IF EXISTS "t2 test";
CREATE TABLE "t2 test" (
  "a2" int(11) default NULL
);

LOCK TABLES "t2 test" WRITE;
/*!40000 ALTER TABLE "t2 test" DISABLE KEYS */;
INSERT INTO "t2 test" VALUES (1),(2),(3);
/*!40000 ALTER TABLE "t2 test" ENABLE KEYS */;
UNLOCK TABLES;
/*!40103 SET TIME_ZONE=@OLD_TIME_ZONE */;

/*!40101 SET SQL_MODE=@OLD_SQL_MODE */;
/*!40014 SET FOREIGN_KEY_CHECKS=@OLD_FOREIGN_KEY_CHECKS */;
/*!40014 SET UNIQUE_CHECKS=@OLD_UNIQUE_CHECKS */;
/*!40111 SET SQL_NOTES=@OLD_SQL_NOTES */;

DROP TRIGGER `test trig`;
DROP TABLE `t1 test`;
DROP TABLE `t2 test`;
drop table if exists t1;
create table t1 (a int, b varchar(32), c varchar(32));
insert into t1 values (1, 'first value', 'xxxx');
insert into t1 values (2, 'second value', 'tttt');
insert into t1 values (3, 'third value', 'vvv vvv');
create view v1 as select * from t1;
create view v0 as select * from v1;
create view v2 as select * from v0;
select * from v2;
a	b	c
1	first value	xxxx
2	second value	tttt
3	third value	vvv vvv

/*!40101 SET @OLD_CHARACTER_SET_CLIENT=@@CHARACTER_SET_CLIENT */;
/*!40101 SET @OLD_CHARACTER_SET_RESULTS=@@CHARACTER_SET_RESULTS */;
/*!40101 SET @OLD_COLLATION_CONNECTION=@@COLLATION_CONNECTION */;
/*!40101 SET NAMES utf8 */;
/*!40103 SET @OLD_TIME_ZONE=@@TIME_ZONE */;
/*!40103 SET TIME_ZONE='+00:00' */;
/*!40014 SET @OLD_UNIQUE_CHECKS=@@UNIQUE_CHECKS, UNIQUE_CHECKS=0 */;
/*!40014 SET @OLD_FOREIGN_KEY_CHECKS=@@FOREIGN_KEY_CHECKS, FOREIGN_KEY_CHECKS=0 */;
/*!40101 SET @OLD_SQL_MODE=@@SQL_MODE, SQL_MODE='NO_AUTO_VALUE_ON_ZERO' */;
/*!40111 SET @OLD_SQL_NOTES=@@SQL_NOTES, SQL_NOTES=0 */;

CREATE DATABASE /*!32312 IF NOT EXISTS*/ `test` /*!40100 DEFAULT CHARACTER SET latin1 */;

USE `test`;
DROP TABLE IF EXISTS `t1`;
CREATE TABLE `t1` (
  `a` int(11) default NULL,
  `b` varchar(32) default NULL,
  `c` varchar(32) default NULL
) ENGINE=MyISAM DEFAULT CHARSET=latin1;

LOCK TABLES `t1` WRITE;
/*!40000 ALTER TABLE `t1` DISABLE KEYS */;
INSERT INTO `t1` VALUES (1,'first value','xxxx'),(2,'second value','tttt'),(3,'third value','vvv vvv');
/*!40000 ALTER TABLE `t1` ENABLE KEYS */;
UNLOCK TABLES;
DROP TABLE IF EXISTS `v0`;
/*!50001 DROP VIEW IF EXISTS `v0`*/;
/*!50001 CREATE TABLE `v0` (
  `a` int(11),
  `b` varchar(32),
  `c` varchar(32)
) */;
DROP TABLE IF EXISTS `v1`;
/*!50001 DROP VIEW IF EXISTS `v1`*/;
/*!50001 CREATE TABLE `v1` (
  `a` int(11),
  `b` varchar(32),
  `c` varchar(32)
) */;
DROP TABLE IF EXISTS `v2`;
/*!50001 DROP VIEW IF EXISTS `v2`*/;
/*!50001 CREATE TABLE `v2` (
  `a` int(11),
  `b` varchar(32),
  `c` varchar(32)
) */;
/*!50001 DROP TABLE IF EXISTS `v0`*/;
/*!50001 DROP VIEW IF EXISTS `v0`*/;
/*!50001 CREATE ALGORITHM=UNDEFINED */
/*!50013 DEFINER=`root`@`localhost` SQL SECURITY DEFINER */
/*!50001 VIEW `v0` AS select `v1`.`a` AS `a`,`v1`.`b` AS `b`,`v1`.`c` AS `c` from `v1` */;
/*!50001 DROP TABLE IF EXISTS `v1`*/;
/*!50001 DROP VIEW IF EXISTS `v1`*/;
/*!50001 CREATE ALGORITHM=UNDEFINED */
/*!50013 DEFINER=`root`@`localhost` SQL SECURITY DEFINER */
/*!50001 VIEW `v1` AS select `t1`.`a` AS `a`,`t1`.`b` AS `b`,`t1`.`c` AS `c` from `t1` */;
/*!50001 DROP TABLE IF EXISTS `v2`*/;
/*!50001 DROP VIEW IF EXISTS `v2`*/;
/*!50001 CREATE ALGORITHM=UNDEFINED */
/*!50013 DEFINER=`root`@`localhost` SQL SECURITY DEFINER */
/*!50001 VIEW `v2` AS select `v0`.`a` AS `a`,`v0`.`b` AS `b`,`v0`.`c` AS `c` from `v0` */;
/*!40103 SET TIME_ZONE=@OLD_TIME_ZONE */;

/*!40101 SET SQL_MODE=@OLD_SQL_MODE */;
/*!40014 SET FOREIGN_KEY_CHECKS=@OLD_FOREIGN_KEY_CHECKS */;
/*!40014 SET UNIQUE_CHECKS=@OLD_UNIQUE_CHECKS */;
/*!40101 SET CHARACTER_SET_CLIENT=@OLD_CHARACTER_SET_CLIENT */;
/*!40101 SET CHARACTER_SET_RESULTS=@OLD_CHARACTER_SET_RESULTS */;
/*!40101 SET COLLATION_CONNECTION=@OLD_COLLATION_CONNECTION */;
/*!40111 SET SQL_NOTES=@OLD_SQL_NOTES */;

drop view v2;
drop view v0;
drop view v1;
drop table t1;
SET @old_sql_mode = @@SQL_MODE;
SET SQL_MODE = IGNORE_SPACE;
CREATE TABLE t1 (a INT);
CREATE TRIGGER tr1 BEFORE INSERT ON t1
FOR EACH ROW
BEGIN
SET new.a = 0;
END|
SET SQL_MODE = @old_sql_mode;

/*!40101 SET @OLD_CHARACTER_SET_CLIENT=@@CHARACTER_SET_CLIENT */;
/*!40101 SET @OLD_CHARACTER_SET_RESULTS=@@CHARACTER_SET_RESULTS */;
/*!40101 SET @OLD_COLLATION_CONNECTION=@@COLLATION_CONNECTION */;
/*!40101 SET NAMES utf8 */;
/*!40103 SET @OLD_TIME_ZONE=@@TIME_ZONE */;
/*!40103 SET TIME_ZONE='+00:00' */;
/*!40014 SET @OLD_UNIQUE_CHECKS=@@UNIQUE_CHECKS, UNIQUE_CHECKS=0 */;
/*!40014 SET @OLD_FOREIGN_KEY_CHECKS=@@FOREIGN_KEY_CHECKS, FOREIGN_KEY_CHECKS=0 */;
/*!40101 SET @OLD_SQL_MODE=@@SQL_MODE, SQL_MODE='NO_AUTO_VALUE_ON_ZERO' */;
/*!40111 SET @OLD_SQL_NOTES=@@SQL_NOTES, SQL_NOTES=0 */;

CREATE DATABASE /*!32312 IF NOT EXISTS*/ `test` /*!40100 DEFAULT CHARACTER SET latin1 */;

USE `test`;
DROP TABLE IF EXISTS `t1`;
CREATE TABLE `t1` (
  `a` int(11) default NULL
) ENGINE=MyISAM DEFAULT CHARSET=latin1;

LOCK TABLES `t1` WRITE;
/*!40000 ALTER TABLE `t1` DISABLE KEYS */;
/*!40000 ALTER TABLE `t1` ENABLE KEYS */;
UNLOCK TABLES;

/*!50003 SET @OLD_SQL_MODE=@@SQL_MODE*/;
DELIMITER ;;
/*!50003 SET SESSION SQL_MODE="IGNORE_SPACE" */;;
/*!50003 CREATE */ /*!50017 DEFINER=`root`@`localhost` */ /*!50003 TRIGGER `tr1` BEFORE INSERT ON `t1` FOR EACH ROW BEGIN
SET new.a = 0;
END */;;

DELIMITER ;
/*!50003 SET SESSION SQL_MODE=@OLD_SQL_MODE */;
/*!40103 SET TIME_ZONE=@OLD_TIME_ZONE */;

/*!40101 SET SQL_MODE=@OLD_SQL_MODE */;
/*!40014 SET FOREIGN_KEY_CHECKS=@OLD_FOREIGN_KEY_CHECKS */;
/*!40014 SET UNIQUE_CHECKS=@OLD_UNIQUE_CHECKS */;
/*!40101 SET CHARACTER_SET_CLIENT=@OLD_CHARACTER_SET_CLIENT */;
/*!40101 SET CHARACTER_SET_RESULTS=@OLD_CHARACTER_SET_RESULTS */;
/*!40101 SET COLLATION_CONNECTION=@OLD_COLLATION_CONNECTION */;
/*!40111 SET SQL_NOTES=@OLD_SQL_NOTES */;

DROP TRIGGER tr1;
DROP TABLE t1;
create table t1 (a binary(1), b blob);
insert into t1 values ('','');

/*!40101 SET @OLD_CHARACTER_SET_CLIENT=@@CHARACTER_SET_CLIENT */;
/*!40101 SET @OLD_CHARACTER_SET_RESULTS=@@CHARACTER_SET_RESULTS */;
/*!40101 SET @OLD_COLLATION_CONNECTION=@@COLLATION_CONNECTION */;
/*!40101 SET NAMES utf8 */;
/*!40103 SET @OLD_TIME_ZONE=@@TIME_ZONE */;
/*!40103 SET TIME_ZONE='+00:00' */;
/*!40014 SET @OLD_UNIQUE_CHECKS=@@UNIQUE_CHECKS, UNIQUE_CHECKS=0 */;
/*!40014 SET @OLD_FOREIGN_KEY_CHECKS=@@FOREIGN_KEY_CHECKS, FOREIGN_KEY_CHECKS=0 */;
/*!40101 SET @OLD_SQL_MODE=@@SQL_MODE, SQL_MODE='NO_AUTO_VALUE_ON_ZERO' */;
/*!40111 SET @OLD_SQL_NOTES=@@SQL_NOTES, SQL_NOTES=0 */;
DROP TABLE IF EXISTS `t1`;
CREATE TABLE `t1` (
  `a` binary(1) default NULL,
  `b` blob
) ENGINE=MyISAM DEFAULT CHARSET=latin1;

LOCK TABLES `t1` WRITE;
/*!40000 ALTER TABLE `t1` DISABLE KEYS */;
INSERT INTO `t1` VALUES (0x00,'');
/*!40000 ALTER TABLE `t1` ENABLE KEYS */;
UNLOCK TABLES;
/*!40103 SET TIME_ZONE=@OLD_TIME_ZONE */;

/*!40101 SET SQL_MODE=@OLD_SQL_MODE */;
/*!40014 SET FOREIGN_KEY_CHECKS=@OLD_FOREIGN_KEY_CHECKS */;
/*!40014 SET UNIQUE_CHECKS=@OLD_UNIQUE_CHECKS */;
/*!40101 SET CHARACTER_SET_CLIENT=@OLD_CHARACTER_SET_CLIENT */;
/*!40101 SET CHARACTER_SET_RESULTS=@OLD_CHARACTER_SET_RESULTS */;
/*!40101 SET COLLATION_CONNECTION=@OLD_COLLATION_CONNECTION */;
/*!40111 SET SQL_NOTES=@OLD_SQL_NOTES */;


/*!40101 SET @OLD_CHARACTER_SET_CLIENT=@@CHARACTER_SET_CLIENT */;
/*!40101 SET @OLD_CHARACTER_SET_RESULTS=@@CHARACTER_SET_RESULTS */;
/*!40101 SET @OLD_COLLATION_CONNECTION=@@COLLATION_CONNECTION */;
/*!40101 SET NAMES utf8 */;
/*!40103 SET @OLD_TIME_ZONE=@@TIME_ZONE */;
/*!40103 SET TIME_ZONE='+00:00' */;
/*!40014 SET @OLD_UNIQUE_CHECKS=@@UNIQUE_CHECKS, UNIQUE_CHECKS=0 */;
/*!40014 SET @OLD_FOREIGN_KEY_CHECKS=@@FOREIGN_KEY_CHECKS, FOREIGN_KEY_CHECKS=0 */;
/*!40101 SET @OLD_SQL_MODE=@@SQL_MODE, SQL_MODE='NO_AUTO_VALUE_ON_ZERO' */;
/*!40111 SET @OLD_SQL_NOTES=@@SQL_NOTES, SQL_NOTES=0 */;
DROP TABLE IF EXISTS `t1`;
CREATE TABLE `t1` (
  `a` binary(1) default NULL,
  `b` blob
) ENGINE=MyISAM DEFAULT CHARSET=latin1;

LOCK TABLES `t1` WRITE;
/*!40000 ALTER TABLE `t1` DISABLE KEYS */;
INSERT INTO `t1` VALUES (0x00,'');
/*!40000 ALTER TABLE `t1` ENABLE KEYS */;
UNLOCK TABLES;
/*!40103 SET TIME_ZONE=@OLD_TIME_ZONE */;

/*!40101 SET SQL_MODE=@OLD_SQL_MODE */;
/*!40014 SET FOREIGN_KEY_CHECKS=@OLD_FOREIGN_KEY_CHECKS */;
/*!40014 SET UNIQUE_CHECKS=@OLD_UNIQUE_CHECKS */;
/*!40101 SET CHARACTER_SET_CLIENT=@OLD_CHARACTER_SET_CLIENT */;
/*!40101 SET CHARACTER_SET_RESULTS=@OLD_CHARACTER_SET_RESULTS */;
/*!40101 SET COLLATION_CONNECTION=@OLD_COLLATION_CONNECTION */;
/*!40111 SET SQL_NOTES=@OLD_SQL_NOTES */;

drop table t1;
create table t1(a int);
create table t2(a int);
create table t3(a int);

/*!40101 SET @OLD_CHARACTER_SET_CLIENT=@@CHARACTER_SET_CLIENT */;
/*!40101 SET @OLD_CHARACTER_SET_RESULTS=@@CHARACTER_SET_RESULTS */;
/*!40101 SET @OLD_COLLATION_CONNECTION=@@COLLATION_CONNECTION */;
/*!40101 SET NAMES utf8 */;
/*!40103 SET @OLD_TIME_ZONE=@@TIME_ZONE */;
/*!40103 SET TIME_ZONE='+00:00' */;
/*!40014 SET @OLD_UNIQUE_CHECKS=@@UNIQUE_CHECKS, UNIQUE_CHECKS=0 */;
/*!40014 SET @OLD_FOREIGN_KEY_CHECKS=@@FOREIGN_KEY_CHECKS, FOREIGN_KEY_CHECKS=0 */;
/*!40101 SET @OLD_SQL_MODE=@@SQL_MODE, SQL_MODE='NO_AUTO_VALUE_ON_ZERO' */;
/*!40111 SET @OLD_SQL_NOTES=@@SQL_NOTES, SQL_NOTES=0 */;
DROP TABLE IF EXISTS `t3`;
CREATE TABLE `t3` (
  `a` int(11) default NULL
) ENGINE=MyISAM DEFAULT CHARSET=latin1;
DROP TABLE IF EXISTS `t1`;
CREATE TABLE `t1` (
  `a` int(11) default NULL
) ENGINE=MyISAM DEFAULT CHARSET=latin1;
DROP TABLE IF EXISTS `t2`;
CREATE TABLE `t2` (
  `a` int(11) default NULL
) ENGINE=MyISAM DEFAULT CHARSET=latin1;
/*!40103 SET TIME_ZONE=@OLD_TIME_ZONE */;

/*!40101 SET SQL_MODE=@OLD_SQL_MODE */;
/*!40014 SET FOREIGN_KEY_CHECKS=@OLD_FOREIGN_KEY_CHECKS */;
/*!40014 SET UNIQUE_CHECKS=@OLD_UNIQUE_CHECKS */;
/*!40101 SET CHARACTER_SET_CLIENT=@OLD_CHARACTER_SET_CLIENT */;
/*!40101 SET CHARACTER_SET_RESULTS=@OLD_CHARACTER_SET_RESULTS */;
/*!40101 SET COLLATION_CONNECTION=@OLD_COLLATION_CONNECTION */;
/*!40111 SET SQL_NOTES=@OLD_SQL_NOTES */;

drop table t1, t2, t3;
End of 4.1 tests
create table t1 (a int);
insert into t1 values (289), (298), (234), (456), (789);
create definer = CURRENT_USER view v1 as select * from t1;
create SQL SECURITY INVOKER view v2 as select * from t1;
create view v3 as select * from t1 with local check option;
create algorithm=merge view v4 as select * from t1 with cascaded check option;
create algorithm =temptable view v5 as select * from t1;
drop table t1;
drop view v1, v2, v3, v4, v5;
show tables;
Tables_in_test
t1
v1
v2
v3
v4
v5
select * from v3 order by a;
a
234
289
298
456
789
drop table t1;
drop view v1, v2, v3, v4, v5;
create table t1 (a int, created datetime);
create table t2 (b int, created datetime);
create trigger tr1 before insert on t1 for each row set
new.created=now();
create trigger tr2 after insert on t1
for each row
begin
insert into t2 set b=new.a and created=new.created;
end|
drop trigger tr1;
drop trigger tr2;
drop table t1, t2;
show triggers;
Trigger	Event	Table	Statement	Timing	Created	sql_mode	Definer
tr1	INSERT	t1	set
new.created=now()	BEFORE	#		root@localhost
tr2	INSERT	t1	begin
insert into t2 set b=new.a and created=new.created;
end	AFTER	#		root@localhost
drop trigger tr1;
drop trigger tr2;
drop table t1, t2;
create table t (qty int, price int);
insert into t values(3, 50);
insert into t values(5, 51);
create view v1 as select qty, price, qty*price as value from t;
create view v2 as select qty from v1;
mysqldump {
/*!50001 CREATE ALGORITHM=UNDEFINED */
/*!50013 DEFINER=`root`@`localhost` SQL SECURITY DEFINER */
/*!50001 VIEW `v1` AS select `t`.`qty` AS `qty`,`t`.`price` AS `price`,(`t`.`qty` * `t`.`price`) AS `value` from `t` */;

} mysqldump {
/*!50001 CREATE ALGORITHM=UNDEFINED */
/*!50013 DEFINER=`root`@`localhost` SQL SECURITY DEFINER */
/*!50001 VIEW `v2` AS select `v1`.`qty` AS `qty` from `v1` */;

} mysqldump
drop view v1;
drop view v2;
drop table t;
/*!50003 CREATE FUNCTION `f`() RETURNS bigint(20)
return 42 */|
/*!50003 CREATE PROCEDURE `p`()
select 42 */|
show create function f;
Function	sql_mode	Create Function
f		CREATE DEFINER=`root`@`localhost` FUNCTION `f`() RETURNS bigint(20)
return 42
show create procedure p;
Procedure	sql_mode	Create Procedure
p		CREATE DEFINER=`root`@`localhost` PROCEDURE `p`()
select 42
drop function f;
drop procedure p;
create table t1 ( id serial );
create view v1 as select * from t1;
drop table t1;
mysqldump {

-- failed on view `v1`: CREATE ALGORITHM=UNDEFINED DEFINER=`root`@`localhost` SQL SECURITY DEFINER VIEW `v1` AS select `test`.`t1`.`id` AS `id` from `t1`

} mysqldump
drop view v1;
create database mysqldump_test_db;
use mysqldump_test_db;
create table t1 (id int);
create view v1 as select * from t1;
insert into t1 values (1232131);
insert into t1 values (4711);
insert into t1 values (3231);
insert into t1 values (0815);

/*!40101 SET @OLD_CHARACTER_SET_CLIENT=@@CHARACTER_SET_CLIENT */;
/*!40101 SET @OLD_CHARACTER_SET_RESULTS=@@CHARACTER_SET_RESULTS */;
/*!40101 SET @OLD_COLLATION_CONNECTION=@@COLLATION_CONNECTION */;
/*!40101 SET NAMES utf8 */;
/*!40103 SET @OLD_TIME_ZONE=@@TIME_ZONE */;
/*!40103 SET TIME_ZONE='+00:00' */;
/*!40014 SET @OLD_UNIQUE_CHECKS=@@UNIQUE_CHECKS, UNIQUE_CHECKS=0 */;
/*!40014 SET @OLD_FOREIGN_KEY_CHECKS=@@FOREIGN_KEY_CHECKS, FOREIGN_KEY_CHECKS=0 */;
/*!40101 SET @OLD_SQL_MODE=@@SQL_MODE, SQL_MODE='NO_AUTO_VALUE_ON_ZERO' */;
/*!40111 SET @OLD_SQL_NOTES=@@SQL_NOTES, SQL_NOTES=0 */;

/*!40000 DROP DATABASE IF EXISTS `mysqldump_test_db`*/;

CREATE DATABASE /*!32312 IF NOT EXISTS*/ `mysqldump_test_db` /*!40100 DEFAULT CHARACTER SET latin1 */;

USE `mysqldump_test_db`;
DROP TABLE IF EXISTS `t1`;
CREATE TABLE `t1` (
  `id` int(11) default NULL
) ENGINE=MyISAM DEFAULT CHARSET=latin1;

LOCK TABLES `t1` WRITE;
/*!40000 ALTER TABLE `t1` DISABLE KEYS */;
INSERT INTO `t1` VALUES (1232131),(4711),(3231),(815);
/*!40000 ALTER TABLE `t1` ENABLE KEYS */;
UNLOCK TABLES;
DROP TABLE IF EXISTS `v1`;
/*!50001 DROP VIEW IF EXISTS `v1`*/;
/*!50001 CREATE TABLE `v1` (
  `id` int(11)
) */;
/*!50001 DROP TABLE IF EXISTS `v1`*/;
/*!50001 DROP VIEW IF EXISTS `v1`*/;
/*!50001 CREATE ALGORITHM=UNDEFINED */
/*!50013 DEFINER=`root`@`localhost` SQL SECURITY DEFINER */
/*!50001 VIEW `v1` AS select `t1`.`id` AS `id` from `t1` */;
/*!40103 SET TIME_ZONE=@OLD_TIME_ZONE */;

/*!40101 SET SQL_MODE=@OLD_SQL_MODE */;
/*!40014 SET FOREIGN_KEY_CHECKS=@OLD_FOREIGN_KEY_CHECKS */;
/*!40014 SET UNIQUE_CHECKS=@OLD_UNIQUE_CHECKS */;
/*!40101 SET CHARACTER_SET_CLIENT=@OLD_CHARACTER_SET_CLIENT */;
/*!40101 SET CHARACTER_SET_RESULTS=@OLD_CHARACTER_SET_RESULTS */;
/*!40101 SET COLLATION_CONNECTION=@OLD_COLLATION_CONNECTION */;
/*!40111 SET SQL_NOTES=@OLD_SQL_NOTES */;

drop view v1;
drop table t1;
drop database mysqldump_test_db;
