drop table if exists t1;
CREATE TABLE t1 (a INT PRIMARY KEY);
INSERT INTO t1 VALUES (1);
SELECT * FROM t1;
a
1
SELECT * FROM t1;
a
1
DROP TABLE t1;
