stop slave;
drop table if exists t1,t2,t3,t4,t5,t6,t7,t8,t9;
reset master;
reset slave;
drop table if exists t1,t2,t3,t4,t5,t6,t7,t8,t9;
start slave;
drop database if exists mysqltest2;
create database mysqltest2;
drop database if exists mysqltest;
create database mysqltest;
create database mysqltest2;
create table mysqltest2.foo (n int);
insert into mysqltest2.foo values(4);
create table mysqltest2.foo (n int);
insert into mysqltest2.foo values(5);
create table mysqltest.bar (m int);
insert into mysqltest.bar values(15);
select mysqltest2.foo.n,mysqltest.bar.m from mysqltest2.foo,mysqltest.bar;
n	m
4	15
drop database mysqltest;
drop database if exists mysqltest2;
drop database mysqltest;
ERROR HY000: Can't drop database 'mysqltest'. Database doesn't exist
drop database mysqltest2;
set sql_log_bin = 0;
create database mysqltest2;
create database mysqltest;
show databases;
Database
mysql
mysqltest
mysqltest2
test
create table mysqltest2.t1(n int, s char(20));
create table mysqltest2.t2(n int, s text);
insert into mysqltest2.t1 values (1, 'one'), (2, 'two'), (3, 'three');
insert into mysqltest2.t2 values (11, 'eleven'), (12, 'twelve'), (13, 'thirteen');
create table mysqltest.t1(n int, s char(20));
create table mysqltest.t2(n int, s text);
insert into mysqltest.t1 values (1, 'one test'), (2, 'two test'), (3, 'three test');
insert into mysqltest.t2 values (11, 'eleven test'), (12, 'twelve test'),
(13, 'thirteen test');
set sql_log_bin = 1;
show databases;
Database
mysql
test
load data from master;
Warnings:
Note	1008	Can't drop database 'mysqltest'. Database doesn't exist
Note	1008	Can't drop database 'mysqltest2'. Database doesn't exist
show databases;
Database
mysql
mysqltest
mysqltest2
test
use mysqltest2;
show tables;
Tables_in_mysqltest2
use mysqltest;
show tables;
Tables_in_mysqltest
t1
t2
select * from mysqltest.t1;
n	s
1	one test
2	two test
3	three test
select * from mysqltest.t2;
n	s
11	eleven test
12	twelve test
13	thirteen test
insert into mysqltest.t1 values (4, 'four test');
select * from mysqltest.t1;
n	s
1	one test
2	two test
3	three test
4	four test
drop database mysqltest;
drop database mysqltest2;
