slave stop;
reset master;
reset slave;
drop table if exists t1,t2,t3,t4,t5,t6,t7,t8,t9;
slave start;
drop table if exists t1;
create table t1 ( n int);
insert into t1 values (1),(2),(3),(4);
insert into t1 values(5);
select * from t1;
n
1
2
3
4
5
select * from t1;
n
1
2
3
4
select * from t1;
n
1
2
3
4
select * from t1;
n
1
2
3
4
5
drop table t1;
