DROP VIEW IF EXISTS v1;
CREATE VIEW v1 AS SELECT TIMESTAMPDIFF(MICROSECOND, '1970-01-01 00:00:00.000000', '1970-01-01 00:00:00.000001');
SELECT * FROM v1;
Name_exp_1
1
DROP VIEW v1;
