SET @@net_read_timeout=1;
SELECT 1;
1
1
SELECT 1;
1
1
