set optimizer_switch='semijoin=on,materialization=on,firstmatch=on,loosescan=on,index_condition_pushdown=on,mrr=on';
drop table if exists t1, t2, t3, t1i, t2i, t3i;
drop view if exists v1, v2, v1m, v2m;
create table t1 (a1 char(8), a2 char(8));
create table t2 (b1 char(8), b2 char(8));
create table t3 (c1 char(8), c2 char(8));
insert into t1 values ('1 - 00', '2 - 00');
insert into t1 values ('1 - 01', '2 - 01');
insert into t1 values ('1 - 02', '2 - 02');
insert into t2 values ('1 - 01', '2 - 01');
insert into t2 values ('1 - 01', '2 - 01');
insert into t2 values ('1 - 02', '2 - 02');
insert into t2 values ('1 - 02', '2 - 02');
insert into t2 values ('1 - 03', '2 - 03');
insert into t3 values ('1 - 01', '2 - 01');
insert into t3 values ('1 - 02', '2 - 02');
insert into t3 values ('1 - 03', '2 - 03');
insert into t3 values ('1 - 04', '2 - 04');
create table t1i (a1 char(8), a2 char(8));
create table t2i (b1 char(8), b2 char(8));
create table t3i (c1 char(8), c2 char(8));
create index it1i1 on t1i (a1);
create index it1i2 on t1i (a2);
create index it1i3 on t1i (a1, a2);
create index it2i1 on t2i (b1);
create index it2i2 on t2i (b2);
create index it2i3 on t2i (b1, b2);
create index it3i1 on t3i (c1);
create index it3i2 on t3i (c2);
create index it3i3 on t3i (c1, c2);
insert into t1i select * from t1;
insert into t2i select * from t2;
insert into t3i select * from t3;
/******************************************************************************
* Simple tests.
******************************************************************************/
# non-indexed nullable fields
explain extended
select * from t1 where a1 in (select b1 from t2 where b1 > '0');
id	select_type	table	type	possible_keys	key	key_len	ref	rows	filtered	Extra
1	PRIMARY	t1	ALL	NULL	NULL	NULL	NULL	3	100.00	Using where
1	PRIMARY	t2	ALL	NULL	NULL	NULL	NULL	5	100.00	Using where; FirstMatch(t1)
Warnings:
Note	1003	select `test`.`t1`.`a1` AS `a1`,`test`.`t1`.`a2` AS `a2` from `test`.`t1` semi join (`test`.`t2`) where ((`test`.`t2`.`b1` = `test`.`t1`.`a1`) and (`test`.`t1`.`a1` > '0'))
select * from t1 where a1 in (select b1 from t2 where b1 > '0');
a1	a2
1 - 01	2 - 01
1 - 02	2 - 02
explain extended
select * from t1 where a1 in (select b1 from t2 where b1 > '0' group by b1);
id	select_type	table	type	possible_keys	key	key_len	ref	rows	filtered	Extra
1	PRIMARY	t1	ALL	NULL	NULL	NULL	NULL	3	100.00	Using where
2	SUBQUERY	t2	ALL	NULL	NULL	NULL	NULL	5	100.00	Using where; Using temporary; Using filesort
Warnings:
Note	1003	select `test`.`t1`.`a1` AS `a1`,`test`.`t1`.`a2` AS `a2` from `test`.`t1` where <in_optimizer>(`test`.`t1`.`a1`,`test`.`t1`.`a1` in ( <materialize> (select `test`.`t2`.`b1` from `test`.`t2` where (`test`.`t2`.`b1` > '0') group by `test`.`t2`.`b1` ), <primary_index_lookup>(`test`.`t1`.`a1` in <temporary table> on distinct_key where ((`test`.`t1`.`a1` = `materialized subselect`.`b1`)))))
select * from t1 where a1 in (select b1 from t2 where b1 > '0' group by b1);
a1	a2
1 - 01	2 - 01
1 - 02	2 - 02
explain extended
select * from t1 where (a1, a2) in (select b1, b2 from t2 where b1 > '0' group by b1, b2);
id	select_type	table	type	possible_keys	key	key_len	ref	rows	filtered	Extra
1	PRIMARY	t1	ALL	NULL	NULL	NULL	NULL	3	100.00	Using where
2	SUBQUERY	t2	ALL	NULL	NULL	NULL	NULL	5	100.00	Using where; Using temporary; Using filesort
Warnings:
Note	1003	select `test`.`t1`.`a1` AS `a1`,`test`.`t1`.`a2` AS `a2` from `test`.`t1` where <in_optimizer>((`test`.`t1`.`a1`,`test`.`t1`.`a2`),(`test`.`t1`.`a1`,`test`.`t1`.`a2`) in ( <materialize> (select `test`.`t2`.`b1`,`test`.`t2`.`b2` from `test`.`t2` where (`test`.`t2`.`b1` > '0') group by `test`.`t2`.`b1`,`test`.`t2`.`b2` ), <primary_index_lookup>(`test`.`t1`.`a1` in <temporary table> on distinct_key where ((`test`.`t1`.`a1` = `materialized subselect`.`b1`) and (`test`.`t1`.`a2` = `materialized subselect`.`b2`)))))
select * from t1 where (a1, a2) in (select b1, b2 from t2 where b1 > '0' group by b1, b2);
a1	a2
1 - 01	2 - 01
1 - 02	2 - 02
explain extended
select * from t1 where (a1, a2) in (select b1, min(b2) from t2 where b1 > '0' group by b1);
id	select_type	table	type	possible_keys	key	key_len	ref	rows	filtered	Extra
1	PRIMARY	t1	ALL	NULL	NULL	NULL	NULL	3	100.00	Using where
2	SUBQUERY	t2	ALL	NULL	NULL	NULL	NULL	5	100.00	Using where; Using temporary; Using filesort
Warnings:
Note	1003	select `test`.`t1`.`a1` AS `a1`,`test`.`t1`.`a2` AS `a2` from `test`.`t1` where <in_optimizer>((`test`.`t1`.`a1`,`test`.`t1`.`a2`),(`test`.`t1`.`a1`,`test`.`t1`.`a2`) in ( <materialize> (select `test`.`t2`.`b1`,min(`test`.`t2`.`b2`) from `test`.`t2` where (`test`.`t2`.`b1` > '0') group by `test`.`t2`.`b1` ), <primary_index_lookup>(`test`.`t1`.`a1` in <temporary table> on distinct_key where ((`test`.`t1`.`a1` = `materialized subselect`.`b1`) and (`test`.`t1`.`a2` = `materialized subselect`.`min(b2)`)))))
select * from t1 where (a1, a2) in (select b1, min(b2) from t2 where b1 > '0' group by b1);
a1	a2
1 - 01	2 - 01
1 - 02	2 - 02
explain extended
select * from t1i where a1 in (select b1 from t2i where b1 > '0');
id	select_type	table	type	possible_keys	key	key_len	ref	rows	filtered	Extra
1	PRIMARY	t2i	index	it2i1,it2i3	it2i1	9	NULL	5	50.00	Using where; Using index; LooseScan
1	PRIMARY	t1i	ref	it1i1,it1i3	it1i1	9	test.t2i.b1	1	100.00	
Warnings:
Note	1003	select `test`.`t1i`.`a1` AS `a1`,`test`.`t1i`.`a2` AS `a2` from `test`.`t1i` semi join (`test`.`t2i`) where ((`test`.`t1i`.`a1` = `test`.`t2i`.`b1`) and (`test`.`t2i`.`b1` > '0'))
select * from t1i where a1 in (select b1 from t2i where b1 > '0');
a1	a2
1 - 01	2 - 01
1 - 02	2 - 02
explain extended
select * from t1i where a1 in (select b1 from t2i where b1 > '0' group by b1);
id	select_type	table	type	possible_keys	key	key_len	ref	rows	filtered	Extra
1	PRIMARY	t1i	index	NULL	it1i3	18	NULL	3	100.00	Using where; Using index
2	SUBQUERY	t2i	range	it2i1,it2i3	it2i1	9	NULL	3	100.00	Using where; Using index for group-by
Warnings:
Note	1003	select `test`.`t1i`.`a1` AS `a1`,`test`.`t1i`.`a2` AS `a2` from `test`.`t1i` where <in_optimizer>(`test`.`t1i`.`a1`,`test`.`t1i`.`a1` in ( <materialize> (select `test`.`t2i`.`b1` from `test`.`t2i` where (`test`.`t2i`.`b1` > '0') group by `test`.`t2i`.`b1` ), <primary_index_lookup>(`test`.`t1i`.`a1` in <temporary table> on distinct_key where ((`test`.`t1i`.`a1` = `materialized subselect`.`b1`)))))
select * from t1i where a1 in (select b1 from t2i where b1 > '0' group by b1);
a1	a2
1 - 01	2 - 01
1 - 02	2 - 02
explain extended
select * from t1i where (a1, a2) in (select b1, b2 from t2i where b1 > '0');
id	select_type	table	type	possible_keys	key	key_len	ref	rows	filtered	Extra
1	PRIMARY	t2i	index	it2i1,it2i2,it2i3	it2i3	18	NULL	5	50.00	Using where; Using index; LooseScan
1	PRIMARY	t1i	ref	it1i1,it1i2,it1i3	it1i1	9	test.t2i.b1	1	100.00	Using where
Warnings:
Note	1003	select `test`.`t1i`.`a1` AS `a1`,`test`.`t1i`.`a2` AS `a2` from `test`.`t1i` semi join (`test`.`t2i`) where ((`test`.`t1i`.`a2` = `test`.`t2i`.`b2`) and (`test`.`t1i`.`a1` = `test`.`t2i`.`b1`) and (`test`.`t2i`.`b1` > '0'))
select * from t1i where (a1, a2) in (select b1, b2 from t2i where b1 > '0');
a1	a2
1 - 01	2 - 01
1 - 02	2 - 02
explain extended
select * from t1i where (a1, a2) in (select b1, b2 from t2i where b1 > '0' group by b1, b2);
id	select_type	table	type	possible_keys	key	key_len	ref	rows	filtered	Extra
1	PRIMARY	t1i	index	NULL	it1i3	18	NULL	3	100.00	Using where; Using index
2	SUBQUERY	t2i	range	it2i1,it2i3	it2i3	18	NULL	3	100.00	Using where; Using index for group-by
Warnings:
Note	1003	select `test`.`t1i`.`a1` AS `a1`,`test`.`t1i`.`a2` AS `a2` from `test`.`t1i` where <in_optimizer>((`test`.`t1i`.`a1`,`test`.`t1i`.`a2`),(`test`.`t1i`.`a1`,`test`.`t1i`.`a2`) in ( <materialize> (select `test`.`t2i`.`b1`,`test`.`t2i`.`b2` from `test`.`t2i` where (`test`.`t2i`.`b1` > '0') group by `test`.`t2i`.`b1`,`test`.`t2i`.`b2` ), <primary_index_lookup>(`test`.`t1i`.`a1` in <temporary table> on distinct_key where ((`test`.`t1i`.`a1` = `materialized subselect`.`b1`) and (`test`.`t1i`.`a2` = `materialized subselect`.`b2`)))))
select * from t1i where (a1, a2) in (select b1, b2 from t2i where b1 > '0' group by b1, b2);
a1	a2
1 - 01	2 - 01
1 - 02	2 - 02
explain extended
select * from t1i where (a1, a2) in (select b1, min(b2) from t2i where b1 > '0' group by b1);
id	select_type	table	type	possible_keys	key	key_len	ref	rows	filtered	Extra
1	PRIMARY	t1i	index	NULL	it1i3	18	NULL	3	100.00	Using where; Using index
2	SUBQUERY	t2i	range	it2i1,it2i3	it2i3	18	NULL	3	100.00	Using where; Using index for group-by
Warnings:
Note	1003	select `test`.`t1i`.`a1` AS `a1`,`test`.`t1i`.`a2` AS `a2` from `test`.`t1i` where <in_optimizer>((`test`.`t1i`.`a1`,`test`.`t1i`.`a2`),(`test`.`t1i`.`a1`,`test`.`t1i`.`a2`) in ( <materialize> (select `test`.`t2i`.`b1`,min(`test`.`t2i`.`b2`) from `test`.`t2i` where (`test`.`t2i`.`b1` > '0') group by `test`.`t2i`.`b1` ), <primary_index_lookup>(`test`.`t1i`.`a1` in <temporary table> on distinct_key where ((`test`.`t1i`.`a1` = `materialized subselect`.`b1`) and (`test`.`t1i`.`a2` = `materialized subselect`.`min(b2)`)))))
select * from t1i where (a1, a2) in (select b1, min(b2) from t2i where b1 > '0' group by b1);
a1	a2
1 - 01	2 - 01
1 - 02	2 - 02
explain extended
select * from t1 where (a1, a2) in (select b1, max(b2) from t2i group by b1);
id	select_type	table	type	possible_keys	key	key_len	ref	rows	filtered	Extra
1	PRIMARY	t1	ALL	NULL	NULL	NULL	NULL	3	100.00	Using where
2	SUBQUERY	t2i	range	NULL	it2i3	9	NULL	3	100.00	Using index for group-by
Warnings:
Note	1003	select `test`.`t1`.`a1` AS `a1`,`test`.`t1`.`a2` AS `a2` from `test`.`t1` where <in_optimizer>((`test`.`t1`.`a1`,`test`.`t1`.`a2`),(`test`.`t1`.`a1`,`test`.`t1`.`a2`) in ( <materialize> (select `test`.`t2i`.`b1`,max(`test`.`t2i`.`b2`) from `test`.`t2i` group by `test`.`t2i`.`b1` ), <primary_index_lookup>(`test`.`t1`.`a1` in <temporary table> on distinct_key where ((`test`.`t1`.`a1` = `materialized subselect`.`b1`) and (`test`.`t1`.`a2` = `materialized subselect`.`max(b2)`)))))
select * from t1 where (a1, a2) in (select b1, max(b2) from t2i group by b1);
a1	a2
1 - 01	2 - 01
1 - 02	2 - 02
prepare st1 from "explain select * from t1 where (a1, a2) in (select b1, max(b2) from t2i group by b1)";
execute st1;
id	select_type	table	type	possible_keys	key	key_len	ref	rows	Extra
1	PRIMARY	t1	ALL	NULL	NULL	NULL	NULL	3	Using where
2	SUBQUERY	t2i	range	NULL	it2i3	9	NULL	3	Using index for group-by
execute st1;
id	select_type	table	type	possible_keys	key	key_len	ref	rows	Extra
1	PRIMARY	t1	ALL	NULL	NULL	NULL	NULL	3	Using where
2	SUBQUERY	t2i	range	NULL	it2i3	9	NULL	3	Using index for group-by
prepare st2 from "select * from t1 where (a1, a2) in (select b1, max(b2) from t2i group by b1)";
execute st2;
a1	a2
1 - 01	2 - 01
1 - 02	2 - 02
execute st2;
a1	a2
1 - 01	2 - 01
1 - 02	2 - 02
explain extended
select * from t1 where (a1, a2) in (select b1, min(b2) from t2i where b1 > '0' group by b1);
id	select_type	table	type	possible_keys	key	key_len	ref	rows	filtered	Extra
1	PRIMARY	t1	ALL	NULL	NULL	NULL	NULL	3	100.00	Using where
2	SUBQUERY	t2i	range	it2i1,it2i3	it2i3	18	NULL	3	100.00	Using where; Using index for group-by
Warnings:
Note	1003	select `test`.`t1`.`a1` AS `a1`,`test`.`t1`.`a2` AS `a2` from `test`.`t1` where <in_optimizer>((`test`.`t1`.`a1`,`test`.`t1`.`a2`),(`test`.`t1`.`a1`,`test`.`t1`.`a2`) in ( <materialize> (select `test`.`t2i`.`b1`,min(`test`.`t2i`.`b2`) from `test`.`t2i` where (`test`.`t2i`.`b1` > '0') group by `test`.`t2i`.`b1` ), <primary_index_lookup>(`test`.`t1`.`a1` in <temporary table> on distinct_key where ((`test`.`t1`.`a1` = `materialized subselect`.`b1`) and (`test`.`t1`.`a2` = `materialized subselect`.`min(b2)`)))))
select * from t1 where (a1, a2) in (select b1, min(b2) from t2i where b1 > '0' group by b1);
a1	a2
1 - 01	2 - 01
1 - 02	2 - 02
select * from t1 where (a1, a2) in (select b1, min(b2) from t2i limit 1,1);
ERROR 42000: This version of MySQL doesn't yet support 'LIMIT & IN/ALL/ANY/SOME subquery'
explain extended
select * from t1 where (a1, a2) in (select b1, b2 from t2 order by b1, b2);
id	select_type	table	type	possible_keys	key	key_len	ref	rows	filtered	Extra
1	PRIMARY	t1	ALL	NULL	NULL	NULL	NULL	3	100.00	Using where
2	SUBQUERY	t2	ALL	NULL	NULL	NULL	NULL	5	100.00	
Warnings:
Note	1003	select `test`.`t1`.`a1` AS `a1`,`test`.`t1`.`a2` AS `a2` from `test`.`t1` where <in_optimizer>((`test`.`t1`.`a1`,`test`.`t1`.`a2`),(`test`.`t1`.`a1`,`test`.`t1`.`a2`) in ( <materialize> (select `test`.`t2`.`b1`,`test`.`t2`.`b2` from `test`.`t2` order by `test`.`t2`.`b1`,`test`.`t2`.`b2` ), <primary_index_lookup>(`test`.`t1`.`a1` in <temporary table> on distinct_key where ((`test`.`t1`.`a1` = `materialized subselect`.`b1`) and (`test`.`t1`.`a2` = `materialized subselect`.`b2`)))))
select * from t1 where (a1, a2) in (select b1, b2 from t2 order by b1, b2);
a1	a2
1 - 01	2 - 01
1 - 02	2 - 02
explain extended
select * from t1i where (a1, a2) in (select b1, b2 from t2i order by b1, b2);
id	select_type	table	type	possible_keys	key	key_len	ref	rows	filtered	Extra
1	PRIMARY	t1i	index	NULL	it1i3	18	NULL	3	100.00	Using where; Using index
2	SUBQUERY	t2i	index	NULL	it2i3	18	NULL	5	100.00	Using index
Warnings:
Note	1003	select `test`.`t1i`.`a1` AS `a1`,`test`.`t1i`.`a2` AS `a2` from `test`.`t1i` where <in_optimizer>((`test`.`t1i`.`a1`,`test`.`t1i`.`a2`),(`test`.`t1i`.`a1`,`test`.`t1i`.`a2`) in ( <materialize> (select `test`.`t2i`.`b1`,`test`.`t2i`.`b2` from `test`.`t2i` order by `test`.`t2i`.`b1`,`test`.`t2i`.`b2` ), <primary_index_lookup>(`test`.`t1i`.`a1` in <temporary table> on distinct_key where ((`test`.`t1i`.`a1` = `materialized subselect`.`b1`) and (`test`.`t1i`.`a2` = `materialized subselect`.`b2`)))))
select * from t1i where (a1, a2) in (select b1, b2 from t2i order by b1, b2);
a1	a2
1 - 01	2 - 01
1 - 02	2 - 02
/******************************************************************************
* Views, UNIONs, several levels of nesting.
******************************************************************************/
# materialize the result of subquery over temp-table view
create algorithm=merge view v1 as
select b1, c2 from t2, t3 where b2 > c2;
create algorithm=merge view v2 as
select b1, c2 from t2, t3 group by b2, c2;
Warnings:
Warning	1354	View merge algorithm can't be used here for now (assumed undefined algorithm)
create algorithm=temptable view v1m as
select b1, c2 from t2, t3 where b2 > c2;
create algorithm=temptable view v2m as
select b1, c2 from t2, t3 group by b2, c2;
select * from v1 where (c2, b1) in (select c2, b1 from v2 where b1 is not null);
b1	c2
1 - 02	2 - 01
1 - 02	2 - 01
1 - 03	2 - 01
1 - 03	2 - 02
select * from v1 where (c2, b1) in (select distinct c2, b1 from v2 where b1 is not null);
b1	c2
1 - 02	2 - 01
1 - 02	2 - 01
1 - 03	2 - 01
1 - 03	2 - 02
select * from v1m where (c2, b1) in (select c2, b1 from v2m where b1 is not null);
b1	c2
1 - 02	2 - 01
1 - 02	2 - 01
1 - 03	2 - 01
1 - 03	2 - 02
select * from v1m where (c2, b1) in (select distinct c2, b1 from v2m where b1 is not null);
b1	c2
1 - 02	2 - 01
1 - 02	2 - 01
1 - 03	2 - 01
1 - 03	2 - 02
drop view v1, v2, v1m, v2m;
explain extended
select * from t1
where (a1, a2) in (select b1, b2 from t2 where b1 >  '0') and
(a1, a2) in (select c1, c2 from t3
where (c1, c2) in (select b1, b2 from t2i where b2 > '0'));
id	select_type	table	type	possible_keys	key	key_len	ref	rows	filtered	Extra
1	PRIMARY	t1	ALL	NULL	NULL	NULL	NULL	3	100.00	Using where
1	PRIMARY	t2	ALL	NULL	NULL	NULL	NULL	5	100.00	Using where; FirstMatch(t1)
1	PRIMARY	t2i	ref	it2i1,it2i2,it2i3	it2i3	18	test.t2.b1,test.t1.a2	2	100.00	Using where; Using index
1	PRIMARY	t3	ALL	NULL	NULL	NULL	NULL	4	100.00	Using where; FirstMatch(t2)
Warnings:
Note	1003	select `test`.`t1`.`a1` AS `a1`,`test`.`t1`.`a2` AS `a2` from `test`.`t1` semi join (`test`.`t2`) semi join (`test`.`t2i` join `test`.`t3`) where ((`test`.`t2`.`b2` = `test`.`t1`.`a2`) and (`test`.`t2i`.`b2` = `test`.`t1`.`a2`) and (`test`.`t3`.`c2` = `test`.`t1`.`a2`) and (`test`.`t2`.`b1` = `test`.`t1`.`a1`) and (`test`.`t2i`.`b1` = `test`.`t1`.`a1`) and (`test`.`t3`.`c1` = `test`.`t1`.`a1`) and (`test`.`t1`.`a1` > '0') and (`test`.`t1`.`a2` > '0'))
select * from t1
where (a1, a2) in (select b1, b2 from t2 where b1 >  '0') and
(a1, a2) in (select c1, c2 from t3
where (c1, c2) in (select b1, b2 from t2i where b2 > '0'));
a1	a2
1 - 01	2 - 01
1 - 02	2 - 02
explain extended
select * from t1i
where (a1, a2) in (select b1, b2 from t2i where b1 >  '0') and
(a1, a2) in (select c1, c2 from t3i
where (c1, c2) in (select b1, b2 from t2i where b2 > '0'));
id	select_type	table	type	possible_keys	key	key_len	ref	rows	filtered	Extra
1	PRIMARY	t1i	index	it1i1,it1i2,it1i3	it1i3	18	NULL	3	100.00	Using index
1	PRIMARY	t2i	index	it2i1,it2i2,it2i3	it2i3	18	NULL	5	100.00	Using where; Using index; Materialize
1	PRIMARY	t2i	index	it2i1,it2i2,it2i3	it2i3	18	NULL	5	100.00	Using where; Using index; Start materialize
1	PRIMARY	t3i	index	it3i1,it3i2,it3i3	it3i3	18	NULL	4	75.00	Using where; Using index; End materialize
Warnings:
Note	1003	select `test`.`t1i`.`a1` AS `a1`,`test`.`t1i`.`a2` AS `a2` from `test`.`t1i` semi join (`test`.`t2i`) semi join (`test`.`t2i` join `test`.`t3i`) where ((`test`.`t2i`.`b2` = `test`.`t1i`.`a2`) and (`test`.`t2i`.`b2` = `test`.`t1i`.`a2`) and (`test`.`t3i`.`c2` = `test`.`t2i`.`b2`) and (`test`.`t2i`.`b1` = `test`.`t1i`.`a1`) and (`test`.`t2i`.`b1` = `test`.`t1i`.`a1`) and (`test`.`t3i`.`c1` = `test`.`t2i`.`b1`) and (`test`.`t2i`.`b1` > '0') and (`test`.`t2i`.`b2` > '0'))
select * from t1i
where (a1, a2) in (select b1, b2 from t2i where b1 >  '0') and
(a1, a2) in (select c1, c2 from t3i
where (c1, c2) in (select b1, b2 from t2i where b2 > '0'));
a1	a2
1 - 01	2 - 01
1 - 02	2 - 02
explain extended
select * from t1
where (a1, a2) in (select b1, b2 from t2
where b2 in (select c2 from t3 where c2 LIKE '%02') or
b2 in (select c2 from t3 where c2 LIKE '%03')) and
(a1, a2) in (select c1, c2 from t3
where (c1, c2) in (select b1, b2 from t2i where b2 > '0'));
id	select_type	table	type	possible_keys	key	key_len	ref	rows	filtered	Extra
1	PRIMARY	t1	ALL	NULL	NULL	NULL	NULL	3	100.00	Using where
1	PRIMARY	t2	ALL	NULL	NULL	NULL	NULL	5	100.00	Using where; FirstMatch(t1)
1	PRIMARY	t2i	ref	it2i1,it2i2,it2i3	it2i3	18	test.t2.b1,test.t1.a2	2	100.00	Using where; Using index
1	PRIMARY	t3	ALL	NULL	NULL	NULL	NULL	4	100.00	Using where; FirstMatch(t2)
4	SUBQUERY	t3	ALL	NULL	NULL	NULL	NULL	4	100.00	Using where
3	SUBQUERY	t3	ALL	NULL	NULL	NULL	NULL	4	100.00	Using where
Warnings:
Note	1003	select `test`.`t1`.`a1` AS `a1`,`test`.`t1`.`a2` AS `a2` from `test`.`t1` semi join (`test`.`t2`) semi join (`test`.`t2i` join `test`.`t3`) where ((`test`.`t2`.`b2` = `test`.`t1`.`a2`) and (`test`.`t2i`.`b2` = `test`.`t1`.`a2`) and (`test`.`t3`.`c2` = `test`.`t1`.`a2`) and (`test`.`t2`.`b1` = `test`.`t1`.`a1`) and (`test`.`t2i`.`b1` = `test`.`t1`.`a1`) and (`test`.`t3`.`c1` = `test`.`t1`.`a1`) and (<in_optimizer>(`test`.`t2`.`b2`,`test`.`t2`.`b2` in ( <materialize> (select `test`.`t3`.`c2` from `test`.`t3` where (`test`.`t3`.`c2` like '%02') ), <primary_index_lookup>(`test`.`t2`.`b2` in <temporary table> on distinct_key where ((`test`.`t2`.`b2` = `materialized subselect`.`c2`))))) or <in_optimizer>(`test`.`t2`.`b2`,`test`.`t2`.`b2` in ( <materialize> (select `test`.`t3`.`c2` from `test`.`t3` where (`test`.`t3`.`c2` like '%03') ), <primary_index_lookup>(`test`.`t2`.`b2` in <temporary table> on distinct_key where ((`test`.`t2`.`b2` = `materialized subselect`.`c2`)))))) and (`test`.`t1`.`a2` > '0'))
select * from t1
where (a1, a2) in (select b1, b2 from t2
where b2 in (select c2 from t3 where c2 LIKE '%02') or
b2 in (select c2 from t3 where c2 LIKE '%03')) and
(a1, a2) in (select c1, c2 from t3
where (c1, c2) in (select b1, b2 from t2i where b2 > '0'));
a1	a2
1 - 02	2 - 02
explain extended
select * from t1
where (a1, a2) in (select b1, b2 from t2
where b2 in (select c2 from t3 t3a where c1 = a1) or
b2 in (select c2 from t3 t3b where c2 LIKE '%03')) and
(a1, a2) in (select c1, c2 from t3 t3c
where (c1, c2) in (select b1, b2 from t2i where b2 > '0'));
id	select_type	table	type	possible_keys	key	key_len	ref	rows	filtered	Extra
1	PRIMARY	t1	ALL	NULL	NULL	NULL	NULL	3	100.00	Using where
1	PRIMARY	t2	ALL	NULL	NULL	NULL	NULL	5	100.00	Using where; FirstMatch(t1)
1	PRIMARY	t2i	ref	it2i1,it2i2,it2i3	it2i3	18	test.t2.b1,test.t1.a2	2	100.00	Using where; Using index
1	PRIMARY	t3c	ALL	NULL	NULL	NULL	NULL	4	100.00	Using where; FirstMatch(t2)
4	SUBQUERY	t3b	ALL	NULL	NULL	NULL	NULL	4	100.00	Using where
3	DEPENDENT SUBQUERY	t3a	ALL	NULL	NULL	NULL	NULL	4	100.00	Using where
Warnings:
Note	1276	Field or reference 'test.t1.a1' of SELECT #3 was resolved in SELECT #1
Note	1003	select `test`.`t1`.`a1` AS `a1`,`test`.`t1`.`a2` AS `a2` from `test`.`t1` semi join (`test`.`t2`) semi join (`test`.`t2i` join `test`.`t3` `t3c`) where ((`test`.`t2`.`b2` = `test`.`t1`.`a2`) and (`test`.`t2i`.`b2` = `test`.`t1`.`a2`) and (`test`.`t3c`.`c2` = `test`.`t1`.`a2`) and (`test`.`t2`.`b1` = `test`.`t1`.`a1`) and (`test`.`t2i`.`b1` = `test`.`t1`.`a1`) and (`test`.`t3c`.`c1` = `test`.`t1`.`a1`) and (<in_optimizer>(`test`.`t2`.`b2`,<exists>(select 1 from `test`.`t3` `t3a` where ((`test`.`t3a`.`c1` = `test`.`t1`.`a1`) and (<cache>(`test`.`t2`.`b2`) = `test`.`t3a`.`c2`)))) or <in_optimizer>(`test`.`t2`.`b2`,`test`.`t2`.`b2` in ( <materialize> (select `test`.`t3b`.`c2` from `test`.`t3` `t3b` where (`test`.`t3b`.`c2` like '%03') ), <primary_index_lookup>(`test`.`t2`.`b2` in <temporary table> on distinct_key where ((`test`.`t2`.`b2` = `materialized subselect`.`c2`)))))) and (`test`.`t1`.`a2` > '0'))
select * from t1
where (a1, a2) in (select b1, b2 from t2
where b2 in (select c2 from t3 t3a where c1 = a1) or
b2 in (select c2 from t3 t3b where c2 LIKE '%03')) and
(a1, a2) in (select c1, c2 from t3 t3c
where (c1, c2) in (select b1, b2 from t2i where b2 > '0'));
a1	a2
1 - 01	2 - 01
1 - 02	2 - 02
explain extended
(select * from t1
where (a1, a2) in (select b1, b2 from t2
where b2 in (select c2 from t3 where c2 LIKE '%02') or
b2 in (select c2 from t3 where c2 LIKE '%03')
group by b1, b2) and
(a1, a2) in (select c1, c2 from t3
where (c1, c2) in (select b1, b2 from t2i where b2 > '0')))
UNION
(select * from t1i
where (a1, a2) in (select b1, b2 from t2i where b1 >  '0') and
(a1, a2) in (select c1, c2 from t3i
where (c1, c2) in (select b1, b2 from t2i where b2 > '0')));
id	select_type	table	type	possible_keys	key	key_len	ref	rows	filtered	Extra
1	PRIMARY	t1	ALL	NULL	NULL	NULL	NULL	3	100.00	Using where
1	PRIMARY	t2i	ref	it2i1,it2i2,it2i3	it2i3	18	test.t1.a1,test.t1.a2	2	100.00	Using index
1	PRIMARY	t3	ALL	NULL	NULL	NULL	NULL	4	100.00	Using where; FirstMatch(t1)
2	SUBQUERY	t2	ALL	NULL	NULL	NULL	NULL	5	100.00	Using where; Using temporary; Using filesort
4	SUBQUERY	t3	ALL	NULL	NULL	NULL	NULL	4	100.00	Using where
3	SUBQUERY	t3	ALL	NULL	NULL	NULL	NULL	4	100.00	Using where
7	UNION	t1i	index	it1i1,it1i2,it1i3	it1i3	18	NULL	3	100.00	Using index
7	UNION	t2i	index	it2i1,it2i2,it2i3	it2i3	18	NULL	5	100.00	Using where; Using index; Materialize
7	UNION	t2i	index	it2i1,it2i2,it2i3	it2i3	18	NULL	5	100.00	Using where; Using index; Start materialize
7	UNION	t3i	index	it3i1,it3i2,it3i3	it3i3	18	NULL	4	75.00	Using where; Using index; End materialize
NULL	UNION RESULT	<union1,7>	ALL	NULL	NULL	NULL	NULL	NULL	NULL	
Warnings:
Note	1003	(select `test`.`t1`.`a1` AS `a1`,`test`.`t1`.`a2` AS `a2` from `test`.`t1` semi join (`test`.`t2i` join `test`.`t3`) where ((`test`.`t2i`.`b2` = `test`.`t1`.`a2`) and (`test`.`t3`.`c2` = `test`.`t1`.`a2`) and (`test`.`t2i`.`b1` = `test`.`t1`.`a1`) and (`test`.`t3`.`c1` = `test`.`t1`.`a1`) and <in_optimizer>((`test`.`t1`.`a1`,`test`.`t1`.`a2`),(`test`.`t1`.`a1`,`test`.`t1`.`a2`) in ( <materialize> (select `test`.`t2`.`b1`,`test`.`t2`.`b2` from `test`.`t2` where (<in_optimizer>(`test`.`t2`.`b2`,`test`.`t2`.`b2` in ( <materialize> (select `test`.`t3`.`c2` from `test`.`t3` where (`test`.`t3`.`c2` like '%02') ), <primary_index_lookup>(`test`.`t2`.`b2` in <temporary table> on distinct_key where ((`test`.`t2`.`b2` = `materialized subselect`.`c2`))))) or <in_optimizer>(`test`.`t2`.`b2`,`test`.`t2`.`b2` in ( <materialize> (select `test`.`t3`.`c2` from `test`.`t3` where (`test`.`t3`.`c2` like '%03') ), <primary_index_lookup>(`test`.`t2`.`b2` in <temporary table> on distinct_key where ((`test`.`t2`.`b2` = `materialized subselect`.`c2`)))))) group by `test`.`t2`.`b1`,`test`.`t2`.`b2` ), <primary_index_lookup>(`test`.`t1`.`a1` in <temporary table> on distinct_key where ((`test`.`t1`.`a1` = `materialized subselect`.`b1`) and (`test`.`t1`.`a2` = `materialized subselect`.`b2`))))) and (`test`.`t1`.`a2` > '0'))) union (select `test`.`t1i`.`a1` AS `a1`,`test`.`t1i`.`a2` AS `a2` from `test`.`t1i` semi join (`test`.`t2i`) semi join (`test`.`t2i` join `test`.`t3i`) where ((`test`.`t2i`.`b2` = `test`.`t1i`.`a2`) and (`test`.`t2i`.`b2` = `test`.`t1i`.`a2`) and (`test`.`t3i`.`c2` = `test`.`t2i`.`b2`) and (`test`.`t2i`.`b1` = `test`.`t1i`.`a1`) and (`test`.`t2i`.`b1` = `test`.`t1i`.`a1`) and (`test`.`t3i`.`c1` = `test`.`t2i`.`b1`) and (`test`.`t2i`.`b1` > '0') and (`test`.`t2i`.`b2` > '0')))
(select * from t1
where (a1, a2) in (select b1, b2 from t2
where b2 in (select c2 from t3 where c2 LIKE '%02') or
b2 in (select c2 from t3 where c2 LIKE '%03')
group by b1, b2) and
(a1, a2) in (select c1, c2 from t3
where (c1, c2) in (select b1, b2 from t2i where b2 > '0')))
UNION
(select * from t1i
where (a1, a2) in (select b1, b2 from t2i where b1 >  '0') and
(a1, a2) in (select c1, c2 from t3i
where (c1, c2) in (select b1, b2 from t2i where b2 > '0')));
a1	a2
1 - 02	2 - 02
1 - 01	2 - 01
explain extended
select * from t1
where (a1, a2) in (select * from t1 where a1 > '0' UNION select * from t2 where b1 < '9') and
(a1, a2) in (select c1, c2 from t3
where (c1, c2) in (select b1, b2 from t2i where b2 > '0'));
id	select_type	table	type	possible_keys	key	key_len	ref	rows	filtered	Extra
1	PRIMARY	t1	ALL	NULL	NULL	NULL	NULL	3	100.00	Using where
1	PRIMARY	t2i	ref	it2i1,it2i2,it2i3	it2i3	18	test.t1.a1,test.t1.a2	2	100.00	Using index
1	PRIMARY	t3	ALL	NULL	NULL	NULL	NULL	4	100.00	Using where; FirstMatch(t1)
2	DEPENDENT SUBQUERY	t1	ALL	NULL	NULL	NULL	NULL	3	100.00	Using where
3	DEPENDENT UNION	t2	ALL	NULL	NULL	NULL	NULL	5	100.00	Using where
NULL	UNION RESULT	<union2,3>	ALL	NULL	NULL	NULL	NULL	NULL	NULL	
Warnings:
Note	1003	select `test`.`t1`.`a1` AS `a1`,`test`.`t1`.`a2` AS `a2` from `test`.`t1` semi join (`test`.`t2i` join `test`.`t3`) where ((`test`.`t2i`.`b2` = `test`.`t1`.`a2`) and (`test`.`t3`.`c2` = `test`.`t1`.`a2`) and (`test`.`t2i`.`b1` = `test`.`t1`.`a1`) and (`test`.`t3`.`c1` = `test`.`t1`.`a1`) and <in_optimizer>((`test`.`t1`.`a1`,`test`.`t1`.`a2`),<exists>(select `test`.`t1`.`a1`,`test`.`t1`.`a2` from `test`.`t1` where ((`test`.`t1`.`a1` > '0') and (<cache>(`test`.`t1`.`a1`) = `test`.`t1`.`a1`) and (<cache>(`test`.`t1`.`a2`) = `test`.`t1`.`a2`)) union select `test`.`t2`.`b1`,`test`.`t2`.`b2` from `test`.`t2` where ((`test`.`t2`.`b1` < '9') and (<cache>(`test`.`t1`.`a1`) = `test`.`t2`.`b1`) and (<cache>(`test`.`t1`.`a2`) = `test`.`t2`.`b2`)))) and (`test`.`t1`.`a2` > '0'))
select * from t1
where (a1, a2) in (select * from t1 where a1 > '0' UNION select * from t2 where b1 < '9') and
(a1, a2) in (select c1, c2 from t3
where (c1, c2) in (select b1, b2 from t2i where b2 > '0'));
a1	a2
1 - 01	2 - 01
1 - 02	2 - 02
explain extended
select * from t1, t3
where (a1, a2) in (select * from t1 where a1 > '0' UNION select * from t2 where b1 < '9') and
(c1, c2) in (select c1, c2 from t3
where (c1, c2) in (select b1, b2 from t2i where b2 > '0')) and
a1 = c1;
id	select_type	table	type	possible_keys	key	key_len	ref	rows	filtered	Extra
1	PRIMARY	t1	ALL	NULL	NULL	NULL	NULL	3	100.00	Using where
1	PRIMARY	t3	ALL	NULL	NULL	NULL	NULL	4	100.00	Using where; Using join buffer (BNL, regular buffers)
1	PRIMARY	t3	ALL	NULL	NULL	NULL	NULL	4	100.00	Using where; Start materialize
1	PRIMARY	t2i	index	it2i1,it2i2,it2i3	it2i3	18	NULL	5	80.00	Using where; Using index; End materialize
2	DEPENDENT SUBQUERY	t1	ALL	NULL	NULL	NULL	NULL	3	100.00	Using where
3	DEPENDENT UNION	t2	ALL	NULL	NULL	NULL	NULL	5	100.00	Using where
NULL	UNION RESULT	<union2,3>	ALL	NULL	NULL	NULL	NULL	NULL	NULL	
Warnings:
Note	1003	select `test`.`t1`.`a1` AS `a1`,`test`.`t1`.`a2` AS `a2`,`test`.`t3`.`c1` AS `c1`,`test`.`t3`.`c2` AS `c2` from `test`.`t1` semi join (`test`.`t2i` join `test`.`t3`) join `test`.`t3` where ((`test`.`t3`.`c2` = `test`.`t3`.`c2`) and (`test`.`t2i`.`b2` = `test`.`t3`.`c2`) and (`test`.`t3`.`c1` = `test`.`t1`.`a1`) and (`test`.`t3`.`c1` = `test`.`t1`.`a1`) and (`test`.`t2i`.`b1` = `test`.`t3`.`c1`) and <in_optimizer>((`test`.`t1`.`a1`,`test`.`t1`.`a2`),<exists>(select `test`.`t1`.`a1`,`test`.`t1`.`a2` from `test`.`t1` where ((`test`.`t1`.`a1` > '0') and (<cache>(`test`.`t1`.`a1`) = `test`.`t1`.`a1`) and (<cache>(`test`.`t1`.`a2`) = `test`.`t1`.`a2`)) union select `test`.`t2`.`b1`,`test`.`t2`.`b2` from `test`.`t2` where ((`test`.`t2`.`b1` < '9') and (<cache>(`test`.`t1`.`a1`) = `test`.`t2`.`b1`) and (<cache>(`test`.`t1`.`a2`) = `test`.`t2`.`b2`)))) and (`test`.`t3`.`c2` > '0'))
select * from t1, t3
where (a1, a2) in (select * from t1 where a1 > '0' UNION select * from t2 where b1 < '9') and
(c1, c2) in (select c1, c2 from t3
where (c1, c2) in (select b1, b2 from t2i where b2 > '0')) and
a1 = c1;
a1	a2	c1	c2
1 - 01	2 - 01	1 - 01	2 - 01
1 - 02	2 - 02	1 - 02	2 - 02
/******************************************************************************
* Negative tests, where materialization should not be applied.
******************************************************************************/
# UNION in a subquery
explain extended
select * from t3
where c1 in (select a1 from t1 where a1 > '0' UNION select b1 from t2 where b1 < '9');
id	select_type	table	type	possible_keys	key	key_len	ref	rows	filtered	Extra
1	PRIMARY	t3	ALL	NULL	NULL	NULL	NULL	4	100.00	Using where
2	DEPENDENT SUBQUERY	t1	ALL	NULL	NULL	NULL	NULL	3	100.00	Using where
3	DEPENDENT UNION	t2	ALL	NULL	NULL	NULL	NULL	5	100.00	Using where
NULL	UNION RESULT	<union2,3>	ALL	NULL	NULL	NULL	NULL	NULL	NULL	
Warnings:
Note	1003	select `test`.`t3`.`c1` AS `c1`,`test`.`t3`.`c2` AS `c2` from `test`.`t3` where <in_optimizer>(`test`.`t3`.`c1`,<exists>(select 1 from `test`.`t1` where ((`test`.`t1`.`a1` > '0') and (<cache>(`test`.`t3`.`c1`) = `test`.`t1`.`a1`)) union select 1 from `test`.`t2` where ((`test`.`t2`.`b1` < '9') and (<cache>(`test`.`t3`.`c1`) = `test`.`t2`.`b1`))))
select * from t3
where c1 in (select a1 from t1 where a1 > '0' UNION select b1 from t2 where b1 < '9');
c1	c2
1 - 01	2 - 01
1 - 02	2 - 02
1 - 03	2 - 03
explain extended
select * from t1
where (a1, a2) in (select b1, b2 from t2
where b2 in (select c2 from t3 t3a where c1 = a1) or
b2 in (select c2 from t3 t3b where c2 LIKE '%03')) and
(a1, a2) in (select c1, c2 from t3 t3c
where (c1, c2) in (select b1, b2 from t2i where b2 > '0' or b2 = a2));
id	select_type	table	type	possible_keys	key	key_len	ref	rows	filtered	Extra
1	PRIMARY	t1	ALL	NULL	NULL	NULL	NULL	3	100.00	Using where
1	PRIMARY	t2	ALL	NULL	NULL	NULL	NULL	5	100.00	Using where; FirstMatch(t1)
1	PRIMARY	t2i	ref	it2i1,it2i2,it2i3	it2i3	18	test.t2.b1,test.t1.a2	2	100.00	Using where; Using index
1	PRIMARY	t3c	ALL	NULL	NULL	NULL	NULL	4	100.00	Using where; FirstMatch(t2)
4	SUBQUERY	t3b	ALL	NULL	NULL	NULL	NULL	4	100.00	Using where
3	DEPENDENT SUBQUERY	t3a	ALL	NULL	NULL	NULL	NULL	4	100.00	Using where
Warnings:
Note	1276	Field or reference 'test.t1.a1' of SELECT #3 was resolved in SELECT #1
Note	1276	Field or reference 'test.t1.a2' of SELECT #6 was resolved in SELECT #1
Note	1003	select `test`.`t1`.`a1` AS `a1`,`test`.`t1`.`a2` AS `a2` from `test`.`t1` semi join (`test`.`t2`) semi join (`test`.`t2i` join `test`.`t3` `t3c`) where ((`test`.`t2`.`b2` = `test`.`t1`.`a2`) and (`test`.`t2i`.`b2` = `test`.`t1`.`a2`) and (`test`.`t3c`.`c2` = `test`.`t1`.`a2`) and (`test`.`t2`.`b1` = `test`.`t1`.`a1`) and (`test`.`t2i`.`b1` = `test`.`t1`.`a1`) and (`test`.`t3c`.`c1` = `test`.`t1`.`a1`) and (<in_optimizer>(`test`.`t2`.`b2`,<exists>(select 1 from `test`.`t3` `t3a` where ((`test`.`t3a`.`c1` = `test`.`t1`.`a1`) and (<cache>(`test`.`t2`.`b2`) = `test`.`t3a`.`c2`)))) or <in_optimizer>(`test`.`t2`.`b2`,`test`.`t2`.`b2` in ( <materialize> (select `test`.`t3b`.`c2` from `test`.`t3` `t3b` where (`test`.`t3b`.`c2` like '%03') ), <primary_index_lookup>(`test`.`t2`.`b2` in <temporary table> on distinct_key where ((`test`.`t2`.`b2` = `materialized subselect`.`c2`)))))))
explain extended
select * from t1 where (a1, a2) in (select '1 - 01', '2 - 01');
id	select_type	table	type	possible_keys	key	key_len	ref	rows	filtered	Extra
1	PRIMARY	t1	ALL	NULL	NULL	NULL	NULL	3	100.00	Using where
2	DEPENDENT SUBQUERY	NULL	NULL	NULL	NULL	NULL	NULL	NULL	NULL	No tables used
Warnings:
Note	1003	select `test`.`t1`.`a1` AS `a1`,`test`.`t1`.`a2` AS `a2` from `test`.`t1` where <in_optimizer>((`test`.`t1`.`a1`,`test`.`t1`.`a2`),<exists>(select '1 - 01','2 - 01' having ((<cache>(`test`.`t1`.`a1`) = '1 - 01') and (<cache>(`test`.`t1`.`a2`) = '2 - 01'))))
select * from t1 where (a1, a2) in (select '1 - 01', '2 - 01');
a1	a2
1 - 01	2 - 01
explain extended
select * from t1 where (a1, a2) in (select '1 - 01', '2 - 01' from dual);
id	select_type	table	type	possible_keys	key	key_len	ref	rows	filtered	Extra
1	PRIMARY	t1	ALL	NULL	NULL	NULL	NULL	3	100.00	Using where
2	DEPENDENT SUBQUERY	NULL	NULL	NULL	NULL	NULL	NULL	NULL	NULL	No tables used
Warnings:
Note	1003	select `test`.`t1`.`a1` AS `a1`,`test`.`t1`.`a2` AS `a2` from `test`.`t1` where <in_optimizer>((`test`.`t1`.`a1`,`test`.`t1`.`a2`),<exists>(select '1 - 01','2 - 01' having ((<cache>(`test`.`t1`.`a1`) = '1 - 01') and (<cache>(`test`.`t1`.`a2`) = '2 - 01'))))
select * from t1 where (a1, a2) in (select '1 - 01', '2 - 01' from dual);
a1	a2
1 - 01	2 - 01
/******************************************************************************
* Subqueries in other uncovered clauses.
******************************************************************************/
/* SELECT clause */
select ((a1,a2) IN (select * from t2 where b2 > '0')) IS NULL from t1;
((a1,a2) IN (select * from t2 where b2 > '0')) IS NULL
0
0
0
/* GROUP BY clause */
create table columns (col int key);
insert into columns values (1), (2);
explain extended
select * from t1 group by (select col from columns limit 1);
id	select_type	table	type	possible_keys	key	key_len	ref	rows	filtered	Extra
1	PRIMARY	t1	ALL	NULL	NULL	NULL	NULL	3	100.00	
2	SUBQUERY	columns	index	NULL	PRIMARY	4	NULL	2	100.00	Using index
Warnings:
Note	1003	select `test`.`t1`.`a1` AS `a1`,`test`.`t1`.`a2` AS `a2` from `test`.`t1` group by (select `test`.`columns`.`col` from `test`.`columns` limit 1)
select * from t1 group by (select col from columns limit 1);
a1	a2
1 - 00	2 - 00
explain extended
select * from t1 group by (a1 in (select col from columns));
id	select_type	table	type	possible_keys	key	key_len	ref	rows	filtered	Extra
1	PRIMARY	t1	ALL	NULL	NULL	NULL	NULL	3	100.00	Using temporary; Using filesort
2	DEPENDENT SUBQUERY	columns	unique_subquery	PRIMARY	PRIMARY	4	func	1	100.00	Using index; Using where; Full scan on NULL key
Warnings:
Note	1003	select `test`.`t1`.`a1` AS `a1`,`test`.`t1`.`a2` AS `a2` from `test`.`t1` group by <in_optimizer>(`test`.`t1`.`a1`,<exists>(<primary_index_lookup>(<cache>(`test`.`t1`.`a1`) in columns on PRIMARY where trigcond((<cache>(`test`.`t1`.`a1`) = `test`.`columns`.`col`)))))
select * from t1 group by (a1 in (select col from columns));
a1	a2
1 - 00	2 - 00
/* ORDER BY clause */
explain extended
select * from t1 order by (select col from columns limit 1);
id	select_type	table	type	possible_keys	key	key_len	ref	rows	filtered	Extra
1	PRIMARY	t1	ALL	NULL	NULL	NULL	NULL	3	100.00	
2	SUBQUERY	columns	index	NULL	PRIMARY	4	NULL	2	100.00	Using index
Warnings:
Note	1003	select `test`.`t1`.`a1` AS `a1`,`test`.`t1`.`a2` AS `a2` from `test`.`t1` order by (select `test`.`columns`.`col` from `test`.`columns` limit 1)
select * from t1 order by (select col from columns limit 1);
a1	a2
1 - 00	2 - 00
1 - 01	2 - 01
1 - 02	2 - 02
/******************************************************************************
* Column types/sizes that affect materialization.
******************************************************************************/
# test for BIT fields
create table t1bit (a1 bit(3), a2 bit(3));
create table t2bit (b1 bit(3), b2 bit(3));
insert into t1bit values (b'000', b'100');
insert into t1bit values (b'001', b'101');
insert into t1bit values (b'010', b'110');
insert into t2bit values (b'001', b'101');
insert into t2bit values (b'010', b'110');
insert into t2bit values (b'110', b'111');
explain extended select bin(a1), bin(a2)
from t1bit
where (a1, a2) in (select b1, b2 from t2bit);
id	select_type	table	type	possible_keys	key	key_len	ref	rows	filtered	Extra
1	PRIMARY	t1bit	ALL	NULL	NULL	NULL	NULL	3	100.00	
1	PRIMARY	t2bit	ALL	NULL	NULL	NULL	NULL	3	100.00	Using where; FirstMatch(t1bit)
Warnings:
Note	1003	select conv(`test`.`t1bit`.`a1`,10,2) AS `bin(a1)`,conv(`test`.`t1bit`.`a2`,10,2) AS `bin(a2)` from `test`.`t1bit` semi join (`test`.`t2bit`) where ((`test`.`t2bit`.`b2` = `test`.`t1bit`.`a2`) and (`test`.`t2bit`.`b1` = `test`.`t1bit`.`a1`))
select bin(a1), bin(a2)
from t1bit
where (a1, a2) in (select b1, b2 from t2bit);
bin(a1)	bin(a2)
1	101
10	110
drop table t1bit, t2bit;
create table t1bb (a1 bit(3), a2 blob(3));
create table t2bb (b1 bit(3), b2 blob(3));
insert into t1bb values (b'000', '100');
insert into t1bb values (b'001', '101');
insert into t1bb values (b'010', '110');
insert into t2bb values (b'001', '101');
insert into t2bb values (b'010', '110');
insert into t2bb values (b'110', '111');
explain extended select bin(a1), a2
from t1bb
where (a1, a2) in (select b1, b2 from t2bb);
id	select_type	table	type	possible_keys	key	key_len	ref	rows	filtered	Extra
1	PRIMARY	t1bb	ALL	NULL	NULL	NULL	NULL	3	100.00	
1	PRIMARY	t2bb	ALL	NULL	NULL	NULL	NULL	3	100.00	Using where; FirstMatch(t1bb)
Warnings:
Note	1003	select conv(`test`.`t1bb`.`a1`,10,2) AS `bin(a1)`,`test`.`t1bb`.`a2` AS `a2` from `test`.`t1bb` semi join (`test`.`t2bb`) where ((`test`.`t2bb`.`b2` = `test`.`t1bb`.`a2`) and (`test`.`t2bb`.`b1` = `test`.`t1bb`.`a1`))
select bin(a1), a2
from t1bb
where (a1, a2) in (select b1, b2 from t2bb);
bin(a1)	a2
1	101
10	110
drop table t1bb, t2bb;
drop table t1, t2, t3, t1i, t2i, t3i, columns;
/******************************************************************************
* Test the cache of the left operand of IN.
******************************************************************************/
# Test that default values of Cached_item are not used for comparison
create table t1 (s1 int);
create table t2 (s2 int);
insert into t1 values (5),(1),(0);
insert into t2 values (0), (1);
select s2 from t2 where s2 in (select s1 from t1);
s2
0
1
drop table t1, t2;
create table t1 (a int not null, b int not null);
create table t2 (c int not null, d int not null);
create table t3 (e int not null);
insert into t1 values (1,10);
insert into t1 values (1,20);
insert into t1 values (2,10);
insert into t1 values (2,20);
insert into t1 values (2,30);
insert into t1 values (3,20);
insert into t1 values (4,40);
insert into t2 values (2,10);
insert into t2 values (2,20);
insert into t2 values (2,40);
insert into t2 values (3,20);
insert into t2 values (4,10);
insert into t2 values (5,10);
insert into t3 values (10);
insert into t3 values (10);
insert into t3 values (20);
insert into t3 values (30);
explain extended
select a from t1 where a in (select c from t2 where d >= 20);
id	select_type	table	type	possible_keys	key	key_len	ref	rows	filtered	Extra
1	PRIMARY	t2	ALL	NULL	NULL	NULL	NULL	6	100.00	Using where; Materialize; Scan
1	PRIMARY	t1	ALL	NULL	NULL	NULL	NULL	7	100.00	Using where; Using join buffer (BNL, regular buffers)
Warnings:
Note	1003	select `test`.`t1`.`a` AS `a` from `test`.`t1` semi join (`test`.`t2`) where ((`test`.`t1`.`a` = `test`.`t2`.`c`) and (`test`.`t2`.`d` >= 20))
select a from t1 where a in (select c from t2 where d >= 20);
a
2
2
2
3
create index it1a on t1(a);
explain extended
select a from t1 where a in (select c from t2 where d >= 20);
id	select_type	table	type	possible_keys	key	key_len	ref	rows	filtered	Extra
1	PRIMARY	t2	ALL	NULL	NULL	NULL	NULL	6	100.00	Using where; Materialize; Scan
1	PRIMARY	t1	ref	it1a	it1a	4	test.t2.c	2	100.00	Using index
Warnings:
Note	1003	select `test`.`t1`.`a` AS `a` from `test`.`t1` semi join (`test`.`t2`) where ((`test`.`t1`.`a` = `test`.`t2`.`c`) and (`test`.`t2`.`d` >= 20))
select a from t1 where a in (select c from t2 where d >= 20);
a
2
2
2
3
insert into t2 values (1,10);
explain extended
select a from t1 where a in (select c from t2 where d >= 20);
id	select_type	table	type	possible_keys	key	key_len	ref	rows	filtered	Extra
1	PRIMARY	t1	index	it1a	it1a	4	NULL	7	100.00	Using index
1	PRIMARY	t2	ALL	NULL	NULL	NULL	NULL	7	100.00	Using where; FirstMatch(t1)
Warnings:
Note	1003	select `test`.`t1`.`a` AS `a` from `test`.`t1` semi join (`test`.`t2`) where ((`test`.`t2`.`c` = `test`.`t1`.`a`) and (`test`.`t2`.`d` >= 20))
select a from t1 where a in (select c from t2 where d >= 20);
a
2
2
2
3
explain extended
select a from t1 group by a having a in (select c from t2 where d >= 20);
id	select_type	table	type	possible_keys	key	key_len	ref	rows	filtered	Extra
1	PRIMARY	t1	index	NULL	it1a	4	NULL	7	100.00	Using index
2	SUBQUERY	t2	ALL	NULL	NULL	NULL	NULL	7	100.00	Using where
Warnings:
Note	1003	select `test`.`t1`.`a` AS `a` from `test`.`t1` group by `test`.`t1`.`a` having <in_optimizer>(`test`.`t1`.`a`,`test`.`t1`.`a` in ( <materialize> (select `test`.`t2`.`c` from `test`.`t2` where (`test`.`t2`.`d` >= 20) ), <primary_index_lookup>(`test`.`t1`.`a` in <temporary table> on distinct_key where ((`test`.`t1`.`a` = `materialized subselect`.`c`)))))
select a from t1 group by a having a in (select c from t2 where d >= 20);
a
2
3
create index iab on t1(a, b);
explain extended
select a from t1 group by a having a in (select c from t2 where d >= 20);
id	select_type	table	type	possible_keys	key	key_len	ref	rows	filtered	Extra
1	PRIMARY	t1	index	NULL	it1a	4	NULL	7	100.00	Using index
2	SUBQUERY	t2	ALL	NULL	NULL	NULL	NULL	7	100.00	Using where
Warnings:
Note	1003	select `test`.`t1`.`a` AS `a` from `test`.`t1` group by `test`.`t1`.`a` having <in_optimizer>(`test`.`t1`.`a`,`test`.`t1`.`a` in ( <materialize> (select `test`.`t2`.`c` from `test`.`t2` where (`test`.`t2`.`d` >= 20) ), <primary_index_lookup>(`test`.`t1`.`a` in <temporary table> on distinct_key where ((`test`.`t1`.`a` = `materialized subselect`.`c`)))))
select a from t1 group by a having a in (select c from t2 where d >= 20);
a
2
3
explain extended
select a from t1 group by a
having a in (select c from t2 where d >= some(select e from t3 where max(b)=e));
id	select_type	table	type	possible_keys	key	key_len	ref	rows	filtered	Extra
1	PRIMARY	t1	index	NULL	iab	8	NULL	7	100.00	Using index
2	DEPENDENT SUBQUERY	t2	ALL	NULL	NULL	NULL	NULL	7	100.00	Using where
3	DEPENDENT SUBQUERY	t3	ALL	NULL	NULL	NULL	NULL	4	100.00	Using where
Warnings:
Note	1276	Field or reference 'test.t1.b' of SELECT #3 was resolved in SELECT #1
Note	1003	select `test`.`t1`.`a` AS `a` from `test`.`t1` group by `test`.`t1`.`a` having <in_optimizer>(`test`.`t1`.`a`,<exists>(select 1 from `test`.`t2` where (<nop>(<in_optimizer>(`test`.`t2`.`d`,<exists>(select `test`.`t3`.`e` from `test`.`t3` where (max(`test`.`t1`.`b`) = `test`.`t3`.`e`) having (<cache>(`test`.`t2`.`d`) >= <ref_null_helper>(`test`.`t3`.`e`))))) and (<cache>(`test`.`t1`.`a`) = `test`.`t2`.`c`))))
select a from t1 group by a
having a in (select c from t2 where d >= some(select e from t3 where max(b)=e));
a
2
3
explain extended
select a from t1
where a in (select c from t2 where d >= some(select e from t3 where b=e));
id	select_type	table	type	possible_keys	key	key_len	ref	rows	filtered	Extra
1	PRIMARY	t1	index	it1a,iab	iab	8	NULL	7	100.00	Using index
1	PRIMARY	t2	ALL	NULL	NULL	NULL	NULL	7	100.00	Using where; FirstMatch(t1)
3	DEPENDENT SUBQUERY	t3	ALL	NULL	NULL	NULL	NULL	4	100.00	Using where
Warnings:
Note	1276	Field or reference 'test.t1.b' of SELECT #3 was resolved in SELECT #1
Note	1003	select `test`.`t1`.`a` AS `a` from `test`.`t1` semi join (`test`.`t2`) where ((`test`.`t2`.`c` = `test`.`t1`.`a`) and <nop>(<in_optimizer>(`test`.`t2`.`d`,<exists>(select 1 from `test`.`t3` where ((`test`.`t1`.`b` = `test`.`t3`.`e`) and (<cache>(`test`.`t2`.`d`) >= `test`.`t3`.`e`))))))
select a from t1
where a in (select c from t2 where d >= some(select e from t3 where b=e));
a
1
2
2
2
3
drop table t1, t2, t3;
create table t2 (a int, b int, key(a), key(b));
insert into t2 values (3,3),(3,3),(3,3);
select 1 from t2 where  
t2.a > 1 
or 
t2.a = 3 and not t2.a not in (select t2.b from t2);
1
1
1
1
drop table t2;
create table t1 (a1 int key);
create table t2 (b1 int);
insert into t1 values (5);
explain select min(a1) from t1 where 7 in (select b1 from t2 group by b1);
id	select_type	table	type	possible_keys	key	key_len	ref	rows	Extra
1	PRIMARY	NULL	NULL	NULL	NULL	NULL	NULL	NULL	Select tables optimized away
2	SUBQUERY	t2	system	NULL	NULL	NULL	NULL	0	const row not found
select min(a1) from t1 where 7 in (select b1 from t2 group by b1);
min(a1)
explain select min(a1) from t1 where 7 in (select b1 from t2);
id	select_type	table	type	possible_keys	key	key_len	ref	rows	Extra
1	PRIMARY	NULL	NULL	NULL	NULL	NULL	NULL	NULL	Impossible WHERE noticed after reading const tables
select min(a1) from t1 where 7 in (select b1 from t2);
min(a1)
NULL
drop table t1,t2;
create table t1 (a char(2), b varchar(10));
insert into t1 values ('a',  'aaa');
insert into t1 values ('aa', 'aaaa');
explain select a,b from t1 where b in (select a from t1);
id	select_type	table	type	possible_keys	key	key_len	ref	rows	Extra
1	PRIMARY	t1	ALL	NULL	NULL	NULL	NULL	2	
1	PRIMARY	t1	ALL	NULL	NULL	NULL	NULL	2	Using where; FirstMatch(t1)
select a,b from t1 where b in (select a from t1);
a	b
prepare st1 from "select a,b from t1 where b in (select a from t1)";
execute st1;
a	b
execute st1;
a	b
drop table t1;
CREATE TABLE t1 (a varchar(5), b varchar(10));
INSERT INTO t1 VALUES
('AAA', 5), ('BBB', 4), ('BBB', 1), ('CCC', 2),
('CCC', 7), ('AAA', 2), ('AAA', 4), ('BBB', 3), ('AAA', 8);
SELECT * FROM t1 WHERE (a,b) = ANY (SELECT a, max(b) FROM t1 GROUP BY a);
a	b
BBB	4
CCC	7
AAA	8
EXPLAIN
SELECT * FROM t1 WHERE (a,b) = ANY (SELECT a, max(b) FROM t1 GROUP BY a);
id	select_type	table	type	possible_keys	key	key_len	ref	rows	Extra
1	PRIMARY	t1	ALL	NULL	NULL	NULL	NULL	9	Using where
2	SUBQUERY	t1	ALL	NULL	NULL	NULL	NULL	9	Using temporary; Using filesort
ALTER TABLE t1 ADD INDEX(a);
SELECT * FROM t1 WHERE (a,b) = ANY (SELECT a, max(b) FROM t1 GROUP BY a);
a	b
BBB	4
CCC	7
AAA	8
EXPLAIN
SELECT * FROM t1 WHERE (a,b) = ANY (SELECT a, max(b) FROM t1 GROUP BY a);
id	select_type	table	type	possible_keys	key	key_len	ref	rows	Extra
1	PRIMARY	t1	ALL	NULL	NULL	NULL	NULL	9	Using where
2	SUBQUERY	t1	ALL	NULL	NULL	NULL	NULL	9	Using temporary; Using filesort
DROP TABLE t1;
CREATE TABLE t1 (a INT);
INSERT INTO t1 VALUES (1),(2);
EXPLAIN EXTENDED SELECT 1 FROM t1 WHERE 1 IN (SELECT 1 FROM t1 GROUP BY a);
id	select_type	table	type	possible_keys	key	key_len	ref	rows	filtered	Extra
1	PRIMARY	t1	ALL	NULL	NULL	NULL	NULL	2	100.00	Using where
2	SUBQUERY	t1	ALL	NULL	NULL	NULL	NULL	2	100.00	Using temporary; Using filesort
Warnings:
Note	1003	select 1 AS `1` from `test`.`t1` where <in_optimizer>(1,1 in ( <materialize> (select 1 from `test`.`t1` group by `test`.`t1`.`a` ), <primary_index_lookup>(1 in <temporary table> on distinct_key where ((1 = `materialized subselect`.`1`)))))
EXPLAIN EXTENDED SELECT 1 FROM t1 WHERE 1 IN (SELECT 1 FROM t1 WHERE a > 3 GROUP BY a);
id	select_type	table	type	possible_keys	key	key_len	ref	rows	filtered	Extra
1	PRIMARY	t1	ALL	NULL	NULL	NULL	NULL	2	100.00	Using where
2	SUBQUERY	t1	ALL	NULL	NULL	NULL	NULL	2	100.00	Using where; Using temporary; Using filesort
Warnings:
Note	1003	select 1 AS `1` from `test`.`t1` where <in_optimizer>(1,1 in ( <materialize> (select 1 from `test`.`t1` where (`test`.`t1`.`a` > 3) group by `test`.`t1`.`a` ), <primary_index_lookup>(1 in <temporary table> on distinct_key where ((1 = `materialized subselect`.`1`)))))
DROP TABLE t1;
#
# BUG#49630: Segfault in select_describe() with double 
#            nested subquery and materialization
#
CREATE TABLE t1 (t1i int);
CREATE TABLE t2 (t2i int);
CREATE TABLE t3 (t3i int);
CREATE TABLE t4 (t4i int);
INSERT INTO t1 VALUES (1);
INSERT INTO t2 VALUES (1),(2);
INSERT INTO t3 VALUES (1),(2);
INSERT INTO t4 VALUES (1),(2);

EXPLAIN 
SELECT t1i
FROM t1 JOIN t4 ON t1i=t4i  
WHERE (t1i)  IN (  
SELECT t2i
FROM t2  
WHERE (t2i)  IN (  
SELECT t3i
FROM t3  
GROUP BY t3i
)  
);
id	select_type	table	type	possible_keys	key	key_len	ref	rows	Extra
1	PRIMARY	t1	system	NULL	NULL	NULL	NULL	1	
1	PRIMARY	t4	ALL	NULL	NULL	NULL	NULL	2	Using where
2	DEPENDENT SUBQUERY	t2	ALL	NULL	NULL	NULL	NULL	2	Using where
3	SUBQUERY	t3	ALL	NULL	NULL	NULL	NULL	2	Using temporary; Using filesort
DROP TABLE t1,t2,t3,t4;
#
# BUG#46680 - Assertion failed in file item_subselect.cc, 
#             line 305 crashing on HAVING subquery
#
# Create tables
#
CREATE TABLE t1 (
pk INT,
v VARCHAR(1) DEFAULT NULL,
PRIMARY KEY(pk)
);
CREATE TABLE t2 LIKE t1;
CREATE TABLE t3 LIKE t1;
CREATE TABLE empty1 (a int);
INSERT INTO t1 VALUES (1,'c'),(2,NULL);
INSERT INTO t2 VALUES (3,'m'),(4,NULL);
INSERT INTO t3 VALUES (1,'n');

#
# 1) Test that subquery materialization is setup for query with
#    premature optimize() exit due to "Impossible WHERE"
#
SELECT MIN(t2.pk)
FROM t2 JOIN t1 ON t1.pk=t2.pk
WHERE 'j'
HAVING ('m') IN ( 
SELECT v
FROM t2);
MIN(t2.pk)
NULL
Warnings:
Warning	1292	Truncated incorrect INTEGER value: 'j'

EXPLAIN
SELECT MIN(t2.pk)
FROM t2 JOIN t1 ON t1.pk=t2.pk
WHERE 'j'
HAVING ('m') IN ( 
SELECT v
FROM t2);
id	select_type	table	type	possible_keys	key	key_len	ref	rows	Extra
1	PRIMARY	NULL	NULL	NULL	NULL	NULL	NULL	NULL	Impossible WHERE
2	SUBQUERY	t2	ALL	NULL	NULL	NULL	NULL	2	
Warnings:
Warning	1292	Truncated incorrect INTEGER value: 'j'

#
# 2) Test that subquery materialization is setup for query with
#    premature optimize() exit due to "No matching min/max row"
#
SELECT MIN(t2.pk)
FROM t2 
WHERE t2.pk>10
HAVING ('m') IN ( 
SELECT v
FROM t2);
MIN(t2.pk)
NULL

EXPLAIN
SELECT MIN(t2.pk)
FROM t2 
WHERE t2.pk>10
HAVING ('m') IN ( 
SELECT v
FROM t2);
id	select_type	table	type	possible_keys	key	key_len	ref	rows	Extra
1	PRIMARY	NULL	NULL	NULL	NULL	NULL	NULL	NULL	No matching min/max row
2	SUBQUERY	t2	ALL	NULL	NULL	NULL	NULL	2	

#
# 3) Test that subquery materialization is setup for query with
#    premature optimize() exit due to "Select tables optimized away"
#
SELECT MIN(pk)
FROM t1
WHERE pk=NULL
HAVING ('m') IN ( 
SELECT v
FROM t2);
MIN(pk)
NULL

EXPLAIN
SELECT MIN(pk)
FROM t1
WHERE pk=NULL
HAVING ('m') IN ( 
SELECT v
FROM t2);
id	select_type	table	type	possible_keys	key	key_len	ref	rows	Extra
1	PRIMARY	NULL	NULL	NULL	NULL	NULL	NULL	NULL	Impossible WHERE noticed after reading const tables
2	SUBQUERY	t2	ALL	NULL	NULL	NULL	NULL	2	

#
# 4) Test that subquery materialization is setup for query with
#    premature optimize() exit due to "No matching row in const table"
#

SELECT MIN(a)
FROM (SELECT a FROM empty1) tt
HAVING ('m') IN ( 
SELECT v
FROM t2);
MIN(a)
NULL

EXPLAIN 
SELECT MIN(a)
FROM (SELECT a FROM empty1) tt
HAVING ('m') IN ( 
SELECT v
FROM t2);
id	select_type	table	type	possible_keys	key	key_len	ref	rows	Extra
1	PRIMARY	<derived2>	system	NULL	NULL	NULL	NULL	0	const row not found
3	SUBQUERY	t2	ALL	NULL	NULL	NULL	NULL	2	
2	DERIVED	NULL	NULL	NULL	NULL	NULL	NULL	NULL	no matching row in const table

#
# 5) Test that subquery materialization is setup for query with
#    premature optimize() exit due to "Impossible WHERE noticed 
#    after reading const tables"
#
SELECT min(t1.pk)
FROM t1
WHERE t1.pk IN (SELECT 1 from t3 where pk>10)
HAVING ('m') IN ( 
SELECT v
FROM t2);
min(t1.pk)
NULL

EXPLAIN
SELECT min(t1.pk)
FROM t1
WHERE t1.pk IN (SELECT 1 from t3 where pk>10)
HAVING ('m') IN ( 
SELECT v
FROM t2);
id	select_type	table	type	possible_keys	key	key_len	ref	rows	Extra
1	PRIMARY	NULL	NULL	NULL	NULL	NULL	NULL	NULL	Impossible WHERE noticed after reading const tables
3	SUBQUERY	t2	ALL	NULL	NULL	NULL	NULL	2	
#
# Cleanup for BUG#46680
#
DROP TABLE IF EXISTS t1,t2,t3,empty1;
#
# BUG#52344 - Subquery materialization: 
#  	     Assertion if subquery in on-clause of outer join
#
CREATE TABLE t1 (i INTEGER);
INSERT INTO t1 VALUES (10);
CREATE TABLE t2 (j INTEGER);
INSERT INTO t2 VALUES (5);
CREATE TABLE t3 (k INTEGER);
EXPLAIN
SELECT i FROM t1 LEFT JOIN t2 ON (j) IN (SELECT k FROM t3);
id	select_type	table	type	possible_keys	key	key_len	ref	rows	Extra
1	PRIMARY	t1	system	NULL	NULL	NULL	NULL	1	
1	PRIMARY	t2	system	NULL	NULL	NULL	NULL	1	
2	DEPENDENT SUBQUERY	NULL	NULL	NULL	NULL	NULL	NULL	NULL	no matching row in const table
SELECT i FROM t1 LEFT JOIN t2 ON (j) IN (SELECT k FROM t3);
i
10
EXPLAIN
SELECT i FROM t1 LEFT JOIN t2 ON (j) IN (SELECT max(k) FROM t3);
id	select_type	table	type	possible_keys	key	key_len	ref	rows	Extra
1	PRIMARY	t1	system	NULL	NULL	NULL	NULL	1	
1	PRIMARY	t2	system	NULL	NULL	NULL	NULL	1	
2	SUBQUERY	t3	system	NULL	NULL	NULL	NULL	0	const row not found
SELECT i FROM t1 LEFT JOIN t2 ON (j) IN (SELECT max(k) FROM t3);
i
10
DROP TABLE t1, t2, t3;
# End BUG#52344
CREATE TABLE t1 (
pk INTEGER AUTO_INCREMENT,
col_int_nokey INTEGER,
col_int_key INTEGER,
col_varchar_key VARCHAR(1),
PRIMARY KEY (pk),
KEY (col_int_key),
KEY (col_varchar_key, col_int_key)
)
;
INSERT INTO t1 (
col_int_key, col_int_nokey, col_varchar_key
) 
VALUES
(2, NULL, 'w'),
(9, 7, 'm'),
(3, 9, 'm'),
(9, 7, 'k'),
(NULL, 4, 'r'),
(9, 2, 't'),
(3, 6, 'j'),
(8, 8, 'u'),
(8, NULL, 'h'),
(53, 5, 'o'),
(0, NULL, NULL),
(5, 6, 'k'),
(166, 188, 'e'),
(3, 2, 'n'),
(0, 1, 't'),
(1, 1, 'c'),
(9, 0, 'm'),
(5, 9, 'y'),
(6, NULL, 'f'),
(2, 4, 'd')
;
SELECT table2.col_varchar_key AS field1,
table2.col_int_nokey AS field2
FROM ( t1 AS table1 LEFT OUTER JOIN t1 AS table2
ON (table2.col_varchar_key = table1.col_varchar_key  ) ) 
WHERE table1.pk = 6
HAVING  ( field2 ) IN 
( SELECT SUBQUERY2_t2.col_int_nokey AS SUBQUERY2_field2 
FROM ( t1 AS SUBQUERY2_t1 JOIN t1 AS SUBQUERY2_t2
ON (SUBQUERY2_t2.col_varchar_key = SUBQUERY2_t1.col_varchar_key ) ) )
ORDER BY field2 
;
field1	field2
t	1
t	2
drop table t1;
#
# BUG#53103: MTR test ps crashes in optimize_cond() 
#            when running with --debug
#
CREATE TABLE t1(track varchar(15));
INSERT INTO t1 VALUES ('CAD'), ('CAD');
PREPARE STMT FROM
"SELECT 1 FROM t1
  WHERE
        track IN (SELECT track FROM t1
                                    GROUP BY track 
                                      HAVING track>='CAD')";
EXECUTE STMT ;
1
1
1
EXECUTE STMT ;
1
1
1
DEALLOCATE PREPARE STMT;
DROP TABLE t1;
# End of BUG#53103
#
# BUG#54511 - Assertion failed: cache != 0L in file 
#             sql_select.cc::sub_select_cache on HAVING
#
CREATE TABLE t1 (i int(11));
CREATE TABLE t2 (c char(1));
CREATE TABLE t3 (c char(1));
INSERT INTO t1 VALUES (1), (2);
INSERT INTO t2 VALUES ('a'), ('b');
INSERT INTO t3 VALUES ('x'), ('y');
SELECT COUNT( i ),i
FROM t1
HAVING ('c')  
IN (SELECT t2.c FROM (t2 JOIN t3));
COUNT( i )	i
DROP TABLE t1,t2,t3;
# End BUG#54511
#
# BUG#56367 - Assertion exec_method != EXEC_MATERIALIZATION...
#             on subquery in FROM
#
CREATE TABLE t1 (a INTEGER);
CREATE TABLE t2 (b INTEGER);
INSERT INTO t2 VALUES (1);
explain SELECT a FROM (
SELECT t1.* FROM t1 LEFT JOIN t2 ON t1.a > 3 OR t2.b IN (SELECT a FROM t1)
) table1;
id	select_type	table	type	possible_keys	key	key_len	ref	rows	Extra
1	PRIMARY	<derived2>	system	NULL	NULL	NULL	NULL	0	const row not found
2	DERIVED	NULL	NULL	NULL	NULL	NULL	NULL	NULL	no matching row in const table
3	SUBQUERY	t1	system	NULL	NULL	NULL	NULL	0	const row not found
SELECT a FROM (
SELECT t1.* FROM t1 LEFT JOIN t2 ON t1.a > 3 OR t2.b IN (SELECT a FROM t1)
) table1;
a
DROP TABLE t1, t2;
# End BUG#56367
set optimizer_switch=default;
