drop table if exists t1, t2, t3, t1i, t2i, t3i;
create table t1 (a1 char(8), a2 char(8));
create table t2 (b1 char(8), b2 char(8));
create table t3 (c1 char(8), c2 char(8));
insert into t1 values ('1 - 00', '2 - 00');
insert into t1 values ('1 - 01', '2 - 01');
insert into t1 values ('1 - 02', '2 - 02');
insert into t2 values ('1 - 01', '2 - 01');
insert into t2 values ('1 - 01', '2 - 01');
insert into t2 values ('1 - 02', '2 - 02');
insert into t2 values ('1 - 02', '2 - 02');
insert into t2 values ('1 - 03', '2 - 03');
insert into t3 values ('1 - 01', '2 - 01');
insert into t3 values ('1 - 02', '2 - 02');
insert into t3 values ('1 - 03', '2 - 03');
insert into t3 values ('1 - 04', '2 - 04');
create table t1i (a1 char(8), a2 char(8));
create table t2i (b1 char(8), b2 char(8));
create table t3i (c1 char(8), c2 char(8));
create index it1i1 on t1i (a1);
create index it1i2 on t1i (a2);
create index it1i3 on t1i (a1, a2);
create index it2i1 on t2i (b1);
create index it2i2 on t2i (b2);
create index it2i3 on t2i (b1, b2);
create index it3i1 on t3i (c1);
create index it3i2 on t3i (c2);
create index it3i3 on t3i (c1, c2);
insert into t1i select * from t1;
insert into t2i select * from t2;
insert into t3i select * from t3;
set @optimizer_switch= @@optimizer_switch;
set @@optimizer_switch="semijoin=off";
/******************************************************************************
* Simple tests.                                                               *
******************************************************************************/
# BUG#31639: Wrong plan for uncorrelated subquery when loose scan is applicable.
explain extended
select * from t1 where (a1, a2) in (select b1, max(b2) from t2i group by b1);
id	select_type	table	type	possible_keys	key	key_len	ref	rows	filtered	Extra
1	PRIMARY	t1	ALL	NULL	NULL	NULL	NULL	3	100.00	Using where
2	SUBQUERY	t2i	range	NULL	it2i3	9	NULL	3	100.00	Using index for group-by
Warnings:
Note	1003	select `test`.`t1`.`a1` AS `a1`,`test`.`t1`.`a2` AS `a2` from `test`.`t1` where <in_optimizer>((`test`.`t1`.`a1`,`test`.`t1`.`a2`),(`test`.`t1`.`a1`,`test`.`t1`.`a2`) in ( <materialize> (select `test`.`t2i`.`b1` AS `b1`,max(`test`.`t2i`.`b2`) AS `max(b2)` from `test`.`t2i` group by `test`.`t2i`.`b1` ), <primary_index_lookup>(`test`.`t1`.`a1` in <temporary table> on distinct_key)))
select * from t1 where (a1, a2) in (select b1, max(b2) from t2i group by b1);
a1	a2
1 - 01	2 - 01
1 - 02	2 - 02
prepare st1 from "explain select * from t1 where (a1, a2) in (select b1, max(b2) from t2i group by b1)";
execute st1;
id	select_type	table	type	possible_keys	key	key_len	ref	rows	Extra
1	PRIMARY	t1	ALL	NULL	NULL	NULL	NULL	3	Using where
2	SUBQUERY	t2i	range	NULL	it2i3	9	NULL	3	Using index for group-by
execute st1;
id	select_type	table	type	possible_keys	key	key_len	ref	rows	Extra
1	PRIMARY	t1	ALL	NULL	NULL	NULL	NULL	3	Using where
2	SUBQUERY	t2i	range	NULL	it2i3	9	NULL	3	Using index for group-by
prepare st2 from "select * from t1 where (a1, a2) in (select b1, max(b2) from t2i group by b1)";
execute st2;
a1	a2
1 - 01	2 - 01
1 - 02	2 - 02
execute st2;
a1	a2
1 - 01	2 - 01
1 - 02	2 - 02
explain extended
select * from t1 where (a1, a2) in (select b1, min(b2) from t2i where b1 > '0' group by b1);
id	select_type	table	type	possible_keys	key	key_len	ref	rows	filtered	Extra
1	PRIMARY	t1	ALL	NULL	NULL	NULL	NULL	3	100.00	Using where
2	SUBQUERY	t2i	range	it2i1,it2i3	it2i3	18	NULL	3	100.00	Using where; Using index for group-by
Warnings:
Note	1003	select `test`.`t1`.`a1` AS `a1`,`test`.`t1`.`a2` AS `a2` from `test`.`t1` where <in_optimizer>((`test`.`t1`.`a1`,`test`.`t1`.`a2`),(`test`.`t1`.`a1`,`test`.`t1`.`a2`) in ( <materialize> (select `test`.`t2i`.`b1` AS `b1`,min(`test`.`t2i`.`b2`) AS `min(b2)` from `test`.`t2i` where (`test`.`t2i`.`b1` > '0') group by `test`.`t2i`.`b1` ), <primary_index_lookup>(`test`.`t1`.`a1` in <temporary table> on distinct_key)))
select * from t1 where (a1, a2) in (select b1, min(b2) from t2i where b1 > '0' group by b1);
a1	a2
1 - 01	2 - 01
1 - 02	2 - 02
set @@optimizer_switch="semijoin=off";
drop table t1, t2, t3, t1i, t2i, t3i;
/******************************************************************************
* Test the cache of the left operand of IN.                                   *
******************************************************************************/
# Test that default values of Cached_item are not used for comparison
create table t1 (s1 int);
create table t2 (s2 int);
insert into t1 values (5),(1),(0);
insert into t2 values (0), (1);
select s2 from t2 where s2 in (select s1 from t1);
s2
0
1
drop table t1, t2;
create table t1 (a int not null, b int not null);
create table t2 (c int not null, d int not null);
create table t3 (e int not null);
insert into t1 values (1,10);
insert into t1 values (1,20);
insert into t1 values (2,10);
insert into t1 values (2,20);
insert into t1 values (2,30);
insert into t1 values (3,20);
insert into t1 values (4,40);
insert into t2 values (2,10);
insert into t2 values (2,20);
insert into t2 values (2,40);
insert into t2 values (3,20);
insert into t2 values (4,10);
insert into t2 values (5,10);
insert into t3 values (10);
insert into t3 values (10);
insert into t3 values (20);
insert into t3 values (30);
explain extended
select a from t1 where a in (select c from t2 where d >= 20);
id	select_type	table	type	possible_keys	key	key_len	ref	rows	filtered	Extra
1	PRIMARY	t1	ALL	NULL	NULL	NULL	NULL	7	100.00	Using where
2	SUBQUERY	t2	ALL	NULL	NULL	NULL	NULL	6	100.00	Using where
Warnings:
Note	1003	select `test`.`t1`.`a` AS `a` from `test`.`t1` where <in_optimizer>(`test`.`t1`.`a`,`test`.`t1`.`a` in ( <materialize> (select `test`.`t2`.`c` AS `c` from `test`.`t2` where (`test`.`t2`.`d` >= 20) ), <primary_index_lookup>(`test`.`t1`.`a` in <temporary table> on distinct_key)))
select a from t1 where a in (select c from t2 where d >= 20);
a
2
2
2
3
create index it1a on t1(a);
explain extended
select a from t1 where a in (select c from t2 where d >= 20);
id	select_type	table	type	possible_keys	key	key_len	ref	rows	filtered	Extra
1	PRIMARY	t1	index	NULL	it1a	4	NULL	7	100.00	Using where; Using index
2	SUBQUERY	t2	ALL	NULL	NULL	NULL	NULL	6	100.00	Using where
Warnings:
Note	1003	select `test`.`t1`.`a` AS `a` from `test`.`t1` where <in_optimizer>(`test`.`t1`.`a`,`test`.`t1`.`a` in ( <materialize> (select `test`.`t2`.`c` AS `c` from `test`.`t2` where (`test`.`t2`.`d` >= 20) ), <primary_index_lookup>(`test`.`t1`.`a` in <temporary table> on distinct_key)))
select a from t1 where a in (select c from t2 where d >= 20);
a
2
2
2
3
insert into t2 values (1,10);
explain extended
select a from t1 where a in (select c from t2 where d >= 20);
id	select_type	table	type	possible_keys	key	key_len	ref	rows	filtered	Extra
1	PRIMARY	t1	index	NULL	it1a	4	NULL	7	100.00	Using where; Using index
2	SUBQUERY	t2	ALL	NULL	NULL	NULL	NULL	7	100.00	Using where
Warnings:
Note	1003	select `test`.`t1`.`a` AS `a` from `test`.`t1` where <in_optimizer>(`test`.`t1`.`a`,`test`.`t1`.`a` in ( <materialize> (select `test`.`t2`.`c` AS `c` from `test`.`t2` where (`test`.`t2`.`d` >= 20) ), <primary_index_lookup>(`test`.`t1`.`a` in <temporary table> on distinct_key)))
select a from t1 where a in (select c from t2 where d >= 20);
a
2
2
2
3
explain extended
select a from t1 group by a having a in (select c from t2 where d >= 20);
id	select_type	table	type	possible_keys	key	key_len	ref	rows	filtered	Extra
1	PRIMARY	t1	index	NULL	it1a	4	NULL	7	100.00	Using index
2	SUBQUERY	t2	ALL	NULL	NULL	NULL	NULL	7	100.00	Using where
Warnings:
Note	1003	select `test`.`t1`.`a` AS `a` from `test`.`t1` group by `test`.`t1`.`a` having <in_optimizer>(`test`.`t1`.`a`,`test`.`t1`.`a` in ( <materialize> (select `test`.`t2`.`c` AS `c` from `test`.`t2` where (`test`.`t2`.`d` >= 20) ), <primary_index_lookup>(`test`.`t1`.`a` in <temporary table> on distinct_key)))
select a from t1 group by a having a in (select c from t2 where d >= 20);
a
2
3
create index iab on t1(a, b);
explain extended
select a from t1 group by a having a in (select c from t2 where d >= 20);
id	select_type	table	type	possible_keys	key	key_len	ref	rows	filtered	Extra
1	PRIMARY	t1	index	NULL	it1a	4	NULL	7	100.00	Using index
2	SUBQUERY	t2	ALL	NULL	NULL	NULL	NULL	7	100.00	Using where
Warnings:
Note	1003	select `test`.`t1`.`a` AS `a` from `test`.`t1` group by `test`.`t1`.`a` having <in_optimizer>(`test`.`t1`.`a`,`test`.`t1`.`a` in ( <materialize> (select `test`.`t2`.`c` AS `c` from `test`.`t2` where (`test`.`t2`.`d` >= 20) ), <primary_index_lookup>(`test`.`t1`.`a` in <temporary table> on distinct_key)))
select a from t1 group by a having a in (select c from t2 where d >= 20);
a
2
3
explain extended
select a from t1 group by a
having a in (select c from t2 where d >= some(select e from t3 where max(b)=e));
id	select_type	table	type	possible_keys	key	key_len	ref	rows	filtered	Extra
1	PRIMARY	t1	index	NULL	iab	8	NULL	7	100.00	Using index
2	DEPENDENT SUBQUERY	t2	ALL	NULL	NULL	NULL	NULL	7	100.00	Using where
3	DEPENDENT SUBQUERY	t3	ALL	NULL	NULL	NULL	NULL	4	100.00	Using where
Warnings:
Note	1276	Field or reference 'test.t1.b' of SELECT #3 was resolved in SELECT #1
Note	1003	select `test`.`t1`.`a` AS `a` from `test`.`t1` group by `test`.`t1`.`a` having <in_optimizer>(`test`.`t1`.`a`,<exists>(select 1 AS `Not_used` from `test`.`t2` where (<nop>(<in_optimizer>(`test`.`t2`.`d`,<exists>(select `test`.`t3`.`e` AS `e` from `test`.`t3` where (max(`test`.`t1`.`b`) = `test`.`t3`.`e`) having (<cache>(`test`.`t2`.`d`) >= <ref_null_helper>(`test`.`t3`.`e`))))) and (<cache>(`test`.`t1`.`a`) = `test`.`t2`.`c`))))
select a from t1 group by a
having a in (select c from t2 where d >= some(select e from t3 where max(b)=e));
a
2
3
explain extended
select a from t1
where a in (select c from t2 where d >= some(select e from t3 where b=e));
id	select_type	table	type	possible_keys	key	key_len	ref	rows	filtered	Extra
1	PRIMARY	t1	index	NULL	iab	8	NULL	7	100.00	Using where; Using index
2	DEPENDENT SUBQUERY	t2	ALL	NULL	NULL	NULL	NULL	7	100.00	Using where
3	DEPENDENT SUBQUERY	t3	ALL	NULL	NULL	NULL	NULL	4	100.00	Using where
Warnings:
Note	1276	Field or reference 'test.t1.b' of SELECT #3 was resolved in SELECT #1
Note	1003	select `test`.`t1`.`a` AS `a` from `test`.`t1` where <in_optimizer>(`test`.`t1`.`a`,<exists>(select 1 AS `Not_used` from `test`.`t2` where (<nop>(<in_optimizer>(`test`.`t2`.`d`,<exists>(select 1 AS `Not_used` from `test`.`t3` where ((`test`.`t1`.`b` = `test`.`t3`.`e`) and (<cache>(`test`.`t2`.`d`) >= `test`.`t3`.`e`))))) and (<cache>(`test`.`t1`.`a`) = `test`.`t2`.`c`))))
select a from t1
where a in (select c from t2 where d >= some(select e from t3 where b=e));
a
1
2
2
2
3
/******************************************************************************
* Test NULL semantics.                                                        *
******************************************************************************/
/******************************************************************************
* Several levels of nesting.                                                  *
******************************************************************************/
/******************************************************************************
* UNIONs with subqueries.                                                     *
******************************************************************************/
# simple queries
# multiple levels of nesting of subqueries and unions
/******************************************************************************
* Column types/sizes that affect materialization.                             *
******************************************************************************/
/*
Test that BLOBs are not materialized (except when arguments of some functions).
*/
# restore default
set @@optimizer_switch= @optimizer_switch;
set @@optimizer_switch="semijoin=off";
set @prefix_len = 6;
set @blob_len = 16;
set @suffix_len = @blob_len - @prefix_len;
drop table if exists t1_16, t2_16, t3_16;
create table t1_16 (a1 blob(16), a2 blob(16));
create table t2_16 (b1 blob(16), b2 blob(16));
create table t3_16 (c1 blob(16), c2 blob(16));
insert into t1_16 values
(concat('1 - 00', repeat('x', @suffix_len)), concat('2 - 00', repeat('x', @suffix_len)));
insert into t1_16 values
(concat('1 - 01', repeat('x', @suffix_len)), concat('2 - 01', repeat('x', @suffix_len)));
insert into t1_16 values
(concat('1 - 02', repeat('x', @suffix_len)), concat('2 - 02', repeat('x', @suffix_len)));
insert into t2_16 values
(concat('1 - 01', repeat('x', @suffix_len)), concat('2 - 01', repeat('x', @suffix_len)));
insert into t2_16 values
(concat('1 - 02', repeat('x', @suffix_len)), concat('2 - 02', repeat('x', @suffix_len)));
insert into t2_16 values
(concat('1 - 03', repeat('x', @suffix_len)), concat('2 - 03', repeat('x', @suffix_len)));
insert into t3_16 values
(concat('1 - 01', repeat('x', @suffix_len)), concat('2 - 01', repeat('x', @suffix_len)));
insert into t3_16 values
(concat('1 - 02', repeat('x', @suffix_len)), concat('2 - 02', repeat('x', @suffix_len)));
insert into t3_16 values
(concat('1 - 03', repeat('x', @suffix_len)), concat('2 - 03', repeat('x', @suffix_len)));
insert into t3_16 values
(concat('1 - 04', repeat('x', @suffix_len)), concat('2 - 04', repeat('x', @suffix_len)));
explain extended select left(a1,7), left(a2,7)
from t1_16
where a1 in (select b1 from t2_16 where b1 > '0');
id	select_type	table	type	possible_keys	key	key_len	ref	rows	filtered	Extra
1	PRIMARY	t1_16	ALL	NULL	NULL	NULL	NULL	3	100.00	Using where
2	DEPENDENT SUBQUERY	t2_16	ALL	NULL	NULL	NULL	NULL	3	100.00	Using where
Warnings:
Note	1003	select left(`test`.`t1_16`.`a1`,7) AS `left(a1,7)`,left(`test`.`t1_16`.`a2`,7) AS `left(a2,7)` from `test`.`t1_16` where <in_optimizer>(`test`.`t1_16`.`a1`,`test`.`t1_16`.`a1` in (select 1 AS `Not_used` from `test`.`t2_16` where ((`test`.`t2_16`.`b1` > '0') and (<cache>(`test`.`t1_16`.`a1`) = `test`.`t2_16`.`b1`))))
select left(a1,7), left(a2,7)
from t1_16
where a1 in (select b1 from t2_16 where b1 > '0');
left(a1,7)	left(a2,7)
1 - 01x	2 - 01x
1 - 02x	2 - 02x
explain extended select left(a1,7), left(a2,7)
from t1_16
where (a1,a2) in (select b1, b2 from t2_16 where b1 > '0');
id	select_type	table	type	possible_keys	key	key_len	ref	rows	filtered	Extra
1	PRIMARY	t1_16	ALL	NULL	NULL	NULL	NULL	3	100.00	Using where
2	DEPENDENT SUBQUERY	t2_16	ALL	NULL	NULL	NULL	NULL	3	100.00	Using where
Warnings:
Note	1003	select left(`test`.`t1_16`.`a1`,7) AS `left(a1,7)`,left(`test`.`t1_16`.`a2`,7) AS `left(a2,7)` from `test`.`t1_16` where <in_optimizer>((`test`.`t1_16`.`a1`,`test`.`t1_16`.`a2`),(`test`.`t1_16`.`a1`,`test`.`t1_16`.`a2`) in (select `test`.`t2_16`.`b1` AS `b1`,`test`.`t2_16`.`b2` AS `b2` from `test`.`t2_16` where ((`test`.`t2_16`.`b1` > '0') and (<cache>(`test`.`t1_16`.`a1`) = `test`.`t2_16`.`b1`) and (<cache>(`test`.`t1_16`.`a2`) = `test`.`t2_16`.`b2`))))
select left(a1,7), left(a2,7)
from t1_16
where (a1,a2) in (select b1, b2 from t2_16 where b1 > '0');
left(a1,7)	left(a2,7)
1 - 01x	2 - 01x
1 - 02x	2 - 02x
explain extended select left(a1,7), left(a2,7)
from t1_16
where a1 in (select substring(b1,1,16) from t2_16 where b1 > '0');
id	select_type	table	type	possible_keys	key	key_len	ref	rows	filtered	Extra
1	PRIMARY	t1_16	ALL	NULL	NULL	NULL	NULL	3	100.00	Using where
2	SUBQUERY	t2_16	ALL	NULL	NULL	NULL	NULL	3	100.00	Using where
Warnings:
Note	1003	select left(`test`.`t1_16`.`a1`,7) AS `left(a1,7)`,left(`test`.`t1_16`.`a2`,7) AS `left(a2,7)` from `test`.`t1_16` where <in_optimizer>(`test`.`t1_16`.`a1`,`test`.`t1_16`.`a1` in ( <materialize> (select substr(`test`.`t2_16`.`b1`,1,16) AS `substring(b1,1,16)` from `test`.`t2_16` where (`test`.`t2_16`.`b1` > '0') ), <primary_index_lookup>(`test`.`t1_16`.`a1` in <temporary table> on distinct_key)))
select left(a1,7), left(a2,7)
from t1_16
where a1 in (select substring(b1,1,16) from t2_16 where b1 > '0');
left(a1,7)	left(a2,7)
1 - 01x	2 - 01x
1 - 02x	2 - 02x
explain extended select left(a1,7), left(a2,7)
from t1_16
where a1 in (select group_concat(b1) from t2_16 group by b2);
id	select_type	table	type	possible_keys	key	key_len	ref	rows	filtered	Extra
1	PRIMARY	t1_16	ALL	NULL	NULL	NULL	NULL	3	100.00	Using where
2	DEPENDENT SUBQUERY	t2_16	ALL	NULL	NULL	NULL	NULL	3	100.00	Using filesort
Warnings:
Note	1003	select left(`test`.`t1_16`.`a1`,7) AS `left(a1,7)`,left(`test`.`t1_16`.`a2`,7) AS `left(a2,7)` from `test`.`t1_16` where <in_optimizer>(`test`.`t1_16`.`a1`,`test`.`t1_16`.`a1` in (select group_concat(`test`.`t2_16`.`b1` separator ',') AS `group_concat(b1)` from `test`.`t2_16` group by `test`.`t2_16`.`b2` having (<cache>(`test`.`t1_16`.`a1`) = <ref_null_helper>(group_concat(`test`.`t2_16`.`b1` separator ',')))))
select left(a1,7), left(a2,7)
from t1_16
where a1 in (select group_concat(b1) from t2_16 group by b2);
left(a1,7)	left(a2,7)
1 - 01x	2 - 01x
1 - 02x	2 - 02x
set @@group_concat_max_len = 256;
explain extended select left(a1,7), left(a2,7)
from t1_16
where a1 in (select group_concat(b1) from t2_16 group by b2);
id	select_type	table	type	possible_keys	key	key_len	ref	rows	filtered	Extra
1	PRIMARY	t1_16	ALL	NULL	NULL	NULL	NULL	3	100.00	Using where
2	SUBQUERY	t2_16	ALL	NULL	NULL	NULL	NULL	3	100.00	Using filesort
Warnings:
Note	1003	select left(`test`.`t1_16`.`a1`,7) AS `left(a1,7)`,left(`test`.`t1_16`.`a2`,7) AS `left(a2,7)` from `test`.`t1_16` where <in_optimizer>(`test`.`t1_16`.`a1`,`test`.`t1_16`.`a1` in ( <materialize> (select group_concat(`test`.`t2_16`.`b1` separator ',') AS `group_concat(b1)` from `test`.`t2_16` group by `test`.`t2_16`.`b2` ), <primary_index_lookup>(`test`.`t1_16`.`a1` in <temporary table> on distinct_key)))
select left(a1,7), left(a2,7)
from t1_16
where a1 in (select group_concat(b1) from t2_16 group by b2);
left(a1,7)	left(a2,7)
1 - 01x	2 - 01x
1 - 02x	2 - 02x
drop table t1_16, t2_16, t3_16;
set @blob_len = 512;
set @suffix_len = @blob_len - @prefix_len;
drop table if exists t1_512, t2_512, t3_512;
create table t1_512 (a1 blob(512), a2 blob(512));
create table t2_512 (b1 blob(512), b2 blob(512));
create table t3_512 (c1 blob(512), c2 blob(512));
insert into t1_512 values
(concat('1 - 00', repeat('x', @suffix_len)), concat('2 - 00', repeat('x', @suffix_len)));
insert into t1_512 values
(concat('1 - 01', repeat('x', @suffix_len)), concat('2 - 01', repeat('x', @suffix_len)));
insert into t1_512 values
(concat('1 - 02', repeat('x', @suffix_len)), concat('2 - 02', repeat('x', @suffix_len)));
insert into t2_512 values
(concat('1 - 01', repeat('x', @suffix_len)), concat('2 - 01', repeat('x', @suffix_len)));
insert into t2_512 values
(concat('1 - 02', repeat('x', @suffix_len)), concat('2 - 02', repeat('x', @suffix_len)));
insert into t2_512 values
(concat('1 - 03', repeat('x', @suffix_len)), concat('2 - 03', repeat('x', @suffix_len)));
insert into t3_512 values
(concat('1 - 01', repeat('x', @suffix_len)), concat('2 - 01', repeat('x', @suffix_len)));
insert into t3_512 values
(concat('1 - 02', repeat('x', @suffix_len)), concat('2 - 02', repeat('x', @suffix_len)));
insert into t3_512 values
(concat('1 - 03', repeat('x', @suffix_len)), concat('2 - 03', repeat('x', @suffix_len)));
insert into t3_512 values
(concat('1 - 04', repeat('x', @suffix_len)), concat('2 - 04', repeat('x', @suffix_len)));
explain extended select left(a1,7), left(a2,7)
from t1_512
where a1 in (select b1 from t2_512 where b1 > '0');
id	select_type	table	type	possible_keys	key	key_len	ref	rows	filtered	Extra
1	PRIMARY	t1_512	ALL	NULL	NULL	NULL	NULL	3	100.00	Using where
2	DEPENDENT SUBQUERY	t2_512	ALL	NULL	NULL	NULL	NULL	3	100.00	Using where
Warnings:
Note	1003	select left(`test`.`t1_512`.`a1`,7) AS `left(a1,7)`,left(`test`.`t1_512`.`a2`,7) AS `left(a2,7)` from `test`.`t1_512` where <in_optimizer>(`test`.`t1_512`.`a1`,`test`.`t1_512`.`a1` in (select 1 AS `Not_used` from `test`.`t2_512` where ((`test`.`t2_512`.`b1` > '0') and (<cache>(`test`.`t1_512`.`a1`) = `test`.`t2_512`.`b1`))))
select left(a1,7), left(a2,7)
from t1_512
where a1 in (select b1 from t2_512 where b1 > '0');
left(a1,7)	left(a2,7)
1 - 01x	2 - 01x
1 - 02x	2 - 02x
explain extended select left(a1,7), left(a2,7)
from t1_512
where (a1,a2) in (select b1, b2 from t2_512 where b1 > '0');
id	select_type	table	type	possible_keys	key	key_len	ref	rows	filtered	Extra
1	PRIMARY	t1_512	ALL	NULL	NULL	NULL	NULL	3	100.00	Using where
2	DEPENDENT SUBQUERY	t2_512	ALL	NULL	NULL	NULL	NULL	3	100.00	Using where
Warnings:
Note	1003	select left(`test`.`t1_512`.`a1`,7) AS `left(a1,7)`,left(`test`.`t1_512`.`a2`,7) AS `left(a2,7)` from `test`.`t1_512` where <in_optimizer>((`test`.`t1_512`.`a1`,`test`.`t1_512`.`a2`),(`test`.`t1_512`.`a1`,`test`.`t1_512`.`a2`) in (select `test`.`t2_512`.`b1` AS `b1`,`test`.`t2_512`.`b2` AS `b2` from `test`.`t2_512` where ((`test`.`t2_512`.`b1` > '0') and (<cache>(`test`.`t1_512`.`a1`) = `test`.`t2_512`.`b1`) and (<cache>(`test`.`t1_512`.`a2`) = `test`.`t2_512`.`b2`))))
select left(a1,7), left(a2,7)
from t1_512
where (a1,a2) in (select b1, b2 from t2_512 where b1 > '0');
left(a1,7)	left(a2,7)
1 - 01x	2 - 01x
1 - 02x	2 - 02x
explain extended select left(a1,7), left(a2,7)
from t1_512
where a1 in (select substring(b1,1,512) from t2_512 where b1 > '0');
id	select_type	table	type	possible_keys	key	key_len	ref	rows	filtered	Extra
1	PRIMARY	t1_512	ALL	NULL	NULL	NULL	NULL	3	100.00	Using where
2	SUBQUERY	t2_512	ALL	NULL	NULL	NULL	NULL	3	100.00	Using where
Warnings:
Note	1003	select left(`test`.`t1_512`.`a1`,7) AS `left(a1,7)`,left(`test`.`t1_512`.`a2`,7) AS `left(a2,7)` from `test`.`t1_512` where <in_optimizer>(`test`.`t1_512`.`a1`,`test`.`t1_512`.`a1` in ( <materialize> (select substr(`test`.`t2_512`.`b1`,1,512) AS `substring(b1,1,512)` from `test`.`t2_512` where (`test`.`t2_512`.`b1` > '0') ), <primary_index_lookup>(`test`.`t1_512`.`a1` in <temporary table> on distinct_key)))
select left(a1,7), left(a2,7)
from t1_512
where a1 in (select substring(b1,1,512) from t2_512 where b1 > '0');
left(a1,7)	left(a2,7)
1 - 01x	2 - 01x
1 - 02x	2 - 02x
explain extended select left(a1,7), left(a2,7)
from t1_512
where a1 in (select group_concat(b1) from t2_512 group by b2);
id	select_type	table	type	possible_keys	key	key_len	ref	rows	filtered	Extra
1	PRIMARY	t1_512	ALL	NULL	NULL	NULL	NULL	3	100.00	Using where
2	SUBQUERY	t2_512	ALL	NULL	NULL	NULL	NULL	3	100.00	Using filesort
Warnings:
Note	1003	select left(`test`.`t1_512`.`a1`,7) AS `left(a1,7)`,left(`test`.`t1_512`.`a2`,7) AS `left(a2,7)` from `test`.`t1_512` where <in_optimizer>(`test`.`t1_512`.`a1`,`test`.`t1_512`.`a1` in ( <materialize> (select group_concat(`test`.`t2_512`.`b1` separator ',') AS `group_concat(b1)` from `test`.`t2_512` group by `test`.`t2_512`.`b2` ), <primary_index_lookup>(`test`.`t1_512`.`a1` in <temporary table> on distinct_key)))
select left(a1,7), left(a2,7)
from t1_512
where a1 in (select group_concat(b1) from t2_512 group by b2);
left(a1,7)	left(a2,7)
1 - 01x	2 - 01x
1 - 02x	2 - 02x
set @@group_concat_max_len = 256;
explain extended select left(a1,7), left(a2,7)
from t1_512
where a1 in (select group_concat(b1) from t2_512 group by b2);
id	select_type	table	type	possible_keys	key	key_len	ref	rows	filtered	Extra
1	PRIMARY	t1_512	ALL	NULL	NULL	NULL	NULL	3	100.00	Using where
2	SUBQUERY	t2_512	ALL	NULL	NULL	NULL	NULL	3	100.00	Using filesort
Warnings:
Note	1003	select left(`test`.`t1_512`.`a1`,7) AS `left(a1,7)`,left(`test`.`t1_512`.`a2`,7) AS `left(a2,7)` from `test`.`t1_512` where <in_optimizer>(`test`.`t1_512`.`a1`,`test`.`t1_512`.`a1` in ( <materialize> (select group_concat(`test`.`t2_512`.`b1` separator ',') AS `group_concat(b1)` from `test`.`t2_512` group by `test`.`t2_512`.`b2` ), <primary_index_lookup>(`test`.`t1_512`.`a1` in <temporary table> on distinct_key)))
select left(a1,7), left(a2,7)
from t1_512
where a1 in (select group_concat(b1) from t2_512 group by b2);
left(a1,7)	left(a2,7)
1 - 01x	2 - 01x
1 - 02x	2 - 02x
drop table t1_512, t2_512, t3_512;
set @blob_len = 1024;
set @suffix_len = @blob_len - @prefix_len;
drop table if exists t1_1024, t2_1024, t3_1024;
create table t1_1024 (a1 blob(1024), a2 blob(1024));
create table t2_1024 (b1 blob(1024), b2 blob(1024));
create table t3_1024 (c1 blob(1024), c2 blob(1024));
insert into t1_1024 values
(concat('1 - 00', repeat('x', @suffix_len)), concat('2 - 00', repeat('x', @suffix_len)));
insert into t1_1024 values
(concat('1 - 01', repeat('x', @suffix_len)), concat('2 - 01', repeat('x', @suffix_len)));
insert into t1_1024 values
(concat('1 - 02', repeat('x', @suffix_len)), concat('2 - 02', repeat('x', @suffix_len)));
insert into t2_1024 values
(concat('1 - 01', repeat('x', @suffix_len)), concat('2 - 01', repeat('x', @suffix_len)));
insert into t2_1024 values
(concat('1 - 02', repeat('x', @suffix_len)), concat('2 - 02', repeat('x', @suffix_len)));
insert into t2_1024 values
(concat('1 - 03', repeat('x', @suffix_len)), concat('2 - 03', repeat('x', @suffix_len)));
insert into t3_1024 values
(concat('1 - 01', repeat('x', @suffix_len)), concat('2 - 01', repeat('x', @suffix_len)));
insert into t3_1024 values
(concat('1 - 02', repeat('x', @suffix_len)), concat('2 - 02', repeat('x', @suffix_len)));
insert into t3_1024 values
(concat('1 - 03', repeat('x', @suffix_len)), concat('2 - 03', repeat('x', @suffix_len)));
insert into t3_1024 values
(concat('1 - 04', repeat('x', @suffix_len)), concat('2 - 04', repeat('x', @suffix_len)));
explain extended select left(a1,7), left(a2,7)
from t1_1024
where a1 in (select b1 from t2_1024 where b1 > '0');
id	select_type	table	type	possible_keys	key	key_len	ref	rows	filtered	Extra
1	PRIMARY	t1_1024	ALL	NULL	NULL	NULL	NULL	3	100.00	Using where
2	DEPENDENT SUBQUERY	t2_1024	ALL	NULL	NULL	NULL	NULL	3	100.00	Using where
Warnings:
Note	1003	select left(`test`.`t1_1024`.`a1`,7) AS `left(a1,7)`,left(`test`.`t1_1024`.`a2`,7) AS `left(a2,7)` from `test`.`t1_1024` where <in_optimizer>(`test`.`t1_1024`.`a1`,`test`.`t1_1024`.`a1` in (select 1 AS `Not_used` from `test`.`t2_1024` where ((`test`.`t2_1024`.`b1` > '0') and (<cache>(`test`.`t1_1024`.`a1`) = `test`.`t2_1024`.`b1`))))
select left(a1,7), left(a2,7)
from t1_1024
where a1 in (select b1 from t2_1024 where b1 > '0');
left(a1,7)	left(a2,7)
1 - 01x	2 - 01x
1 - 02x	2 - 02x
explain extended select left(a1,7), left(a2,7)
from t1_1024
where (a1,a2) in (select b1, b2 from t2_1024 where b1 > '0');
id	select_type	table	type	possible_keys	key	key_len	ref	rows	filtered	Extra
1	PRIMARY	t1_1024	ALL	NULL	NULL	NULL	NULL	3	100.00	Using where
2	DEPENDENT SUBQUERY	t2_1024	ALL	NULL	NULL	NULL	NULL	3	100.00	Using where
Warnings:
Note	1003	select left(`test`.`t1_1024`.`a1`,7) AS `left(a1,7)`,left(`test`.`t1_1024`.`a2`,7) AS `left(a2,7)` from `test`.`t1_1024` where <in_optimizer>((`test`.`t1_1024`.`a1`,`test`.`t1_1024`.`a2`),(`test`.`t1_1024`.`a1`,`test`.`t1_1024`.`a2`) in (select `test`.`t2_1024`.`b1` AS `b1`,`test`.`t2_1024`.`b2` AS `b2` from `test`.`t2_1024` where ((`test`.`t2_1024`.`b1` > '0') and (<cache>(`test`.`t1_1024`.`a1`) = `test`.`t2_1024`.`b1`) and (<cache>(`test`.`t1_1024`.`a2`) = `test`.`t2_1024`.`b2`))))
select left(a1,7), left(a2,7)
from t1_1024
where (a1,a2) in (select b1, b2 from t2_1024 where b1 > '0');
left(a1,7)	left(a2,7)
1 - 01x	2 - 01x
1 - 02x	2 - 02x
explain extended select left(a1,7), left(a2,7)
from t1_1024
where a1 in (select substring(b1,1,1024) from t2_1024 where b1 > '0');
id	select_type	table	type	possible_keys	key	key_len	ref	rows	filtered	Extra
1	PRIMARY	t1_1024	ALL	NULL	NULL	NULL	NULL	3	100.00	Using where
2	DEPENDENT SUBQUERY	t2_1024	ALL	NULL	NULL	NULL	NULL	3	100.00	Using where
Warnings:
Note	1003	select left(`test`.`t1_1024`.`a1`,7) AS `left(a1,7)`,left(`test`.`t1_1024`.`a2`,7) AS `left(a2,7)` from `test`.`t1_1024` where <in_optimizer>(`test`.`t1_1024`.`a1`,`test`.`t1_1024`.`a1` in (select 1 AS `Not_used` from `test`.`t2_1024` where ((`test`.`t2_1024`.`b1` > '0') and (<cache>(`test`.`t1_1024`.`a1`) = substr(`test`.`t2_1024`.`b1`,1,1024)))))
select left(a1,7), left(a2,7)
from t1_1024
where a1 in (select substring(b1,1,1024) from t2_1024 where b1 > '0');
left(a1,7)	left(a2,7)
1 - 01x	2 - 01x
1 - 02x	2 - 02x
explain extended select left(a1,7), left(a2,7)
from t1_1024
where a1 in (select group_concat(b1) from t2_1024 group by b2);
id	select_type	table	type	possible_keys	key	key_len	ref	rows	filtered	Extra
1	PRIMARY	t1_1024	ALL	NULL	NULL	NULL	NULL	3	100.00	Using where
2	SUBQUERY	t2_1024	ALL	NULL	NULL	NULL	NULL	3	100.00	Using filesort
Warnings:
Note	1003	select left(`test`.`t1_1024`.`a1`,7) AS `left(a1,7)`,left(`test`.`t1_1024`.`a2`,7) AS `left(a2,7)` from `test`.`t1_1024` where <in_optimizer>(`test`.`t1_1024`.`a1`,`test`.`t1_1024`.`a1` in ( <materialize> (select group_concat(`test`.`t2_1024`.`b1` separator ',') AS `group_concat(b1)` from `test`.`t2_1024` group by `test`.`t2_1024`.`b2` ), <primary_index_lookup>(`test`.`t1_1024`.`a1` in <temporary table> on distinct_key)))
select left(a1,7), left(a2,7)
from t1_1024
where a1 in (select group_concat(b1) from t2_1024 group by b2);
left(a1,7)	left(a2,7)
1 - 01x	2 - 01x
1 - 02x	2 - 02x
set @@group_concat_max_len = 256;
explain extended select left(a1,7), left(a2,7)
from t1_1024
where a1 in (select group_concat(b1) from t2_1024 group by b2);
id	select_type	table	type	possible_keys	key	key_len	ref	rows	filtered	Extra
1	PRIMARY	t1_1024	ALL	NULL	NULL	NULL	NULL	3	100.00	Using where
2	SUBQUERY	t2_1024	ALL	NULL	NULL	NULL	NULL	3	100.00	Using filesort
Warnings:
Note	1003	select left(`test`.`t1_1024`.`a1`,7) AS `left(a1,7)`,left(`test`.`t1_1024`.`a2`,7) AS `left(a2,7)` from `test`.`t1_1024` where <in_optimizer>(`test`.`t1_1024`.`a1`,`test`.`t1_1024`.`a1` in ( <materialize> (select group_concat(`test`.`t2_1024`.`b1` separator ',') AS `group_concat(b1)` from `test`.`t2_1024` group by `test`.`t2_1024`.`b2` ), <primary_index_lookup>(`test`.`t1_1024`.`a1` in <temporary table> on distinct_key)))
select left(a1,7), left(a2,7)
from t1_1024
where a1 in (select group_concat(b1) from t2_1024 group by b2);
left(a1,7)	left(a2,7)
1 - 01x	2 - 01x
1 - 02x	2 - 02x
drop table t1_1024, t2_1024, t3_1024;
set @blob_len = 1025;
set @suffix_len = @blob_len - @prefix_len;
drop table if exists t1_1025, t2_1025, t3_1025;
create table t1_1025 (a1 blob(1025), a2 blob(1025));
create table t2_1025 (b1 blob(1025), b2 blob(1025));
create table t3_1025 (c1 blob(1025), c2 blob(1025));
insert into t1_1025 values
(concat('1 - 00', repeat('x', @suffix_len)), concat('2 - 00', repeat('x', @suffix_len)));
insert into t1_1025 values
(concat('1 - 01', repeat('x', @suffix_len)), concat('2 - 01', repeat('x', @suffix_len)));
insert into t1_1025 values
(concat('1 - 02', repeat('x', @suffix_len)), concat('2 - 02', repeat('x', @suffix_len)));
insert into t2_1025 values
(concat('1 - 01', repeat('x', @suffix_len)), concat('2 - 01', repeat('x', @suffix_len)));
insert into t2_1025 values
(concat('1 - 02', repeat('x', @suffix_len)), concat('2 - 02', repeat('x', @suffix_len)));
insert into t2_1025 values
(concat('1 - 03', repeat('x', @suffix_len)), concat('2 - 03', repeat('x', @suffix_len)));
insert into t3_1025 values
(concat('1 - 01', repeat('x', @suffix_len)), concat('2 - 01', repeat('x', @suffix_len)));
insert into t3_1025 values
(concat('1 - 02', repeat('x', @suffix_len)), concat('2 - 02', repeat('x', @suffix_len)));
insert into t3_1025 values
(concat('1 - 03', repeat('x', @suffix_len)), concat('2 - 03', repeat('x', @suffix_len)));
insert into t3_1025 values
(concat('1 - 04', repeat('x', @suffix_len)), concat('2 - 04', repeat('x', @suffix_len)));
explain extended select left(a1,7), left(a2,7)
from t1_1025
where a1 in (select b1 from t2_1025 where b1 > '0');
id	select_type	table	type	possible_keys	key	key_len	ref	rows	filtered	Extra
1	PRIMARY	t1_1025	ALL	NULL	NULL	NULL	NULL	3	100.00	Using where
2	DEPENDENT SUBQUERY	t2_1025	ALL	NULL	NULL	NULL	NULL	3	100.00	Using where
Warnings:
Note	1003	select left(`test`.`t1_1025`.`a1`,7) AS `left(a1,7)`,left(`test`.`t1_1025`.`a2`,7) AS `left(a2,7)` from `test`.`t1_1025` where <in_optimizer>(`test`.`t1_1025`.`a1`,`test`.`t1_1025`.`a1` in (select 1 AS `Not_used` from `test`.`t2_1025` where ((`test`.`t2_1025`.`b1` > '0') and (<cache>(`test`.`t1_1025`.`a1`) = `test`.`t2_1025`.`b1`))))
select left(a1,7), left(a2,7)
from t1_1025
where a1 in (select b1 from t2_1025 where b1 > '0');
left(a1,7)	left(a2,7)
1 - 01x	2 - 01x
1 - 02x	2 - 02x
explain extended select left(a1,7), left(a2,7)
from t1_1025
where (a1,a2) in (select b1, b2 from t2_1025 where b1 > '0');
id	select_type	table	type	possible_keys	key	key_len	ref	rows	filtered	Extra
1	PRIMARY	t1_1025	ALL	NULL	NULL	NULL	NULL	3	100.00	Using where
2	DEPENDENT SUBQUERY	t2_1025	ALL	NULL	NULL	NULL	NULL	3	100.00	Using where
Warnings:
Note	1003	select left(`test`.`t1_1025`.`a1`,7) AS `left(a1,7)`,left(`test`.`t1_1025`.`a2`,7) AS `left(a2,7)` from `test`.`t1_1025` where <in_optimizer>((`test`.`t1_1025`.`a1`,`test`.`t1_1025`.`a2`),(`test`.`t1_1025`.`a1`,`test`.`t1_1025`.`a2`) in (select `test`.`t2_1025`.`b1` AS `b1`,`test`.`t2_1025`.`b2` AS `b2` from `test`.`t2_1025` where ((`test`.`t2_1025`.`b1` > '0') and (<cache>(`test`.`t1_1025`.`a1`) = `test`.`t2_1025`.`b1`) and (<cache>(`test`.`t1_1025`.`a2`) = `test`.`t2_1025`.`b2`))))
select left(a1,7), left(a2,7)
from t1_1025
where (a1,a2) in (select b1, b2 from t2_1025 where b1 > '0');
left(a1,7)	left(a2,7)
1 - 01x	2 - 01x
1 - 02x	2 - 02x
explain extended select left(a1,7), left(a2,7)
from t1_1025
where a1 in (select substring(b1,1,1025) from t2_1025 where b1 > '0');
id	select_type	table	type	possible_keys	key	key_len	ref	rows	filtered	Extra
1	PRIMARY	t1_1025	ALL	NULL	NULL	NULL	NULL	3	100.00	Using where
2	DEPENDENT SUBQUERY	t2_1025	ALL	NULL	NULL	NULL	NULL	3	100.00	Using where
Warnings:
Note	1003	select left(`test`.`t1_1025`.`a1`,7) AS `left(a1,7)`,left(`test`.`t1_1025`.`a2`,7) AS `left(a2,7)` from `test`.`t1_1025` where <in_optimizer>(`test`.`t1_1025`.`a1`,`test`.`t1_1025`.`a1` in (select 1 AS `Not_used` from `test`.`t2_1025` where ((`test`.`t2_1025`.`b1` > '0') and (<cache>(`test`.`t1_1025`.`a1`) = substr(`test`.`t2_1025`.`b1`,1,1025)))))
select left(a1,7), left(a2,7)
from t1_1025
where a1 in (select substring(b1,1,1025) from t2_1025 where b1 > '0');
left(a1,7)	left(a2,7)
1 - 01x	2 - 01x
1 - 02x	2 - 02x
explain extended select left(a1,7), left(a2,7)
from t1_1025
where a1 in (select group_concat(b1) from t2_1025 group by b2);
id	select_type	table	type	possible_keys	key	key_len	ref	rows	filtered	Extra
1	PRIMARY	t1_1025	ALL	NULL	NULL	NULL	NULL	3	100.00	Using where
2	SUBQUERY	t2_1025	ALL	NULL	NULL	NULL	NULL	3	100.00	Using filesort
Warnings:
Note	1003	select left(`test`.`t1_1025`.`a1`,7) AS `left(a1,7)`,left(`test`.`t1_1025`.`a2`,7) AS `left(a2,7)` from `test`.`t1_1025` where <in_optimizer>(`test`.`t1_1025`.`a1`,`test`.`t1_1025`.`a1` in ( <materialize> (select group_concat(`test`.`t2_1025`.`b1` separator ',') AS `group_concat(b1)` from `test`.`t2_1025` group by `test`.`t2_1025`.`b2` ), <primary_index_lookup>(`test`.`t1_1025`.`a1` in <temporary table> on distinct_key)))
select left(a1,7), left(a2,7)
from t1_1025
where a1 in (select group_concat(b1) from t2_1025 group by b2);
left(a1,7)	left(a2,7)
1 - 01x	2 - 01x
1 - 02x	2 - 02x
set @@group_concat_max_len = 256;
explain extended select left(a1,7), left(a2,7)
from t1_1025
where a1 in (select group_concat(b1) from t2_1025 group by b2);
id	select_type	table	type	possible_keys	key	key_len	ref	rows	filtered	Extra
1	PRIMARY	t1_1025	ALL	NULL	NULL	NULL	NULL	3	100.00	Using where
2	SUBQUERY	t2_1025	ALL	NULL	NULL	NULL	NULL	3	100.00	Using filesort
Warnings:
Note	1003	select left(`test`.`t1_1025`.`a1`,7) AS `left(a1,7)`,left(`test`.`t1_1025`.`a2`,7) AS `left(a2,7)` from `test`.`t1_1025` where <in_optimizer>(`test`.`t1_1025`.`a1`,`test`.`t1_1025`.`a1` in ( <materialize> (select group_concat(`test`.`t2_1025`.`b1` separator ',') AS `group_concat(b1)` from `test`.`t2_1025` group by `test`.`t2_1025`.`b2` ), <primary_index_lookup>(`test`.`t1_1025`.`a1` in <temporary table> on distinct_key)))
select left(a1,7), left(a2,7)
from t1_1025
where a1 in (select group_concat(b1) from t2_1025 group by b2);
left(a1,7)	left(a2,7)
1 - 01x	2 - 01x
1 - 02x	2 - 02x
drop table t1_1025, t2_1025, t3_1025;
create table t1bit (a1 bit(3), a2 bit(3));
create table t2bit (b1 bit(3), b2 bit(3));
insert into t1bit values (b'000', b'100');
insert into t1bit values (b'001', b'101');
insert into t1bit values (b'010', b'110');
insert into t2bit values (b'001', b'101');
insert into t2bit values (b'010', b'110');
insert into t2bit values (b'110', b'111');
set @@optimizer_switch= @optimizer_switch;
set @@optimizer_switch="semijoin=off";
explain extended select bin(a1), bin(a2)
from t1bit
where (a1, a2) in (select b1, b2 from t2bit);
id	select_type	table	type	possible_keys	key	key_len	ref	rows	filtered	Extra
1	PRIMARY	t1bit	ALL	NULL	NULL	NULL	NULL	3	100.00	Using where
2	SUBQUERY	t2bit	ALL	NULL	NULL	NULL	NULL	3	100.00	
Warnings:
Note	1003	select conv(`test`.`t1bit`.`a1`,10,2) AS `bin(a1)`,conv(`test`.`t1bit`.`a2`,10,2) AS `bin(a2)` from `test`.`t1bit` where <in_optimizer>((`test`.`t1bit`.`a1`,`test`.`t1bit`.`a2`),(`test`.`t1bit`.`a1`,`test`.`t1bit`.`a2`) in ( <materialize> (select `test`.`t2bit`.`b1` AS `b1`,`test`.`t2bit`.`b2` AS `b2` from `test`.`t2bit` ), <primary_index_lookup>(`test`.`t1bit`.`a1` in <temporary table> on distinct_key)))
select bin(a1), bin(a2)
from t1bit
where (a1, a2) in (select b1, b2 from t2bit);
bin(a1)	bin(a2)
1	101
10	110
drop table t1bit, t2bit;
create table t1bb (a1 bit(3), a2 blob(3));
create table t2bb (b1 bit(3), b2 blob(3));
insert into t1bb values (b'000', '100');
insert into t1bb values (b'001', '101');
insert into t1bb values (b'010', '110');
insert into t2bb values (b'001', '101');
insert into t2bb values (b'010', '110');
insert into t2bb values (b'110', '111');
explain extended select bin(a1), a2
from t1bb
where (a1, a2) in (select b1, b2 from t2bb);
id	select_type	table	type	possible_keys	key	key_len	ref	rows	filtered	Extra
1	PRIMARY	t1bb	ALL	NULL	NULL	NULL	NULL	3	100.00	Using where
2	DEPENDENT SUBQUERY	t2bb	ALL	NULL	NULL	NULL	NULL	3	100.00	Using where
Warnings:
Note	1003	select conv(`test`.`t1bb`.`a1`,10,2) AS `bin(a1)`,`test`.`t1bb`.`a2` AS `a2` from `test`.`t1bb` where <in_optimizer>((`test`.`t1bb`.`a1`,`test`.`t1bb`.`a2`),(`test`.`t1bb`.`a1`,`test`.`t1bb`.`a2`) in (select `test`.`t2bb`.`b1` AS `b1`,`test`.`t2bb`.`b2` AS `b2` from `test`.`t2bb` where ((<cache>(`test`.`t1bb`.`a1`) = `test`.`t2bb`.`b1`) and (<cache>(`test`.`t1bb`.`a2`) = `test`.`t2bb`.`b2`))))
select bin(a1), a2
from t1bb
where (a1, a2) in (select b1, b2 from t2bb);
bin(a1)	a2
1	101
10	110
drop table t1bb, t2bb;
/******************************************************************************
* IN=>EXISTS transformation produces 'ref' lookups.                           *
******************************************************************************/
/******************************************************************************
* Subqueries in various clauses.                                              *
******************************************************************************/
/* SELECT clause */
# These queries used to crash
# select ((a,b) IN (select * from sq2 where d > 0)) IS NULL from sq1;
/* FROM clause */
/* GROUP BY clause */
# explain extended
# select * from t1 group by (select col_pos from columns limit 1);
/* ORDER BY clause */
# TODO: this must be a: it should be imppossible to have subqueries
# with > 1 rows in GROUP BY.
# explain extended
# select * from t1 order by (select col_pos from columns);
drop table t1, t2, t3;
