CREATE TABLE test (
dt datetime primary key,
datetxt varchar(10) GENERATED ALWAYS AS (DATE(dt)) STORED,
timetxt varchar(10) GENERATED ALWAYS AS (TIME(dt)) STORED
) ENGINE=InnoDB;
SHOW CREATE TABLE test;
Table	Create Table
test	CREATE TABLE `test` (
  `dt` datetime NOT NULL,
  `datetxt` varchar(10) GENERATED ALWAYS AS (cast(`dt` as date)) STORED,
  `timetxt` varchar(10) GENERATED ALWAYS AS (cast(`dt` as time)) STORED,
  PRIMARY KEY (`dt`)
) ENGINE=InnoDB DEFAULT CHARSET=utf8mb4 COLLATE=utf8mb4_0900_ai_ci
FLUSH TABLE test FOR EXPORT;
UNLOCK TABLES;
#
# Assert that the collation_id is my_charset_numericd in the SDI.
#
include/assert_grep.inc [Assert that collation_id is 8 in the sdi]
#
# Assert that the collation_id does not change after ALTER TABLE
# ENGINE=InnoDB
#
ALTER TABLE test ENGINE=InnoDB;
include/assert_grep.inc [Assert that collation_id is 8 in the sdi]
#
# Assert that the collation_id does not change after ALTER TABLE CONVERT
# TO CHARACTER SET
#
ALTER TABLE test CONVERT TO CHARACTER SET utf8mb4 COLLATE utf8mb4_0900_ai_ci;
include/assert_grep.inc [Assert that collation_id is 8 in the sdi]
#
# Insert some data and verify that comparision with varchar columns are handled properly.
#
INSERT INTO test(dt) VALUES("1997-11-30 12:30:45"),("1999-12-13 10:11:53");
SELECT * FROM test;
dt	datetxt	timetxt
1997-11-30 12:30:45	1997-11-30	12:30:45
1999-12-13 10:11:53	1999-12-13	10:11:53
#
# Verify that there are two rows in the table
#
SELECT * FROM test WHERE DATE(dt) = datetxt;
dt	datetxt	timetxt
1997-11-30 12:30:45	1997-11-30	12:30:45
1999-12-13 10:11:53	1999-12-13	10:11:53
SELECT * FROM test WHERE TIME(dt) = timetxt;
dt	datetxt	timetxt
1997-11-30 12:30:45	1997-11-30	12:30:45
1999-12-13 10:11:53	1999-12-13	10:11:53
#
# Change the character set of the table to utf8mb4_unicode_ci
#
ALTER TABLE test CONVERT TO CHARACTER SET utf8mb4 collate utf8mb4_unicode_ci;
#
# Verify that the comparision works after changing the charset of the table
#
SELECT * FROM test WHERE DATE(dt) = datetxt;
dt	datetxt	timetxt
1997-11-30 12:30:45	1997-11-30	12:30:45
1999-12-13 10:11:53	1999-12-13	10:11:53
SELECT * FROM test WHERE TIME(dt) = timetxt;
dt	datetxt	timetxt
1997-11-30 12:30:45	1997-11-30	12:30:45
1999-12-13 10:11:53	1999-12-13	10:11:53
#
# Verify that the comparision works after changing the datatype of dt column
#
ALTER TABLE test MODIFY dt TIMESTAMP(6);
INSERT INTO test(dt) VALUES("1999-08-15 11:38:25.123456"),("2007-07-29 11:15:34.245147");
#
# Change the character set of the table to utf32_unicode_ci
#
ALTER TABLE test CONVERT TO CHARACTER SET utf32 COLLATE utf32_unicode_ci;
#
# Verify that there are four rows in the table
# Note: We use STUBSTRING_INDEX to do the comparision as the
#       TIME(dt) returns decimal value as well.
#
#
# Verify that the comparision works after changing the charset of the table
#
SELECT * FROM test WHERE DATE(dt) = datetxt;
dt	datetxt	timetxt
1997-11-30 12:30:45.000000	1997-11-30	12:30:45
1999-08-15 11:38:25.123456	1999-08-15	11:38:25
1999-12-13 10:11:53.000000	1999-12-13	10:11:53
2007-07-29 11:15:34.245147	2007-07-29	11:15:34
SELECT * FROM test WHERE SUBSTRING_INDEX(TIME(dt),'.',1) = timetxt;
dt	datetxt	timetxt
1997-11-30 12:30:45.000000	1997-11-30	12:30:45
1999-08-15 11:38:25.123456	1999-08-15	11:38:25
1999-12-13 10:11:53.000000	1999-12-13	10:11:53
2007-07-29 11:15:34.245147	2007-07-29	11:15:34
DROP TABLE test;
