select from_unixtime(0);
from_unixtime(0)
1969-12-31 14:00:00
select unix_timestamp('1969-12-31 14:00:01');
unix_timestamp('1969-12-31 14:00:01')
1
