drop table if exists `£Τ£±`;
drop table if exists `£Τ£²`;
drop table if exists `£Τ£³`;
drop table if exists `£Τ£΄`;
drop table if exists `£Τ£µ`;
drop table if exists `£Τ£¶`;
drop table if exists `£Τ£·`;
drop table if exists `£Τ£Έ`;
drop table if exists `£Τ£Ή`;
SET NAMES ujis;
SET character_set_database = ucs2;
Warnings:
Warning	1681	Updating 'character_set_database' is deprecated. It will be made read-only in a future release.
SET collation_connection = ucs2_general_ci;
CREATE TABLE `£Τ£±` (`£Γ£±` char(5), INDEX(`£Γ£±`)) DEFAULT CHARSET = ucs2 engine = innodb;
CREATE TABLE `£Τ£²` (`£Γ£±` char(5), INDEX(`£Γ£±`)) DEFAULT CHARSET = ucs2 engine = innodb;
CREATE TABLE `£Τ£³` (`£Γ£±` char(5), INDEX(`£Γ£±`)) DEFAULT CHARSET = ucs2 engine = innodb;
CREATE TABLE `£Τ£΄` (`£Γ£±` char(5), INDEX(`£Γ£±`)) DEFAULT CHARSET = ucs2 engine = myisam;
CREATE TABLE `£Τ£µ` (`£Γ£±` char(5), INDEX(`£Γ£±`)) DEFAULT CHARSET = ucs2 engine = myisam;
CREATE TABLE `£Τ£¶` (`£Γ£±` char(5), INDEX(`£Γ£±`)) DEFAULT CHARSET = ucs2 engine = myisam;
CREATE TABLE `£Τ£·` (`£Γ£±` char(5), INDEX(`£Γ£±`)) DEFAULT CHARSET = ucs2 engine = MEMORY;
CREATE TABLE `£Τ£Έ` (`£Γ£±` char(5), INDEX(`£Γ£±`)) DEFAULT CHARSET = ucs2 engine = MEMORY;
CREATE TABLE `£Τ£Ή` (`£Γ£±` char(5), INDEX(`£Γ£±`)) DEFAULT CHARSET = ucs2 engine = MEMORY;
INSERT INTO `£Τ£±` VALUES ('±²³΄µ'),('±²³΄'),('±²³'),('±²'),('±'),('');
INSERT INTO `£Τ£²` VALUES ('¤Ά¤¤¤¦¤¨¤'),('¤Ά¤¤¤¦¤¨'),('¤Ά¤¤¤¦'),('¤Ά¤¤'),('¤Ά'),('');
INSERT INTO `£Τ£³` VALUES ('νάνένήνίνΰ'),('νάνένήνί'),('νάνένή'),('νάνέ'),('νά'),('');
INSERT INTO `£Τ£΄` VALUES ('±²³΄µ'),('±²³΄'),('±²³'),('±²'),('±'),('');
INSERT INTO `£Τ£µ` VALUES ('¤Ά¤¤¤¦¤¨¤'),('¤Ά¤¤¤¦¤¨'),('¤Ά¤¤¤¦'),('¤Ά¤¤'),('¤Ά'),('');
INSERT INTO `£Τ£¶` VALUES ('νάνένήνίνΰ'),('νάνένήνί'),('νάνένή'),('νάνέ'),('νά'),('');
INSERT INTO `£Τ£·` VALUES ('±²³΄µ'),('±²³΄'),('±²³'),('±²'),('±'),('');
INSERT INTO `£Τ£Έ` VALUES ('¤Ά¤¤¤¦¤¨¤'),('¤Ά¤¤¤¦¤¨'),('¤Ά¤¤¤¦'),('¤Ά¤¤'),('¤Ά'),('');
INSERT INTO `£Τ£Ή` VALUES ('νάνένήνίνΰ'),('νάνένήνί'),('νάνένή'),('νάνέ'),('νά'),('');
SELECT `£Γ£±`, CHAR_LENGTH(`£Γ£±`) FROM `£Τ£±`;
£Γ£±	CHAR_LENGTH(`£Γ£±`)
	0
±	1
±²	2
±²³	3
±²³΄	4
±²³΄µ	5
SELECT `£Γ£±`, CHAR_LENGTH(`£Γ£±`) FROM `£Τ£²`;
£Γ£±	CHAR_LENGTH(`£Γ£±`)
	0
¤Ά	1
¤Ά¤¤	2
¤Ά¤¤¤¦	3
¤Ά¤¤¤¦¤¨	4
¤Ά¤¤¤¦¤¨¤	5
SELECT `£Γ£±`, CHAR_LENGTH(`£Γ£±`) FROM `£Τ£³`;
£Γ£±	CHAR_LENGTH(`£Γ£±`)
	0
νά	1
νάνέ	2
νάνένή	3
νάνένήνί	4
νάνένήνίνΰ	5
SELECT `£Γ£±`, CHAR_LENGTH(`£Γ£±`) FROM `£Τ£΄`;
£Γ£±	CHAR_LENGTH(`£Γ£±`)
	0
±	1
±²	2
±²³	3
±²³΄	4
±²³΄µ	5
SELECT `£Γ£±`, CHAR_LENGTH(`£Γ£±`) FROM `£Τ£µ`;
£Γ£±	CHAR_LENGTH(`£Γ£±`)
	0
¤Ά	1
¤Ά¤¤	2
¤Ά¤¤¤¦	3
¤Ά¤¤¤¦¤¨	4
¤Ά¤¤¤¦¤¨¤	5
SELECT `£Γ£±`, CHAR_LENGTH(`£Γ£±`) FROM `£Τ£¶`;
£Γ£±	CHAR_LENGTH(`£Γ£±`)
	0
νά	1
νάνέ	2
νάνένή	3
νάνένήνί	4
νάνένήνίνΰ	5
SELECT `£Γ£±`, CHAR_LENGTH(`£Γ£±`) FROM `£Τ£·`;
£Γ£±	CHAR_LENGTH(`£Γ£±`)
±²³΄µ	5
±²³΄	4
±²³	3
±²	2
±	1
	0
SELECT `£Γ£±`, CHAR_LENGTH(`£Γ£±`) FROM `£Τ£Έ`;
£Γ£±	CHAR_LENGTH(`£Γ£±`)
¤Ά¤¤¤¦¤¨¤	5
¤Ά¤¤¤¦¤¨	4
¤Ά¤¤¤¦	3
¤Ά¤¤	2
¤Ά	1
	0
SELECT `£Γ£±`, CHAR_LENGTH(`£Γ£±`) FROM `£Τ£Ή`;
£Γ£±	CHAR_LENGTH(`£Γ£±`)
νάνένήνίνΰ	5
νάνένήνί	4
νάνένή	3
νάνέ	2
νά	1
	0
DROP TABLE `£Τ£±`;
DROP TABLE `£Τ£²`;
DROP TABLE `£Τ£³`;
DROP TABLE `£Τ£΄`;
DROP TABLE `£Τ£µ`;
DROP TABLE `£Τ£¶`;
DROP TABLE `£Τ£·`;
DROP TABLE `£Τ£Έ`;
DROP TABLE `£Τ£Ή`;
