drop table if exists `£Ô£±`;
drop table if exists `£Ô£²`;
drop table if exists `£Ô£³`;
drop table if exists `£Ô£´`;
drop table if exists `£Ô£µ`;
drop table if exists `£Ô£¶`;
drop table if exists `£Ô£·`;
drop table if exists `£Ô£¸`;
drop table if exists `£Ô£¹`;
SET NAMES ujis;
SET character_set_database = ujis;
Warnings:
Warning	1681	Updating 'character_set_database' is deprecated. It will be made read-only in a future release.
CREATE TABLE `£Ô£±` (`£Ã£±` char(20)) DEFAULT CHARSET = ujis engine = innodb;
CREATE TABLE `£Ô£²` (`£Ã£±` char(20)) DEFAULT CHARSET = ujis engine = innodb;
CREATE TABLE `£Ô£³` (`£Ã£±` char(20)) DEFAULT CHARSET = ujis engine = innodb;
CREATE TABLE `£Ô£´` (`£Ã£±` char(20)) DEFAULT CHARSET = ujis engine = myisam;
CREATE TABLE `£Ô£µ` (`£Ã£±` char(20)) DEFAULT CHARSET = ujis engine = myisam;
CREATE TABLE `£Ô£¶` (`£Ã£±` char(20)) DEFAULT CHARSET = ujis engine = myisam;
CREATE TABLE `£Ô£·` (`£Ã£±` char(20)) DEFAULT CHARSET = ujis engine = MEMORY;
CREATE TABLE `£Ô£¸` (`£Ã£±` char(20)) DEFAULT CHARSET = ujis engine = MEMORY;
CREATE TABLE `£Ô£¹` (`£Ã£±` char(20)) DEFAULT CHARSET = ujis engine = MEMORY;
LOAD DATA LOCAL INFILE 'suite/jp/std_data/jisx0201_ujis.dat' INTO TABLE `£Ô£±`;
LOAD DATA LOCAL INFILE 'suite/jp/std_data/jisx0208_ujis.dat' INTO TABLE `£Ô£²`;
LOAD DATA LOCAL INFILE 'suite/jp/std_data/jisx0212_ujis.dat' INTO TABLE `£Ô£³`;
LOAD DATA LOCAL INFILE 'suite/jp/std_data/jisx0201_ujis.dat' INTO TABLE `£Ô£´`;
LOAD DATA LOCAL INFILE 'suite/jp/std_data/jisx0208_ujis.dat' INTO TABLE `£Ô£µ`;
LOAD DATA LOCAL INFILE 'suite/jp/std_data/jisx0212_ujis.dat' INTO TABLE `£Ô£¶`;
LOAD DATA LOCAL INFILE 'suite/jp/std_data/jisx0201_ujis.dat' INTO TABLE `£Ô£·`;
LOAD DATA LOCAL INFILE 'suite/jp/std_data/jisx0208_ujis.dat' INTO TABLE `£Ô£¸`;
LOAD DATA LOCAL INFILE 'suite/jp/std_data/jisx0212_ujis.dat' INTO TABLE `£Ô£¹`;
SELECT DISTINCT CHARSET(`£Ã£±`) FROM `£Ô£±`;
CHARSET(`£Ã£±`)
ujis
SELECT DISTINCT CHARSET(`£Ã£±`) FROM `£Ô£²`;
CHARSET(`£Ã£±`)
ujis
SELECT DISTINCT CHARSET(`£Ã£±`) FROM `£Ô£³`;
CHARSET(`£Ã£±`)
ujis
SELECT DISTINCT CHARSET(CONVERT(`£Ã£±` USING utf8)) FROM `£Ô£±`;
CHARSET(CONVERT(`£Ã£±` USING utf8))
utf8
Warnings:
Warning	3719	'utf8' is currently an alias for the character set UTF8MB3, but will be an alias for UTF8MB4 in a future release. Please consider using UTF8MB4 in order to be unambiguous.
SELECT DISTINCT CHARSET(CONVERT(`£Ã£±` USING ucs2)) FROM `£Ô£±`;
CHARSET(CONVERT(`£Ã£±` USING ucs2))
ucs2
SELECT DISTINCT CHARSET(CONVERT(`£Ã£±` USING sjis)) FROM `£Ô£±`;
CHARSET(CONVERT(`£Ã£±` USING sjis))
sjis
SELECT DISTINCT CHARSET(CONVERT(`£Ã£±` USING ujis)) FROM `£Ô£±`;
CHARSET(CONVERT(`£Ã£±` USING ujis))
ujis
SELECT DISTINCT CHARSET(CONVERT(`£Ã£±` USING utf8)) FROM `£Ô£²`;
CHARSET(CONVERT(`£Ã£±` USING utf8))
utf8
Warnings:
Warning	3719	'utf8' is currently an alias for the character set UTF8MB3, but will be an alias for UTF8MB4 in a future release. Please consider using UTF8MB4 in order to be unambiguous.
SELECT DISTINCT CHARSET(CONVERT(`£Ã£±` USING ucs2)) FROM `£Ô£²`;
CHARSET(CONVERT(`£Ã£±` USING ucs2))
ucs2
SELECT DISTINCT CHARSET(CONVERT(`£Ã£±` USING sjis)) FROM `£Ô£²`;
CHARSET(CONVERT(`£Ã£±` USING sjis))
sjis
SELECT DISTINCT CHARSET(CONVERT(`£Ã£±` USING ujis)) FROM `£Ô£²`;
CHARSET(CONVERT(`£Ã£±` USING ujis))
ujis
SELECT DISTINCT CHARSET(CONVERT(`£Ã£±` USING utf8)) FROM `£Ô£³`;
CHARSET(CONVERT(`£Ã£±` USING utf8))
utf8
Warnings:
Warning	3719	'utf8' is currently an alias for the character set UTF8MB3, but will be an alias for UTF8MB4 in a future release. Please consider using UTF8MB4 in order to be unambiguous.
SELECT DISTINCT CHARSET(CONVERT(`£Ã£±` USING ucs2)) FROM `£Ô£³`;
CHARSET(CONVERT(`£Ã£±` USING ucs2))
ucs2
SELECT DISTINCT CHARSET(CONVERT(`£Ã£±` USING sjis)) FROM `£Ô£³`;
CHARSET(CONVERT(`£Ã£±` USING sjis))
sjis
SELECT DISTINCT CHARSET(CONVERT(`£Ã£±` USING ujis)) FROM `£Ô£³`;
CHARSET(CONVERT(`£Ã£±` USING ujis))
ujis
SELECT DISTINCT CHARSET(`£Ã£±`) FROM `£Ô£´`;
CHARSET(`£Ã£±`)
ujis
SELECT DISTINCT CHARSET(`£Ã£±`) FROM `£Ô£µ`;
CHARSET(`£Ã£±`)
ujis
SELECT DISTINCT CHARSET(`£Ã£±`) FROM `£Ô£¶`;
CHARSET(`£Ã£±`)
ujis
SELECT DISTINCT CHARSET(CONVERT(`£Ã£±` USING utf8)) FROM `£Ô£´`;
CHARSET(CONVERT(`£Ã£±` USING utf8))
utf8
Warnings:
Warning	3719	'utf8' is currently an alias for the character set UTF8MB3, but will be an alias for UTF8MB4 in a future release. Please consider using UTF8MB4 in order to be unambiguous.
SELECT DISTINCT CHARSET(CONVERT(`£Ã£±` USING ucs2)) FROM `£Ô£´`;
CHARSET(CONVERT(`£Ã£±` USING ucs2))
ucs2
SELECT DISTINCT CHARSET(CONVERT(`£Ã£±` USING sjis)) FROM `£Ô£´`;
CHARSET(CONVERT(`£Ã£±` USING sjis))
sjis
SELECT DISTINCT CHARSET(CONVERT(`£Ã£±` USING ujis)) FROM `£Ô£´`;
CHARSET(CONVERT(`£Ã£±` USING ujis))
ujis
SELECT DISTINCT CHARSET(CONVERT(`£Ã£±` USING utf8)) FROM `£Ô£µ`;
CHARSET(CONVERT(`£Ã£±` USING utf8))
utf8
Warnings:
Warning	3719	'utf8' is currently an alias for the character set UTF8MB3, but will be an alias for UTF8MB4 in a future release. Please consider using UTF8MB4 in order to be unambiguous.
SELECT DISTINCT CHARSET(CONVERT(`£Ã£±` USING ucs2)) FROM `£Ô£µ`;
CHARSET(CONVERT(`£Ã£±` USING ucs2))
ucs2
SELECT DISTINCT CHARSET(CONVERT(`£Ã£±` USING sjis)) FROM `£Ô£µ`;
CHARSET(CONVERT(`£Ã£±` USING sjis))
sjis
SELECT DISTINCT CHARSET(CONVERT(`£Ã£±` USING ujis)) FROM `£Ô£µ`;
CHARSET(CONVERT(`£Ã£±` USING ujis))
ujis
SELECT DISTINCT CHARSET(CONVERT(`£Ã£±` USING utf8)) FROM `£Ô£¶`;
CHARSET(CONVERT(`£Ã£±` USING utf8))
utf8
Warnings:
Warning	3719	'utf8' is currently an alias for the character set UTF8MB3, but will be an alias for UTF8MB4 in a future release. Please consider using UTF8MB4 in order to be unambiguous.
SELECT DISTINCT CHARSET(CONVERT(`£Ã£±` USING ucs2)) FROM `£Ô£¶`;
CHARSET(CONVERT(`£Ã£±` USING ucs2))
ucs2
SELECT DISTINCT CHARSET(CONVERT(`£Ã£±` USING sjis)) FROM `£Ô£¶`;
CHARSET(CONVERT(`£Ã£±` USING sjis))
sjis
SELECT DISTINCT CHARSET(CONVERT(`£Ã£±` USING ujis)) FROM `£Ô£¶`;
CHARSET(CONVERT(`£Ã£±` USING ujis))
ujis
SELECT DISTINCT CHARSET(`£Ã£±`) FROM `£Ô£·`;
CHARSET(`£Ã£±`)
ujis
SELECT DISTINCT CHARSET(`£Ã£±`) FROM `£Ô£¸`;
CHARSET(`£Ã£±`)
ujis
SELECT DISTINCT CHARSET(`£Ã£±`) FROM `£Ô£¹`;
CHARSET(`£Ã£±`)
ujis
SELECT DISTINCT CHARSET(CONVERT(`£Ã£±` USING utf8)) FROM `£Ô£·`;
CHARSET(CONVERT(`£Ã£±` USING utf8))
utf8
Warnings:
Warning	3719	'utf8' is currently an alias for the character set UTF8MB3, but will be an alias for UTF8MB4 in a future release. Please consider using UTF8MB4 in order to be unambiguous.
SELECT DISTINCT CHARSET(CONVERT(`£Ã£±` USING ucs2)) FROM `£Ô£·`;
CHARSET(CONVERT(`£Ã£±` USING ucs2))
ucs2
SELECT DISTINCT CHARSET(CONVERT(`£Ã£±` USING sjis)) FROM `£Ô£·`;
CHARSET(CONVERT(`£Ã£±` USING sjis))
sjis
SELECT DISTINCT CHARSET(CONVERT(`£Ã£±` USING ujis)) FROM `£Ô£·`;
CHARSET(CONVERT(`£Ã£±` USING ujis))
ujis
SELECT DISTINCT CHARSET(CONVERT(`£Ã£±` USING utf8)) FROM `£Ô£¸`;
CHARSET(CONVERT(`£Ã£±` USING utf8))
utf8
Warnings:
Warning	3719	'utf8' is currently an alias for the character set UTF8MB3, but will be an alias for UTF8MB4 in a future release. Please consider using UTF8MB4 in order to be unambiguous.
SELECT DISTINCT CHARSET(CONVERT(`£Ã£±` USING ucs2)) FROM `£Ô£¸`;
CHARSET(CONVERT(`£Ã£±` USING ucs2))
ucs2
SELECT DISTINCT CHARSET(CONVERT(`£Ã£±` USING sjis)) FROM `£Ô£¸`;
CHARSET(CONVERT(`£Ã£±` USING sjis))
sjis
SELECT DISTINCT CHARSET(CONVERT(`£Ã£±` USING ujis)) FROM `£Ô£¸`;
CHARSET(CONVERT(`£Ã£±` USING ujis))
ujis
SELECT DISTINCT CHARSET(CONVERT(`£Ã£±` USING utf8)) FROM `£Ô£¹`;
CHARSET(CONVERT(`£Ã£±` USING utf8))
utf8
Warnings:
Warning	3719	'utf8' is currently an alias for the character set UTF8MB3, but will be an alias for UTF8MB4 in a future release. Please consider using UTF8MB4 in order to be unambiguous.
SELECT DISTINCT CHARSET(CONVERT(`£Ã£±` USING ucs2)) FROM `£Ô£¹`;
CHARSET(CONVERT(`£Ã£±` USING ucs2))
ucs2
SELECT DISTINCT CHARSET(CONVERT(`£Ã£±` USING sjis)) FROM `£Ô£¹`;
CHARSET(CONVERT(`£Ã£±` USING sjis))
sjis
SELECT DISTINCT CHARSET(CONVERT(`£Ã£±` USING ujis)) FROM `£Ô£¹`;
CHARSET(CONVERT(`£Ã£±` USING ujis))
ujis
drop table `£Ô£±`;
drop table `£Ô£²`;
drop table `£Ô£³`;
drop table `£Ô£´`;
drop table `£Ô£µ`;
drop table `£Ô£¶`;
drop table `£Ô£·`;
drop table `£Ô£¸`;
drop table `£Ô£¹`;
