drop table if exists `£Τ£±`;
drop table if exists `£Τ£²`;
drop table if exists `£Τ£³`;
drop table if exists `£Τ£΄`;
drop table if exists `£Τ£µ`;
drop table if exists `£Τ£¶`;
drop table if exists `£Τ£·`;
drop table if exists `£Τ£Έ`;
drop table if exists `£Τ£Ή`;
SET NAMES ujis;
SET character_set_database = ucs2;
Warnings:
Warning	1681	Updating 'character_set_database' is deprecated. It will be made read-only in a future release.
SET collation_connection = ucs2_general_ci;
CREATE TABLE `£Τ£±` (`£Γ£±` char(5), INDEX(`£Γ£±`)) DEFAULT CHARSET = ucs2 engine = innodb;
CREATE TABLE `£Τ£²` (`£Γ£±` char(5), INDEX(`£Γ£±`)) DEFAULT CHARSET = ucs2 engine = innodb;
CREATE TABLE `£Τ£³` (`£Γ£±` char(5), INDEX(`£Γ£±`)) DEFAULT CHARSET = ucs2 engine = innodb;
CREATE TABLE `£Τ£΄` (`£Γ£±` char(5), INDEX(`£Γ£±`)) DEFAULT CHARSET = ucs2 engine = myisam;
CREATE TABLE `£Τ£µ` (`£Γ£±` char(5), INDEX(`£Γ£±`)) DEFAULT CHARSET = ucs2 engine = myisam;
CREATE TABLE `£Τ£¶` (`£Γ£±` char(5), INDEX(`£Γ£±`)) DEFAULT CHARSET = ucs2 engine = myisam;
CREATE TABLE `£Τ£·` (`£Γ£±` char(5), INDEX(`£Γ£±`)) DEFAULT CHARSET = ucs2 engine = MEMORY;
CREATE TABLE `£Τ£Έ` (`£Γ£±` char(5), INDEX(`£Γ£±`)) DEFAULT CHARSET = ucs2 engine = MEMORY;
CREATE TABLE `£Τ£Ή` (`£Γ£±` char(5), INDEX(`£Γ£±`)) DEFAULT CHARSET = ucs2 engine = MEMORY;
INSERT INTO `£Τ£±` VALUES ('±²³΄µ');
INSERT INTO `£Τ£²` VALUES ('¤Ά¤¤¤¦¤¨¤');
INSERT INTO `£Τ£³` VALUES ('νάνένήνίνΰ');
INSERT INTO `£Τ£΄` VALUES ('±²³΄µ');
INSERT INTO `£Τ£µ` VALUES ('¤Ά¤¤¤¦¤¨¤');
INSERT INTO `£Τ£¶` VALUES ('νάνένήνίνΰ');
INSERT INTO `£Τ£·` VALUES ('±²³΄µ');
INSERT INTO `£Τ£Έ` VALUES ('¤Ά¤¤¤¦¤¨¤');
INSERT INTO `£Τ£Ή` VALUES ('νάνένήνίνΰ');
SELECT INSTR(`£Γ£±`,'±') from `£Τ£±`;
INSTR(`£Γ£±`,'±')
1
SELECT INSTR(`£Γ£±`,'²') from `£Τ£±`;
INSTR(`£Γ£±`,'²')
2
SELECT INSTR(`£Γ£±`,'³') from `£Τ£±`;
INSTR(`£Γ£±`,'³')
3
SELECT INSTR(`£Γ£±`,'΄') from `£Τ£±`;
INSTR(`£Γ£±`,'΄')
4
SELECT INSTR(`£Γ£±`,'µ') from `£Τ£±`;
INSTR(`£Γ£±`,'µ')
5
SELECT INSTR(`£Γ£±`,'έ') from `£Τ£±`;
INSTR(`£Γ£±`,'έ')
0
SELECT INSTR(`£Γ£±`,'¤Ά') from `£Τ£²`;
INSTR(`£Γ£±`,'¤Ά')
1
SELECT INSTR(`£Γ£±`,'¤¤') from `£Τ£²`;
INSTR(`£Γ£±`,'¤¤')
2
SELECT INSTR(`£Γ£±`,'¤¦') from `£Τ£²`;
INSTR(`£Γ£±`,'¤¦')
3
SELECT INSTR(`£Γ£±`,'¤¨') from `£Τ£²`;
INSTR(`£Γ£±`,'¤¨')
4
SELECT INSTR(`£Γ£±`,'¤') from `£Τ£²`;
INSTR(`£Γ£±`,'¤')
5
SELECT INSTR(`£Γ£±`,'¤σ') from `£Τ£²`;
INSTR(`£Γ£±`,'¤σ')
0
SELECT INSTR(`£Γ£±`,'νά') from `£Τ£³`;
INSTR(`£Γ£±`,'νά')
1
SELECT INSTR(`£Γ£±`,'νέ') from `£Τ£³`;
INSTR(`£Γ£±`,'νέ')
2
SELECT INSTR(`£Γ£±`,'νή') from `£Τ£³`;
INSTR(`£Γ£±`,'νή')
3
SELECT INSTR(`£Γ£±`,'νί') from `£Τ£³`;
INSTR(`£Γ£±`,'νί')
4
SELECT INSTR(`£Γ£±`,'νΰ') from `£Τ£³`;
INSTR(`£Γ£±`,'νΰ')
5
SELECT INSTR(`£Γ£±`,'°΅') from `£Τ£³`;
INSTR(`£Γ£±`,'°΅')
0
SELECT INSTR(`£Γ£±`,'±') from `£Τ£΄`;
INSTR(`£Γ£±`,'±')
1
SELECT INSTR(`£Γ£±`,'²') from `£Τ£΄`;
INSTR(`£Γ£±`,'²')
2
SELECT INSTR(`£Γ£±`,'³') from `£Τ£΄`;
INSTR(`£Γ£±`,'³')
3
SELECT INSTR(`£Γ£±`,'΄') from `£Τ£΄`;
INSTR(`£Γ£±`,'΄')
4
SELECT INSTR(`£Γ£±`,'µ') from `£Τ£΄`;
INSTR(`£Γ£±`,'µ')
5
SELECT INSTR(`£Γ£±`,'έ') from `£Τ£΄`;
INSTR(`£Γ£±`,'έ')
0
SELECT INSTR(`£Γ£±`,'¤Ά') from `£Τ£µ`;
INSTR(`£Γ£±`,'¤Ά')
1
SELECT INSTR(`£Γ£±`,'¤¤') from `£Τ£µ`;
INSTR(`£Γ£±`,'¤¤')
2
SELECT INSTR(`£Γ£±`,'¤¦') from `£Τ£µ`;
INSTR(`£Γ£±`,'¤¦')
3
SELECT INSTR(`£Γ£±`,'¤¨') from `£Τ£µ`;
INSTR(`£Γ£±`,'¤¨')
4
SELECT INSTR(`£Γ£±`,'¤') from `£Τ£µ`;
INSTR(`£Γ£±`,'¤')
5
SELECT INSTR(`£Γ£±`,'¤σ') from `£Τ£µ`;
INSTR(`£Γ£±`,'¤σ')
0
SELECT INSTR(`£Γ£±`,'νά') from `£Τ£¶`;
INSTR(`£Γ£±`,'νά')
1
SELECT INSTR(`£Γ£±`,'νέ') from `£Τ£¶`;
INSTR(`£Γ£±`,'νέ')
2
SELECT INSTR(`£Γ£±`,'νή') from `£Τ£¶`;
INSTR(`£Γ£±`,'νή')
3
SELECT INSTR(`£Γ£±`,'νί') from `£Τ£¶`;
INSTR(`£Γ£±`,'νί')
4
SELECT INSTR(`£Γ£±`,'νΰ') from `£Τ£¶`;
INSTR(`£Γ£±`,'νΰ')
5
SELECT INSTR(`£Γ£±`,'°΅') from `£Τ£¶`;
INSTR(`£Γ£±`,'°΅')
0
SELECT INSTR(`£Γ£±`,'±') from `£Τ£·`;
INSTR(`£Γ£±`,'±')
1
SELECT INSTR(`£Γ£±`,'²') from `£Τ£·`;
INSTR(`£Γ£±`,'²')
2
SELECT INSTR(`£Γ£±`,'³') from `£Τ£·`;
INSTR(`£Γ£±`,'³')
3
SELECT INSTR(`£Γ£±`,'΄') from `£Τ£·`;
INSTR(`£Γ£±`,'΄')
4
SELECT INSTR(`£Γ£±`,'µ') from `£Τ£·`;
INSTR(`£Γ£±`,'µ')
5
SELECT INSTR(`£Γ£±`,'έ') from `£Τ£·`;
INSTR(`£Γ£±`,'έ')
0
SELECT INSTR(`£Γ£±`,'¤Ά') from `£Τ£Έ`;
INSTR(`£Γ£±`,'¤Ά')
1
SELECT INSTR(`£Γ£±`,'¤¤') from `£Τ£Έ`;
INSTR(`£Γ£±`,'¤¤')
2
SELECT INSTR(`£Γ£±`,'¤¦') from `£Τ£Έ`;
INSTR(`£Γ£±`,'¤¦')
3
SELECT INSTR(`£Γ£±`,'¤¨') from `£Τ£Έ`;
INSTR(`£Γ£±`,'¤¨')
4
SELECT INSTR(`£Γ£±`,'¤') from `£Τ£Έ`;
INSTR(`£Γ£±`,'¤')
5
SELECT INSTR(`£Γ£±`,'¤σ') from `£Τ£Έ`;
INSTR(`£Γ£±`,'¤σ')
0
SELECT INSTR(`£Γ£±`,'νά') from `£Τ£Ή`;
INSTR(`£Γ£±`,'νά')
1
SELECT INSTR(`£Γ£±`,'νέ') from `£Τ£Ή`;
INSTR(`£Γ£±`,'νέ')
2
SELECT INSTR(`£Γ£±`,'νή') from `£Τ£Ή`;
INSTR(`£Γ£±`,'νή')
3
SELECT INSTR(`£Γ£±`,'νί') from `£Τ£Ή`;
INSTR(`£Γ£±`,'νί')
4
SELECT INSTR(`£Γ£±`,'νΰ') from `£Τ£Ή`;
INSTR(`£Γ£±`,'νΰ')
5
SELECT INSTR(`£Γ£±`,'°΅') from `£Τ£Ή`;
INSTR(`£Γ£±`,'°΅')
0
DROP TABLE `£Τ£±`;
DROP TABLE `£Τ£²`;
DROP TABLE `£Τ£³`;
DROP TABLE `£Τ£΄`;
DROP TABLE `£Τ£µ`;
DROP TABLE `£Τ£¶`;
DROP TABLE `£Τ£·`;
DROP TABLE `£Τ£Έ`;
DROP TABLE `£Τ£Ή`;
