drop table if exists `sP`;
drop table if exists `sQ`;
drop table if exists `sR`;
drop table if exists `sS`;
drop table if exists `sT`;
drop table if exists `sU`;
drop table if exists `sV`;
drop table if exists `sW`;
drop table if exists `sX`;
SET NAMES sjis;
SET character_set_database = sjis;
Warnings:
Warning	1681	Updating 'character_set_database' is deprecated. It will be made read-only in a future release.
CREATE TABLE `sP` (`bP` char(5)) DEFAULT CHARSET = sjis engine = innodb;
CREATE TABLE `sQ` (`bP` char(5)) DEFAULT CHARSET = sjis engine = innodb;
CREATE TABLE `sR` (`bP` char(5)) DEFAULT CHARSET = sjis engine = innodb;
CREATE TABLE `sS` (`bP` char(5)) DEFAULT CHARSET = sjis engine = myisam;
CREATE TABLE `sT` (`bP` char(5)) DEFAULT CHARSET = sjis engine = myisam;
CREATE TABLE `sU` (`bP` char(5)) DEFAULT CHARSET = sjis engine = myisam;
CREATE TABLE `sV` (`bP` char(5)) DEFAULT CHARSET = sjis engine = MEMORY;
CREATE TABLE `sW` (`bP` char(5)) DEFAULT CHARSET = sjis engine = MEMORY;
CREATE TABLE `sX` (`bP` char(5)) DEFAULT CHARSET = sjis engine = MEMORY;
INSERT INTO `sP` VALUES ('');
INSERT INTO `sQ` VALUES ('');
INSERT INTO `sR` VALUES ('\\\\\');
INSERT INTO `sS` VALUES ('');
INSERT INTO `sT` VALUES ('');
INSERT INTO `sU` VALUES ('\\\\\');
INSERT INTO `sV` VALUES ('');
INSERT INTO `sW` VALUES ('');
INSERT INTO `sX` VALUES ('\\\\\');
SELECT INSERT(`bP`,1,1,'') FROM `sP`;
INSERT(`bP`,1,1,'')

SELECT INSERT(`bP`,1,2,'') FROM `sP`;
INSERT(`bP`,1,2,'')

SELECT INSERT(`bP`,1,3,'') FROM `sP`;
INSERT(`bP`,1,3,'')

SELECT INSERT(`bP`,1,4,'') FROM `sP`;
INSERT(`bP`,1,4,'')

SELECT INSERT(`bP`,1,5,'') FROM `sP`;
INSERT(`bP`,1,5,'')

SELECT INSERT(`bP`,2,1,'') FROM `sP`;
INSERT(`bP`,2,1,'')

SELECT INSERT(`bP`,2,2,'') FROM `sP`;
INSERT(`bP`,2,2,'')

SELECT INSERT(`bP`,2,3,'') FROM `sP`;
INSERT(`bP`,2,3,'')

SELECT INSERT(`bP`,2,4,'') FROM `sP`;
INSERT(`bP`,2,4,'')

SELECT INSERT(`bP`,3,1,'') FROM `sP`;
INSERT(`bP`,3,1,'')

SELECT INSERT(`bP`,3,2,'') FROM `sP`;
INSERT(`bP`,3,2,'')

SELECT INSERT(`bP`,3,3,'') FROM `sP`;
INSERT(`bP`,3,3,'')

SELECT INSERT(`bP`,4,1,'') FROM `sP`;
INSERT(`bP`,4,1,'')

SELECT INSERT(`bP`,4,2,'') FROM `sP`;
INSERT(`bP`,4,2,'')

SELECT INSERT(`bP`,5,1,'') FROM `sP`;
INSERT(`bP`,5,1,'')

SELECT INSERT(`bP`,1,1,' ') FROM `sP`;
INSERT(`bP`,1,1,' ')
 
SELECT INSERT(`bP`,1,2,'  ') FROM `sP`;
INSERT(`bP`,1,2,'  ')
  
SELECT INSERT(`bP`,1,3,'   ') FROM `sP`;
INSERT(`bP`,1,3,'   ')
   
SELECT INSERT(`bP`,1,4,'    ') FROM `sP`;
INSERT(`bP`,1,4,'    ')
    
SELECT INSERT(`bP`,1,5,'     ') FROM `sP`;
INSERT(`bP`,1,5,'     ')
     
SELECT INSERT(`bP`,2,1,' ') FROM `sP`;
INSERT(`bP`,2,1,' ')
 
SELECT INSERT(`bP`,2,2,'  ') FROM `sP`;
INSERT(`bP`,2,2,'  ')
  
SELECT INSERT(`bP`,2,3,'   ') FROM `sP`;
INSERT(`bP`,2,3,'   ')
   
SELECT INSERT(`bP`,2,4,'    ') FROM `sP`;
INSERT(`bP`,2,4,'    ')
    
SELECT INSERT(`bP`,3,1,' ') FROM `sP`;
INSERT(`bP`,3,1,' ')
 
SELECT INSERT(`bP`,3,2,'  ') FROM `sP`;
INSERT(`bP`,3,2,'  ')
  
SELECT INSERT(`bP`,3,3,'   ') FROM `sP`;
INSERT(`bP`,3,3,'   ')
   
SELECT INSERT(`bP`,4,1,' ') FROM `sP`;
INSERT(`bP`,4,1,' ')
 
SELECT INSERT(`bP`,4,2,'  ') FROM `sP`;
INSERT(`bP`,4,2,'  ')
  
SELECT INSERT(`bP`,5,1,' ') FROM `sP`;
INSERT(`bP`,5,1,' ')
 
SELECT INSERT(`bP`,1,1,'') FROM `sQ`;
INSERT(`bP`,1,1,'')

SELECT INSERT(`bP`,1,2,'') FROM `sQ`;
INSERT(`bP`,1,2,'')

SELECT INSERT(`bP`,1,3,'') FROM `sQ`;
INSERT(`bP`,1,3,'')

SELECT INSERT(`bP`,1,4,'') FROM `sQ`;
INSERT(`bP`,1,4,'')

SELECT INSERT(`bP`,1,5,'') FROM `sQ`;
INSERT(`bP`,1,5,'')

SELECT INSERT(`bP`,2,1,'') FROM `sQ`;
INSERT(`bP`,2,1,'')

SELECT INSERT(`bP`,2,2,'') FROM `sQ`;
INSERT(`bP`,2,2,'')

SELECT INSERT(`bP`,2,3,'') FROM `sQ`;
INSERT(`bP`,2,3,'')

SELECT INSERT(`bP`,2,4,'') FROM `sQ`;
INSERT(`bP`,2,4,'')

SELECT INSERT(`bP`,3,1,'') FROM `sQ`;
INSERT(`bP`,3,1,'')

SELECT INSERT(`bP`,3,2,'') FROM `sQ`;
INSERT(`bP`,3,2,'')

SELECT INSERT(`bP`,3,3,'') FROM `sQ`;
INSERT(`bP`,3,3,'')

SELECT INSERT(`bP`,4,1,'') FROM `sQ`;
INSERT(`bP`,4,1,'')

SELECT INSERT(`bP`,4,2,'') FROM `sQ`;
INSERT(`bP`,4,2,'')

SELECT INSERT(`bP`,5,1,'') FROM `sQ`;
INSERT(`bP`,5,1,'')

SELECT INSERT(`bP`,1,1,'@') FROM `sQ`;
INSERT(`bP`,1,1,'@')
@
SELECT INSERT(`bP`,1,2,'@@') FROM `sQ`;
INSERT(`bP`,1,2,'@@')
@@
SELECT INSERT(`bP`,1,3,'@@@') FROM `sQ`;
INSERT(`bP`,1,3,'@@@')
@@@
SELECT INSERT(`bP`,1,4,'@@@@') FROM `sQ`;
INSERT(`bP`,1,4,'@@@@')
@@@@
SELECT INSERT(`bP`,1,5,'@@@@@') FROM `sQ`;
INSERT(`bP`,1,5,'@@@@@')
@@@@@
SELECT INSERT(`bP`,2,1,'@') FROM `sQ`;
INSERT(`bP`,2,1,'@')
@
SELECT INSERT(`bP`,2,2,'@@') FROM `sQ`;
INSERT(`bP`,2,2,'@@')
@@
SELECT INSERT(`bP`,2,3,'@@@') FROM `sQ`;
INSERT(`bP`,2,3,'@@@')
@@@
SELECT INSERT(`bP`,2,4,'@@@@') FROM `sQ`;
INSERT(`bP`,2,4,'@@@@')
@@@@
SELECT INSERT(`bP`,3,1,'@') FROM `sQ`;
INSERT(`bP`,3,1,'@')
@
SELECT INSERT(`bP`,3,2,'@@') FROM `sQ`;
INSERT(`bP`,3,2,'@@')
@@
SELECT INSERT(`bP`,3,3,'@@@') FROM `sQ`;
INSERT(`bP`,3,3,'@@@')
@@@
SELECT INSERT(`bP`,4,1,'@') FROM `sQ`;
INSERT(`bP`,4,1,'@')
@
SELECT INSERT(`bP`,4,2,'@@') FROM `sQ`;
INSERT(`bP`,4,2,'@@')
@@
SELECT INSERT(`bP`,5,1,'@') FROM `sQ`;
INSERT(`bP`,5,1,'@')
@
SELECT INSERT(`bP`,1,1,'\') FROM `sR`;
INSERT(`bP`,1,1,'\')
\\\\\
SELECT INSERT(`bP`,1,2,'\\' ) FROM `sR`;
INSERT(`bP`,1,2,'\\' )
\\\\\
SELECT INSERT(`bP`,1,3,'\\\' ) FROM `sR`;
INSERT(`bP`,1,3,'\\\' )
\\\\\
SELECT INSERT(`bP`,1,4,'\\\\' ) FROM `sR`;
INSERT(`bP`,1,4,'\\\\' )
\\\\\
SELECT INSERT(`bP`,1,5,'\\\\\' ) FROM `sR`;
INSERT(`bP`,1,5,'\\\\\' )
\\\\\
SELECT INSERT(`bP`,2,1,'\') FROM `sR`;
INSERT(`bP`,2,1,'\')
\\\\\
SELECT INSERT(`bP`,2,2,'\\' ) FROM `sR`;
INSERT(`bP`,2,2,'\\' )
\\\\\
SELECT INSERT(`bP`,2,3,'\\\' ) FROM `sR`;
INSERT(`bP`,2,3,'\\\' )
\\\\\
SELECT INSERT(`bP`,2,4,'\\\\' ) FROM `sR`;
INSERT(`bP`,2,4,'\\\\' )
\\\\\
SELECT INSERT(`bP`,3,1,'\') FROM `sR`;
INSERT(`bP`,3,1,'\')
\\\\\
SELECT INSERT(`bP`,3,2,'\\' ) FROM `sR`;
INSERT(`bP`,3,2,'\\' )
\\\\\
SELECT INSERT(`bP`,3,3,'\\\' ) FROM `sR`;
INSERT(`bP`,3,3,'\\\' )
\\\\\
SELECT INSERT(`bP`,4,1,'\') FROM `sR`;
INSERT(`bP`,4,1,'\')
\\\\\
SELECT INSERT(`bP`,4,2,'\\' ) FROM `sR`;
INSERT(`bP`,4,2,'\\' )
\\\\\
SELECT INSERT(`bP`,5,1,'\') FROM `sR`;
INSERT(`bP`,5,1,'\')
\\\\\
SELECT INSERT(`bP`,1,1,'') FROM `sS`;
INSERT(`bP`,1,1,'')

SELECT INSERT(`bP`,1,2,'') FROM `sS`;
INSERT(`bP`,1,2,'')

SELECT INSERT(`bP`,1,3,'') FROM `sS`;
INSERT(`bP`,1,3,'')

SELECT INSERT(`bP`,1,4,'') FROM `sS`;
INSERT(`bP`,1,4,'')

SELECT INSERT(`bP`,1,5,'') FROM `sS`;
INSERT(`bP`,1,5,'')

SELECT INSERT(`bP`,2,1,'') FROM `sS`;
INSERT(`bP`,2,1,'')

SELECT INSERT(`bP`,2,2,'') FROM `sS`;
INSERT(`bP`,2,2,'')

SELECT INSERT(`bP`,2,3,'') FROM `sS`;
INSERT(`bP`,2,3,'')

SELECT INSERT(`bP`,2,4,'') FROM `sS`;
INSERT(`bP`,2,4,'')

SELECT INSERT(`bP`,3,1,'') FROM `sS`;
INSERT(`bP`,3,1,'')

SELECT INSERT(`bP`,3,2,'') FROM `sS`;
INSERT(`bP`,3,2,'')

SELECT INSERT(`bP`,3,3,'') FROM `sS`;
INSERT(`bP`,3,3,'')

SELECT INSERT(`bP`,4,1,'') FROM `sS`;
INSERT(`bP`,4,1,'')

SELECT INSERT(`bP`,4,2,'') FROM `sS`;
INSERT(`bP`,4,2,'')

SELECT INSERT(`bP`,5,1,'') FROM `sS`;
INSERT(`bP`,5,1,'')

SELECT INSERT(`bP`,1,1,' ') FROM `sS`;
INSERT(`bP`,1,1,' ')
 
SELECT INSERT(`bP`,1,2,'  ') FROM `sS`;
INSERT(`bP`,1,2,'  ')
  
SELECT INSERT(`bP`,1,3,'   ') FROM `sS`;
INSERT(`bP`,1,3,'   ')
   
SELECT INSERT(`bP`,1,4,'    ') FROM `sS`;
INSERT(`bP`,1,4,'    ')
    
SELECT INSERT(`bP`,1,5,'     ') FROM `sS`;
INSERT(`bP`,1,5,'     ')
     
SELECT INSERT(`bP`,2,1,' ') FROM `sS`;
INSERT(`bP`,2,1,' ')
 
SELECT INSERT(`bP`,2,2,'  ') FROM `sS`;
INSERT(`bP`,2,2,'  ')
  
SELECT INSERT(`bP`,2,3,'   ') FROM `sS`;
INSERT(`bP`,2,3,'   ')
   
SELECT INSERT(`bP`,2,4,'    ') FROM `sS`;
INSERT(`bP`,2,4,'    ')
    
SELECT INSERT(`bP`,3,1,' ') FROM `sS`;
INSERT(`bP`,3,1,' ')
 
SELECT INSERT(`bP`,3,2,'  ') FROM `sS`;
INSERT(`bP`,3,2,'  ')
  
SELECT INSERT(`bP`,3,3,'   ') FROM `sS`;
INSERT(`bP`,3,3,'   ')
   
SELECT INSERT(`bP`,4,1,' ') FROM `sS`;
INSERT(`bP`,4,1,' ')
 
SELECT INSERT(`bP`,4,2,'  ') FROM `sS`;
INSERT(`bP`,4,2,'  ')
  
SELECT INSERT(`bP`,5,1,' ') FROM `sS`;
INSERT(`bP`,5,1,' ')
 
SELECT INSERT(`bP`,1,1,'') FROM `sT`;
INSERT(`bP`,1,1,'')

SELECT INSERT(`bP`,1,2,'') FROM `sT`;
INSERT(`bP`,1,2,'')

SELECT INSERT(`bP`,1,3,'') FROM `sT`;
INSERT(`bP`,1,3,'')

SELECT INSERT(`bP`,1,4,'') FROM `sT`;
INSERT(`bP`,1,4,'')

SELECT INSERT(`bP`,1,5,'') FROM `sT`;
INSERT(`bP`,1,5,'')

SELECT INSERT(`bP`,2,1,'') FROM `sT`;
INSERT(`bP`,2,1,'')

SELECT INSERT(`bP`,2,2,'') FROM `sT`;
INSERT(`bP`,2,2,'')

SELECT INSERT(`bP`,2,3,'') FROM `sT`;
INSERT(`bP`,2,3,'')

SELECT INSERT(`bP`,2,4,'') FROM `sT`;
INSERT(`bP`,2,4,'')

SELECT INSERT(`bP`,3,1,'') FROM `sT`;
INSERT(`bP`,3,1,'')

SELECT INSERT(`bP`,3,2,'') FROM `sT`;
INSERT(`bP`,3,2,'')

SELECT INSERT(`bP`,3,3,'') FROM `sT`;
INSERT(`bP`,3,3,'')

SELECT INSERT(`bP`,4,1,'') FROM `sT`;
INSERT(`bP`,4,1,'')

SELECT INSERT(`bP`,4,2,'') FROM `sT`;
INSERT(`bP`,4,2,'')

SELECT INSERT(`bP`,5,1,'') FROM `sT`;
INSERT(`bP`,5,1,'')

SELECT INSERT(`bP`,1,1,'@') FROM `sT`;
INSERT(`bP`,1,1,'@')
@
SELECT INSERT(`bP`,1,2,'@@') FROM `sT`;
INSERT(`bP`,1,2,'@@')
@@
SELECT INSERT(`bP`,1,3,'@@@') FROM `sT`;
INSERT(`bP`,1,3,'@@@')
@@@
SELECT INSERT(`bP`,1,4,'@@@@') FROM `sT`;
INSERT(`bP`,1,4,'@@@@')
@@@@
SELECT INSERT(`bP`,1,5,'@@@@@') FROM `sT`;
INSERT(`bP`,1,5,'@@@@@')
@@@@@
SELECT INSERT(`bP`,2,1,'@') FROM `sT`;
INSERT(`bP`,2,1,'@')
@
SELECT INSERT(`bP`,2,2,'@@') FROM `sT`;
INSERT(`bP`,2,2,'@@')
@@
SELECT INSERT(`bP`,2,3,'@@@') FROM `sT`;
INSERT(`bP`,2,3,'@@@')
@@@
SELECT INSERT(`bP`,2,4,'@@@@') FROM `sT`;
INSERT(`bP`,2,4,'@@@@')
@@@@
SELECT INSERT(`bP`,3,1,'@') FROM `sT`;
INSERT(`bP`,3,1,'@')
@
SELECT INSERT(`bP`,3,2,'@@') FROM `sT`;
INSERT(`bP`,3,2,'@@')
@@
SELECT INSERT(`bP`,3,3,'@@@') FROM `sT`;
INSERT(`bP`,3,3,'@@@')
@@@
SELECT INSERT(`bP`,4,1,'@') FROM `sT`;
INSERT(`bP`,4,1,'@')
@
SELECT INSERT(`bP`,4,2,'@@') FROM `sT`;
INSERT(`bP`,4,2,'@@')
@@
SELECT INSERT(`bP`,5,1,'@') FROM `sT`;
INSERT(`bP`,5,1,'@')
@
SELECT INSERT(`bP`,1,1,'\') FROM `sU`;
INSERT(`bP`,1,1,'\')
\\\\\
SELECT INSERT(`bP`,1,2,'\\' ) FROM `sU`;
INSERT(`bP`,1,2,'\\' )
\\\\\
SELECT INSERT(`bP`,1,3,'\\\' ) FROM `sU`;
INSERT(`bP`,1,3,'\\\' )
\\\\\
SELECT INSERT(`bP`,1,4,'\\\\' ) FROM `sU`;
INSERT(`bP`,1,4,'\\\\' )
\\\\\
SELECT INSERT(`bP`,1,5,'\\\\\' ) FROM `sU`;
INSERT(`bP`,1,5,'\\\\\' )
\\\\\
SELECT INSERT(`bP`,2,1,'\') FROM `sU`;
INSERT(`bP`,2,1,'\')
\\\\\
SELECT INSERT(`bP`,2,2,'\\') FROM `sU`;
INSERT(`bP`,2,2,'\\')
\\\\\
SELECT INSERT(`bP`,2,3,'\\\' ) FROM `sU`;
INSERT(`bP`,2,3,'\\\' )
\\\\\
SELECT INSERT(`bP`,2,4,'\\\\' ) FROM `sU`;
INSERT(`bP`,2,4,'\\\\' )
\\\\\
SELECT INSERT(`bP`,3,1,'\') FROM `sU`;
INSERT(`bP`,3,1,'\')
\\\\\
SELECT INSERT(`bP`,3,2,'\\' ) FROM `sU`;
INSERT(`bP`,3,2,'\\' )
\\\\\
SELECT INSERT(`bP`,3,3,'\\\' ) FROM `sU`;
INSERT(`bP`,3,3,'\\\' )
\\\\\
SELECT INSERT(`bP`,4,1,'\') FROM `sU`;
INSERT(`bP`,4,1,'\')
\\\\\
SELECT INSERT(`bP`,4,2,'\\' ) FROM `sU`;
INSERT(`bP`,4,2,'\\' )
\\\\\
SELECT INSERT(`bP`,5,1,'\') FROM `sU`;
INSERT(`bP`,5,1,'\')
\\\\\
SELECT INSERT(`bP`,1,1,'') FROM `sV`;
INSERT(`bP`,1,1,'')

SELECT INSERT(`bP`,1,2,'') FROM `sV`;
INSERT(`bP`,1,2,'')

SELECT INSERT(`bP`,1,3,'') FROM `sV`;
INSERT(`bP`,1,3,'')

SELECT INSERT(`bP`,1,4,'') FROM `sV`;
INSERT(`bP`,1,4,'')

SELECT INSERT(`bP`,1,5,'') FROM `sV`;
INSERT(`bP`,1,5,'')

SELECT INSERT(`bP`,2,1,'') FROM `sV`;
INSERT(`bP`,2,1,'')

SELECT INSERT(`bP`,2,2,'') FROM `sV`;
INSERT(`bP`,2,2,'')

SELECT INSERT(`bP`,2,3,'') FROM `sV`;
INSERT(`bP`,2,3,'')

SELECT INSERT(`bP`,2,4,'') FROM `sV`;
INSERT(`bP`,2,4,'')

SELECT INSERT(`bP`,3,1,'') FROM `sV`;
INSERT(`bP`,3,1,'')

SELECT INSERT(`bP`,3,2,'') FROM `sV`;
INSERT(`bP`,3,2,'')

SELECT INSERT(`bP`,3,3,'') FROM `sV`;
INSERT(`bP`,3,3,'')

SELECT INSERT(`bP`,4,1,'') FROM `sV`;
INSERT(`bP`,4,1,'')

SELECT INSERT(`bP`,4,2,'') FROM `sV`;
INSERT(`bP`,4,2,'')

SELECT INSERT(`bP`,5,1,'') FROM `sV`;
INSERT(`bP`,5,1,'')

SELECT INSERT(`bP`,1,1,' ') FROM `sV`;
INSERT(`bP`,1,1,' ')
 
SELECT INSERT(`bP`,1,2,'  ') FROM `sV`;
INSERT(`bP`,1,2,'  ')
  
SELECT INSERT(`bP`,1,3,'   ') FROM `sV`;
INSERT(`bP`,1,3,'   ')
   
SELECT INSERT(`bP`,1,4,'    ') FROM `sV`;
INSERT(`bP`,1,4,'    ')
    
SELECT INSERT(`bP`,1,5,'     ') FROM `sV`;
INSERT(`bP`,1,5,'     ')
     
SELECT INSERT(`bP`,2,1,' ') FROM `sV`;
INSERT(`bP`,2,1,' ')
 
SELECT INSERT(`bP`,2,2,'  ') FROM `sV`;
INSERT(`bP`,2,2,'  ')
  
SELECT INSERT(`bP`,2,3,'   ') FROM `sV`;
INSERT(`bP`,2,3,'   ')
   
SELECT INSERT(`bP`,2,4,'    ') FROM `sV`;
INSERT(`bP`,2,4,'    ')
    
SELECT INSERT(`bP`,3,1,' ') FROM `sV`;
INSERT(`bP`,3,1,' ')
 
SELECT INSERT(`bP`,3,2,'  ') FROM `sV`;
INSERT(`bP`,3,2,'  ')
  
SELECT INSERT(`bP`,3,3,'   ') FROM `sV`;
INSERT(`bP`,3,3,'   ')
   
SELECT INSERT(`bP`,4,1,' ') FROM `sV`;
INSERT(`bP`,4,1,' ')
 
SELECT INSERT(`bP`,4,2,'  ') FROM `sV`;
INSERT(`bP`,4,2,'  ')
  
SELECT INSERT(`bP`,5,1,' ') FROM `sV`;
INSERT(`bP`,5,1,' ')
 
SELECT INSERT(`bP`,1,1,'') FROM `sW`;
INSERT(`bP`,1,1,'')

SELECT INSERT(`bP`,1,2,'') FROM `sW`;
INSERT(`bP`,1,2,'')

SELECT INSERT(`bP`,1,3,'') FROM `sW`;
INSERT(`bP`,1,3,'')

SELECT INSERT(`bP`,1,4,'') FROM `sW`;
INSERT(`bP`,1,4,'')

SELECT INSERT(`bP`,1,5,'') FROM `sW`;
INSERT(`bP`,1,5,'')

SELECT INSERT(`bP`,2,1,'') FROM `sW`;
INSERT(`bP`,2,1,'')

SELECT INSERT(`bP`,2,2,'') FROM `sW`;
INSERT(`bP`,2,2,'')

SELECT INSERT(`bP`,2,3,'') FROM `sW`;
INSERT(`bP`,2,3,'')

SELECT INSERT(`bP`,2,4,'') FROM `sW`;
INSERT(`bP`,2,4,'')

SELECT INSERT(`bP`,3,1,'') FROM `sW`;
INSERT(`bP`,3,1,'')

SELECT INSERT(`bP`,3,2,'') FROM `sW`;
INSERT(`bP`,3,2,'')

SELECT INSERT(`bP`,3,3,'') FROM `sW`;
INSERT(`bP`,3,3,'')

SELECT INSERT(`bP`,4,1,'') FROM `sW`;
INSERT(`bP`,4,1,'')

SELECT INSERT(`bP`,4,2,'') FROM `sW`;
INSERT(`bP`,4,2,'')

SELECT INSERT(`bP`,5,1,'') FROM `sW`;
INSERT(`bP`,5,1,'')

SELECT INSERT(`bP`,1,1,'@') FROM `sW`;
INSERT(`bP`,1,1,'@')
@
SELECT INSERT(`bP`,1,2,'@@') FROM `sW`;
INSERT(`bP`,1,2,'@@')
@@
SELECT INSERT(`bP`,1,3,'@@@') FROM `sW`;
INSERT(`bP`,1,3,'@@@')
@@@
SELECT INSERT(`bP`,1,4,'@@@@') FROM `sW`;
INSERT(`bP`,1,4,'@@@@')
@@@@
SELECT INSERT(`bP`,1,5,'@@@@@') FROM `sW`;
INSERT(`bP`,1,5,'@@@@@')
@@@@@
SELECT INSERT(`bP`,2,1,'@') FROM `sW`;
INSERT(`bP`,2,1,'@')
@
SELECT INSERT(`bP`,2,2,'@@') FROM `sW`;
INSERT(`bP`,2,2,'@@')
@@
SELECT INSERT(`bP`,2,3,'@@@') FROM `sW`;
INSERT(`bP`,2,3,'@@@')
@@@
SELECT INSERT(`bP`,2,4,'@@@@') FROM `sW`;
INSERT(`bP`,2,4,'@@@@')
@@@@
SELECT INSERT(`bP`,3,1,'@') FROM `sW`;
INSERT(`bP`,3,1,'@')
@
SELECT INSERT(`bP`,3,2,'@@') FROM `sW`;
INSERT(`bP`,3,2,'@@')
@@
SELECT INSERT(`bP`,3,3,'@@@') FROM `sW`;
INSERT(`bP`,3,3,'@@@')
@@@
SELECT INSERT(`bP`,4,1,'@') FROM `sW`;
INSERT(`bP`,4,1,'@')
@
SELECT INSERT(`bP`,4,2,'@@') FROM `sW`;
INSERT(`bP`,4,2,'@@')
@@
SELECT INSERT(`bP`,5,1,'@') FROM `sW`;
INSERT(`bP`,5,1,'@')
@
SELECT INSERT(`bP`,1,1,'\') FROM `sX`;
INSERT(`bP`,1,1,'\')
\\\\\
SELECT INSERT(`bP`,1,2,'\\' ) FROM `sX`;
INSERT(`bP`,1,2,'\\' )
\\\\\
SELECT INSERT(`bP`,1,3,'\\\' ) FROM `sX`;
INSERT(`bP`,1,3,'\\\' )
\\\\\
SELECT INSERT(`bP`,1,4,'\\\\' ) FROM `sX`;
INSERT(`bP`,1,4,'\\\\' )
\\\\\
SELECT INSERT(`bP`,1,5,'\\\\\' ) FROM `sX`;
INSERT(`bP`,1,5,'\\\\\' )
\\\\\
SELECT INSERT(`bP`,2,1,'\') FROM `sX`;
INSERT(`bP`,2,1,'\')
\\\\\
SELECT INSERT(`bP`,2,2,'\\' ) FROM `sX`;
INSERT(`bP`,2,2,'\\' )
\\\\\
SELECT INSERT(`bP`,2,3,'\\\' ) FROM `sX`;
INSERT(`bP`,2,3,'\\\' )
\\\\\
SELECT INSERT(`bP`,2,4,'\\\\' ) FROM `sX`;
INSERT(`bP`,2,4,'\\\\' )
\\\\\
SELECT INSERT(`bP`,3,1,'\') FROM `sX`;
INSERT(`bP`,3,1,'\')
\\\\\
SELECT INSERT(`bP`,3,2,'\\' ) FROM `sX`;
INSERT(`bP`,3,2,'\\' )
\\\\\
SELECT INSERT(`bP`,3,3,'\\\' ) FROM `sX`;
INSERT(`bP`,3,3,'\\\' )
\\\\\
SELECT INSERT(`bP`,4,1,'\') FROM `sX`;
INSERT(`bP`,4,1,'\')
\\\\\
SELECT INSERT(`bP`,4,2,'\\' ) FROM `sX`;
INSERT(`bP`,4,2,'\\' )
\\\\\
SELECT INSERT(`bP`,5,1,'\') FROM `sX`;
INSERT(`bP`,5,1,'\')
\\\\\
DROP TABLE `sP`;
DROP TABLE `sQ`;
DROP TABLE `sR`;
DROP TABLE `sS`;
DROP TABLE `sT`;
DROP TABLE `sU`;
DROP TABLE `sV`;
DROP TABLE `sW`;
DROP TABLE `sX`;
