drop table if exists `£Τ£±`;
drop table if exists `£Τ£²`;
drop table if exists `£Τ£³`;
drop table if exists `£Τ£΄`;
drop table if exists `£Τ£µ`;
drop table if exists `£Τ£¶`;
drop table if exists `£Τ£·`;
drop table if exists `£Τ£Έ`;
drop table if exists `£Τ£Ή`;
SET NAMES ujis;
SET character_set_database = ujis;
CREATE TABLE `£Τ£±` (`£Γ£±` char(5), INDEX(`£Γ£±`)) DEFAULT CHARSET = ujis engine = innodb;
CREATE TABLE `£Τ£²` (`£Γ£±` char(5), INDEX(`£Γ£±`)) DEFAULT CHARSET = ujis engine = innodb;
CREATE TABLE `£Τ£³` (`£Γ£±` char(5), INDEX(`£Γ£±`)) DEFAULT CHARSET = ujis engine = innodb;
CREATE TABLE `£Τ£΄` (`£Γ£±` char(5), INDEX(`£Γ£±`)) DEFAULT CHARSET = ujis engine = myisam;
CREATE TABLE `£Τ£µ` (`£Γ£±` char(5), INDEX(`£Γ£±`)) DEFAULT CHARSET = ujis engine = myisam;
CREATE TABLE `£Τ£¶` (`£Γ£±` char(5), INDEX(`£Γ£±`)) DEFAULT CHARSET = ujis engine = myisam;
CREATE TABLE `£Τ£·` (`£Γ£±` char(5), INDEX(`£Γ£±`)) DEFAULT CHARSET = ujis engine = MEMORY;
CREATE TABLE `£Τ£Έ` (`£Γ£±` char(5), INDEX(`£Γ£±`)) DEFAULT CHARSET = ujis engine = MEMORY;
CREATE TABLE `£Τ£Ή` (`£Γ£±` char(5), INDEX(`£Γ£±`)) DEFAULT CHARSET = ujis engine = MEMORY;
INSERT INTO `£Τ£±` VALUES ('±²³΄µ'),('±²³΄'),('±²³'),('±²'),('±'),('');
INSERT INTO `£Τ£²` VALUES ('¤Ά¤¤¤¦¤¨¤'),('¤Ά¤¤¤¦¤¨'),('¤Ά¤¤¤¦'),('¤Ά¤¤'),('¤Ά'),('');
INSERT INTO `£Τ£³` VALUES ('νάνένήνίνΰ'),('νάνένήνί'),('νάνένή'),('νάνέ'),('νά'),('');
INSERT INTO `£Τ£΄` VALUES ('±²³΄µ'),('±²³΄'),('±²³'),('±²'),('±'),('');
INSERT INTO `£Τ£µ` VALUES ('¤Ά¤¤¤¦¤¨¤'),('¤Ά¤¤¤¦¤¨'),('¤Ά¤¤¤¦'),('¤Ά¤¤'),('¤Ά'),('');
INSERT INTO `£Τ£¶` VALUES ('νάνένήνίνΰ'),('νάνένήνί'),('νάνένή'),('νάνέ'),('νά'),('');
INSERT INTO `£Τ£·` VALUES ('±²³΄µ'),('±²³΄'),('±²³'),('±²'),('±'),('');
INSERT INTO `£Τ£Έ` VALUES ('¤Ά¤¤¤¦¤¨¤'),('¤Ά¤¤¤¦¤¨'),('¤Ά¤¤¤¦'),('¤Ά¤¤'),('¤Ά'),('');
INSERT INTO `£Τ£Ή` VALUES ('νάνένήνίνΰ'),('νάνένήνί'),('νάνένή'),('νάνέ'),('νά'),('');
SELECT `£Γ£±`, LENGTH(`£Γ£±`) FROM `£Τ£±`;
£Γ£±	LENGTH(`£Γ£±`)
	0
±	2
±²	4
±²³	6
±²³΄	8
±²³΄µ	10
SELECT `£Γ£±`, LENGTH(`£Γ£±`) FROM `£Τ£²`;
£Γ£±	LENGTH(`£Γ£±`)
	0
¤Ά	2
¤Ά¤¤	4
¤Ά¤¤¤¦	6
¤Ά¤¤¤¦¤¨	8
¤Ά¤¤¤¦¤¨¤	10
SELECT `£Γ£±`, LENGTH(`£Γ£±`) FROM `£Τ£³`;
£Γ£±	LENGTH(`£Γ£±`)
	0
νά	3
νάνέ	6
νάνένή	9
νάνένήνί	12
νάνένήνίνΰ	15
SELECT `£Γ£±`, LENGTH(`£Γ£±`) FROM `£Τ£΄`;
£Γ£±	LENGTH(`£Γ£±`)
	0
±	2
±²	4
±²³	6
±²³΄	8
±²³΄µ	10
SELECT `£Γ£±`, LENGTH(`£Γ£±`) FROM `£Τ£µ`;
£Γ£±	LENGTH(`£Γ£±`)
	0
¤Ά	2
¤Ά¤¤	4
¤Ά¤¤¤¦	6
¤Ά¤¤¤¦¤¨	8
¤Ά¤¤¤¦¤¨¤	10
SELECT `£Γ£±`, LENGTH(`£Γ£±`) FROM `£Τ£¶`;
£Γ£±	LENGTH(`£Γ£±`)
	0
νά	3
νάνέ	6
νάνένή	9
νάνένήνί	12
νάνένήνίνΰ	15
SELECT `£Γ£±`, LENGTH(`£Γ£±`) FROM `£Τ£·`;
£Γ£±	LENGTH(`£Γ£±`)
±²³΄µ	10
±²³΄	8
±²³	6
±²	4
±	2
	0
SELECT `£Γ£±`, LENGTH(`£Γ£±`) FROM `£Τ£Έ`;
£Γ£±	LENGTH(`£Γ£±`)
¤Ά¤¤¤¦¤¨¤	10
¤Ά¤¤¤¦¤¨	8
¤Ά¤¤¤¦	6
¤Ά¤¤	4
¤Ά	2
	0
SELECT `£Γ£±`, LENGTH(`£Γ£±`) FROM `£Τ£Ή`;
£Γ£±	LENGTH(`£Γ£±`)
νάνένήνίνΰ	15
νάνένήνί	12
νάνένή	9
νάνέ	6
νά	3
	0
DROP TABLE `£Τ£±`;
DROP TABLE `£Τ£²`;
DROP TABLE `£Τ£³`;
DROP TABLE `£Τ£΄`;
DROP TABLE `£Τ£µ`;
DROP TABLE `£Τ£¶`;
DROP TABLE `£Τ£·`;
DROP TABLE `£Τ£Έ`;
DROP TABLE `£Τ£Ή`;
