drop table if exists `£Τ£±`;
drop table if exists `£Τ£²`;
drop table if exists `£Τ£³`;
drop table if exists `£Τ£΄`;
drop table if exists `£Τ£µ`;
drop table if exists `£Τ£¶`;
drop table if exists `£Τ£·`;
drop table if exists `£Τ£Έ`;
drop table if exists `£Τ£Ή`;
SET NAMES ujis;
SET character_set_database = ujis;
Warnings:
Warning	1681	Updating 'character_set_database' is deprecated. It will be made read-only in a future release.
CREATE TABLE `£Τ£±` (`£Γ£±` char(5), INDEX(`£Γ£±`)) DEFAULT CHARSET = ujis engine = innodb;
CREATE TABLE `£Τ£²` (`£Γ£±` char(5), INDEX(`£Γ£±`)) DEFAULT CHARSET = ujis engine = innodb;
CREATE TABLE `£Τ£³` (`£Γ£±` char(5), INDEX(`£Γ£±`)) DEFAULT CHARSET = ujis engine = innodb;
CREATE TABLE `£Τ£΄` (`£Γ£±` char(5), INDEX(`£Γ£±`)) DEFAULT CHARSET = ujis engine = myisam;
CREATE TABLE `£Τ£µ` (`£Γ£±` char(5), INDEX(`£Γ£±`)) DEFAULT CHARSET = ujis engine = myisam;
CREATE TABLE `£Τ£¶` (`£Γ£±` char(5), INDEX(`£Γ£±`)) DEFAULT CHARSET = ujis engine = myisam;
CREATE TABLE `£Τ£·` (`£Γ£±` char(5), INDEX(`£Γ£±`)) DEFAULT CHARSET = ujis engine = MEMORY;
CREATE TABLE `£Τ£Έ` (`£Γ£±` char(5), INDEX(`£Γ£±`)) DEFAULT CHARSET = ujis engine = MEMORY;
CREATE TABLE `£Τ£Ή` (`£Γ£±` char(5), INDEX(`£Γ£±`)) DEFAULT CHARSET = ujis engine = MEMORY;
INSERT INTO `£Τ£±` VALUES ('±²³΄µ');
INSERT INTO `£Τ£²` VALUES ('¤Ά¤¤¤¦¤¨¤');
INSERT INTO `£Τ£³` VALUES ('νάνένήνίνΰ');
INSERT INTO `£Τ£΄` VALUES ('±²³΄µ');
INSERT INTO `£Τ£µ` VALUES ('¤Ά¤¤¤¦¤¨¤');
INSERT INTO `£Τ£¶` VALUES ('νάνένήνίνΰ');
INSERT INTO `£Τ£·` VALUES ('±²³΄µ');
INSERT INTO `£Τ£Έ` VALUES ('¤Ά¤¤¤¦¤¨¤');
INSERT INTO `£Τ£Ή` VALUES ('νάνένήνίνΰ');
SELECT LOCATE('±',`£Γ£±`) from `£Τ£±`;
LOCATE('±',`£Γ£±`)
1
SELECT LOCATE('²',`£Γ£±`) from `£Τ£±`;
LOCATE('²',`£Γ£±`)
2
SELECT LOCATE('³',`£Γ£±`) from `£Τ£±`;
LOCATE('³',`£Γ£±`)
3
SELECT LOCATE('΄',`£Γ£±`) from `£Τ£±`;
LOCATE('΄',`£Γ£±`)
4
SELECT LOCATE('µ',`£Γ£±`) from `£Τ£±`;
LOCATE('µ',`£Γ£±`)
5
SELECT LOCATE('έ',`£Γ£±`) from `£Τ£±`;
LOCATE('έ',`£Γ£±`)
0
SELECT LOCATE('¤Ά',`£Γ£±`) from `£Τ£²`;
LOCATE('¤Ά',`£Γ£±`)
1
SELECT LOCATE('¤¤',`£Γ£±`) from `£Τ£²`;
LOCATE('¤¤',`£Γ£±`)
2
SELECT LOCATE('¤¦',`£Γ£±`) from `£Τ£²`;
LOCATE('¤¦',`£Γ£±`)
3
SELECT LOCATE('¤¨',`£Γ£±`) from `£Τ£²`;
LOCATE('¤¨',`£Γ£±`)
4
SELECT LOCATE('¤',`£Γ£±`) from `£Τ£²`;
LOCATE('¤',`£Γ£±`)
5
SELECT LOCATE('¤σ',`£Γ£±`) from `£Τ£²`;
LOCATE('¤σ',`£Γ£±`)
0
SELECT LOCATE('νά',`£Γ£±`) from `£Τ£³`;
LOCATE('νά',`£Γ£±`)
1
SELECT LOCATE('νέ',`£Γ£±`) from `£Τ£³`;
LOCATE('νέ',`£Γ£±`)
2
SELECT LOCATE('νή',`£Γ£±`) from `£Τ£³`;
LOCATE('νή',`£Γ£±`)
3
SELECT LOCATE('νί',`£Γ£±`) from `£Τ£³`;
LOCATE('νί',`£Γ£±`)
4
SELECT LOCATE('νΰ',`£Γ£±`) from `£Τ£³`;
LOCATE('νΰ',`£Γ£±`)
5
SELECT LOCATE('°΅',`£Γ£±`) from `£Τ£³`;
LOCATE('°΅',`£Γ£±`)
0
SELECT LOCATE('±',`£Γ£±`) from `£Τ£΄`;
LOCATE('±',`£Γ£±`)
1
SELECT LOCATE('²',`£Γ£±`) from `£Τ£΄`;
LOCATE('²',`£Γ£±`)
2
SELECT LOCATE('³',`£Γ£±`) from `£Τ£΄`;
LOCATE('³',`£Γ£±`)
3
SELECT LOCATE('΄',`£Γ£±`) from `£Τ£΄`;
LOCATE('΄',`£Γ£±`)
4
SELECT LOCATE('µ',`£Γ£±`) from `£Τ£΄`;
LOCATE('µ',`£Γ£±`)
5
SELECT LOCATE('έ',`£Γ£±`) from `£Τ£΄`;
LOCATE('έ',`£Γ£±`)
0
SELECT LOCATE('¤Ά',`£Γ£±`) from `£Τ£µ`;
LOCATE('¤Ά',`£Γ£±`)
1
SELECT LOCATE('¤¤',`£Γ£±`) from `£Τ£µ`;
LOCATE('¤¤',`£Γ£±`)
2
SELECT LOCATE('¤¦',`£Γ£±`) from `£Τ£µ`;
LOCATE('¤¦',`£Γ£±`)
3
SELECT LOCATE('¤¨',`£Γ£±`) from `£Τ£µ`;
LOCATE('¤¨',`£Γ£±`)
4
SELECT LOCATE('¤',`£Γ£±`) from `£Τ£µ`;
LOCATE('¤',`£Γ£±`)
5
SELECT LOCATE('¤σ',`£Γ£±`) from `£Τ£µ`;
LOCATE('¤σ',`£Γ£±`)
0
SELECT LOCATE('νά',`£Γ£±`) from `£Τ£¶`;
LOCATE('νά',`£Γ£±`)
1
SELECT LOCATE('νέ',`£Γ£±`) from `£Τ£¶`;
LOCATE('νέ',`£Γ£±`)
2
SELECT LOCATE('νή',`£Γ£±`) from `£Τ£¶`;
LOCATE('νή',`£Γ£±`)
3
SELECT LOCATE('νί',`£Γ£±`) from `£Τ£¶`;
LOCATE('νί',`£Γ£±`)
4
SELECT LOCATE('νΰ',`£Γ£±`) from `£Τ£¶`;
LOCATE('νΰ',`£Γ£±`)
5
SELECT LOCATE('°΅',`£Γ£±`) from `£Τ£¶`;
LOCATE('°΅',`£Γ£±`)
0
SELECT LOCATE('±',`£Γ£±`) from `£Τ£·`;
LOCATE('±',`£Γ£±`)
1
SELECT LOCATE('²',`£Γ£±`) from `£Τ£·`;
LOCATE('²',`£Γ£±`)
2
SELECT LOCATE('³',`£Γ£±`) from `£Τ£·`;
LOCATE('³',`£Γ£±`)
3
SELECT LOCATE('΄',`£Γ£±`) from `£Τ£·`;
LOCATE('΄',`£Γ£±`)
4
SELECT LOCATE('µ',`£Γ£±`) from `£Τ£·`;
LOCATE('µ',`£Γ£±`)
5
SELECT LOCATE('έ',`£Γ£±`) from `£Τ£·`;
LOCATE('έ',`£Γ£±`)
0
SELECT LOCATE('¤Ά',`£Γ£±`) from `£Τ£Έ`;
LOCATE('¤Ά',`£Γ£±`)
1
SELECT LOCATE('¤¤',`£Γ£±`) from `£Τ£Έ`;
LOCATE('¤¤',`£Γ£±`)
2
SELECT LOCATE('¤¦',`£Γ£±`) from `£Τ£Έ`;
LOCATE('¤¦',`£Γ£±`)
3
SELECT LOCATE('¤¨',`£Γ£±`) from `£Τ£Έ`;
LOCATE('¤¨',`£Γ£±`)
4
SELECT LOCATE('¤',`£Γ£±`) from `£Τ£Έ`;
LOCATE('¤',`£Γ£±`)
5
SELECT LOCATE('¤σ',`£Γ£±`) from `£Τ£Έ`;
LOCATE('¤σ',`£Γ£±`)
0
SELECT LOCATE('νά',`£Γ£±`) from `£Τ£Ή`;
LOCATE('νά',`£Γ£±`)
1
SELECT LOCATE('νέ',`£Γ£±`) from `£Τ£Ή`;
LOCATE('νέ',`£Γ£±`)
2
SELECT LOCATE('νή',`£Γ£±`) from `£Τ£Ή`;
LOCATE('νή',`£Γ£±`)
3
SELECT LOCATE('νί',`£Γ£±`) from `£Τ£Ή`;
LOCATE('νί',`£Γ£±`)
4
SELECT LOCATE('νΰ',`£Γ£±`) from `£Τ£Ή`;
LOCATE('νΰ',`£Γ£±`)
5
SELECT LOCATE('°΅',`£Γ£±`) from `£Τ£Ή`;
LOCATE('°΅',`£Γ£±`)
0
DROP TABLE `£Τ£±`;
DROP TABLE `£Τ£²`;
DROP TABLE `£Τ£³`;
DROP TABLE `£Τ£΄`;
DROP TABLE `£Τ£µ`;
DROP TABLE `£Τ£¶`;
DROP TABLE `£Τ£·`;
DROP TABLE `£Τ£Έ`;
DROP TABLE `£Τ£Ή`;
