drop table if exists `£Τ£±`;
drop table if exists `£Τ£²`;
drop table if exists `£Τ£³`;
drop table if exists `£Τ£΄`;
drop table if exists `£Τ£µ`;
drop table if exists `£Τ£¶`;
drop table if exists `£Τ£·`;
drop table if exists `£Τ£Έ`;
drop table if exists `£Τ£Ή`;
SET NAMES ujis;
SET character_set_database = ucs2;
Warnings:
Warning	1287	'ucs2' is deprecated and will be removed in a future release. Please use utf8mb4 instead
Warning	1681	Updating 'character_set_database' is deprecated. It will be made read-only in a future release.
SET collation_connection = ucs2_general_ci;
Warnings:
Warning	4079	'ucs2_general_ci' is a collation of the deprecated character set ucs2. Please consider using utf8mb4 with an appropriate collation instead.
CREATE TABLE `£Τ£±` (`£Γ£±` char(5), INDEX(`£Γ£±`)) DEFAULT CHARSET = ucs2 engine = innodb;
Warnings:
Warning	1287	'ucs2' is deprecated and will be removed in a future release. Please use utf8mb4 instead
CREATE TABLE `£Τ£²` (`£Γ£±` char(5), INDEX(`£Γ£±`)) DEFAULT CHARSET = ucs2 engine = innodb;
Warnings:
Warning	1287	'ucs2' is deprecated and will be removed in a future release. Please use utf8mb4 instead
CREATE TABLE `£Τ£³` (`£Γ£±` char(5), INDEX(`£Γ£±`)) DEFAULT CHARSET = ucs2 engine = innodb;
Warnings:
Warning	1287	'ucs2' is deprecated and will be removed in a future release. Please use utf8mb4 instead
CREATE TABLE `£Τ£΄` (`£Γ£±` char(5), INDEX(`£Γ£±`)) DEFAULT CHARSET = ucs2 engine = myisam;
Warnings:
Warning	1287	'ucs2' is deprecated and will be removed in a future release. Please use utf8mb4 instead
CREATE TABLE `£Τ£µ` (`£Γ£±` char(5), INDEX(`£Γ£±`)) DEFAULT CHARSET = ucs2 engine = myisam;
Warnings:
Warning	1287	'ucs2' is deprecated and will be removed in a future release. Please use utf8mb4 instead
CREATE TABLE `£Τ£¶` (`£Γ£±` char(5), INDEX(`£Γ£±`)) DEFAULT CHARSET = ucs2 engine = myisam;
Warnings:
Warning	1287	'ucs2' is deprecated and will be removed in a future release. Please use utf8mb4 instead
CREATE TABLE `£Τ£·` (`£Γ£±` char(5), INDEX(`£Γ£±`)) DEFAULT CHARSET = ucs2 engine = MEMORY;
Warnings:
Warning	1287	'ucs2' is deprecated and will be removed in a future release. Please use utf8mb4 instead
CREATE TABLE `£Τ£Έ` (`£Γ£±` char(5), INDEX(`£Γ£±`)) DEFAULT CHARSET = ucs2 engine = MEMORY;
Warnings:
Warning	1287	'ucs2' is deprecated and will be removed in a future release. Please use utf8mb4 instead
CREATE TABLE `£Τ£Ή` (`£Γ£±` char(5), INDEX(`£Γ£±`)) DEFAULT CHARSET = ucs2 engine = MEMORY;
Warnings:
Warning	1287	'ucs2' is deprecated and will be removed in a future release. Please use utf8mb4 instead
INSERT INTO `£Τ£±` VALUES ('±²³΄µ'),('±²³΄'),('±²³'),('±²'),('±'),('');
INSERT INTO `£Τ£²` VALUES ('¤Ά¤¤¤¦¤¨¤'),('¤Ά¤¤¤¦¤¨'),('¤Ά¤¤¤¦'),('¤Ά¤¤'),('¤Ά'),('');
INSERT INTO `£Τ£³` VALUES ('νάνένήνίνΰ'),('νάνένήνί'),('νάνένή'),('νάνέ'),('νά'),('');
INSERT INTO `£Τ£΄` VALUES ('±²³΄µ'),('±²³΄'),('±²³'),('±²'),('±'),('');
INSERT INTO `£Τ£µ` VALUES ('¤Ά¤¤¤¦¤¨¤'),('¤Ά¤¤¤¦¤¨'),('¤Ά¤¤¤¦'),('¤Ά¤¤'),('¤Ά'),('');
INSERT INTO `£Τ£¶` VALUES ('νάνένήνίνΰ'),('νάνένήνί'),('νάνένή'),('νάνέ'),('νά'),('');
INSERT INTO `£Τ£·` VALUES ('±²³΄µ'),('±²³΄'),('±²³'),('±²'),('±'),('');
INSERT INTO `£Τ£Έ` VALUES ('¤Ά¤¤¤¦¤¨¤'),('¤Ά¤¤¤¦¤¨'),('¤Ά¤¤¤¦'),('¤Ά¤¤'),('¤Ά'),('');
INSERT INTO `£Τ£Ή` VALUES ('νάνένήνίνΰ'),('νάνένήνί'),('νάνένή'),('νάνέ'),('νά'),('');
SELECT `£Γ£±`, LPAD(`£Γ£±`,5,'΅') FROM `£Τ£±`;
£Γ£±	LPAD(`£Γ£±`,5,'΅')
	΅΅΅΅΅
±	΅΅΅΅±
±²	΅΅΅±²
±²³	΅΅±²³
±²³΄	΅±²³΄
±²³΄µ	±²³΄µ
SELECT `£Γ£±`, LPAD(`£Γ£±`,5,'£Ψ') FROM `£Τ£²`;
£Γ£±	LPAD(`£Γ£±`,5,'£Ψ')
	£Ψ£Ψ£Ψ£Ψ£Ψ
¤Ά	£Ψ£Ψ£Ψ£Ψ¤Ά
¤Ά¤¤	£Ψ£Ψ£Ψ¤Ά¤¤
¤Ά¤¤¤¦	£Ψ£Ψ¤Ά¤¤¤¦
¤Ά¤¤¤¦¤¨	£Ψ¤Ά¤¤¤¦¤¨
¤Ά¤¤¤¦¤¨¤	¤Ά¤¤¤¦¤¨¤
SELECT `£Γ£±`, LPAD(`£Γ£±`,5,'°Ά') FROM `£Τ£³`;
£Γ£±	LPAD(`£Γ£±`,5,'°Ά')
	°Ά°Ά°Ά°Ά°Ά
νά	°Ά°Ά°Ά°Άνά
νάνέ	°Ά°Ά°Άνάνέ
νάνένή	°Ά°Άνάνένή
νάνένήνί	°Άνάνένήνί
νάνένήνίνΰ	νάνένήνίνΰ
SELECT `£Γ£±`, LPAD(`£Γ£±`,5,'΅') FROM `£Τ£΄`;
£Γ£±	LPAD(`£Γ£±`,5,'΅')
	΅΅΅΅΅
±	΅΅΅΅±
±²	΅΅΅±²
±²³	΅΅±²³
±²³΄	΅±²³΄
±²³΄µ	±²³΄µ
SELECT `£Γ£±`, LPAD(`£Γ£±`,5,'£Ψ') FROM `£Τ£µ`;
£Γ£±	LPAD(`£Γ£±`,5,'£Ψ')
	£Ψ£Ψ£Ψ£Ψ£Ψ
¤Ά	£Ψ£Ψ£Ψ£Ψ¤Ά
¤Ά¤¤	£Ψ£Ψ£Ψ¤Ά¤¤
¤Ά¤¤¤¦	£Ψ£Ψ¤Ά¤¤¤¦
¤Ά¤¤¤¦¤¨	£Ψ¤Ά¤¤¤¦¤¨
¤Ά¤¤¤¦¤¨¤	¤Ά¤¤¤¦¤¨¤
SELECT `£Γ£±`, LPAD(`£Γ£±`,5,'°Ά' ) FROM `£Τ£¶`;
£Γ£±	LPAD(`£Γ£±`,5,'°Ά' )
	°Ά°Ά°Ά°Ά°Ά
νά	°Ά°Ά°Ά°Άνά
νάνέ	°Ά°Ά°Άνάνέ
νάνένή	°Ά°Άνάνένή
νάνένήνί	°Άνάνένήνί
νάνένήνίνΰ	νάνένήνίνΰ
SELECT `£Γ£±`, LPAD(`£Γ£±`,5,'΅') FROM `£Τ£·`;
£Γ£±	LPAD(`£Γ£±`,5,'΅')
±²³΄µ	±²³΄µ
±²³΄	΅±²³΄
±²³	΅΅±²³
±²	΅΅΅±²
±	΅΅΅΅±
	΅΅΅΅΅
SELECT `£Γ£±`, LPAD(`£Γ£±`,5,'£Ψ') FROM `£Τ£Έ`;
£Γ£±	LPAD(`£Γ£±`,5,'£Ψ')
¤Ά¤¤¤¦¤¨¤	¤Ά¤¤¤¦¤¨¤
¤Ά¤¤¤¦¤¨	£Ψ¤Ά¤¤¤¦¤¨
¤Ά¤¤¤¦	£Ψ£Ψ¤Ά¤¤¤¦
¤Ά¤¤	£Ψ£Ψ£Ψ¤Ά¤¤
¤Ά	£Ψ£Ψ£Ψ£Ψ¤Ά
	£Ψ£Ψ£Ψ£Ψ£Ψ
SELECT `£Γ£±`, LPAD(`£Γ£±`,5,'°Ά' ) FROM `£Τ£Ή`;
£Γ£±	LPAD(`£Γ£±`,5,'°Ά' )
νάνένήνίνΰ	νάνένήνίνΰ
νάνένήνί	°Άνάνένήνί
νάνένή	°Ά°Άνάνένή
νάνέ	°Ά°Ά°Άνάνέ
νά	°Ά°Ά°Ά°Άνά
	°Ά°Ά°Ά°Ά°Ά
DROP TABLE `£Τ£±`;
DROP TABLE `£Τ£²`;
DROP TABLE `£Τ£³`;
DROP TABLE `£Τ£΄`;
DROP TABLE `£Τ£µ`;
DROP TABLE `£Τ£¶`;
DROP TABLE `£Τ£·`;
DROP TABLE `£Τ£Έ`;
DROP TABLE `£Τ£Ή`;
