drop table if exists `£Τ£±`;
drop table if exists `£Τ£²`;
drop table if exists `£Τ£³`;
drop table if exists `£Τ£΄`;
drop table if exists `£Τ£µ`;
drop table if exists `£Τ£¶`;
drop table if exists `£Τ£·`;
drop table if exists `£Τ£Έ`;
drop table if exists `£Τ£Ή`;
SET NAMES ujis;
SET character_set_database = ucs2;
Warnings:
Warning	1287	'ucs2' is deprecated and will be removed in a future release. Please use utf8mb4 instead
Warning	1681	Updating 'character_set_database' is deprecated. It will be made read-only in a future release.
SET collation_connection = ucs2_general_ci;
Warnings:
Warning	4079	'ucs2_general_ci' is a collation of the deprecated character set ucs2. Please consider using utf8mb4 with an appropriate collation instead.
CREATE TABLE `£Τ£±` (`£Γ£±` char(5), INDEX(`£Γ£±`)) DEFAULT CHARSET = ucs2 engine = innodb;
Warnings:
Warning	1287	'ucs2' is deprecated and will be removed in a future release. Please use utf8mb4 instead
CREATE TABLE `£Τ£²` (`£Γ£±` char(5), INDEX(`£Γ£±`)) DEFAULT CHARSET = ucs2 engine = innodb;
Warnings:
Warning	1287	'ucs2' is deprecated and will be removed in a future release. Please use utf8mb4 instead
CREATE TABLE `£Τ£³` (`£Γ£±` char(5), INDEX(`£Γ£±`)) DEFAULT CHARSET = ucs2 engine = innodb;
Warnings:
Warning	1287	'ucs2' is deprecated and will be removed in a future release. Please use utf8mb4 instead
CREATE TABLE `£Τ£΄` (`£Γ£±` char(5), INDEX(`£Γ£±`)) DEFAULT CHARSET = ucs2 engine = myisam;
Warnings:
Warning	1287	'ucs2' is deprecated and will be removed in a future release. Please use utf8mb4 instead
CREATE TABLE `£Τ£µ` (`£Γ£±` char(5), INDEX(`£Γ£±`)) DEFAULT CHARSET = ucs2 engine = myisam;
Warnings:
Warning	1287	'ucs2' is deprecated and will be removed in a future release. Please use utf8mb4 instead
CREATE TABLE `£Τ£¶` (`£Γ£±` char(5), INDEX(`£Γ£±`)) DEFAULT CHARSET = ucs2 engine = myisam;
Warnings:
Warning	1287	'ucs2' is deprecated and will be removed in a future release. Please use utf8mb4 instead
CREATE TABLE `£Τ£·` (`£Γ£±` char(5), INDEX(`£Γ£±`)) DEFAULT CHARSET = ucs2 engine = MEMORY;
Warnings:
Warning	1287	'ucs2' is deprecated and will be removed in a future release. Please use utf8mb4 instead
CREATE TABLE `£Τ£Έ` (`£Γ£±` char(5), INDEX(`£Γ£±`)) DEFAULT CHARSET = ucs2 engine = MEMORY;
Warnings:
Warning	1287	'ucs2' is deprecated and will be removed in a future release. Please use utf8mb4 instead
CREATE TABLE `£Τ£Ή` (`£Γ£±` char(5), INDEX(`£Γ£±`)) DEFAULT CHARSET = ucs2 engine = MEMORY;
Warnings:
Warning	1287	'ucs2' is deprecated and will be removed in a future release. Please use utf8mb4 instead
INSERT INTO `£Τ£±` VALUES ('±²³΄µ'),('±²³΄'),('±²³'),('±²'),('±'),('');
INSERT INTO `£Τ£²` VALUES ('¤Ά¤¤¤¦¤¨¤'),('¤Ά¤¤¤¦¤¨'),('¤Ά¤¤¤¦'),('¤Ά¤¤'),('¤Ά'),('');
INSERT INTO `£Τ£³` VALUES ('νάνένήνίνΰ'),('νάνένήνί'),('νάνένή'),('νάνέ'),('νά'),('');
INSERT INTO `£Τ£΄` VALUES ('±²³΄µ'),('±²³΄'),('±²³'),('±²'),('±'),('');
INSERT INTO `£Τ£µ` VALUES ('¤Ά¤¤¤¦¤¨¤'),('¤Ά¤¤¤¦¤¨'),('¤Ά¤¤¤¦'),('¤Ά¤¤'),('¤Ά'),('');
INSERT INTO `£Τ£¶` VALUES ('νάνένήνίνΰ'),('νάνένήνί'),('νάνένή'),('νάνέ'),('νά'),('');
INSERT INTO `£Τ£·` VALUES ('±²³΄µ'),('±²³΄'),('±²³'),('±²'),('±'),('');
INSERT INTO `£Τ£Έ` VALUES ('¤Ά¤¤¤¦¤¨¤'),('¤Ά¤¤¤¦¤¨'),('¤Ά¤¤¤¦'),('¤Ά¤¤'),('¤Ά'),('');
INSERT INTO `£Τ£Ή` VALUES ('νάνένήνίνΰ'),('νάνένήνί'),('νάνένή'),('νάνέ'),('νά'),('');
SELECT `£Γ£±`, LENGTH(`£Γ£±`) FROM `£Τ£±`;
£Γ£±	LENGTH(`£Γ£±`)
	0
±	2
±²	4
±²³	6
±²³΄	8
±²³΄µ	10
SELECT `£Γ£±`, LENGTH(`£Γ£±`) FROM `£Τ£²`;
£Γ£±	LENGTH(`£Γ£±`)
	0
¤Ά	2
¤Ά¤¤	4
¤Ά¤¤¤¦	6
¤Ά¤¤¤¦¤¨	8
¤Ά¤¤¤¦¤¨¤	10
SELECT `£Γ£±`, LENGTH(`£Γ£±`) FROM `£Τ£³`;
£Γ£±	LENGTH(`£Γ£±`)
	0
νά	2
νάνέ	4
νάνένή	6
νάνένήνί	8
νάνένήνίνΰ	10
SELECT `£Γ£±`, LENGTH(`£Γ£±`) FROM `£Τ£΄`;
£Γ£±	LENGTH(`£Γ£±`)
	0
±	2
±²	4
±²³	6
±²³΄	8
±²³΄µ	10
SELECT `£Γ£±`, LENGTH(`£Γ£±`) FROM `£Τ£µ`;
£Γ£±	LENGTH(`£Γ£±`)
	0
¤Ά	2
¤Ά¤¤	4
¤Ά¤¤¤¦	6
¤Ά¤¤¤¦¤¨	8
¤Ά¤¤¤¦¤¨¤	10
SELECT `£Γ£±`, LENGTH(`£Γ£±`) FROM `£Τ£¶`;
£Γ£±	LENGTH(`£Γ£±`)
	0
νά	2
νάνέ	4
νάνένή	6
νάνένήνί	8
νάνένήνίνΰ	10
SELECT `£Γ£±`, LENGTH(`£Γ£±`) FROM `£Τ£·`;
£Γ£±	LENGTH(`£Γ£±`)
±²³΄µ	10
±²³΄	8
±²³	6
±²	4
±	2
	0
SELECT `£Γ£±`, LENGTH(`£Γ£±`) FROM `£Τ£Έ`;
£Γ£±	LENGTH(`£Γ£±`)
¤Ά¤¤¤¦¤¨¤	10
¤Ά¤¤¤¦¤¨	8
¤Ά¤¤¤¦	6
¤Ά¤¤	4
¤Ά	2
	0
SELECT `£Γ£±`, LENGTH(`£Γ£±`) FROM `£Τ£Ή`;
£Γ£±	LENGTH(`£Γ£±`)
νάνένήνίνΰ	10
νάνένήνί	8
νάνένή	6
νάνέ	4
νά	2
	0
DROP TABLE `£Τ£±`;
DROP TABLE `£Τ£²`;
DROP TABLE `£Τ£³`;
DROP TABLE `£Τ£΄`;
DROP TABLE `£Τ£µ`;
DROP TABLE `£Τ£¶`;
DROP TABLE `£Τ£·`;
DROP TABLE `£Τ£Έ`;
DROP TABLE `£Τ£Ή`;
