drop table if exists `sP`;
drop table if exists `sQ`;
drop table if exists `sR`;
drop table if exists `sS`;
drop table if exists `sT`;
drop table if exists `sU`;
drop table if exists `sV`;
drop table if exists `sW`;
drop table if exists `sX`;
SET NAMES sjis;
SET character_set_database = sjis;
Warnings:
Warning	1681	Updating 'character_set_database' is deprecated. It will be made read-only in a future release.
CREATE TABLE `sP` (`bP` char(5), INDEX(`bP`)) DEFAULT CHARSET = sjis engine = innodb;
CREATE TABLE `sQ` (`bP` char(5), INDEX(`bP`)) DEFAULT CHARSET = sjis engine = innodb;
CREATE TABLE `sR` (`bP` char(5), INDEX(`bP`)) DEFAULT CHARSET = sjis engine = innodb;
CREATE TABLE `sS` (`bP` char(5), INDEX(`bP`)) DEFAULT CHARSET = sjis engine = myisam;
CREATE TABLE `sT` (`bP` char(5), INDEX(`bP`)) DEFAULT CHARSET = sjis engine = myisam;
CREATE TABLE `sU` (`bP` char(5), INDEX(`bP`)) DEFAULT CHARSET = sjis engine = myisam;
CREATE TABLE `sV` (`bP` char(5), INDEX(`bP`)) DEFAULT CHARSET = sjis engine = MEMORY;
CREATE TABLE `sW` (`bP` char(5), INDEX(`bP`)) DEFAULT CHARSET = sjis engine = MEMORY;
CREATE TABLE `sX` (`bP` char(5), INDEX(`bP`)) DEFAULT CHARSET = sjis engine = MEMORY;
INSERT INTO `sP` VALUES (''),(''),(''),(''),(''),('');
INSERT INTO `sQ` VALUES (''),(''),(''),(''),(''),('');
INSERT INTO `sR` VALUES ('\\\\\'),('\\\\'),('\\\'),('\\'),('\'),('');
INSERT INTO `sS` VALUES (''),(''),(''),(''),(''),('');
INSERT INTO `sT` VALUES (''),(''),(''),(''),(''),('');
INSERT INTO `sU` VALUES ('\\\\\'),('\\\\'),('\\\'),('\\'),('\'),('');
INSERT INTO `sV` VALUES (''),(''),(''),(''),(''),('');
INSERT INTO `sW` VALUES (''),(''),(''),(''),(''),('');
INSERT INTO `sX` VALUES ('\\\\\'),('\\\\'),('\\\'),('\\'),('\'),('');
SELECT `bP`, RIGHT(`bP`,0) FROM `sP`;
bP	RIGHT(`bP`,0)
	
	
	
	
	
	
SELECT `bP`, RIGHT(`bP`,1) FROM `sP`;
bP	RIGHT(`bP`,1)
	
	
	
	
	
	
SELECT `bP`, RIGHT(`bP`,2) FROM `sP`;
bP	RIGHT(`bP`,2)
	
	
	
	
	
	
SELECT `bP`, RIGHT(`bP`,3) FROM `sP`;
bP	RIGHT(`bP`,3)
	
	
	
	
	
	
SELECT `bP`, RIGHT(`bP`,4) FROM `sP`;
bP	RIGHT(`bP`,4)
	
	
	
	
	
	
SELECT `bP`, RIGHT(`bP`,5) FROM `sP`;
bP	RIGHT(`bP`,5)
	
	
	
	
	
	
SELECT `bP`, RIGHT(`bP`,0) FROM `sQ`;
bP	RIGHT(`bP`,0)
	
	
	
	
	
	
SELECT `bP`, RIGHT(`bP`,1) FROM `sQ`;
bP	RIGHT(`bP`,1)
	
	
	
	
	
	
SELECT `bP`, RIGHT(`bP`,2) FROM `sQ`;
bP	RIGHT(`bP`,2)
	
	
	
	
	
	
SELECT `bP`, RIGHT(`bP`,3) FROM `sQ`;
bP	RIGHT(`bP`,3)
	
	
	
	
	
	
SELECT `bP`, RIGHT(`bP`,4) FROM `sQ`;
bP	RIGHT(`bP`,4)
	
	
	
	
	
	
SELECT `bP`, RIGHT(`bP`,5) FROM `sQ`;
bP	RIGHT(`bP`,5)
	
	
	
	
	
	
SELECT `bP`, RIGHT(`bP`,0) FROM `sR`;
bP	RIGHT(`bP`,0)
	
\	
\\	
\\\	
\\\\	
\\\\\	
SELECT `bP`, RIGHT(`bP`,1) FROM `sR`;
bP	RIGHT(`bP`,1)
	
\	\
\\	\
\\\	\
\\\\	\
\\\\\	\
SELECT `bP`, RIGHT(`bP`,2) FROM `sR`;
bP	RIGHT(`bP`,2)
	
\	\
\\	\\
\\\	\\
\\\\	\\
\\\\\	\\
SELECT `bP`, RIGHT(`bP`,3) FROM `sR`;
bP	RIGHT(`bP`,3)
	
\	\
\\	\\
\\\	\\\
\\\\	\\\
\\\\\	\\\
SELECT `bP`, RIGHT(`bP`,4) FROM `sR`;
bP	RIGHT(`bP`,4)
	
\	\
\\	\\
\\\	\\\
\\\\	\\\\
\\\\\	\\\\
SELECT `bP`, RIGHT(`bP`,5) FROM `sR`;
bP	RIGHT(`bP`,5)
	
\	\
\\	\\
\\\	\\\
\\\\	\\\\
\\\\\	\\\\\
SELECT `bP`, RIGHT(`bP`,0) FROM `sS`;
bP	RIGHT(`bP`,0)
	
	
	
	
	
	
SELECT `bP`, RIGHT(`bP`,1) FROM `sS`;
bP	RIGHT(`bP`,1)
	
	
	
	
	
	
SELECT `bP`, RIGHT(`bP`,2) FROM `sS`;
bP	RIGHT(`bP`,2)
	
	
	
	
	
	
SELECT `bP`, RIGHT(`bP`,3) FROM `sS`;
bP	RIGHT(`bP`,3)
	
	
	
	
	
	
SELECT `bP`, RIGHT(`bP`,4) FROM `sS`;
bP	RIGHT(`bP`,4)
	
	
	
	
	
	
SELECT `bP`, RIGHT(`bP`,5) FROM `sS`;
bP	RIGHT(`bP`,5)
	
	
	
	
	
	
SELECT `bP`, RIGHT(`bP`,0) FROM `sT`;
bP	RIGHT(`bP`,0)
	
	
	
	
	
	
SELECT `bP`, RIGHT(`bP`,1) FROM `sT`;
bP	RIGHT(`bP`,1)
	
	
	
	
	
	
SELECT `bP`, RIGHT(`bP`,2) FROM `sT`;
bP	RIGHT(`bP`,2)
	
	
	
	
	
	
SELECT `bP`, RIGHT(`bP`,3) FROM `sT`;
bP	RIGHT(`bP`,3)
	
	
	
	
	
	
SELECT `bP`, RIGHT(`bP`,4) FROM `sT`;
bP	RIGHT(`bP`,4)
	
	
	
	
	
	
SELECT `bP`, RIGHT(`bP`,5) FROM `sT`;
bP	RIGHT(`bP`,5)
	
	
	
	
	
	
SELECT `bP`, RIGHT(`bP`,0) FROM `sU`;
bP	RIGHT(`bP`,0)
	
\	
\\	
\\\	
\\\\	
\\\\\	
SELECT `bP`, RIGHT(`bP`,1) FROM `sU`;
bP	RIGHT(`bP`,1)
	
\	\
\\	\
\\\	\
\\\\	\
\\\\\	\
SELECT `bP`, RIGHT(`bP`,2) FROM `sU`;
bP	RIGHT(`bP`,2)
	
\	\
\\	\\
\\\	\\
\\\\	\\
\\\\\	\\
SELECT `bP`, RIGHT(`bP`,3) FROM `sU`;
bP	RIGHT(`bP`,3)
	
\	\
\\	\\
\\\	\\\
\\\\	\\\
\\\\\	\\\
SELECT `bP`, RIGHT(`bP`,4) FROM `sU`;
bP	RIGHT(`bP`,4)
	
\	\
\\	\\
\\\	\\\
\\\\	\\\\
\\\\\	\\\\
SELECT `bP`, RIGHT(`bP`,5) FROM `sU`;
bP	RIGHT(`bP`,5)
	
\	\
\\	\\
\\\	\\\
\\\\	\\\\
\\\\\	\\\\\
SELECT `bP`, RIGHT(`bP`,0) FROM `sV`;
bP	RIGHT(`bP`,0)
	
	
	
	
	
	
SELECT `bP`, RIGHT(`bP`,1) FROM `sV`;
bP	RIGHT(`bP`,1)
	
	
	
	
	
	
SELECT `bP`, RIGHT(`bP`,2) FROM `sV`;
bP	RIGHT(`bP`,2)
	
	
	
	
	
	
SELECT `bP`, RIGHT(`bP`,3) FROM `sV`;
bP	RIGHT(`bP`,3)
	
	
	
	
	
	
SELECT `bP`, RIGHT(`bP`,4) FROM `sV`;
bP	RIGHT(`bP`,4)
	
	
	
	
	
	
SELECT `bP`, RIGHT(`bP`,5) FROM `sV`;
bP	RIGHT(`bP`,5)
	
	
	
	
	
	
SELECT `bP`, RIGHT(`bP`,0) FROM `sW`;
bP	RIGHT(`bP`,0)
	
	
	
	
	
	
SELECT `bP`, RIGHT(`bP`,1) FROM `sW`;
bP	RIGHT(`bP`,1)
	
	
	
	
	
	
SELECT `bP`, RIGHT(`bP`,2) FROM `sW`;
bP	RIGHT(`bP`,2)
	
	
	
	
	
	
SELECT `bP`, RIGHT(`bP`,3) FROM `sW`;
bP	RIGHT(`bP`,3)
	
	
	
	
	
	
SELECT `bP`, RIGHT(`bP`,4) FROM `sW`;
bP	RIGHT(`bP`,4)
	
	
	
	
	
	
SELECT `bP`, RIGHT(`bP`,5) FROM `sW`;
bP	RIGHT(`bP`,5)
	
	
	
	
	
	
SELECT `bP`, RIGHT(`bP`,0) FROM `sX`;
bP	RIGHT(`bP`,0)
\\\\\	
\\\\	
\\\	
\\	
\	
	
SELECT `bP`, RIGHT(`bP`,1) FROM `sX`;
bP	RIGHT(`bP`,1)
\\\\\	\
\\\\	\
\\\	\
\\	\
\	\
	
SELECT `bP`, RIGHT(`bP`,2) FROM `sX`;
bP	RIGHT(`bP`,2)
\\\\\	\\
\\\\	\\
\\\	\\
\\	\\
\	\
	
SELECT `bP`, RIGHT(`bP`,3) FROM `sX`;
bP	RIGHT(`bP`,3)
\\\\\	\\\
\\\\	\\\
\\\	\\\
\\	\\
\	\
	
SELECT `bP`, RIGHT(`bP`,4) FROM `sX`;
bP	RIGHT(`bP`,4)
\\\\\	\\\\
\\\\	\\\\
\\\	\\\
\\	\\
\	\
	
SELECT `bP`, RIGHT(`bP`,5) FROM `sX`;
bP	RIGHT(`bP`,5)
\\\\\	\\\\\
\\\\	\\\\
\\\	\\\
\\	\\
\	\
	
DROP TABLE `sP`;
DROP TABLE `sQ`;
DROP TABLE `sR`;
DROP TABLE `sS`;
DROP TABLE `sT`;
DROP TABLE `sU`;
DROP TABLE `sV`;
DROP TABLE `sW`;
DROP TABLE `sX`;
