drop table if exists `Ｔ１`;
drop table if exists `Ｔ２`;
drop table if exists `Ｔ３`;
drop table if exists `Ｔ４`;
drop table if exists `Ｔ５`;
drop table if exists `Ｔ６`;
drop table if exists `Ｔ７`;
drop table if exists `Ｔ８`;
drop table if exists `Ｔ９`;
SET NAMES utf8;
Warnings:
Warning	3719	'utf8' is currently an alias for the character set UTF8MB3, but will be an alias for UTF8MB4 in a future release. Please consider using UTF8MB4 in order to be unambiguous.
SET character_set_database = utf8;
Warnings:
Warning	3719	'utf8' is currently an alias for the character set UTF8MB3, but will be an alias for UTF8MB4 in a future release. Please consider using UTF8MB4 in order to be unambiguous.
Warning	1681	Updating 'character_set_database' is deprecated. It will be made read-only in a future release.
CREATE TABLE `Ｔ１` (`Ｃ１` char(5)) DEFAULT CHARSET = utf8 engine = innodb;
Warnings:
Warning	3719	'utf8' is currently an alias for the character set UTF8MB3, but will be an alias for UTF8MB4 in a future release. Please consider using UTF8MB4 in order to be unambiguous.
CREATE TABLE `Ｔ２` (`Ｃ１` char(5)) DEFAULT CHARSET = utf8 engine = innodb;
Warnings:
Warning	3719	'utf8' is currently an alias for the character set UTF8MB3, but will be an alias for UTF8MB4 in a future release. Please consider using UTF8MB4 in order to be unambiguous.
CREATE TABLE `Ｔ３` (`Ｃ１` char(5)) DEFAULT CHARSET = utf8 engine = innodb;
Warnings:
Warning	3719	'utf8' is currently an alias for the character set UTF8MB3, but will be an alias for UTF8MB4 in a future release. Please consider using UTF8MB4 in order to be unambiguous.
CREATE TABLE `Ｔ４` (`Ｃ１` char(5)) DEFAULT CHARSET = utf8 engine = myisam;
Warnings:
Warning	3719	'utf8' is currently an alias for the character set UTF8MB3, but will be an alias for UTF8MB4 in a future release. Please consider using UTF8MB4 in order to be unambiguous.
CREATE TABLE `Ｔ５` (`Ｃ１` char(5)) DEFAULT CHARSET = utf8 engine = myisam;
Warnings:
Warning	3719	'utf8' is currently an alias for the character set UTF8MB3, but will be an alias for UTF8MB4 in a future release. Please consider using UTF8MB4 in order to be unambiguous.
CREATE TABLE `Ｔ６` (`Ｃ１` char(5)) DEFAULT CHARSET = utf8 engine = myisam;
Warnings:
Warning	3719	'utf8' is currently an alias for the character set UTF8MB3, but will be an alias for UTF8MB4 in a future release. Please consider using UTF8MB4 in order to be unambiguous.
CREATE TABLE `Ｔ７` (`Ｃ１` char(5)) DEFAULT CHARSET = utf8 engine = MEMORY;
Warnings:
Warning	3719	'utf8' is currently an alias for the character set UTF8MB3, but will be an alias for UTF8MB4 in a future release. Please consider using UTF8MB4 in order to be unambiguous.
CREATE TABLE `Ｔ８` (`Ｃ１` char(5)) DEFAULT CHARSET = utf8 engine = MEMORY;
Warnings:
Warning	3719	'utf8' is currently an alias for the character set UTF8MB3, but will be an alias for UTF8MB4 in a future release. Please consider using UTF8MB4 in order to be unambiguous.
CREATE TABLE `Ｔ９` (`Ｃ１` char(5)) DEFAULT CHARSET = utf8 engine = MEMORY;
Warnings:
Warning	3719	'utf8' is currently an alias for the character set UTF8MB3, but will be an alias for UTF8MB4 in a future release. Please consider using UTF8MB4 in order to be unambiguous.
INSERT INTO `Ｔ１` VALUES ('ｱｲｳｴｵ');
INSERT INTO `Ｔ２` VALUES ('あいうえお');
INSERT INTO `Ｔ３` VALUES ('龔龖龗龞龡');
INSERT INTO `Ｔ４` VALUES ('ｱｲｳｴｵ');
INSERT INTO `Ｔ５` VALUES ('あいうえお');
INSERT INTO `Ｔ６` VALUES ('龔龖龗龞龡');
INSERT INTO `Ｔ７` VALUES ('ｱｲｳｴｵ');
INSERT INTO `Ｔ８` VALUES ('あいうえお');
INSERT INTO `Ｔ９` VALUES ('龔龖龗龞龡');
SELECT REPLACE(`Ｃ１`,'ｱ','ｱｱ') FROM `Ｔ１`;
REPLACE(`Ｃ１`,'ｱ','ｱｱ')
ｱｱｲｳｴｵ
SELECT REPLACE(`Ｃ１`,'ｲ','ｲｲ') FROM `Ｔ１`;
REPLACE(`Ｃ１`,'ｲ','ｲｲ')
ｱｲｲｳｴｵ
SELECT REPLACE(`Ｃ１`,'ｳ','ｳｳ') FROM `Ｔ１`;
REPLACE(`Ｃ１`,'ｳ','ｳｳ')
ｱｲｳｳｴｵ
SELECT REPLACE(`Ｃ１`,'ｴ','ｴｴ') FROM `Ｔ１`;
REPLACE(`Ｃ１`,'ｴ','ｴｴ')
ｱｲｳｴｴｵ
SELECT REPLACE(`Ｃ１`,'ｵ','ｵｵ') FROM `Ｔ１`;
REPLACE(`Ｃ１`,'ｵ','ｵｵ')
ｱｲｳｴｵｵ
SELECT REPLACE(`Ｃ１`,'あ','ああ') FROM `Ｔ２`;
REPLACE(`Ｃ１`,'あ','ああ')
ああいうえお
SELECT REPLACE(`Ｃ１`,'い','いい') FROM `Ｔ２`;
REPLACE(`Ｃ１`,'い','いい')
あいいうえお
SELECT REPLACE(`Ｃ１`,'う','うう') FROM `Ｔ２`;
REPLACE(`Ｃ１`,'う','うう')
あいううえお
SELECT REPLACE(`Ｃ１`,'え','ええ') FROM `Ｔ２`;
REPLACE(`Ｃ１`,'え','ええ')
あいうええお
SELECT REPLACE(`Ｃ１`,'お','おお') FROM `Ｔ２`;
REPLACE(`Ｃ１`,'お','おお')
あいうえおお
SELECT REPLACE(`Ｃ１`,'龔','龔龔') FROM `Ｔ３`;
REPLACE(`Ｃ１`,'龔','龔龔')
龔龔龖龗龞龡
SELECT REPLACE(`Ｃ１`,'龖','龖龖') FROM `Ｔ３`;
REPLACE(`Ｃ１`,'龖','龖龖')
龔龖龖龗龞龡
SELECT REPLACE(`Ｃ１`,'龗','龗龗') FROM `Ｔ３`;
REPLACE(`Ｃ１`,'龗','龗龗')
龔龖龗龗龞龡
SELECT REPLACE(`Ｃ１`,'龞','龞龞') FROM `Ｔ３`;
REPLACE(`Ｃ１`,'龞','龞龞')
龔龖龗龞龞龡
SELECT REPLACE(`Ｃ１`,'龡','龡龡') FROM `Ｔ３`;
REPLACE(`Ｃ１`,'龡','龡龡')
龔龖龗龞龡龡
SELECT REPLACE(`Ｃ１`,'ｱ','ｱｱ') FROM `Ｔ４`;
REPLACE(`Ｃ１`,'ｱ','ｱｱ')
ｱｱｲｳｴｵ
SELECT REPLACE(`Ｃ１`,'ｲ','ｲｲ') FROM `Ｔ４`;
REPLACE(`Ｃ１`,'ｲ','ｲｲ')
ｱｲｲｳｴｵ
SELECT REPLACE(`Ｃ１`,'ｳ','ｳｳ') FROM `Ｔ４`;
REPLACE(`Ｃ１`,'ｳ','ｳｳ')
ｱｲｳｳｴｵ
SELECT REPLACE(`Ｃ１`,'ｴ','ｴｴ') FROM `Ｔ４`;
REPLACE(`Ｃ１`,'ｴ','ｴｴ')
ｱｲｳｴｴｵ
SELECT REPLACE(`Ｃ１`,'ｵ','ｵｵ') FROM `Ｔ４`;
REPLACE(`Ｃ１`,'ｵ','ｵｵ')
ｱｲｳｴｵｵ
SELECT REPLACE(`Ｃ１`,'あ','ああ') FROM `Ｔ５`;
REPLACE(`Ｃ１`,'あ','ああ')
ああいうえお
SELECT REPLACE(`Ｃ１`,'い','いい') FROM `Ｔ５`;
REPLACE(`Ｃ１`,'い','いい')
あいいうえお
SELECT REPLACE(`Ｃ１`,'う','うう') FROM `Ｔ５`;
REPLACE(`Ｃ１`,'う','うう')
あいううえお
SELECT REPLACE(`Ｃ１`,'え','ええ') FROM `Ｔ５`;
REPLACE(`Ｃ１`,'え','ええ')
あいうええお
SELECT REPLACE(`Ｃ１`,'お','おお') FROM `Ｔ５`;
REPLACE(`Ｃ１`,'お','おお')
あいうえおお
SELECT REPLACE(`Ｃ１`,'龔','龔龔') FROM `Ｔ６`;
REPLACE(`Ｃ１`,'龔','龔龔')
龔龔龖龗龞龡
SELECT REPLACE(`Ｃ１`,'龖','龖龖') FROM `Ｔ６`;
REPLACE(`Ｃ１`,'龖','龖龖')
龔龖龖龗龞龡
SELECT REPLACE(`Ｃ１`,'龗','龗龗') FROM `Ｔ６`;
REPLACE(`Ｃ１`,'龗','龗龗')
龔龖龗龗龞龡
SELECT REPLACE(`Ｃ１`,'龞','龞龞') FROM `Ｔ６`;
REPLACE(`Ｃ１`,'龞','龞龞')
龔龖龗龞龞龡
SELECT REPLACE(`Ｃ１`,'龡','龡龡') FROM `Ｔ６`;
REPLACE(`Ｃ１`,'龡','龡龡')
龔龖龗龞龡龡
SELECT REPLACE(`Ｃ１`,'ｱ','ｱｱ') FROM `Ｔ７`;
REPLACE(`Ｃ１`,'ｱ','ｱｱ')
ｱｱｲｳｴｵ
SELECT REPLACE(`Ｃ１`,'ｲ','ｲｲ') FROM `Ｔ７`;
REPLACE(`Ｃ１`,'ｲ','ｲｲ')
ｱｲｲｳｴｵ
SELECT REPLACE(`Ｃ１`,'ｳ','ｳｳ') FROM `Ｔ７`;
REPLACE(`Ｃ１`,'ｳ','ｳｳ')
ｱｲｳｳｴｵ
SELECT REPLACE(`Ｃ１`,'ｴ','ｴｴ') FROM `Ｔ７`;
REPLACE(`Ｃ１`,'ｴ','ｴｴ')
ｱｲｳｴｴｵ
SELECT REPLACE(`Ｃ１`,'ｵ','ｵｵ') FROM `Ｔ７`;
REPLACE(`Ｃ１`,'ｵ','ｵｵ')
ｱｲｳｴｵｵ
SELECT REPLACE(`Ｃ１`,'あ','ああ') FROM `Ｔ８`;
REPLACE(`Ｃ１`,'あ','ああ')
ああいうえお
SELECT REPLACE(`Ｃ１`,'い','いい') FROM `Ｔ８`;
REPLACE(`Ｃ１`,'い','いい')
あいいうえお
SELECT REPLACE(`Ｃ１`,'う','うう') FROM `Ｔ８`;
REPLACE(`Ｃ１`,'う','うう')
あいううえお
SELECT REPLACE(`Ｃ１`,'え','ええ') FROM `Ｔ８`;
REPLACE(`Ｃ１`,'え','ええ')
あいうええお
SELECT REPLACE(`Ｃ１`,'お','おお') FROM `Ｔ８`;
REPLACE(`Ｃ１`,'お','おお')
あいうえおお
SELECT REPLACE(`Ｃ１`,'龔','龔龔') FROM `Ｔ９`;
REPLACE(`Ｃ１`,'龔','龔龔')
龔龔龖龗龞龡
SELECT REPLACE(`Ｃ１`,'龖','龖龖') FROM `Ｔ９`;
REPLACE(`Ｃ１`,'龖','龖龖')
龔龖龖龗龞龡
SELECT REPLACE(`Ｃ１`,'龗','龗龗') FROM `Ｔ９`;
REPLACE(`Ｃ１`,'龗','龗龗')
龔龖龗龗龞龡
SELECT REPLACE(`Ｃ１`,'龞','龞龞') FROM `Ｔ９`;
REPLACE(`Ｃ１`,'龞','龞龞')
龔龖龗龞龞龡
SELECT REPLACE(`Ｃ１`,'龡','龡龡') FROM `Ｔ９`;
REPLACE(`Ｃ１`,'龡','龡龡')
龔龖龗龞龡龡
DROP TABLE `Ｔ１`;
DROP TABLE `Ｔ２`;
DROP TABLE `Ｔ３`;
DROP TABLE `Ｔ４`;
DROP TABLE `Ｔ５`;
DROP TABLE `Ｔ６`;
DROP TABLE `Ｔ７`;
DROP TABLE `Ｔ８`;
DROP TABLE `Ｔ９`;
