drop table if exists `£Τ£±`;
drop table if exists `£Τ£²`;
drop table if exists `£Τ£³`;
drop table if exists `£Τ£΄`;
drop table if exists `£Τ£µ`;
drop table if exists `£Τ£¶`;
drop table if exists `£Τ£·`;
drop table if exists `£Τ£Έ`;
drop table if exists `£Τ£Ή`;
SET NAMES ujis;
SET character_set_database = ucs2;
Warnings:
Warning	1681	Updating 'character_set_database' is deprecated. It will be made read-only in a future release.
SET collation_connection = ucs2_general_ci;
CREATE TABLE `£Τ£±` (`£Γ£±` char(5), INDEX(`£Γ£±`)) DEFAULT CHARSET = ucs2 engine = innodb;
CREATE TABLE `£Τ£²` (`£Γ£±` char(5), INDEX(`£Γ£±`)) DEFAULT CHARSET = ucs2 engine = innodb;
CREATE TABLE `£Τ£³` (`£Γ£±` char(5), INDEX(`£Γ£±`)) DEFAULT CHARSET = ucs2 engine = innodb;
CREATE TABLE `£Τ£΄` (`£Γ£±` char(5), INDEX(`£Γ£±`)) DEFAULT CHARSET = ucs2 engine = myisam;
CREATE TABLE `£Τ£µ` (`£Γ£±` char(5), INDEX(`£Γ£±`)) DEFAULT CHARSET = ucs2 engine = myisam;
CREATE TABLE `£Τ£¶` (`£Γ£±` char(5), INDEX(`£Γ£±`)) DEFAULT CHARSET = ucs2 engine = myisam;
CREATE TABLE `£Τ£·` (`£Γ£±` char(5), INDEX(`£Γ£±`)) DEFAULT CHARSET = ucs2 engine = MEMORY;
CREATE TABLE `£Τ£Έ` (`£Γ£±` char(5), INDEX(`£Γ£±`)) DEFAULT CHARSET = ucs2 engine = MEMORY;
CREATE TABLE `£Τ£Ή` (`£Γ£±` char(5), INDEX(`£Γ£±`)) DEFAULT CHARSET = ucs2 engine = MEMORY;
INSERT INTO `£Τ£±` VALUES ('±²³΄µ');
INSERT INTO `£Τ£²` VALUES ('¤Ά¤¤¤¦¤¨¤');
INSERT INTO `£Τ£³` VALUES ('νάνένήνίνΰ');
INSERT INTO `£Τ£΄` VALUES ('±²³΄µ');
INSERT INTO `£Τ£µ` VALUES ('¤Ά¤¤¤¦¤¨¤');
INSERT INTO `£Τ£¶` VALUES ('νάνένήνίνΰ');
INSERT INTO `£Τ£·` VALUES ('±²³΄µ');
INSERT INTO `£Τ£Έ` VALUES ('¤Ά¤¤¤¦¤¨¤');
INSERT INTO `£Τ£Ή` VALUES ('νάνένήνίνΰ');
SELECT REVERSE(`£Γ£±`) FROM `£Τ£±`;
REVERSE(`£Γ£±`)
µ΄³²±
SELECT REVERSE(`£Γ£±`) FROM `£Τ£²`;
REVERSE(`£Γ£±`)
¤¤¨¤¦¤¤¤Ά
SELECT REVERSE(`£Γ£±`) FROM `£Τ£³`;
REVERSE(`£Γ£±`)
νΰνίνήνένά
SELECT REVERSE(`£Γ£±`) FROM `£Τ£΄`;
REVERSE(`£Γ£±`)
µ΄³²±
SELECT REVERSE(`£Γ£±`) FROM `£Τ£µ`;
REVERSE(`£Γ£±`)
¤¤¨¤¦¤¤¤Ά
SELECT REVERSE(`£Γ£±`) FROM `£Τ£¶`;
REVERSE(`£Γ£±`)
νΰνίνήνένά
SELECT REVERSE(`£Γ£±`) FROM `£Τ£·`;
REVERSE(`£Γ£±`)
µ΄³²±
SELECT REVERSE(`£Γ£±`) FROM `£Τ£Έ`;
REVERSE(`£Γ£±`)
¤¤¨¤¦¤¤¤Ά
SELECT REVERSE(`£Γ£±`) FROM `£Τ£Ή`;
REVERSE(`£Γ£±`)
νΰνίνήνένά
DROP TABLE `£Τ£±`;
DROP TABLE `£Τ£²`;
DROP TABLE `£Τ£³`;
DROP TABLE `£Τ£΄`;
DROP TABLE `£Τ£µ`;
DROP TABLE `£Τ£¶`;
DROP TABLE `£Τ£·`;
DROP TABLE `£Τ£Έ`;
DROP TABLE `£Τ£Ή`;
