drop table if exists `£Τ£±`;
drop table if exists `£Τ£²`;
drop table if exists `£Τ£³`;
drop table if exists `£Τ£΄`;
drop table if exists `£Τ£µ`;
drop table if exists `£Τ£¶`;
drop table if exists `£Τ£·`;
drop table if exists `£Τ£Έ`;
drop table if exists `£Τ£Ή`;
SET NAMES ujis;
SET character_set_database = ucs2;
Warnings:
Warning	1681	Updating 'character_set_database' is deprecated. It will be made read-only in a future release.
SET collation_connection = ucs2_general_ci;
CREATE TABLE `£Τ£±` (`£Γ£±` char(5)) DEFAULT CHARSET = ucs2 engine = innodb;
CREATE TABLE `£Τ£²` (`£Γ£±` char(5)) DEFAULT CHARSET = ucs2 engine = innodb;
CREATE TABLE `£Τ£³` (`£Γ£±` char(5)) DEFAULT CHARSET = ucs2 engine = innodb;
CREATE TABLE `£Τ£΄` (`£Γ£±` char(5)) DEFAULT CHARSET = ucs2 engine = myisam;
CREATE TABLE `£Τ£µ` (`£Γ£±` char(5)) DEFAULT CHARSET = ucs2 engine = myisam;
CREATE TABLE `£Τ£¶` (`£Γ£±` char(5)) DEFAULT CHARSET = ucs2 engine = myisam;
CREATE TABLE `£Τ£·` (`£Γ£±` char(5)) DEFAULT CHARSET = ucs2 engine = MEMORY;
CREATE TABLE `£Τ£Έ` (`£Γ£±` char(5)) DEFAULT CHARSET = ucs2 engine = MEMORY;
CREATE TABLE `£Τ£Ή` (`£Γ£±` char(5)) DEFAULT CHARSET = ucs2 engine = MEMORY;
INSERT INTO `£Τ£±` VALUES ('±²³΄µ');
INSERT INTO `£Τ£²` VALUES ('¤Ά¤¤¤¦¤¨¤');
INSERT INTO `£Τ£³` VALUES ('νάνένήνίνΰ');
INSERT INTO `£Τ£΄` VALUES ('±²³΄µ');
INSERT INTO `£Τ£µ` VALUES ('¤Ά¤¤¤¦¤¨¤');
INSERT INTO `£Τ£¶` VALUES ('νάνένήνίνΰ');
INSERT INTO `£Τ£·` VALUES ('±²³΄µ');
INSERT INTO `£Τ£Έ` VALUES ('¤Ά¤¤¤¦¤¨¤');
INSERT INTO `£Τ£Ή` VALUES ('νάνένήνίνΰ');
SELECT REPLACE(`£Γ£±`,'±','±±') FROM `£Τ£±`;
REPLACE(`£Γ£±`,'±','±±')
±±²³΄µ
SELECT REPLACE(`£Γ£±`,'²','²²') FROM `£Τ£±`;
REPLACE(`£Γ£±`,'²','²²')
±²²³΄µ
SELECT REPLACE(`£Γ£±`,'³','³³') FROM `£Τ£±`;
REPLACE(`£Γ£±`,'³','³³')
±²³³΄µ
SELECT REPLACE(`£Γ£±`,'΄','΄΄') FROM `£Τ£±`;
REPLACE(`£Γ£±`,'΄','΄΄')
±²³΄΄µ
SELECT REPLACE(`£Γ£±`,'µ','µµ') FROM `£Τ£±`;
REPLACE(`£Γ£±`,'µ','µµ')
±²³΄µµ
SELECT REPLACE(`£Γ£±`,'¤Ά','¤Ά¤Ά') FROM `£Τ£²`;
REPLACE(`£Γ£±`,'¤Ά','¤Ά¤Ά')
¤Ά¤Ά¤¤¤¦¤¨¤
SELECT REPLACE(`£Γ£±`,'¤¤','¤¤¤¤') FROM `£Τ£²`;
REPLACE(`£Γ£±`,'¤¤','¤¤¤¤')
¤Ά¤¤¤¤¤¦¤¨¤
SELECT REPLACE(`£Γ£±`,'¤¦','¤¦¤¦') FROM `£Τ£²`;
REPLACE(`£Γ£±`,'¤¦','¤¦¤¦')
¤Ά¤¤¤¦¤¦¤¨¤
SELECT REPLACE(`£Γ£±`,'¤¨','¤¨¤¨') FROM `£Τ£²`;
REPLACE(`£Γ£±`,'¤¨','¤¨¤¨')
¤Ά¤¤¤¦¤¨¤¨¤
SELECT REPLACE(`£Γ£±`,'¤','¤¤') FROM `£Τ£²`;
REPLACE(`£Γ£±`,'¤','¤¤')
¤Ά¤¤¤¦¤¨¤¤
SELECT REPLACE(`£Γ£±`,'νά','νάνά') FROM `£Τ£³`;
REPLACE(`£Γ£±`,'νά','νάνά')
νάνάνένήνίνΰ
SELECT REPLACE(`£Γ£±`,'νέ','νένέ') FROM `£Τ£³`;
REPLACE(`£Γ£±`,'νέ','νένέ')
νάνένένήνίνΰ
SELECT REPLACE(`£Γ£±`,'νή','νήνή') FROM `£Τ£³`;
REPLACE(`£Γ£±`,'νή','νήνή')
νάνένήνήνίνΰ
SELECT REPLACE(`£Γ£±`,'νί','νίνί') FROM `£Τ£³`;
REPLACE(`£Γ£±`,'νί','νίνί')
νάνένήνίνίνΰ
SELECT REPLACE(`£Γ£±`,'νΰ','νΰνΰ') FROM `£Τ£³`;
REPLACE(`£Γ£±`,'νΰ','νΰνΰ')
νάνένήνίνΰνΰ
SELECT REPLACE(`£Γ£±`,'±','±±') FROM `£Τ£΄`;
REPLACE(`£Γ£±`,'±','±±')
±±²³΄µ
SELECT REPLACE(`£Γ£±`,'²','²²') FROM `£Τ£΄`;
REPLACE(`£Γ£±`,'²','²²')
±²²³΄µ
SELECT REPLACE(`£Γ£±`,'³','³³') FROM `£Τ£΄`;
REPLACE(`£Γ£±`,'³','³³')
±²³³΄µ
SELECT REPLACE(`£Γ£±`,'΄','΄΄') FROM `£Τ£΄`;
REPLACE(`£Γ£±`,'΄','΄΄')
±²³΄΄µ
SELECT REPLACE(`£Γ£±`,'µ','µµ') FROM `£Τ£΄`;
REPLACE(`£Γ£±`,'µ','µµ')
±²³΄µµ
SELECT REPLACE(`£Γ£±`,'¤Ά','¤Ά¤Ά') FROM `£Τ£µ`;
REPLACE(`£Γ£±`,'¤Ά','¤Ά¤Ά')
¤Ά¤Ά¤¤¤¦¤¨¤
SELECT REPLACE(`£Γ£±`,'¤¤','¤¤¤¤') FROM `£Τ£µ`;
REPLACE(`£Γ£±`,'¤¤','¤¤¤¤')
¤Ά¤¤¤¤¤¦¤¨¤
SELECT REPLACE(`£Γ£±`,'¤¦','¤¦¤¦') FROM `£Τ£µ`;
REPLACE(`£Γ£±`,'¤¦','¤¦¤¦')
¤Ά¤¤¤¦¤¦¤¨¤
SELECT REPLACE(`£Γ£±`,'¤¨','¤¨¤¨') FROM `£Τ£µ`;
REPLACE(`£Γ£±`,'¤¨','¤¨¤¨')
¤Ά¤¤¤¦¤¨¤¨¤
SELECT REPLACE(`£Γ£±`,'¤','¤¤') FROM `£Τ£µ`;
REPLACE(`£Γ£±`,'¤','¤¤')
¤Ά¤¤¤¦¤¨¤¤
SELECT REPLACE(`£Γ£±`,'νά','νάνά') FROM `£Τ£¶`;
REPLACE(`£Γ£±`,'νά','νάνά')
νάνάνένήνίνΰ
SELECT REPLACE(`£Γ£±`,'νέ','νένέ') FROM `£Τ£¶`;
REPLACE(`£Γ£±`,'νέ','νένέ')
νάνένένήνίνΰ
SELECT REPLACE(`£Γ£±`,'νή','νήνή') FROM `£Τ£¶`;
REPLACE(`£Γ£±`,'νή','νήνή')
νάνένήνήνίνΰ
SELECT REPLACE(`£Γ£±`,'νί','νίνί') FROM `£Τ£¶`;
REPLACE(`£Γ£±`,'νί','νίνί')
νάνένήνίνίνΰ
SELECT REPLACE(`£Γ£±`,'νΰ','νΰνΰ') FROM `£Τ£¶`;
REPLACE(`£Γ£±`,'νΰ','νΰνΰ')
νάνένήνίνΰνΰ
SELECT REPLACE(`£Γ£±`,'±','±±') FROM `£Τ£·`;
REPLACE(`£Γ£±`,'±','±±')
±±²³΄µ
SELECT REPLACE(`£Γ£±`,'²','²²') FROM `£Τ£·`;
REPLACE(`£Γ£±`,'²','²²')
±²²³΄µ
SELECT REPLACE(`£Γ£±`,'³','³³') FROM `£Τ£·`;
REPLACE(`£Γ£±`,'³','³³')
±²³³΄µ
SELECT REPLACE(`£Γ£±`,'΄','΄΄') FROM `£Τ£·`;
REPLACE(`£Γ£±`,'΄','΄΄')
±²³΄΄µ
SELECT REPLACE(`£Γ£±`,'µ','µµ') FROM `£Τ£·`;
REPLACE(`£Γ£±`,'µ','µµ')
±²³΄µµ
SELECT REPLACE(`£Γ£±`,'¤Ά','¤Ά¤Ά') FROM `£Τ£Έ`;
REPLACE(`£Γ£±`,'¤Ά','¤Ά¤Ά')
¤Ά¤Ά¤¤¤¦¤¨¤
SELECT REPLACE(`£Γ£±`,'¤¤','¤¤¤¤') FROM `£Τ£Έ`;
REPLACE(`£Γ£±`,'¤¤','¤¤¤¤')
¤Ά¤¤¤¤¤¦¤¨¤
SELECT REPLACE(`£Γ£±`,'¤¦','¤¦¤¦') FROM `£Τ£Έ`;
REPLACE(`£Γ£±`,'¤¦','¤¦¤¦')
¤Ά¤¤¤¦¤¦¤¨¤
SELECT REPLACE(`£Γ£±`,'¤¨','¤¨¤¨') FROM `£Τ£Έ`;
REPLACE(`£Γ£±`,'¤¨','¤¨¤¨')
¤Ά¤¤¤¦¤¨¤¨¤
SELECT REPLACE(`£Γ£±`,'¤','¤¤') FROM `£Τ£Έ`;
REPLACE(`£Γ£±`,'¤','¤¤')
¤Ά¤¤¤¦¤¨¤¤
SELECT REPLACE(`£Γ£±`,'νά','νάνά') FROM `£Τ£Ή`;
REPLACE(`£Γ£±`,'νά','νάνά')
νάνάνένήνίνΰ
SELECT REPLACE(`£Γ£±`,'νέ','νένέ') FROM `£Τ£Ή`;
REPLACE(`£Γ£±`,'νέ','νένέ')
νάνένένήνίνΰ
SELECT REPLACE(`£Γ£±`,'νή','νήνή') FROM `£Τ£Ή`;
REPLACE(`£Γ£±`,'νή','νήνή')
νάνένήνήνίνΰ
SELECT REPLACE(`£Γ£±`,'νί','νίνί') FROM `£Τ£Ή`;
REPLACE(`£Γ£±`,'νί','νίνί')
νάνένήνίνίνΰ
SELECT REPLACE(`£Γ£±`,'νΰ','νΰνΰ') FROM `£Τ£Ή`;
REPLACE(`£Γ£±`,'νΰ','νΰνΰ')
νάνένήνίνΰνΰ
DROP TABLE `£Τ£±`;
DROP TABLE `£Τ£²`;
DROP TABLE `£Τ£³`;
DROP TABLE `£Τ£΄`;
DROP TABLE `£Τ£µ`;
DROP TABLE `£Τ£¶`;
DROP TABLE `£Τ£·`;
DROP TABLE `£Τ£Έ`;
DROP TABLE `£Τ£Ή`;
