drop table if exists `Ｔ１`;
drop table if exists `Ｔ２`;
drop table if exists `Ｔ３`;
drop table if exists `Ｔ４`;
drop table if exists `Ｔ５`;
drop table if exists `Ｔ６`;
drop table if exists `Ｔ７`;
drop table if exists `Ｔ８`;
drop table if exists `Ｔ９`;
SET NAMES utf8;
Warnings:
Warning	3719	'utf8' is currently an alias for the character set UTF8MB3, but will be an alias for UTF8MB4 in a future release. Please consider using UTF8MB4 in order to be unambiguous.
SET character_set_database = utf8;
Warnings:
Warning	1681	Updating 'character_set_database' is deprecated. It will be made read-only in a future release.
CREATE TABLE `Ｔ１` (`Ｃ１` char(5), INDEX(`Ｃ１`)) DEFAULT CHARSET = utf8 engine = innodb;
Warnings:
Warning	3719	'utf8' is currently an alias for the character set UTF8MB3, but will be an alias for UTF8MB4 in a future release. Please consider using UTF8MB4 in order to be unambiguous.
CREATE TABLE `Ｔ２` (`Ｃ１` char(5), INDEX(`Ｃ１`)) DEFAULT CHARSET = utf8 engine = innodb;
Warnings:
Warning	3719	'utf8' is currently an alias for the character set UTF8MB3, but will be an alias for UTF8MB4 in a future release. Please consider using UTF8MB4 in order to be unambiguous.
CREATE TABLE `Ｔ３` (`Ｃ１` char(5), INDEX(`Ｃ１`)) DEFAULT CHARSET = utf8 engine = innodb;
Warnings:
Warning	3719	'utf8' is currently an alias for the character set UTF8MB3, but will be an alias for UTF8MB4 in a future release. Please consider using UTF8MB4 in order to be unambiguous.
CREATE TABLE `Ｔ４` (`Ｃ１` char(5), INDEX(`Ｃ１`)) DEFAULT CHARSET = utf8 engine = myisam;
Warnings:
Warning	3719	'utf8' is currently an alias for the character set UTF8MB3, but will be an alias for UTF8MB4 in a future release. Please consider using UTF8MB4 in order to be unambiguous.
CREATE TABLE `Ｔ５` (`Ｃ１` char(5), INDEX(`Ｃ１`)) DEFAULT CHARSET = utf8 engine = myisam;
Warnings:
Warning	3719	'utf8' is currently an alias for the character set UTF8MB3, but will be an alias for UTF8MB4 in a future release. Please consider using UTF8MB4 in order to be unambiguous.
CREATE TABLE `Ｔ６` (`Ｃ１` char(5), INDEX(`Ｃ１`)) DEFAULT CHARSET = utf8 engine = myisam;
Warnings:
Warning	3719	'utf8' is currently an alias for the character set UTF8MB3, but will be an alias for UTF8MB4 in a future release. Please consider using UTF8MB4 in order to be unambiguous.
CREATE TABLE `Ｔ７` (`Ｃ１` char(5), INDEX(`Ｃ１`)) DEFAULT CHARSET = utf8 engine = MEMORY;
Warnings:
Warning	3719	'utf8' is currently an alias for the character set UTF8MB3, but will be an alias for UTF8MB4 in a future release. Please consider using UTF8MB4 in order to be unambiguous.
CREATE TABLE `Ｔ８` (`Ｃ１` char(5), INDEX(`Ｃ１`)) DEFAULT CHARSET = utf8 engine = MEMORY;
Warnings:
Warning	3719	'utf8' is currently an alias for the character set UTF8MB3, but will be an alias for UTF8MB4 in a future release. Please consider using UTF8MB4 in order to be unambiguous.
CREATE TABLE `Ｔ９` (`Ｃ１` char(5), INDEX(`Ｃ１`)) DEFAULT CHARSET = utf8 engine = MEMORY;
Warnings:
Warning	3719	'utf8' is currently an alias for the character set UTF8MB3, but will be an alias for UTF8MB4 in a future release. Please consider using UTF8MB4 in order to be unambiguous.
INSERT INTO `Ｔ１` VALUES ('ｱｲｳｴｵ'),('ｱｲｳｴ'),('ｱｲｳ'),('ｱｲ'),('ｱ'),('');
INSERT INTO `Ｔ２` VALUES ('あいうえお'),('あいうえ'),('あいう'),('あい'),('あ'),('');
INSERT INTO `Ｔ３` VALUES ('龔龖龗龞龡'),('龔龖龗龞'),('龔龖龗'),('龔龖'),('龔'),('');
INSERT INTO `Ｔ４` VALUES ('ｱｲｳｴｵ'),('ｱｲｳｴ'),('ｱｲｳ'),('ｱｲ'),('ｱ'),('');
INSERT INTO `Ｔ５` VALUES ('あいうえお'),('あいうえ'),('あいう'),('あい'),('あ'),('');
INSERT INTO `Ｔ６` VALUES ('龔龖龗龞龡'),('龔龖龗龞'),('龔龖龗'),('龔龖'),('龔'),('');
INSERT INTO `Ｔ７` VALUES ('ｱｲｳｴｵ'),('ｱｲｳｴ'),('ｱｲｳ'),('ｱｲ'),('ｱ'),('');
INSERT INTO `Ｔ８` VALUES ('あいうえお'),('あいうえ'),('あいう'),('あい'),('あ'),('');
INSERT INTO `Ｔ９` VALUES ('龔龖龗龞龡'),('龔龖龗龞'),('龔龖龗'),('龔龖'),('龔'),('');
SELECT `Ｃ１`, RPAD(`Ｃ１`,5,'｡') FROM `Ｔ１`;
Ｃ１	RPAD(`Ｃ１`,5,'｡')
	｡｡｡｡｡
ｱ	ｱ｡｡｡｡
ｱｲ	ｱｲ｡｡｡
ｱｲｳ	ｱｲｳ｡｡
ｱｲｳｴ	ｱｲｳｴ｡
ｱｲｳｴｵ	ｱｲｳｴｵ
SELECT `Ｃ１`, RPAD(`Ｃ１`,5,'Ｘ') FROM `Ｔ２`;
Ｃ１	RPAD(`Ｃ１`,5,'Ｘ')
	ＸＸＸＸＸ
あ	あＸＸＸＸ
あい	あいＸＸＸ
あいう	あいうＸＸ
あいうえ	あいうえＸ
あいうえお	あいうえお
SELECT `Ｃ１`, RPAD(`Ｃ１`,5,'丄') FROM `Ｔ３`;
Ｃ１	RPAD(`Ｃ１`,5,'丄')
	丄丄丄丄丄
龔	龔丄丄丄丄
龔龖	龔龖丄丄丄
龔龖龗	龔龖龗丄丄
龔龖龗龞	龔龖龗龞丄
龔龖龗龞龡	龔龖龗龞龡
SELECT `Ｃ１`, RPAD(`Ｃ１`,5,'｡') FROM `Ｔ４`;
Ｃ１	RPAD(`Ｃ１`,5,'｡')
	｡｡｡｡｡
ｱ	ｱ｡｡｡｡
ｱｲ	ｱｲ｡｡｡
ｱｲｳ	ｱｲｳ｡｡
ｱｲｳｴ	ｱｲｳｴ｡
ｱｲｳｴｵ	ｱｲｳｴｵ
SELECT `Ｃ１`, RPAD(`Ｃ１`,5,'Ｘ') FROM `Ｔ５`;
Ｃ１	RPAD(`Ｃ１`,5,'Ｘ')
	ＸＸＸＸＸ
あ	あＸＸＸＸ
あい	あいＸＸＸ
あいう	あいうＸＸ
あいうえ	あいうえＸ
あいうえお	あいうえお
SELECT `Ｃ１`, RPAD(`Ｃ１`,5,'丄' ) FROM `Ｔ６`;
Ｃ１	RPAD(`Ｃ１`,5,'丄' )
	丄丄丄丄丄
龔	龔丄丄丄丄
龔龖	龔龖丄丄丄
龔龖龗	龔龖龗丄丄
龔龖龗龞	龔龖龗龞丄
龔龖龗龞龡	龔龖龗龞龡
SELECT `Ｃ１`, RPAD(`Ｃ１`,5,'｡') FROM `Ｔ７`;
Ｃ１	RPAD(`Ｃ１`,5,'｡')
ｱｲｳｴｵ	ｱｲｳｴｵ
ｱｲｳｴ	ｱｲｳｴ｡
ｱｲｳ	ｱｲｳ｡｡
ｱｲ	ｱｲ｡｡｡
ｱ	ｱ｡｡｡｡
	｡｡｡｡｡
SELECT `Ｃ１`, RPAD(`Ｃ１`,5,'Ｘ') FROM `Ｔ８`;
Ｃ１	RPAD(`Ｃ１`,5,'Ｘ')
あいうえお	あいうえお
あいうえ	あいうえＸ
あいう	あいうＸＸ
あい	あいＸＸＸ
あ	あＸＸＸＸ
	ＸＸＸＸＸ
SELECT `Ｃ１`, RPAD(`Ｃ１`,5,'丄' ) FROM `Ｔ９`;
Ｃ１	RPAD(`Ｃ１`,5,'丄' )
龔龖龗龞龡	龔龖龗龞龡
龔龖龗龞	龔龖龗龞丄
龔龖龗	龔龖龗丄丄
龔龖	龔龖丄丄丄
龔	龔丄丄丄丄
	丄丄丄丄丄
DROP TABLE `Ｔ１`;
DROP TABLE `Ｔ２`;
DROP TABLE `Ｔ３`;
DROP TABLE `Ｔ４`;
DROP TABLE `Ｔ５`;
DROP TABLE `Ｔ６`;
DROP TABLE `Ｔ７`;
DROP TABLE `Ｔ８`;
DROP TABLE `Ｔ９`;
