drop table if exists `sP`;
drop table if exists `sQ`;
drop table if exists `sR`;
drop table if exists `sS`;
drop table if exists `sT`;
drop table if exists `sU`;
drop table if exists `sV`;
drop table if exists `sW`;
drop table if exists `sX`;
SET NAMES sjis;
SET character_set_database = sjis;
CREATE TABLE `sP` (`bP` char(5), INDEX(`bP`)) DEFAULT CHARSET = sjis engine = innodb;
CREATE TABLE `sQ` (`bP` char(5), INDEX(`bP`)) DEFAULT CHARSET = sjis engine = innodb;
CREATE TABLE `sR` (`bP` char(5), INDEX(`bP`)) DEFAULT CHARSET = sjis engine = innodb;
CREATE TABLE `sS` (`bP` char(5), INDEX(`bP`)) DEFAULT CHARSET = sjis engine = myisam;
CREATE TABLE `sT` (`bP` char(5), INDEX(`bP`)) DEFAULT CHARSET = sjis engine = myisam;
CREATE TABLE `sU` (`bP` char(5), INDEX(`bP`)) DEFAULT CHARSET = sjis engine = myisam;
CREATE TABLE `sV` (`bP` char(5), INDEX(`bP`)) DEFAULT CHARSET = sjis engine = MEMORY;
CREATE TABLE `sW` (`bP` char(5), INDEX(`bP`)) DEFAULT CHARSET = sjis engine = MEMORY;
CREATE TABLE `sX` (`bP` char(5), INDEX(`bP`)) DEFAULT CHARSET = sjis engine = MEMORY;
INSERT INTO `sP` VALUES ('');
INSERT INTO `sQ` VALUES ('');
INSERT INTO `sR` VALUES ('\\\\\');
INSERT INTO `sS` VALUES ('');
INSERT INTO `sT` VALUES ('');
INSERT INTO `sU` VALUES ('\\\\\');
INSERT INTO `sV` VALUES ('');
INSERT INTO `sW` VALUES ('');
INSERT INTO `sX` VALUES ('\\\\\');
SELECT REVERSE(`bP`) FROM `sP`;
REVERSE(`bP`)

SELECT REVERSE(`bP`) FROM `sQ`;
REVERSE(`bP`)

SELECT REVERSE(`bP`) FROM `sR`;
REVERSE(`bP`)
\\\\\
SELECT REVERSE(`bP`) FROM `sS`;
REVERSE(`bP`)

SELECT REVERSE(`bP`) FROM `sT`;
REVERSE(`bP`)

SELECT REVERSE(`bP`) FROM `sU`;
REVERSE(`bP`)
\\\\\
SELECT REVERSE(`bP`) FROM `sV`;
REVERSE(`bP`)

SELECT REVERSE(`bP`) FROM `sW`;
REVERSE(`bP`)

SELECT REVERSE(`bP`) FROM `sX`;
REVERSE(`bP`)
\\\\\
DROP TABLE `sP`;
DROP TABLE `sQ`;
DROP TABLE `sR`;
DROP TABLE `sS`;
DROP TABLE `sT`;
DROP TABLE `sU`;
DROP TABLE `sV`;
DROP TABLE `sW`;
DROP TABLE `sX`;
