drop table if exists `£Τ£±`;
drop table if exists `£Τ£²`;
drop table if exists `£Τ£³`;
drop table if exists `£Τ£΄`;
drop table if exists `£Τ£µ`;
drop table if exists `£Τ£¶`;
drop table if exists `£Τ£·`;
drop table if exists `£Τ£Έ`;
drop table if exists `£Τ£Ή`;
SET NAMES ujis;
SET character_set_database = ucs2;
SET collation_connection = ucs2_general_ci;
CREATE TABLE `£Τ£±` (`£Γ£±` char(5), INDEX(`£Γ£±`)) DEFAULT CHARSET = ucs2 engine = innodb;
CREATE TABLE `£Τ£²` (`£Γ£±` char(5), INDEX(`£Γ£±`)) DEFAULT CHARSET = ucs2 engine = innodb;
CREATE TABLE `£Τ£³` (`£Γ£±` char(5), INDEX(`£Γ£±`)) DEFAULT CHARSET = ucs2 engine = innodb;
CREATE TABLE `£Τ£΄` (`£Γ£±` char(5), INDEX(`£Γ£±`)) DEFAULT CHARSET = ucs2 engine = myisam;
CREATE TABLE `£Τ£µ` (`£Γ£±` char(5), INDEX(`£Γ£±`)) DEFAULT CHARSET = ucs2 engine = myisam;
CREATE TABLE `£Τ£¶` (`£Γ£±` char(5), INDEX(`£Γ£±`)) DEFAULT CHARSET = ucs2 engine = myisam;
CREATE TABLE `£Τ£·` (`£Γ£±` char(5), INDEX(`£Γ£±`)) DEFAULT CHARSET = ucs2 engine = MEMORY;
CREATE TABLE `£Τ£Έ` (`£Γ£±` char(5), INDEX(`£Γ£±`)) DEFAULT CHARSET = ucs2 engine = MEMORY;
CREATE TABLE `£Τ£Ή` (`£Γ£±` char(5), INDEX(`£Γ£±`)) DEFAULT CHARSET = ucs2 engine = MEMORY;
INSERT INTO `£Τ£±` VALUES ('±²³΄µ'),('±²³΄'),('±²³'),('±²'),('±'),('');
INSERT INTO `£Τ£²` VALUES ('¤Ά¤¤¤¦¤¨¤'),('¤Ά¤¤¤¦¤¨'),('¤Ά¤¤¤¦'),('¤Ά¤¤'),('¤Ά'),('');
INSERT INTO `£Τ£³` VALUES ('νάνένήνίνΰ'),('νάνένήνί'),('νάνένή'),('νάνέ'),('νά'),('');
INSERT INTO `£Τ£΄` VALUES ('±²³΄µ'),('±²³΄'),('±²³'),('±²'),('±'),('');
INSERT INTO `£Τ£µ` VALUES ('¤Ά¤¤¤¦¤¨¤'),('¤Ά¤¤¤¦¤¨'),('¤Ά¤¤¤¦'),('¤Ά¤¤'),('¤Ά'),('');
INSERT INTO `£Τ£¶` VALUES ('νάνένήνίνΰ'),('νάνένήνί'),('νάνένή'),('νάνέ'),('νά'),('');
INSERT INTO `£Τ£·` VALUES ('±²³΄µ'),('±²³΄'),('±²³'),('±²'),('±'),('');
INSERT INTO `£Τ£Έ` VALUES ('¤Ά¤¤¤¦¤¨¤'),('¤Ά¤¤¤¦¤¨'),('¤Ά¤¤¤¦'),('¤Ά¤¤'),('¤Ά'),('');
INSERT INTO `£Τ£Ή` VALUES ('νάνένήνίνΰ'),('νάνένήνί'),('νάνένή'),('νάνέ'),('νά'),('');
SELECT `£Γ£±`, RPAD(`£Γ£±`,5,'΅') FROM `£Τ£±`;
£Γ£±	RPAD(`£Γ£±`,5,'΅')
	΅΅΅΅΅
±	±΅΅΅΅
±²	±²΅΅΅
±²³	±²³΅΅
±²³΄	±²³΄΅
±²³΄µ	±²³΄µ
SELECT `£Γ£±`, RPAD(`£Γ£±`,5,'£Ψ') FROM `£Τ£²`;
£Γ£±	RPAD(`£Γ£±`,5,'£Ψ')
	£Ψ£Ψ£Ψ£Ψ£Ψ
¤Ά	¤Ά£Ψ£Ψ£Ψ£Ψ
¤Ά¤¤	¤Ά¤¤£Ψ£Ψ£Ψ
¤Ά¤¤¤¦	¤Ά¤¤¤¦£Ψ£Ψ
¤Ά¤¤¤¦¤¨	¤Ά¤¤¤¦¤¨£Ψ
¤Ά¤¤¤¦¤¨¤	¤Ά¤¤¤¦¤¨¤
SELECT `£Γ£±`, RPAD(`£Γ£±`,5,'°Ά') FROM `£Τ£³`;
£Γ£±	RPAD(`£Γ£±`,5,'°Ά')
	°Ά°Ά°Ά°Ά°Ά
νά	νά°Ά°Ά°Ά°Ά
νάνέ	νάνέ°Ά°Ά°Ά
νάνένή	νάνένή°Ά°Ά
νάνένήνί	νάνένήνί°Ά
νάνένήνίνΰ	νάνένήνίνΰ
SELECT `£Γ£±`, RPAD(`£Γ£±`,5,'΅') FROM `£Τ£΄`;
£Γ£±	RPAD(`£Γ£±`,5,'΅')
	΅΅΅΅΅
±	±΅΅΅΅
±²	±²΅΅΅
±²³	±²³΅΅
±²³΄	±²³΄΅
±²³΄µ	±²³΄µ
SELECT `£Γ£±`, RPAD(`£Γ£±`,5,'£Ψ') FROM `£Τ£µ`;
£Γ£±	RPAD(`£Γ£±`,5,'£Ψ')
	£Ψ£Ψ£Ψ£Ψ£Ψ
¤Ά	¤Ά£Ψ£Ψ£Ψ£Ψ
¤Ά¤¤	¤Ά¤¤£Ψ£Ψ£Ψ
¤Ά¤¤¤¦	¤Ά¤¤¤¦£Ψ£Ψ
¤Ά¤¤¤¦¤¨	¤Ά¤¤¤¦¤¨£Ψ
¤Ά¤¤¤¦¤¨¤	¤Ά¤¤¤¦¤¨¤
SELECT `£Γ£±`, RPAD(`£Γ£±`,5,'°Ά' ) FROM `£Τ£¶`;
£Γ£±	RPAD(`£Γ£±`,5,'°Ά' )
	°Ά°Ά°Ά°Ά°Ά
νά	νά°Ά°Ά°Ά°Ά
νάνέ	νάνέ°Ά°Ά°Ά
νάνένή	νάνένή°Ά°Ά
νάνένήνί	νάνένήνί°Ά
νάνένήνίνΰ	νάνένήνίνΰ
SELECT `£Γ£±`, RPAD(`£Γ£±`,5,'΅') FROM `£Τ£·`;
£Γ£±	RPAD(`£Γ£±`,5,'΅')
±²³΄µ	±²³΄µ
±²³΄	±²³΄΅
±²³	±²³΅΅
±²	±²΅΅΅
±	±΅΅΅΅
	΅΅΅΅΅
SELECT `£Γ£±`, RPAD(`£Γ£±`,5,'£Ψ') FROM `£Τ£Έ`;
£Γ£±	RPAD(`£Γ£±`,5,'£Ψ')
¤Ά¤¤¤¦¤¨¤	¤Ά¤¤¤¦¤¨¤
¤Ά¤¤¤¦¤¨	¤Ά¤¤¤¦¤¨£Ψ
¤Ά¤¤¤¦	¤Ά¤¤¤¦£Ψ£Ψ
¤Ά¤¤	¤Ά¤¤£Ψ£Ψ£Ψ
¤Ά	¤Ά£Ψ£Ψ£Ψ£Ψ
	£Ψ£Ψ£Ψ£Ψ£Ψ
SELECT `£Γ£±`, RPAD(`£Γ£±`,5,'°Ά' ) FROM `£Τ£Ή`;
£Γ£±	RPAD(`£Γ£±`,5,'°Ά' )
νάνένήνίνΰ	νάνένήνίνΰ
νάνένήνί	νάνένήνί°Ά
νάνένή	νάνένή°Ά°Ά
νάνέ	νάνέ°Ά°Ά°Ά
νά	νά°Ά°Ά°Ά°Ά
	°Ά°Ά°Ά°Ά°Ά
DROP TABLE `£Τ£±`;
DROP TABLE `£Τ£²`;
DROP TABLE `£Τ£³`;
DROP TABLE `£Τ£΄`;
DROP TABLE `£Τ£µ`;
DROP TABLE `£Τ£¶`;
DROP TABLE `£Τ£·`;
DROP TABLE `£Τ£Έ`;
DROP TABLE `£Τ£Ή`;
