drop table if exists `Ｔ１`;
drop table if exists `Ｔ２`;
drop table if exists `Ｔ３`;
drop table if exists `Ｔ４`;
drop table if exists `Ｔ５`;
drop table if exists `Ｔ６`;
drop table if exists `Ｔ７`;
drop table if exists `Ｔ８`;
drop table if exists `Ｔ９`;
SET NAMES utf8;
SET character_set_database = utf8;
Warnings:
Warning	1681	Updating 'character_set_database' is deprecated. It will be made read-only in a future release.
CREATE TABLE `Ｔ１` (`Ｃ１` char(5), INDEX(`Ｃ１`)) DEFAULT CHARSET = utf8 engine = innodb;
CREATE TABLE `Ｔ２` (`Ｃ１` char(5), INDEX(`Ｃ１`)) DEFAULT CHARSET = utf8 engine = innodb;
CREATE TABLE `Ｔ３` (`Ｃ１` char(5), INDEX(`Ｃ１`)) DEFAULT CHARSET = utf8 engine = innodb;
CREATE TABLE `Ｔ４` (`Ｃ１` char(5), INDEX(`Ｃ１`)) DEFAULT CHARSET = utf8 engine = myisam;
CREATE TABLE `Ｔ５` (`Ｃ１` char(5), INDEX(`Ｃ１`)) DEFAULT CHARSET = utf8 engine = myisam;
CREATE TABLE `Ｔ６` (`Ｃ１` char(5), INDEX(`Ｃ１`)) DEFAULT CHARSET = utf8 engine = myisam;
CREATE TABLE `Ｔ７` (`Ｃ１` char(5), INDEX(`Ｃ１`)) DEFAULT CHARSET = utf8 engine = MEMORY;
CREATE TABLE `Ｔ８` (`Ｃ１` char(5), INDEX(`Ｃ１`)) DEFAULT CHARSET = utf8 engine = MEMORY;
CREATE TABLE `Ｔ９` (`Ｃ１` char(5), INDEX(`Ｃ１`)) DEFAULT CHARSET = utf8 engine = MEMORY;
INSERT INTO `Ｔ１` VALUES ('ｱｲｳｴｵ');
INSERT INTO `Ｔ２` VALUES ('あいうえお');
INSERT INTO `Ｔ３` VALUES ('龔龖龗龞龡');
INSERT INTO `Ｔ４` VALUES ('ｱｲｳｴｵ');
INSERT INTO `Ｔ５` VALUES ('あいうえお');
INSERT INTO `Ｔ６` VALUES ('龔龖龗龞龡');
INSERT INTO `Ｔ７` VALUES ('ｱｲｳｴｵ');
INSERT INTO `Ｔ８` VALUES ('あいうえお');
INSERT INTO `Ｔ９` VALUES ('龔龖龗龞龡');
SELECT REVERSE(`Ｃ１`) FROM `Ｔ１`;
REVERSE(`Ｃ１`)
ｵｴｳｲｱ
SELECT REVERSE(`Ｃ１`) FROM `Ｔ２`;
REVERSE(`Ｃ１`)
おえういあ
SELECT REVERSE(`Ｃ１`) FROM `Ｔ３`;
REVERSE(`Ｃ１`)
龡龞龗龖龔
SELECT REVERSE(`Ｃ１`) FROM `Ｔ４`;
REVERSE(`Ｃ１`)
ｵｴｳｲｱ
SELECT REVERSE(`Ｃ１`) FROM `Ｔ５`;
REVERSE(`Ｃ１`)
おえういあ
SELECT REVERSE(`Ｃ１`) FROM `Ｔ６`;
REVERSE(`Ｃ１`)
龡龞龗龖龔
SELECT REVERSE(`Ｃ１`) FROM `Ｔ７`;
REVERSE(`Ｃ１`)
ｵｴｳｲｱ
SELECT REVERSE(`Ｃ１`) FROM `Ｔ８`;
REVERSE(`Ｃ１`)
おえういあ
SELECT REVERSE(`Ｃ１`) FROM `Ｔ９`;
REVERSE(`Ｃ１`)
龡龞龗龖龔
DROP TABLE `Ｔ１`;
DROP TABLE `Ｔ２`;
DROP TABLE `Ｔ３`;
DROP TABLE `Ｔ４`;
DROP TABLE `Ｔ５`;
DROP TABLE `Ｔ６`;
DROP TABLE `Ｔ７`;
DROP TABLE `Ｔ８`;
DROP TABLE `Ｔ９`;
