drop table if exists `Ｔ１`;
drop table if exists `Ｔ２`;
drop table if exists `Ｔ３`;
drop table if exists `Ｔ４`;
drop table if exists `Ｔ５`;
drop table if exists `Ｔ６`;
drop table if exists `Ｔ７`;
drop table if exists `Ｔ８`;
drop table if exists `Ｔ９`;
SET NAMES utf8;
SET character_set_database = utf8;
CREATE TABLE `Ｔ１` (`Ｃ１` char(5), INDEX(`Ｃ１`)) DEFAULT CHARSET = utf8 engine = innodb;
CREATE TABLE `Ｔ２` (`Ｃ１` char(5), INDEX(`Ｃ１`)) DEFAULT CHARSET = utf8 engine = innodb;
CREATE TABLE `Ｔ３` (`Ｃ１` char(5), INDEX(`Ｃ１`)) DEFAULT CHARSET = utf8 engine = innodb;
CREATE TABLE `Ｔ４` (`Ｃ１` char(5), INDEX(`Ｃ１`)) DEFAULT CHARSET = utf8 engine = myisam;
CREATE TABLE `Ｔ５` (`Ｃ１` char(5), INDEX(`Ｃ１`)) DEFAULT CHARSET = utf8 engine = myisam;
CREATE TABLE `Ｔ６` (`Ｃ１` char(5), INDEX(`Ｃ１`)) DEFAULT CHARSET = utf8 engine = myisam;
CREATE TABLE `Ｔ７` (`Ｃ１` char(5), INDEX(`Ｃ１`)) DEFAULT CHARSET = utf8 engine = MEMORY;
CREATE TABLE `Ｔ８` (`Ｃ１` char(5), INDEX(`Ｃ１`)) DEFAULT CHARSET = utf8 engine = MEMORY;
CREATE TABLE `Ｔ９` (`Ｃ１` char(5), INDEX(`Ｃ１`)) DEFAULT CHARSET = utf8 engine = MEMORY;
INSERT INTO `Ｔ１` VALUES ('ｱｲｳｴｵ'),('ｱｲｳｴ'),('ｱｲｳ'),('ｱｲ'),('ｱ'),('');
INSERT INTO `Ｔ２` VALUES ('あいうえお'),('あいうえ'),('あいう'),('あい'),('あ'),('');
INSERT INTO `Ｔ３` VALUES ('龔龖龗龞龡'),('龔龖龗龞'),('龔龖龗'),('龔龖'),('龔'),('');
INSERT INTO `Ｔ４` VALUES ('ｱｲｳｴｵ'),('ｱｲｳｴ'),('ｱｲｳ'),('ｱｲ'),('ｱ'),('');
INSERT INTO `Ｔ５` VALUES ('あいうえお'),('あいうえ'),('あいう'),('あい'),('あ'),('');
INSERT INTO `Ｔ６` VALUES ('龔龖龗龞龡'),('龔龖龗龞'),('龔龖龗'),('龔龖'),('龔'),('');
INSERT INTO `Ｔ７` VALUES ('ｱｲｳｴｵ'),('ｱｲｳｴ'),('ｱｲｳ'),('ｱｲ'),('ｱ'),('');
INSERT INTO `Ｔ８` VALUES ('あいうえお'),('あいうえ'),('あいう'),('あい'),('あ'),('');
INSERT INTO `Ｔ９` VALUES ('龔龖龗龞龡'),('龔龖龗龞'),('龔龖龗'),('龔龖'),('龔'),('');
SELECT `Ｃ１`, SUBSTRING(`Ｃ１`,0) FROM `Ｔ１`;
Ｃ１	SUBSTRING(`Ｃ１`,0)
	
ｱ	
ｱｲ	
ｱｲｳ	
ｱｲｳｴ	
ｱｲｳｴｵ	
SELECT `Ｃ１`, SUBSTRING(`Ｃ１`,1) FROM `Ｔ１`;
Ｃ１	SUBSTRING(`Ｃ１`,1)
	
ｱ	ｱ
ｱｲ	ｱｲ
ｱｲｳ	ｱｲｳ
ｱｲｳｴ	ｱｲｳｴ
ｱｲｳｴｵ	ｱｲｳｴｵ
SELECT `Ｃ１`, SUBSTRING(`Ｃ１`,2) FROM `Ｔ１`;
Ｃ１	SUBSTRING(`Ｃ１`,2)
	
ｱ	
ｱｲ	ｲ
ｱｲｳ	ｲｳ
ｱｲｳｴ	ｲｳｴ
ｱｲｳｴｵ	ｲｳｴｵ
SELECT `Ｃ１`, SUBSTRING(`Ｃ１`,3) FROM `Ｔ１`;
Ｃ１	SUBSTRING(`Ｃ１`,3)
	
ｱ	
ｱｲ	
ｱｲｳ	ｳ
ｱｲｳｴ	ｳｴ
ｱｲｳｴｵ	ｳｴｵ
SELECT `Ｃ１`, SUBSTRING(`Ｃ１`,4) FROM `Ｔ１`;
Ｃ１	SUBSTRING(`Ｃ１`,4)
	
ｱ	
ｱｲ	
ｱｲｳ	
ｱｲｳｴ	ｴ
ｱｲｳｴｵ	ｴｵ
SELECT `Ｃ１`, SUBSTRING(`Ｃ１`,5) FROM `Ｔ１`;
Ｃ１	SUBSTRING(`Ｃ１`,5)
	
ｱ	
ｱｲ	
ｱｲｳ	
ｱｲｳｴ	
ｱｲｳｴｵ	ｵ
SELECT `Ｃ１`, SUBSTRING(`Ｃ１`,6) FROM `Ｔ１`;
Ｃ１	SUBSTRING(`Ｃ１`,6)
	
ｱ	
ｱｲ	
ｱｲｳ	
ｱｲｳｴ	
ｱｲｳｴｵ	
SELECT `Ｃ１`, SUBSTRING(`Ｃ１` FROM 0) FROM `Ｔ１`;
Ｃ１	SUBSTRING(`Ｃ１` FROM 0)
	
ｱ	
ｱｲ	
ｱｲｳ	
ｱｲｳｴ	
ｱｲｳｴｵ	
SELECT `Ｃ１`, SUBSTRING(`Ｃ１` FROM 1) FROM `Ｔ１`;
Ｃ１	SUBSTRING(`Ｃ１` FROM 1)
	
ｱ	ｱ
ｱｲ	ｱｲ
ｱｲｳ	ｱｲｳ
ｱｲｳｴ	ｱｲｳｴ
ｱｲｳｴｵ	ｱｲｳｴｵ
SELECT `Ｃ１`, SUBSTRING(`Ｃ１` FROM 2) FROM `Ｔ１`;
Ｃ１	SUBSTRING(`Ｃ１` FROM 2)
	
ｱ	
ｱｲ	ｲ
ｱｲｳ	ｲｳ
ｱｲｳｴ	ｲｳｴ
ｱｲｳｴｵ	ｲｳｴｵ
SELECT `Ｃ１`, SUBSTRING(`Ｃ１` FROM 3) FROM `Ｔ１`;
Ｃ１	SUBSTRING(`Ｃ１` FROM 3)
	
ｱ	
ｱｲ	
ｱｲｳ	ｳ
ｱｲｳｴ	ｳｴ
ｱｲｳｴｵ	ｳｴｵ
SELECT `Ｃ１`, SUBSTRING(`Ｃ１` FROM 4) FROM `Ｔ１`;
Ｃ１	SUBSTRING(`Ｃ１` FROM 4)
	
ｱ	
ｱｲ	
ｱｲｳ	
ｱｲｳｴ	ｴ
ｱｲｳｴｵ	ｴｵ
SELECT `Ｃ１`, SUBSTRING(`Ｃ１` FROM 5) FROM `Ｔ１`;
Ｃ１	SUBSTRING(`Ｃ１` FROM 5)
	
ｱ	
ｱｲ	
ｱｲｳ	
ｱｲｳｴ	
ｱｲｳｴｵ	ｵ
SELECT `Ｃ１`, SUBSTRING(`Ｃ１` FROM 6) FROM `Ｔ１`;
Ｃ１	SUBSTRING(`Ｃ１` FROM 6)
	
ｱ	
ｱｲ	
ｱｲｳ	
ｱｲｳｴ	
ｱｲｳｴｵ	
SELECT `Ｃ１`, SUBSTRING(`Ｃ１`,1,0) FROM `Ｔ１`;
Ｃ１	SUBSTRING(`Ｃ１`,1,0)
	
ｱ	
ｱｲ	
ｱｲｳ	
ｱｲｳｴ	
ｱｲｳｴｵ	
SELECT `Ｃ１`, SUBSTRING(`Ｃ１`,1,1) FROM `Ｔ１`;
Ｃ１	SUBSTRING(`Ｃ１`,1,1)
	
ｱ	ｱ
ｱｲ	ｱ
ｱｲｳ	ｱ
ｱｲｳｴ	ｱ
ｱｲｳｴｵ	ｱ
SELECT `Ｃ１`, SUBSTRING(`Ｃ１`,1,2) FROM `Ｔ１`;
Ｃ１	SUBSTRING(`Ｃ１`,1,2)
	
ｱ	ｱ
ｱｲ	ｱｲ
ｱｲｳ	ｱｲ
ｱｲｳｴ	ｱｲ
ｱｲｳｴｵ	ｱｲ
SELECT `Ｃ１`, SUBSTRING(`Ｃ１`,1,3) FROM `Ｔ１`;
Ｃ１	SUBSTRING(`Ｃ１`,1,3)
	
ｱ	ｱ
ｱｲ	ｱｲ
ｱｲｳ	ｱｲｳ
ｱｲｳｴ	ｱｲｳ
ｱｲｳｴｵ	ｱｲｳ
SELECT `Ｃ１`, SUBSTRING(`Ｃ１`,1,4) FROM `Ｔ１`;
Ｃ１	SUBSTRING(`Ｃ１`,1,4)
	
ｱ	ｱ
ｱｲ	ｱｲ
ｱｲｳ	ｱｲｳ
ｱｲｳｴ	ｱｲｳｴ
ｱｲｳｴｵ	ｱｲｳｴ
SELECT `Ｃ１`, SUBSTRING(`Ｃ１`,1,5) FROM `Ｔ１`;
Ｃ１	SUBSTRING(`Ｃ１`,1,5)
	
ｱ	ｱ
ｱｲ	ｱｲ
ｱｲｳ	ｱｲｳ
ｱｲｳｴ	ｱｲｳｴ
ｱｲｳｴｵ	ｱｲｳｴｵ
SELECT `Ｃ１`, SUBSTRING(`Ｃ１`,1,6) FROM `Ｔ１`;
Ｃ１	SUBSTRING(`Ｃ１`,1,6)
	
ｱ	ｱ
ｱｲ	ｱｲ
ｱｲｳ	ｱｲｳ
ｱｲｳｴ	ｱｲｳｴ
ｱｲｳｴｵ	ｱｲｳｴｵ
SELECT `Ｃ１`, SUBSTRING(`Ｃ１` FROM 1 FOR 0) FROM `Ｔ１`;
Ｃ１	SUBSTRING(`Ｃ１` FROM 1 FOR 0)
	
ｱ	
ｱｲ	
ｱｲｳ	
ｱｲｳｴ	
ｱｲｳｴｵ	
SELECT `Ｃ１`, SUBSTRING(`Ｃ１` FROM 1 FOR 1) FROM `Ｔ１`;
Ｃ１	SUBSTRING(`Ｃ１` FROM 1 FOR 1)
	
ｱ	ｱ
ｱｲ	ｱ
ｱｲｳ	ｱ
ｱｲｳｴ	ｱ
ｱｲｳｴｵ	ｱ
SELECT `Ｃ１`, SUBSTRING(`Ｃ１` FROM 1 FOR 2) FROM `Ｔ１`;
Ｃ１	SUBSTRING(`Ｃ１` FROM 1 FOR 2)
	
ｱ	ｱ
ｱｲ	ｱｲ
ｱｲｳ	ｱｲ
ｱｲｳｴ	ｱｲ
ｱｲｳｴｵ	ｱｲ
SELECT `Ｃ１`, SUBSTRING(`Ｃ１` FROM 1 FOR 3) FROM `Ｔ１`;
Ｃ１	SUBSTRING(`Ｃ１` FROM 1 FOR 3)
	
ｱ	ｱ
ｱｲ	ｱｲ
ｱｲｳ	ｱｲｳ
ｱｲｳｴ	ｱｲｳ
ｱｲｳｴｵ	ｱｲｳ
SELECT `Ｃ１`, SUBSTRING(`Ｃ１` FROM 1 FOR 4) FROM `Ｔ１`;
Ｃ１	SUBSTRING(`Ｃ１` FROM 1 FOR 4)
	
ｱ	ｱ
ｱｲ	ｱｲ
ｱｲｳ	ｱｲｳ
ｱｲｳｴ	ｱｲｳｴ
ｱｲｳｴｵ	ｱｲｳｴ
SELECT `Ｃ１`, SUBSTRING(`Ｃ１` FROM 1 FOR 5) FROM `Ｔ１`;
Ｃ１	SUBSTRING(`Ｃ１` FROM 1 FOR 5)
	
ｱ	ｱ
ｱｲ	ｱｲ
ｱｲｳ	ｱｲｳ
ｱｲｳｴ	ｱｲｳｴ
ｱｲｳｴｵ	ｱｲｳｴｵ
SELECT `Ｃ１`, SUBSTRING(`Ｃ１` FROM 1 FOR 6) FROM `Ｔ１`;
Ｃ１	SUBSTRING(`Ｃ１` FROM 1 FOR 6)
	
ｱ	ｱ
ｱｲ	ｱｲ
ｱｲｳ	ｱｲｳ
ｱｲｳｴ	ｱｲｳｴ
ｱｲｳｴｵ	ｱｲｳｴｵ
SELECT `Ｃ１`, SUBSTRING(`Ｃ１`,0) FROM `Ｔ２`;
Ｃ１	SUBSTRING(`Ｃ１`,0)
	
あ	
あい	
あいう	
あいうえ	
あいうえお	
SELECT `Ｃ１`, SUBSTRING(`Ｃ１`,1) FROM `Ｔ２`;
Ｃ１	SUBSTRING(`Ｃ１`,1)
	
あ	あ
あい	あい
あいう	あいう
あいうえ	あいうえ
あいうえお	あいうえお
SELECT `Ｃ１`, SUBSTRING(`Ｃ１`,2) FROM `Ｔ２`;
Ｃ１	SUBSTRING(`Ｃ１`,2)
	
あ	
あい	い
あいう	いう
あいうえ	いうえ
あいうえお	いうえお
SELECT `Ｃ１`, SUBSTRING(`Ｃ１`,3) FROM `Ｔ２`;
Ｃ１	SUBSTRING(`Ｃ１`,3)
	
あ	
あい	
あいう	う
あいうえ	うえ
あいうえお	うえお
SELECT `Ｃ１`, SUBSTRING(`Ｃ１`,4) FROM `Ｔ２`;
Ｃ１	SUBSTRING(`Ｃ１`,4)
	
あ	
あい	
あいう	
あいうえ	え
あいうえお	えお
SELECT `Ｃ１`, SUBSTRING(`Ｃ１`,5) FROM `Ｔ２`;
Ｃ１	SUBSTRING(`Ｃ１`,5)
	
あ	
あい	
あいう	
あいうえ	
あいうえお	お
SELECT `Ｃ１`, SUBSTRING(`Ｃ１`,6) FROM `Ｔ２`;
Ｃ１	SUBSTRING(`Ｃ１`,6)
	
あ	
あい	
あいう	
あいうえ	
あいうえお	
SELECT `Ｃ１`, SUBSTRING(`Ｃ１` FROM 0) FROM `Ｔ２`;
Ｃ１	SUBSTRING(`Ｃ１` FROM 0)
	
あ	
あい	
あいう	
あいうえ	
あいうえお	
SELECT `Ｃ１`, SUBSTRING(`Ｃ１` FROM 1) FROM `Ｔ２`;
Ｃ１	SUBSTRING(`Ｃ１` FROM 1)
	
あ	あ
あい	あい
あいう	あいう
あいうえ	あいうえ
あいうえお	あいうえお
SELECT `Ｃ１`, SUBSTRING(`Ｃ１` FROM 2) FROM `Ｔ２`;
Ｃ１	SUBSTRING(`Ｃ１` FROM 2)
	
あ	
あい	い
あいう	いう
あいうえ	いうえ
あいうえお	いうえお
SELECT `Ｃ１`, SUBSTRING(`Ｃ１` FROM 3) FROM `Ｔ２`;
Ｃ１	SUBSTRING(`Ｃ１` FROM 3)
	
あ	
あい	
あいう	う
あいうえ	うえ
あいうえお	うえお
SELECT `Ｃ１`, SUBSTRING(`Ｃ１` FROM 4) FROM `Ｔ２`;
Ｃ１	SUBSTRING(`Ｃ１` FROM 4)
	
あ	
あい	
あいう	
あいうえ	え
あいうえお	えお
SELECT `Ｃ１`, SUBSTRING(`Ｃ１` FROM 5) FROM `Ｔ２`;
Ｃ１	SUBSTRING(`Ｃ１` FROM 5)
	
あ	
あい	
あいう	
あいうえ	
あいうえお	お
SELECT `Ｃ１`, SUBSTRING(`Ｃ１` FROM 6) FROM `Ｔ２`;
Ｃ１	SUBSTRING(`Ｃ１` FROM 6)
	
あ	
あい	
あいう	
あいうえ	
あいうえお	
SELECT `Ｃ１`, SUBSTRING(`Ｃ１`,1,0) FROM `Ｔ２`;
Ｃ１	SUBSTRING(`Ｃ１`,1,0)
	
あ	
あい	
あいう	
あいうえ	
あいうえお	
SELECT `Ｃ１`, SUBSTRING(`Ｃ１`,1,1) FROM `Ｔ２`;
Ｃ１	SUBSTRING(`Ｃ１`,1,1)
	
あ	あ
あい	あ
あいう	あ
あいうえ	あ
あいうえお	あ
SELECT `Ｃ１`, SUBSTRING(`Ｃ１`,1,2) FROM `Ｔ２`;
Ｃ１	SUBSTRING(`Ｃ１`,1,2)
	
あ	あ
あい	あい
あいう	あい
あいうえ	あい
あいうえお	あい
SELECT `Ｃ１`, SUBSTRING(`Ｃ１`,1,3) FROM `Ｔ２`;
Ｃ１	SUBSTRING(`Ｃ１`,1,3)
	
あ	あ
あい	あい
あいう	あいう
あいうえ	あいう
あいうえお	あいう
SELECT `Ｃ１`, SUBSTRING(`Ｃ１`,1,4) FROM `Ｔ２`;
Ｃ１	SUBSTRING(`Ｃ１`,1,4)
	
あ	あ
あい	あい
あいう	あいう
あいうえ	あいうえ
あいうえお	あいうえ
SELECT `Ｃ１`, SUBSTRING(`Ｃ１`,1,5) FROM `Ｔ２`;
Ｃ１	SUBSTRING(`Ｃ１`,1,5)
	
あ	あ
あい	あい
あいう	あいう
あいうえ	あいうえ
あいうえお	あいうえお
SELECT `Ｃ１`, SUBSTRING(`Ｃ１`,1,6) FROM `Ｔ２`;
Ｃ１	SUBSTRING(`Ｃ１`,1,6)
	
あ	あ
あい	あい
あいう	あいう
あいうえ	あいうえ
あいうえお	あいうえお
SELECT `Ｃ１`, SUBSTRING(`Ｃ１` FROM 1 FOR 0) FROM `Ｔ２`;
Ｃ１	SUBSTRING(`Ｃ１` FROM 1 FOR 0)
	
あ	
あい	
あいう	
あいうえ	
あいうえお	
SELECT `Ｃ１`, SUBSTRING(`Ｃ１` FROM 1 FOR 1) FROM `Ｔ２`;
Ｃ１	SUBSTRING(`Ｃ１` FROM 1 FOR 1)
	
あ	あ
あい	あ
あいう	あ
あいうえ	あ
あいうえお	あ
SELECT `Ｃ１`, SUBSTRING(`Ｃ１` FROM 1 FOR 2) FROM `Ｔ２`;
Ｃ１	SUBSTRING(`Ｃ１` FROM 1 FOR 2)
	
あ	あ
あい	あい
あいう	あい
あいうえ	あい
あいうえお	あい
SELECT `Ｃ１`, SUBSTRING(`Ｃ１` FROM 1 FOR 3) FROM `Ｔ２`;
Ｃ１	SUBSTRING(`Ｃ１` FROM 1 FOR 3)
	
あ	あ
あい	あい
あいう	あいう
あいうえ	あいう
あいうえお	あいう
SELECT `Ｃ１`, SUBSTRING(`Ｃ１` FROM 1 FOR 4) FROM `Ｔ２`;
Ｃ１	SUBSTRING(`Ｃ１` FROM 1 FOR 4)
	
あ	あ
あい	あい
あいう	あいう
あいうえ	あいうえ
あいうえお	あいうえ
SELECT `Ｃ１`, SUBSTRING(`Ｃ１` FROM 1 FOR 5) FROM `Ｔ２`;
Ｃ１	SUBSTRING(`Ｃ１` FROM 1 FOR 5)
	
あ	あ
あい	あい
あいう	あいう
あいうえ	あいうえ
あいうえお	あいうえお
SELECT `Ｃ１`, SUBSTRING(`Ｃ１` FROM 1 FOR 6) FROM `Ｔ２`;
Ｃ１	SUBSTRING(`Ｃ１` FROM 1 FOR 6)
	
あ	あ
あい	あい
あいう	あいう
あいうえ	あいうえ
あいうえお	あいうえお
SELECT `Ｃ１`, SUBSTRING(`Ｃ１`,0) FROM `Ｔ３`;
Ｃ１	SUBSTRING(`Ｃ１`,0)
	
龔	
龔龖	
龔龖龗	
龔龖龗龞	
龔龖龗龞龡	
SELECT `Ｃ１`, SUBSTRING(`Ｃ１`,1) FROM `Ｔ３`;
Ｃ１	SUBSTRING(`Ｃ１`,1)
	
龔	龔
龔龖	龔龖
龔龖龗	龔龖龗
龔龖龗龞	龔龖龗龞
龔龖龗龞龡	龔龖龗龞龡
SELECT `Ｃ１`, SUBSTRING(`Ｃ１`,2) FROM `Ｔ３`;
Ｃ１	SUBSTRING(`Ｃ１`,2)
	
龔	
龔龖	龖
龔龖龗	龖龗
龔龖龗龞	龖龗龞
龔龖龗龞龡	龖龗龞龡
SELECT `Ｃ１`, SUBSTRING(`Ｃ１`,3) FROM `Ｔ３`;
Ｃ１	SUBSTRING(`Ｃ１`,3)
	
龔	
龔龖	
龔龖龗	龗
龔龖龗龞	龗龞
龔龖龗龞龡	龗龞龡
SELECT `Ｃ１`, SUBSTRING(`Ｃ１`,4) FROM `Ｔ３`;
Ｃ１	SUBSTRING(`Ｃ１`,4)
	
龔	
龔龖	
龔龖龗	
龔龖龗龞	龞
龔龖龗龞龡	龞龡
SELECT `Ｃ１`, SUBSTRING(`Ｃ１`,5) FROM `Ｔ３`;
Ｃ１	SUBSTRING(`Ｃ１`,5)
	
龔	
龔龖	
龔龖龗	
龔龖龗龞	
龔龖龗龞龡	龡
SELECT `Ｃ１`, SUBSTRING(`Ｃ１`,6) FROM `Ｔ３`;
Ｃ１	SUBSTRING(`Ｃ１`,6)
	
龔	
龔龖	
龔龖龗	
龔龖龗龞	
龔龖龗龞龡	
SELECT `Ｃ１`, SUBSTRING(`Ｃ１` FROM 0) FROM `Ｔ３`;
Ｃ１	SUBSTRING(`Ｃ１` FROM 0)
	
龔	
龔龖	
龔龖龗	
龔龖龗龞	
龔龖龗龞龡	
SELECT `Ｃ１`, SUBSTRING(`Ｃ１` FROM 1) FROM `Ｔ３`;
Ｃ１	SUBSTRING(`Ｃ１` FROM 1)
	
龔	龔
龔龖	龔龖
龔龖龗	龔龖龗
龔龖龗龞	龔龖龗龞
龔龖龗龞龡	龔龖龗龞龡
SELECT `Ｃ１`, SUBSTRING(`Ｃ１` FROM 2) FROM `Ｔ３`;
Ｃ１	SUBSTRING(`Ｃ１` FROM 2)
	
龔	
龔龖	龖
龔龖龗	龖龗
龔龖龗龞	龖龗龞
龔龖龗龞龡	龖龗龞龡
SELECT `Ｃ１`, SUBSTRING(`Ｃ１` FROM 3) FROM `Ｔ３`;
Ｃ１	SUBSTRING(`Ｃ１` FROM 3)
	
龔	
龔龖	
龔龖龗	龗
龔龖龗龞	龗龞
龔龖龗龞龡	龗龞龡
SELECT `Ｃ１`, SUBSTRING(`Ｃ１` FROM 4) FROM `Ｔ３`;
Ｃ１	SUBSTRING(`Ｃ１` FROM 4)
	
龔	
龔龖	
龔龖龗	
龔龖龗龞	龞
龔龖龗龞龡	龞龡
SELECT `Ｃ１`, SUBSTRING(`Ｃ１` FROM 5) FROM `Ｔ３`;
Ｃ１	SUBSTRING(`Ｃ１` FROM 5)
	
龔	
龔龖	
龔龖龗	
龔龖龗龞	
龔龖龗龞龡	龡
SELECT `Ｃ１`, SUBSTRING(`Ｃ１` FROM 6) FROM `Ｔ３`;
Ｃ１	SUBSTRING(`Ｃ１` FROM 6)
	
龔	
龔龖	
龔龖龗	
龔龖龗龞	
龔龖龗龞龡	
SELECT `Ｃ１`, SUBSTRING(`Ｃ１`,1,0) FROM `Ｔ３`;
Ｃ１	SUBSTRING(`Ｃ１`,1,0)
	
龔	
龔龖	
龔龖龗	
龔龖龗龞	
龔龖龗龞龡	
SELECT `Ｃ１`, SUBSTRING(`Ｃ１`,1,1) FROM `Ｔ３`;
Ｃ１	SUBSTRING(`Ｃ１`,1,1)
	
龔	龔
龔龖	龔
龔龖龗	龔
龔龖龗龞	龔
龔龖龗龞龡	龔
SELECT `Ｃ１`, SUBSTRING(`Ｃ１`,1,2) FROM `Ｔ３`;
Ｃ１	SUBSTRING(`Ｃ１`,1,2)
	
龔	龔
龔龖	龔龖
龔龖龗	龔龖
龔龖龗龞	龔龖
龔龖龗龞龡	龔龖
SELECT `Ｃ１`, SUBSTRING(`Ｃ１`,1,3) FROM `Ｔ３`;
Ｃ１	SUBSTRING(`Ｃ１`,1,3)
	
龔	龔
龔龖	龔龖
龔龖龗	龔龖龗
龔龖龗龞	龔龖龗
龔龖龗龞龡	龔龖龗
SELECT `Ｃ１`, SUBSTRING(`Ｃ１`,1,4) FROM `Ｔ３`;
Ｃ１	SUBSTRING(`Ｃ１`,1,4)
	
龔	龔
龔龖	龔龖
龔龖龗	龔龖龗
龔龖龗龞	龔龖龗龞
龔龖龗龞龡	龔龖龗龞
SELECT `Ｃ１`, SUBSTRING(`Ｃ１`,1,5) FROM `Ｔ３`;
Ｃ１	SUBSTRING(`Ｃ１`,1,5)
	
龔	龔
龔龖	龔龖
龔龖龗	龔龖龗
龔龖龗龞	龔龖龗龞
龔龖龗龞龡	龔龖龗龞龡
SELECT `Ｃ１`, SUBSTRING(`Ｃ１`,1,6) FROM `Ｔ３`;
Ｃ１	SUBSTRING(`Ｃ１`,1,6)
	
龔	龔
龔龖	龔龖
龔龖龗	龔龖龗
龔龖龗龞	龔龖龗龞
龔龖龗龞龡	龔龖龗龞龡
SELECT `Ｃ１`, SUBSTRING(`Ｃ１` FROM 1 FOR 0) FROM `Ｔ３`;
Ｃ１	SUBSTRING(`Ｃ１` FROM 1 FOR 0)
	
龔	
龔龖	
龔龖龗	
龔龖龗龞	
龔龖龗龞龡	
SELECT `Ｃ１`, SUBSTRING(`Ｃ１` FROM 1 FOR 1) FROM `Ｔ３`;
Ｃ１	SUBSTRING(`Ｃ１` FROM 1 FOR 1)
	
龔	龔
龔龖	龔
龔龖龗	龔
龔龖龗龞	龔
龔龖龗龞龡	龔
SELECT `Ｃ１`, SUBSTRING(`Ｃ１` FROM 1 FOR 2) FROM `Ｔ３`;
Ｃ１	SUBSTRING(`Ｃ１` FROM 1 FOR 2)
	
龔	龔
龔龖	龔龖
龔龖龗	龔龖
龔龖龗龞	龔龖
龔龖龗龞龡	龔龖
SELECT `Ｃ１`, SUBSTRING(`Ｃ１` FROM 1 FOR 3) FROM `Ｔ３`;
Ｃ１	SUBSTRING(`Ｃ１` FROM 1 FOR 3)
	
龔	龔
龔龖	龔龖
龔龖龗	龔龖龗
龔龖龗龞	龔龖龗
龔龖龗龞龡	龔龖龗
SELECT `Ｃ１`, SUBSTRING(`Ｃ１` FROM 1 FOR 4) FROM `Ｔ３`;
Ｃ１	SUBSTRING(`Ｃ１` FROM 1 FOR 4)
	
龔	龔
龔龖	龔龖
龔龖龗	龔龖龗
龔龖龗龞	龔龖龗龞
龔龖龗龞龡	龔龖龗龞
SELECT `Ｃ１`, SUBSTRING(`Ｃ１` FROM 1 FOR 5) FROM `Ｔ３`;
Ｃ１	SUBSTRING(`Ｃ１` FROM 1 FOR 5)
	
龔	龔
龔龖	龔龖
龔龖龗	龔龖龗
龔龖龗龞	龔龖龗龞
龔龖龗龞龡	龔龖龗龞龡
SELECT `Ｃ１`, SUBSTRING(`Ｃ１` FROM 1 FOR 6) FROM `Ｔ３`;
Ｃ１	SUBSTRING(`Ｃ１` FROM 1 FOR 6)
	
龔	龔
龔龖	龔龖
龔龖龗	龔龖龗
龔龖龗龞	龔龖龗龞
龔龖龗龞龡	龔龖龗龞龡
SELECT `Ｃ１`, SUBSTRING(`Ｃ１`,0) FROM `Ｔ４`;
Ｃ１	SUBSTRING(`Ｃ１`,0)
	
ｱ	
ｱｲ	
ｱｲｳ	
ｱｲｳｴ	
ｱｲｳｴｵ	
SELECT `Ｃ１`, SUBSTRING(`Ｃ１`,1) FROM `Ｔ４`;
Ｃ１	SUBSTRING(`Ｃ１`,1)
	
ｱ	ｱ
ｱｲ	ｱｲ
ｱｲｳ	ｱｲｳ
ｱｲｳｴ	ｱｲｳｴ
ｱｲｳｴｵ	ｱｲｳｴｵ
SELECT `Ｃ１`, SUBSTRING(`Ｃ１`,2) FROM `Ｔ４`;
Ｃ１	SUBSTRING(`Ｃ１`,2)
	
ｱ	
ｱｲ	ｲ
ｱｲｳ	ｲｳ
ｱｲｳｴ	ｲｳｴ
ｱｲｳｴｵ	ｲｳｴｵ
SELECT `Ｃ１`, SUBSTRING(`Ｃ１`,3) FROM `Ｔ４`;
Ｃ１	SUBSTRING(`Ｃ１`,3)
	
ｱ	
ｱｲ	
ｱｲｳ	ｳ
ｱｲｳｴ	ｳｴ
ｱｲｳｴｵ	ｳｴｵ
SELECT `Ｃ１`, SUBSTRING(`Ｃ１`,4) FROM `Ｔ４`;
Ｃ１	SUBSTRING(`Ｃ１`,4)
	
ｱ	
ｱｲ	
ｱｲｳ	
ｱｲｳｴ	ｴ
ｱｲｳｴｵ	ｴｵ
SELECT `Ｃ１`, SUBSTRING(`Ｃ１`,5) FROM `Ｔ４`;
Ｃ１	SUBSTRING(`Ｃ１`,5)
	
ｱ	
ｱｲ	
ｱｲｳ	
ｱｲｳｴ	
ｱｲｳｴｵ	ｵ
SELECT `Ｃ１`, SUBSTRING(`Ｃ１`,6) FROM `Ｔ４`;
Ｃ１	SUBSTRING(`Ｃ１`,6)
	
ｱ	
ｱｲ	
ｱｲｳ	
ｱｲｳｴ	
ｱｲｳｴｵ	
SELECT `Ｃ１`, SUBSTRING(`Ｃ１` FROM 0) FROM `Ｔ４`;
Ｃ１	SUBSTRING(`Ｃ１` FROM 0)
	
ｱ	
ｱｲ	
ｱｲｳ	
ｱｲｳｴ	
ｱｲｳｴｵ	
SELECT `Ｃ１`, SUBSTRING(`Ｃ１` FROM 1) FROM `Ｔ４`;
Ｃ１	SUBSTRING(`Ｃ１` FROM 1)
	
ｱ	ｱ
ｱｲ	ｱｲ
ｱｲｳ	ｱｲｳ
ｱｲｳｴ	ｱｲｳｴ
ｱｲｳｴｵ	ｱｲｳｴｵ
SELECT `Ｃ１`, SUBSTRING(`Ｃ１` FROM 2) FROM `Ｔ４`;
Ｃ１	SUBSTRING(`Ｃ１` FROM 2)
	
ｱ	
ｱｲ	ｲ
ｱｲｳ	ｲｳ
ｱｲｳｴ	ｲｳｴ
ｱｲｳｴｵ	ｲｳｴｵ
SELECT `Ｃ１`, SUBSTRING(`Ｃ１` FROM 3) FROM `Ｔ４`;
Ｃ１	SUBSTRING(`Ｃ１` FROM 3)
	
ｱ	
ｱｲ	
ｱｲｳ	ｳ
ｱｲｳｴ	ｳｴ
ｱｲｳｴｵ	ｳｴｵ
SELECT `Ｃ１`, SUBSTRING(`Ｃ１` FROM 4) FROM `Ｔ４`;
Ｃ１	SUBSTRING(`Ｃ１` FROM 4)
	
ｱ	
ｱｲ	
ｱｲｳ	
ｱｲｳｴ	ｴ
ｱｲｳｴｵ	ｴｵ
SELECT `Ｃ１`, SUBSTRING(`Ｃ１` FROM 5) FROM `Ｔ４`;
Ｃ１	SUBSTRING(`Ｃ１` FROM 5)
	
ｱ	
ｱｲ	
ｱｲｳ	
ｱｲｳｴ	
ｱｲｳｴｵ	ｵ
SELECT `Ｃ１`, SUBSTRING(`Ｃ１` FROM 6) FROM `Ｔ４`;
Ｃ１	SUBSTRING(`Ｃ１` FROM 6)
	
ｱ	
ｱｲ	
ｱｲｳ	
ｱｲｳｴ	
ｱｲｳｴｵ	
SELECT `Ｃ１`, SUBSTRING(`Ｃ１`,1,0) FROM `Ｔ４`;
Ｃ１	SUBSTRING(`Ｃ１`,1,0)
	
ｱ	
ｱｲ	
ｱｲｳ	
ｱｲｳｴ	
ｱｲｳｴｵ	
SELECT `Ｃ１`, SUBSTRING(`Ｃ１`,1,1) FROM `Ｔ４`;
Ｃ１	SUBSTRING(`Ｃ１`,1,1)
	
ｱ	ｱ
ｱｲ	ｱ
ｱｲｳ	ｱ
ｱｲｳｴ	ｱ
ｱｲｳｴｵ	ｱ
SELECT `Ｃ１`, SUBSTRING(`Ｃ１`,1,2) FROM `Ｔ４`;
Ｃ１	SUBSTRING(`Ｃ１`,1,2)
	
ｱ	ｱ
ｱｲ	ｱｲ
ｱｲｳ	ｱｲ
ｱｲｳｴ	ｱｲ
ｱｲｳｴｵ	ｱｲ
SELECT `Ｃ１`, SUBSTRING(`Ｃ１`,1,3) FROM `Ｔ４`;
Ｃ１	SUBSTRING(`Ｃ１`,1,3)
	
ｱ	ｱ
ｱｲ	ｱｲ
ｱｲｳ	ｱｲｳ
ｱｲｳｴ	ｱｲｳ
ｱｲｳｴｵ	ｱｲｳ
SELECT `Ｃ１`, SUBSTRING(`Ｃ１`,1,4) FROM `Ｔ４`;
Ｃ１	SUBSTRING(`Ｃ１`,1,4)
	
ｱ	ｱ
ｱｲ	ｱｲ
ｱｲｳ	ｱｲｳ
ｱｲｳｴ	ｱｲｳｴ
ｱｲｳｴｵ	ｱｲｳｴ
SELECT `Ｃ１`, SUBSTRING(`Ｃ１`,1,5) FROM `Ｔ４`;
Ｃ１	SUBSTRING(`Ｃ１`,1,5)
	
ｱ	ｱ
ｱｲ	ｱｲ
ｱｲｳ	ｱｲｳ
ｱｲｳｴ	ｱｲｳｴ
ｱｲｳｴｵ	ｱｲｳｴｵ
SELECT `Ｃ１`, SUBSTRING(`Ｃ１`,1,6) FROM `Ｔ４`;
Ｃ１	SUBSTRING(`Ｃ１`,1,6)
	
ｱ	ｱ
ｱｲ	ｱｲ
ｱｲｳ	ｱｲｳ
ｱｲｳｴ	ｱｲｳｴ
ｱｲｳｴｵ	ｱｲｳｴｵ
SELECT `Ｃ１`, SUBSTRING(`Ｃ１` FROM 1 FOR 0) FROM `Ｔ４`;
Ｃ１	SUBSTRING(`Ｃ１` FROM 1 FOR 0)
	
ｱ	
ｱｲ	
ｱｲｳ	
ｱｲｳｴ	
ｱｲｳｴｵ	
SELECT `Ｃ１`, SUBSTRING(`Ｃ１` FROM 1 FOR 1) FROM `Ｔ４`;
Ｃ１	SUBSTRING(`Ｃ１` FROM 1 FOR 1)
	
ｱ	ｱ
ｱｲ	ｱ
ｱｲｳ	ｱ
ｱｲｳｴ	ｱ
ｱｲｳｴｵ	ｱ
SELECT `Ｃ１`, SUBSTRING(`Ｃ１` FROM 1 FOR 2) FROM `Ｔ４`;
Ｃ１	SUBSTRING(`Ｃ１` FROM 1 FOR 2)
	
ｱ	ｱ
ｱｲ	ｱｲ
ｱｲｳ	ｱｲ
ｱｲｳｴ	ｱｲ
ｱｲｳｴｵ	ｱｲ
SELECT `Ｃ１`, SUBSTRING(`Ｃ１` FROM 1 FOR 3) FROM `Ｔ４`;
Ｃ１	SUBSTRING(`Ｃ１` FROM 1 FOR 3)
	
ｱ	ｱ
ｱｲ	ｱｲ
ｱｲｳ	ｱｲｳ
ｱｲｳｴ	ｱｲｳ
ｱｲｳｴｵ	ｱｲｳ
SELECT `Ｃ１`, SUBSTRING(`Ｃ１` FROM 1 FOR 4) FROM `Ｔ４`;
Ｃ１	SUBSTRING(`Ｃ１` FROM 1 FOR 4)
	
ｱ	ｱ
ｱｲ	ｱｲ
ｱｲｳ	ｱｲｳ
ｱｲｳｴ	ｱｲｳｴ
ｱｲｳｴｵ	ｱｲｳｴ
SELECT `Ｃ１`, SUBSTRING(`Ｃ１` FROM 1 FOR 5) FROM `Ｔ４`;
Ｃ１	SUBSTRING(`Ｃ１` FROM 1 FOR 5)
	
ｱ	ｱ
ｱｲ	ｱｲ
ｱｲｳ	ｱｲｳ
ｱｲｳｴ	ｱｲｳｴ
ｱｲｳｴｵ	ｱｲｳｴｵ
SELECT `Ｃ１`, SUBSTRING(`Ｃ１` FROM 1 FOR 6) FROM `Ｔ４`;
Ｃ１	SUBSTRING(`Ｃ１` FROM 1 FOR 6)
	
ｱ	ｱ
ｱｲ	ｱｲ
ｱｲｳ	ｱｲｳ
ｱｲｳｴ	ｱｲｳｴ
ｱｲｳｴｵ	ｱｲｳｴｵ
SELECT `Ｃ１`, SUBSTRING(`Ｃ１`,0) FROM `Ｔ５`;
Ｃ１	SUBSTRING(`Ｃ１`,0)
	
あ	
あい	
あいう	
あいうえ	
あいうえお	
SELECT `Ｃ１`, SUBSTRING(`Ｃ１`,1) FROM `Ｔ５`;
Ｃ１	SUBSTRING(`Ｃ１`,1)
	
あ	あ
あい	あい
あいう	あいう
あいうえ	あいうえ
あいうえお	あいうえお
SELECT `Ｃ１`, SUBSTRING(`Ｃ１`,2) FROM `Ｔ５`;
Ｃ１	SUBSTRING(`Ｃ１`,2)
	
あ	
あい	い
あいう	いう
あいうえ	いうえ
あいうえお	いうえお
SELECT `Ｃ１`, SUBSTRING(`Ｃ１`,3) FROM `Ｔ５`;
Ｃ１	SUBSTRING(`Ｃ１`,3)
	
あ	
あい	
あいう	う
あいうえ	うえ
あいうえお	うえお
SELECT `Ｃ１`, SUBSTRING(`Ｃ１`,4) FROM `Ｔ５`;
Ｃ１	SUBSTRING(`Ｃ１`,4)
	
あ	
あい	
あいう	
あいうえ	え
あいうえお	えお
SELECT `Ｃ１`, SUBSTRING(`Ｃ１`,5) FROM `Ｔ５`;
Ｃ１	SUBSTRING(`Ｃ１`,5)
	
あ	
あい	
あいう	
あいうえ	
あいうえお	お
SELECT `Ｃ１`, SUBSTRING(`Ｃ１`,6) FROM `Ｔ５`;
Ｃ１	SUBSTRING(`Ｃ１`,6)
	
あ	
あい	
あいう	
あいうえ	
あいうえお	
SELECT `Ｃ１`, SUBSTRING(`Ｃ１` FROM 0) FROM `Ｔ５`;
Ｃ１	SUBSTRING(`Ｃ１` FROM 0)
	
あ	
あい	
あいう	
あいうえ	
あいうえお	
SELECT `Ｃ１`, SUBSTRING(`Ｃ１` FROM 1) FROM `Ｔ５`;
Ｃ１	SUBSTRING(`Ｃ１` FROM 1)
	
あ	あ
あい	あい
あいう	あいう
あいうえ	あいうえ
あいうえお	あいうえお
SELECT `Ｃ１`, SUBSTRING(`Ｃ１` FROM 2) FROM `Ｔ５`;
Ｃ１	SUBSTRING(`Ｃ１` FROM 2)
	
あ	
あい	い
あいう	いう
あいうえ	いうえ
あいうえお	いうえお
SELECT `Ｃ１`, SUBSTRING(`Ｃ１` FROM 3) FROM `Ｔ５`;
Ｃ１	SUBSTRING(`Ｃ１` FROM 3)
	
あ	
あい	
あいう	う
あいうえ	うえ
あいうえお	うえお
SELECT `Ｃ１`, SUBSTRING(`Ｃ１` FROM 4) FROM `Ｔ５`;
Ｃ１	SUBSTRING(`Ｃ１` FROM 4)
	
あ	
あい	
あいう	
あいうえ	え
あいうえお	えお
SELECT `Ｃ１`, SUBSTRING(`Ｃ１` FROM 5) FROM `Ｔ５`;
Ｃ１	SUBSTRING(`Ｃ１` FROM 5)
	
あ	
あい	
あいう	
あいうえ	
あいうえお	お
SELECT `Ｃ１`, SUBSTRING(`Ｃ１` FROM 6) FROM `Ｔ５`;
Ｃ１	SUBSTRING(`Ｃ１` FROM 6)
	
あ	
あい	
あいう	
あいうえ	
あいうえお	
SELECT `Ｃ１`, SUBSTRING(`Ｃ１`,1,0) FROM `Ｔ５`;
Ｃ１	SUBSTRING(`Ｃ１`,1,0)
	
あ	
あい	
あいう	
あいうえ	
あいうえお	
SELECT `Ｃ１`, SUBSTRING(`Ｃ１`,1,1) FROM `Ｔ５`;
Ｃ１	SUBSTRING(`Ｃ１`,1,1)
	
あ	あ
あい	あ
あいう	あ
あいうえ	あ
あいうえお	あ
SELECT `Ｃ１`, SUBSTRING(`Ｃ１`,1,2) FROM `Ｔ５`;
Ｃ１	SUBSTRING(`Ｃ１`,1,2)
	
あ	あ
あい	あい
あいう	あい
あいうえ	あい
あいうえお	あい
SELECT `Ｃ１`, SUBSTRING(`Ｃ１`,1,3) FROM `Ｔ５`;
Ｃ１	SUBSTRING(`Ｃ１`,1,3)
	
あ	あ
あい	あい
あいう	あいう
あいうえ	あいう
あいうえお	あいう
SELECT `Ｃ１`, SUBSTRING(`Ｃ１`,1,4) FROM `Ｔ５`;
Ｃ１	SUBSTRING(`Ｃ１`,1,4)
	
あ	あ
あい	あい
あいう	あいう
あいうえ	あいうえ
あいうえお	あいうえ
SELECT `Ｃ１`, SUBSTRING(`Ｃ１`,1,5) FROM `Ｔ５`;
Ｃ１	SUBSTRING(`Ｃ１`,1,5)
	
あ	あ
あい	あい
あいう	あいう
あいうえ	あいうえ
あいうえお	あいうえお
SELECT `Ｃ１`, SUBSTRING(`Ｃ１`,1,6) FROM `Ｔ５`;
Ｃ１	SUBSTRING(`Ｃ１`,1,6)
	
あ	あ
あい	あい
あいう	あいう
あいうえ	あいうえ
あいうえお	あいうえお
SELECT `Ｃ１`, SUBSTRING(`Ｃ１` FROM 1 FOR 0) FROM `Ｔ５`;
Ｃ１	SUBSTRING(`Ｃ１` FROM 1 FOR 0)
	
あ	
あい	
あいう	
あいうえ	
あいうえお	
SELECT `Ｃ１`, SUBSTRING(`Ｃ１` FROM 1 FOR 1) FROM `Ｔ５`;
Ｃ１	SUBSTRING(`Ｃ１` FROM 1 FOR 1)
	
あ	あ
あい	あ
あいう	あ
あいうえ	あ
あいうえお	あ
SELECT `Ｃ１`, SUBSTRING(`Ｃ１` FROM 1 FOR 2) FROM `Ｔ５`;
Ｃ１	SUBSTRING(`Ｃ１` FROM 1 FOR 2)
	
あ	あ
あい	あい
あいう	あい
あいうえ	あい
あいうえお	あい
SELECT `Ｃ１`, SUBSTRING(`Ｃ１` FROM 1 FOR 3) FROM `Ｔ５`;
Ｃ１	SUBSTRING(`Ｃ１` FROM 1 FOR 3)
	
あ	あ
あい	あい
あいう	あいう
あいうえ	あいう
あいうえお	あいう
SELECT `Ｃ１`, SUBSTRING(`Ｃ１` FROM 1 FOR 4) FROM `Ｔ５`;
Ｃ１	SUBSTRING(`Ｃ１` FROM 1 FOR 4)
	
あ	あ
あい	あい
あいう	あいう
あいうえ	あいうえ
あいうえお	あいうえ
SELECT `Ｃ１`, SUBSTRING(`Ｃ１` FROM 1 FOR 5) FROM `Ｔ５`;
Ｃ１	SUBSTRING(`Ｃ１` FROM 1 FOR 5)
	
あ	あ
あい	あい
あいう	あいう
あいうえ	あいうえ
あいうえお	あいうえお
SELECT `Ｃ１`, SUBSTRING(`Ｃ１` FROM 1 FOR 6) FROM `Ｔ５`;
Ｃ１	SUBSTRING(`Ｃ１` FROM 1 FOR 6)
	
あ	あ
あい	あい
あいう	あいう
あいうえ	あいうえ
あいうえお	あいうえお
SELECT `Ｃ１`, SUBSTRING(`Ｃ１`,0) FROM `Ｔ６`;
Ｃ１	SUBSTRING(`Ｃ１`,0)
	
龔	
龔龖	
龔龖龗	
龔龖龗龞	
龔龖龗龞龡	
SELECT `Ｃ１`, SUBSTRING(`Ｃ１`,1) FROM `Ｔ６`;
Ｃ１	SUBSTRING(`Ｃ１`,1)
	
龔	龔
龔龖	龔龖
龔龖龗	龔龖龗
龔龖龗龞	龔龖龗龞
龔龖龗龞龡	龔龖龗龞龡
SELECT `Ｃ１`, SUBSTRING(`Ｃ１`,2) FROM `Ｔ６`;
Ｃ１	SUBSTRING(`Ｃ１`,2)
	
龔	
龔龖	龖
龔龖龗	龖龗
龔龖龗龞	龖龗龞
龔龖龗龞龡	龖龗龞龡
SELECT `Ｃ１`, SUBSTRING(`Ｃ１`,3) FROM `Ｔ６`;
Ｃ１	SUBSTRING(`Ｃ１`,3)
	
龔	
龔龖	
龔龖龗	龗
龔龖龗龞	龗龞
龔龖龗龞龡	龗龞龡
SELECT `Ｃ１`, SUBSTRING(`Ｃ１`,4) FROM `Ｔ６`;
Ｃ１	SUBSTRING(`Ｃ１`,4)
	
龔	
龔龖	
龔龖龗	
龔龖龗龞	龞
龔龖龗龞龡	龞龡
SELECT `Ｃ１`, SUBSTRING(`Ｃ１`,5) FROM `Ｔ６`;
Ｃ１	SUBSTRING(`Ｃ１`,5)
	
龔	
龔龖	
龔龖龗	
龔龖龗龞	
龔龖龗龞龡	龡
SELECT `Ｃ１`, SUBSTRING(`Ｃ１`,6) FROM `Ｔ６`;
Ｃ１	SUBSTRING(`Ｃ１`,6)
	
龔	
龔龖	
龔龖龗	
龔龖龗龞	
龔龖龗龞龡	
SELECT `Ｃ１`, SUBSTRING(`Ｃ１` FROM 0) FROM `Ｔ６`;
Ｃ１	SUBSTRING(`Ｃ１` FROM 0)
	
龔	
龔龖	
龔龖龗	
龔龖龗龞	
龔龖龗龞龡	
SELECT `Ｃ１`, SUBSTRING(`Ｃ１` FROM 1) FROM `Ｔ６`;
Ｃ１	SUBSTRING(`Ｃ１` FROM 1)
	
龔	龔
龔龖	龔龖
龔龖龗	龔龖龗
龔龖龗龞	龔龖龗龞
龔龖龗龞龡	龔龖龗龞龡
SELECT `Ｃ１`, SUBSTRING(`Ｃ１` FROM 2) FROM `Ｔ６`;
Ｃ１	SUBSTRING(`Ｃ１` FROM 2)
	
龔	
龔龖	龖
龔龖龗	龖龗
龔龖龗龞	龖龗龞
龔龖龗龞龡	龖龗龞龡
SELECT `Ｃ１`, SUBSTRING(`Ｃ１` FROM 3) FROM `Ｔ６`;
Ｃ１	SUBSTRING(`Ｃ１` FROM 3)
	
龔	
龔龖	
龔龖龗	龗
龔龖龗龞	龗龞
龔龖龗龞龡	龗龞龡
SELECT `Ｃ１`, SUBSTRING(`Ｃ１` FROM 4) FROM `Ｔ６`;
Ｃ１	SUBSTRING(`Ｃ１` FROM 4)
	
龔	
龔龖	
龔龖龗	
龔龖龗龞	龞
龔龖龗龞龡	龞龡
SELECT `Ｃ１`, SUBSTRING(`Ｃ１` FROM 5) FROM `Ｔ６`;
Ｃ１	SUBSTRING(`Ｃ１` FROM 5)
	
龔	
龔龖	
龔龖龗	
龔龖龗龞	
龔龖龗龞龡	龡
SELECT `Ｃ１`, SUBSTRING(`Ｃ１` FROM 6) FROM `Ｔ６`;
Ｃ１	SUBSTRING(`Ｃ１` FROM 6)
	
龔	
龔龖	
龔龖龗	
龔龖龗龞	
龔龖龗龞龡	
SELECT `Ｃ１`, SUBSTRING(`Ｃ１`,1,0) FROM `Ｔ６`;
Ｃ１	SUBSTRING(`Ｃ１`,1,0)
	
龔	
龔龖	
龔龖龗	
龔龖龗龞	
龔龖龗龞龡	
SELECT `Ｃ１`, SUBSTRING(`Ｃ１`,1,1) FROM `Ｔ６`;
Ｃ１	SUBSTRING(`Ｃ１`,1,1)
	
龔	龔
龔龖	龔
龔龖龗	龔
龔龖龗龞	龔
龔龖龗龞龡	龔
SELECT `Ｃ１`, SUBSTRING(`Ｃ１`,1,2) FROM `Ｔ６`;
Ｃ１	SUBSTRING(`Ｃ１`,1,2)
	
龔	龔
龔龖	龔龖
龔龖龗	龔龖
龔龖龗龞	龔龖
龔龖龗龞龡	龔龖
SELECT `Ｃ１`, SUBSTRING(`Ｃ１`,1,3) FROM `Ｔ６`;
Ｃ１	SUBSTRING(`Ｃ１`,1,3)
	
龔	龔
龔龖	龔龖
龔龖龗	龔龖龗
龔龖龗龞	龔龖龗
龔龖龗龞龡	龔龖龗
SELECT `Ｃ１`, SUBSTRING(`Ｃ１`,1,4) FROM `Ｔ６`;
Ｃ１	SUBSTRING(`Ｃ１`,1,4)
	
龔	龔
龔龖	龔龖
龔龖龗	龔龖龗
龔龖龗龞	龔龖龗龞
龔龖龗龞龡	龔龖龗龞
SELECT `Ｃ１`, SUBSTRING(`Ｃ１`,1,5) FROM `Ｔ６`;
Ｃ１	SUBSTRING(`Ｃ１`,1,5)
	
龔	龔
龔龖	龔龖
龔龖龗	龔龖龗
龔龖龗龞	龔龖龗龞
龔龖龗龞龡	龔龖龗龞龡
SELECT `Ｃ１`, SUBSTRING(`Ｃ１`,1,6) FROM `Ｔ６`;
Ｃ１	SUBSTRING(`Ｃ１`,1,6)
	
龔	龔
龔龖	龔龖
龔龖龗	龔龖龗
龔龖龗龞	龔龖龗龞
龔龖龗龞龡	龔龖龗龞龡
SELECT `Ｃ１`, SUBSTRING(`Ｃ１` FROM 1 FOR 0) FROM `Ｔ６`;
Ｃ１	SUBSTRING(`Ｃ１` FROM 1 FOR 0)
	
龔	
龔龖	
龔龖龗	
龔龖龗龞	
龔龖龗龞龡	
SELECT `Ｃ１`, SUBSTRING(`Ｃ１` FROM 1 FOR 1) FROM `Ｔ６`;
Ｃ１	SUBSTRING(`Ｃ１` FROM 1 FOR 1)
	
龔	龔
龔龖	龔
龔龖龗	龔
龔龖龗龞	龔
龔龖龗龞龡	龔
SELECT `Ｃ１`, SUBSTRING(`Ｃ１` FROM 1 FOR 2) FROM `Ｔ６`;
Ｃ１	SUBSTRING(`Ｃ１` FROM 1 FOR 2)
	
龔	龔
龔龖	龔龖
龔龖龗	龔龖
龔龖龗龞	龔龖
龔龖龗龞龡	龔龖
SELECT `Ｃ１`, SUBSTRING(`Ｃ１` FROM 1 FOR 3) FROM `Ｔ６`;
Ｃ１	SUBSTRING(`Ｃ１` FROM 1 FOR 3)
	
龔	龔
龔龖	龔龖
龔龖龗	龔龖龗
龔龖龗龞	龔龖龗
龔龖龗龞龡	龔龖龗
SELECT `Ｃ１`, SUBSTRING(`Ｃ１` FROM 1 FOR 4) FROM `Ｔ６`;
Ｃ１	SUBSTRING(`Ｃ１` FROM 1 FOR 4)
	
龔	龔
龔龖	龔龖
龔龖龗	龔龖龗
龔龖龗龞	龔龖龗龞
龔龖龗龞龡	龔龖龗龞
SELECT `Ｃ１`, SUBSTRING(`Ｃ１` FROM 1 FOR 5) FROM `Ｔ６`;
Ｃ１	SUBSTRING(`Ｃ１` FROM 1 FOR 5)
	
龔	龔
龔龖	龔龖
龔龖龗	龔龖龗
龔龖龗龞	龔龖龗龞
龔龖龗龞龡	龔龖龗龞龡
SELECT `Ｃ１`, SUBSTRING(`Ｃ１` FROM 1 FOR 6) FROM `Ｔ６`;
Ｃ１	SUBSTRING(`Ｃ１` FROM 1 FOR 6)
	
龔	龔
龔龖	龔龖
龔龖龗	龔龖龗
龔龖龗龞	龔龖龗龞
龔龖龗龞龡	龔龖龗龞龡
SELECT `Ｃ１`, SUBSTRING(`Ｃ１`,0) FROM `Ｔ７`;
Ｃ１	SUBSTRING(`Ｃ１`,0)
ｱｲｳｴｵ	
ｱｲｳｴ	
ｱｲｳ	
ｱｲ	
ｱ	
	
SELECT `Ｃ１`, SUBSTRING(`Ｃ１`,1) FROM `Ｔ７`;
Ｃ１	SUBSTRING(`Ｃ１`,1)
ｱｲｳｴｵ	ｱｲｳｴｵ
ｱｲｳｴ	ｱｲｳｴ
ｱｲｳ	ｱｲｳ
ｱｲ	ｱｲ
ｱ	ｱ
	
SELECT `Ｃ１`, SUBSTRING(`Ｃ１`,2) FROM `Ｔ７`;
Ｃ１	SUBSTRING(`Ｃ１`,2)
ｱｲｳｴｵ	ｲｳｴｵ
ｱｲｳｴ	ｲｳｴ
ｱｲｳ	ｲｳ
ｱｲ	ｲ
ｱ	
	
SELECT `Ｃ１`, SUBSTRING(`Ｃ１`,3) FROM `Ｔ７`;
Ｃ１	SUBSTRING(`Ｃ１`,3)
ｱｲｳｴｵ	ｳｴｵ
ｱｲｳｴ	ｳｴ
ｱｲｳ	ｳ
ｱｲ	
ｱ	
	
SELECT `Ｃ１`, SUBSTRING(`Ｃ１`,4) FROM `Ｔ７`;
Ｃ１	SUBSTRING(`Ｃ１`,4)
ｱｲｳｴｵ	ｴｵ
ｱｲｳｴ	ｴ
ｱｲｳ	
ｱｲ	
ｱ	
	
SELECT `Ｃ１`, SUBSTRING(`Ｃ１`,5) FROM `Ｔ７`;
Ｃ１	SUBSTRING(`Ｃ１`,5)
ｱｲｳｴｵ	ｵ
ｱｲｳｴ	
ｱｲｳ	
ｱｲ	
ｱ	
	
SELECT `Ｃ１`, SUBSTRING(`Ｃ１`,6) FROM `Ｔ７`;
Ｃ１	SUBSTRING(`Ｃ１`,6)
ｱｲｳｴｵ	
ｱｲｳｴ	
ｱｲｳ	
ｱｲ	
ｱ	
	
SELECT `Ｃ１`, SUBSTRING(`Ｃ１` FROM 0) FROM `Ｔ７`;
Ｃ１	SUBSTRING(`Ｃ１` FROM 0)
ｱｲｳｴｵ	
ｱｲｳｴ	
ｱｲｳ	
ｱｲ	
ｱ	
	
SELECT `Ｃ１`, SUBSTRING(`Ｃ１` FROM 1) FROM `Ｔ７`;
Ｃ１	SUBSTRING(`Ｃ１` FROM 1)
ｱｲｳｴｵ	ｱｲｳｴｵ
ｱｲｳｴ	ｱｲｳｴ
ｱｲｳ	ｱｲｳ
ｱｲ	ｱｲ
ｱ	ｱ
	
SELECT `Ｃ１`, SUBSTRING(`Ｃ１` FROM 2) FROM `Ｔ７`;
Ｃ１	SUBSTRING(`Ｃ１` FROM 2)
ｱｲｳｴｵ	ｲｳｴｵ
ｱｲｳｴ	ｲｳｴ
ｱｲｳ	ｲｳ
ｱｲ	ｲ
ｱ	
	
SELECT `Ｃ１`, SUBSTRING(`Ｃ１` FROM 3) FROM `Ｔ７`;
Ｃ１	SUBSTRING(`Ｃ１` FROM 3)
ｱｲｳｴｵ	ｳｴｵ
ｱｲｳｴ	ｳｴ
ｱｲｳ	ｳ
ｱｲ	
ｱ	
	
SELECT `Ｃ１`, SUBSTRING(`Ｃ１` FROM 4) FROM `Ｔ７`;
Ｃ１	SUBSTRING(`Ｃ１` FROM 4)
ｱｲｳｴｵ	ｴｵ
ｱｲｳｴ	ｴ
ｱｲｳ	
ｱｲ	
ｱ	
	
SELECT `Ｃ１`, SUBSTRING(`Ｃ１` FROM 5) FROM `Ｔ７`;
Ｃ１	SUBSTRING(`Ｃ１` FROM 5)
ｱｲｳｴｵ	ｵ
ｱｲｳｴ	
ｱｲｳ	
ｱｲ	
ｱ	
	
SELECT `Ｃ１`, SUBSTRING(`Ｃ１` FROM 6) FROM `Ｔ７`;
Ｃ１	SUBSTRING(`Ｃ１` FROM 6)
ｱｲｳｴｵ	
ｱｲｳｴ	
ｱｲｳ	
ｱｲ	
ｱ	
	
SELECT `Ｃ１`, SUBSTRING(`Ｃ１`,1,0) FROM `Ｔ７`;
Ｃ１	SUBSTRING(`Ｃ１`,1,0)
ｱｲｳｴｵ	
ｱｲｳｴ	
ｱｲｳ	
ｱｲ	
ｱ	
	
SELECT `Ｃ１`, SUBSTRING(`Ｃ１`,1,1) FROM `Ｔ７`;
Ｃ１	SUBSTRING(`Ｃ１`,1,1)
ｱｲｳｴｵ	ｱ
ｱｲｳｴ	ｱ
ｱｲｳ	ｱ
ｱｲ	ｱ
ｱ	ｱ
	
SELECT `Ｃ１`, SUBSTRING(`Ｃ１`,1,2) FROM `Ｔ７`;
Ｃ１	SUBSTRING(`Ｃ１`,1,2)
ｱｲｳｴｵ	ｱｲ
ｱｲｳｴ	ｱｲ
ｱｲｳ	ｱｲ
ｱｲ	ｱｲ
ｱ	ｱ
	
SELECT `Ｃ１`, SUBSTRING(`Ｃ１`,1,3) FROM `Ｔ７`;
Ｃ１	SUBSTRING(`Ｃ１`,1,3)
ｱｲｳｴｵ	ｱｲｳ
ｱｲｳｴ	ｱｲｳ
ｱｲｳ	ｱｲｳ
ｱｲ	ｱｲ
ｱ	ｱ
	
SELECT `Ｃ１`, SUBSTRING(`Ｃ１`,1,4) FROM `Ｔ７`;
Ｃ１	SUBSTRING(`Ｃ１`,1,4)
ｱｲｳｴｵ	ｱｲｳｴ
ｱｲｳｴ	ｱｲｳｴ
ｱｲｳ	ｱｲｳ
ｱｲ	ｱｲ
ｱ	ｱ
	
SELECT `Ｃ１`, SUBSTRING(`Ｃ１`,1,5) FROM `Ｔ７`;
Ｃ１	SUBSTRING(`Ｃ１`,1,5)
ｱｲｳｴｵ	ｱｲｳｴｵ
ｱｲｳｴ	ｱｲｳｴ
ｱｲｳ	ｱｲｳ
ｱｲ	ｱｲ
ｱ	ｱ
	
SELECT `Ｃ１`, SUBSTRING(`Ｃ１`,1,6) FROM `Ｔ７`;
Ｃ１	SUBSTRING(`Ｃ１`,1,6)
ｱｲｳｴｵ	ｱｲｳｴｵ
ｱｲｳｴ	ｱｲｳｴ
ｱｲｳ	ｱｲｳ
ｱｲ	ｱｲ
ｱ	ｱ
	
SELECT `Ｃ１`, SUBSTRING(`Ｃ１` FROM 1 FOR 0) FROM `Ｔ７`;
Ｃ１	SUBSTRING(`Ｃ１` FROM 1 FOR 0)
ｱｲｳｴｵ	
ｱｲｳｴ	
ｱｲｳ	
ｱｲ	
ｱ	
	
SELECT `Ｃ１`, SUBSTRING(`Ｃ１` FROM 1 FOR 1) FROM `Ｔ７`;
Ｃ１	SUBSTRING(`Ｃ１` FROM 1 FOR 1)
ｱｲｳｴｵ	ｱ
ｱｲｳｴ	ｱ
ｱｲｳ	ｱ
ｱｲ	ｱ
ｱ	ｱ
	
SELECT `Ｃ１`, SUBSTRING(`Ｃ１` FROM 1 FOR 2) FROM `Ｔ７`;
Ｃ１	SUBSTRING(`Ｃ１` FROM 1 FOR 2)
ｱｲｳｴｵ	ｱｲ
ｱｲｳｴ	ｱｲ
ｱｲｳ	ｱｲ
ｱｲ	ｱｲ
ｱ	ｱ
	
SELECT `Ｃ１`, SUBSTRING(`Ｃ１` FROM 1 FOR 3) FROM `Ｔ７`;
Ｃ１	SUBSTRING(`Ｃ１` FROM 1 FOR 3)
ｱｲｳｴｵ	ｱｲｳ
ｱｲｳｴ	ｱｲｳ
ｱｲｳ	ｱｲｳ
ｱｲ	ｱｲ
ｱ	ｱ
	
SELECT `Ｃ１`, SUBSTRING(`Ｃ１` FROM 1 FOR 4) FROM `Ｔ７`;
Ｃ１	SUBSTRING(`Ｃ１` FROM 1 FOR 4)
ｱｲｳｴｵ	ｱｲｳｴ
ｱｲｳｴ	ｱｲｳｴ
ｱｲｳ	ｱｲｳ
ｱｲ	ｱｲ
ｱ	ｱ
	
SELECT `Ｃ１`, SUBSTRING(`Ｃ１` FROM 1 FOR 5) FROM `Ｔ７`;
Ｃ１	SUBSTRING(`Ｃ１` FROM 1 FOR 5)
ｱｲｳｴｵ	ｱｲｳｴｵ
ｱｲｳｴ	ｱｲｳｴ
ｱｲｳ	ｱｲｳ
ｱｲ	ｱｲ
ｱ	ｱ
	
SELECT `Ｃ１`, SUBSTRING(`Ｃ１` FROM 1 FOR 6) FROM `Ｔ７`;
Ｃ１	SUBSTRING(`Ｃ１` FROM 1 FOR 6)
ｱｲｳｴｵ	ｱｲｳｴｵ
ｱｲｳｴ	ｱｲｳｴ
ｱｲｳ	ｱｲｳ
ｱｲ	ｱｲ
ｱ	ｱ
	
SELECT `Ｃ１`, SUBSTRING(`Ｃ１`,0) FROM `Ｔ８`;
Ｃ１	SUBSTRING(`Ｃ１`,0)
あいうえお	
あいうえ	
あいう	
あい	
あ	
	
SELECT `Ｃ１`, SUBSTRING(`Ｃ１`,1) FROM `Ｔ８`;
Ｃ１	SUBSTRING(`Ｃ１`,1)
あいうえお	あいうえお
あいうえ	あいうえ
あいう	あいう
あい	あい
あ	あ
	
SELECT `Ｃ１`, SUBSTRING(`Ｃ１`,2) FROM `Ｔ８`;
Ｃ１	SUBSTRING(`Ｃ１`,2)
あいうえお	いうえお
あいうえ	いうえ
あいう	いう
あい	い
あ	
	
SELECT `Ｃ１`, SUBSTRING(`Ｃ１`,3) FROM `Ｔ８`;
Ｃ１	SUBSTRING(`Ｃ１`,3)
あいうえお	うえお
あいうえ	うえ
あいう	う
あい	
あ	
	
SELECT `Ｃ１`, SUBSTRING(`Ｃ１`,4) FROM `Ｔ８`;
Ｃ１	SUBSTRING(`Ｃ１`,4)
あいうえお	えお
あいうえ	え
あいう	
あい	
あ	
	
SELECT `Ｃ１`, SUBSTRING(`Ｃ１`,5) FROM `Ｔ８`;
Ｃ１	SUBSTRING(`Ｃ１`,5)
あいうえお	お
あいうえ	
あいう	
あい	
あ	
	
SELECT `Ｃ１`, SUBSTRING(`Ｃ１`,6) FROM `Ｔ８`;
Ｃ１	SUBSTRING(`Ｃ１`,6)
あいうえお	
あいうえ	
あいう	
あい	
あ	
	
SELECT `Ｃ１`, SUBSTRING(`Ｃ１` FROM 0) FROM `Ｔ８`;
Ｃ１	SUBSTRING(`Ｃ１` FROM 0)
あいうえお	
あいうえ	
あいう	
あい	
あ	
	
SELECT `Ｃ１`, SUBSTRING(`Ｃ１` FROM 1) FROM `Ｔ８`;
Ｃ１	SUBSTRING(`Ｃ１` FROM 1)
あいうえお	あいうえお
あいうえ	あいうえ
あいう	あいう
あい	あい
あ	あ
	
SELECT `Ｃ１`, SUBSTRING(`Ｃ１` FROM 2) FROM `Ｔ８`;
Ｃ１	SUBSTRING(`Ｃ１` FROM 2)
あいうえお	いうえお
あいうえ	いうえ
あいう	いう
あい	い
あ	
	
SELECT `Ｃ１`, SUBSTRING(`Ｃ１` FROM 3) FROM `Ｔ８`;
Ｃ１	SUBSTRING(`Ｃ１` FROM 3)
あいうえお	うえお
あいうえ	うえ
あいう	う
あい	
あ	
	
SELECT `Ｃ１`, SUBSTRING(`Ｃ１` FROM 4) FROM `Ｔ８`;
Ｃ１	SUBSTRING(`Ｃ１` FROM 4)
あいうえお	えお
あいうえ	え
あいう	
あい	
あ	
	
SELECT `Ｃ１`, SUBSTRING(`Ｃ１` FROM 5) FROM `Ｔ８`;
Ｃ１	SUBSTRING(`Ｃ１` FROM 5)
あいうえお	お
あいうえ	
あいう	
あい	
あ	
	
SELECT `Ｃ１`, SUBSTRING(`Ｃ１` FROM 6) FROM `Ｔ８`;
Ｃ１	SUBSTRING(`Ｃ１` FROM 6)
あいうえお	
あいうえ	
あいう	
あい	
あ	
	
SELECT `Ｃ１`, SUBSTRING(`Ｃ１`,1,0) FROM `Ｔ８`;
Ｃ１	SUBSTRING(`Ｃ１`,1,0)
あいうえお	
あいうえ	
あいう	
あい	
あ	
	
SELECT `Ｃ１`, SUBSTRING(`Ｃ１`,1,1) FROM `Ｔ８`;
Ｃ１	SUBSTRING(`Ｃ１`,1,1)
あいうえお	あ
あいうえ	あ
あいう	あ
あい	あ
あ	あ
	
SELECT `Ｃ１`, SUBSTRING(`Ｃ１`,1,2) FROM `Ｔ８`;
Ｃ１	SUBSTRING(`Ｃ１`,1,2)
あいうえお	あい
あいうえ	あい
あいう	あい
あい	あい
あ	あ
	
SELECT `Ｃ１`, SUBSTRING(`Ｃ１`,1,3) FROM `Ｔ８`;
Ｃ１	SUBSTRING(`Ｃ１`,1,3)
あいうえお	あいう
あいうえ	あいう
あいう	あいう
あい	あい
あ	あ
	
SELECT `Ｃ１`, SUBSTRING(`Ｃ１`,1,4) FROM `Ｔ８`;
Ｃ１	SUBSTRING(`Ｃ１`,1,4)
あいうえお	あいうえ
あいうえ	あいうえ
あいう	あいう
あい	あい
あ	あ
	
SELECT `Ｃ１`, SUBSTRING(`Ｃ１`,1,5) FROM `Ｔ８`;
Ｃ１	SUBSTRING(`Ｃ１`,1,5)
あいうえお	あいうえお
あいうえ	あいうえ
あいう	あいう
あい	あい
あ	あ
	
SELECT `Ｃ１`, SUBSTRING(`Ｃ１`,1,6) FROM `Ｔ８`;
Ｃ１	SUBSTRING(`Ｃ１`,1,6)
あいうえお	あいうえお
あいうえ	あいうえ
あいう	あいう
あい	あい
あ	あ
	
SELECT `Ｃ１`, SUBSTRING(`Ｃ１` FROM 1 FOR 0) FROM `Ｔ８`;
Ｃ１	SUBSTRING(`Ｃ１` FROM 1 FOR 0)
あいうえお	
あいうえ	
あいう	
あい	
あ	
	
SELECT `Ｃ１`, SUBSTRING(`Ｃ１` FROM 1 FOR 1) FROM `Ｔ８`;
Ｃ１	SUBSTRING(`Ｃ１` FROM 1 FOR 1)
あいうえお	あ
あいうえ	あ
あいう	あ
あい	あ
あ	あ
	
SELECT `Ｃ１`, SUBSTRING(`Ｃ１` FROM 1 FOR 2) FROM `Ｔ８`;
Ｃ１	SUBSTRING(`Ｃ１` FROM 1 FOR 2)
あいうえお	あい
あいうえ	あい
あいう	あい
あい	あい
あ	あ
	
SELECT `Ｃ１`, SUBSTRING(`Ｃ１` FROM 1 FOR 3) FROM `Ｔ８`;
Ｃ１	SUBSTRING(`Ｃ１` FROM 1 FOR 3)
あいうえお	あいう
あいうえ	あいう
あいう	あいう
あい	あい
あ	あ
	
SELECT `Ｃ１`, SUBSTRING(`Ｃ１` FROM 1 FOR 4) FROM `Ｔ８`;
Ｃ１	SUBSTRING(`Ｃ１` FROM 1 FOR 4)
あいうえお	あいうえ
あいうえ	あいうえ
あいう	あいう
あい	あい
あ	あ
	
SELECT `Ｃ１`, SUBSTRING(`Ｃ１` FROM 1 FOR 5) FROM `Ｔ８`;
Ｃ１	SUBSTRING(`Ｃ１` FROM 1 FOR 5)
あいうえお	あいうえお
あいうえ	あいうえ
あいう	あいう
あい	あい
あ	あ
	
SELECT `Ｃ１`, SUBSTRING(`Ｃ１` FROM 1 FOR 6) FROM `Ｔ８`;
Ｃ１	SUBSTRING(`Ｃ１` FROM 1 FOR 6)
あいうえお	あいうえお
あいうえ	あいうえ
あいう	あいう
あい	あい
あ	あ
	
SELECT `Ｃ１`, SUBSTRING(`Ｃ１`,0) FROM `Ｔ９`;
Ｃ１	SUBSTRING(`Ｃ１`,0)
龔龖龗龞龡	
龔龖龗龞	
龔龖龗	
龔龖	
龔	
	
SELECT `Ｃ１`, SUBSTRING(`Ｃ１`,1) FROM `Ｔ９`;
Ｃ１	SUBSTRING(`Ｃ１`,1)
龔龖龗龞龡	龔龖龗龞龡
龔龖龗龞	龔龖龗龞
龔龖龗	龔龖龗
龔龖	龔龖
龔	龔
	
SELECT `Ｃ１`, SUBSTRING(`Ｃ１`,2) FROM `Ｔ９`;
Ｃ１	SUBSTRING(`Ｃ１`,2)
龔龖龗龞龡	龖龗龞龡
龔龖龗龞	龖龗龞
龔龖龗	龖龗
龔龖	龖
龔	
	
SELECT `Ｃ１`, SUBSTRING(`Ｃ１`,3) FROM `Ｔ９`;
Ｃ１	SUBSTRING(`Ｃ１`,3)
龔龖龗龞龡	龗龞龡
龔龖龗龞	龗龞
龔龖龗	龗
龔龖	
龔	
	
SELECT `Ｃ１`, SUBSTRING(`Ｃ１`,4) FROM `Ｔ９`;
Ｃ１	SUBSTRING(`Ｃ１`,4)
龔龖龗龞龡	龞龡
龔龖龗龞	龞
龔龖龗	
龔龖	
龔	
	
SELECT `Ｃ１`, SUBSTRING(`Ｃ１`,5) FROM `Ｔ９`;
Ｃ１	SUBSTRING(`Ｃ１`,5)
龔龖龗龞龡	龡
龔龖龗龞	
龔龖龗	
龔龖	
龔	
	
SELECT `Ｃ１`, SUBSTRING(`Ｃ１`,6) FROM `Ｔ９`;
Ｃ１	SUBSTRING(`Ｃ１`,6)
龔龖龗龞龡	
龔龖龗龞	
龔龖龗	
龔龖	
龔	
	
SELECT `Ｃ１`, SUBSTRING(`Ｃ１` FROM 0) FROM `Ｔ９`;
Ｃ１	SUBSTRING(`Ｃ１` FROM 0)
龔龖龗龞龡	
龔龖龗龞	
龔龖龗	
龔龖	
龔	
	
SELECT `Ｃ１`, SUBSTRING(`Ｃ１` FROM 1) FROM `Ｔ９`;
Ｃ１	SUBSTRING(`Ｃ１` FROM 1)
龔龖龗龞龡	龔龖龗龞龡
龔龖龗龞	龔龖龗龞
龔龖龗	龔龖龗
龔龖	龔龖
龔	龔
	
SELECT `Ｃ１`, SUBSTRING(`Ｃ１` FROM 2) FROM `Ｔ９`;
Ｃ１	SUBSTRING(`Ｃ１` FROM 2)
龔龖龗龞龡	龖龗龞龡
龔龖龗龞	龖龗龞
龔龖龗	龖龗
龔龖	龖
龔	
	
SELECT `Ｃ１`, SUBSTRING(`Ｃ１` FROM 3) FROM `Ｔ９`;
Ｃ１	SUBSTRING(`Ｃ１` FROM 3)
龔龖龗龞龡	龗龞龡
龔龖龗龞	龗龞
龔龖龗	龗
龔龖	
龔	
	
SELECT `Ｃ１`, SUBSTRING(`Ｃ１` FROM 4) FROM `Ｔ９`;
Ｃ１	SUBSTRING(`Ｃ１` FROM 4)
龔龖龗龞龡	龞龡
龔龖龗龞	龞
龔龖龗	
龔龖	
龔	
	
SELECT `Ｃ１`, SUBSTRING(`Ｃ１` FROM 5) FROM `Ｔ９`;
Ｃ１	SUBSTRING(`Ｃ１` FROM 5)
龔龖龗龞龡	龡
龔龖龗龞	
龔龖龗	
龔龖	
龔	
	
SELECT `Ｃ１`, SUBSTRING(`Ｃ１` FROM 6) FROM `Ｔ９`;
Ｃ１	SUBSTRING(`Ｃ１` FROM 6)
龔龖龗龞龡	
龔龖龗龞	
龔龖龗	
龔龖	
龔	
	
SELECT `Ｃ１`, SUBSTRING(`Ｃ１`,1,0) FROM `Ｔ９`;
Ｃ１	SUBSTRING(`Ｃ１`,1,0)
龔龖龗龞龡	
龔龖龗龞	
龔龖龗	
龔龖	
龔	
	
SELECT `Ｃ１`, SUBSTRING(`Ｃ１`,1,1) FROM `Ｔ９`;
Ｃ１	SUBSTRING(`Ｃ１`,1,1)
龔龖龗龞龡	龔
龔龖龗龞	龔
龔龖龗	龔
龔龖	龔
龔	龔
	
SELECT `Ｃ１`, SUBSTRING(`Ｃ１`,1,2) FROM `Ｔ９`;
Ｃ１	SUBSTRING(`Ｃ１`,1,2)
龔龖龗龞龡	龔龖
龔龖龗龞	龔龖
龔龖龗	龔龖
龔龖	龔龖
龔	龔
	
SELECT `Ｃ１`, SUBSTRING(`Ｃ１`,1,3) FROM `Ｔ９`;
Ｃ１	SUBSTRING(`Ｃ１`,1,3)
龔龖龗龞龡	龔龖龗
龔龖龗龞	龔龖龗
龔龖龗	龔龖龗
龔龖	龔龖
龔	龔
	
SELECT `Ｃ１`, SUBSTRING(`Ｃ１`,1,4) FROM `Ｔ９`;
Ｃ１	SUBSTRING(`Ｃ１`,1,4)
龔龖龗龞龡	龔龖龗龞
龔龖龗龞	龔龖龗龞
龔龖龗	龔龖龗
龔龖	龔龖
龔	龔
	
SELECT `Ｃ１`, SUBSTRING(`Ｃ１`,1,5) FROM `Ｔ９`;
Ｃ１	SUBSTRING(`Ｃ１`,1,5)
龔龖龗龞龡	龔龖龗龞龡
龔龖龗龞	龔龖龗龞
龔龖龗	龔龖龗
龔龖	龔龖
龔	龔
	
SELECT `Ｃ１`, SUBSTRING(`Ｃ１`,1,6) FROM `Ｔ９`;
Ｃ１	SUBSTRING(`Ｃ１`,1,6)
龔龖龗龞龡	龔龖龗龞龡
龔龖龗龞	龔龖龗龞
龔龖龗	龔龖龗
龔龖	龔龖
龔	龔
	
SELECT `Ｃ１`, SUBSTRING(`Ｃ１` FROM 1 FOR 0) FROM `Ｔ９`;
Ｃ１	SUBSTRING(`Ｃ１` FROM 1 FOR 0)
龔龖龗龞龡	
龔龖龗龞	
龔龖龗	
龔龖	
龔	
	
SELECT `Ｃ１`, SUBSTRING(`Ｃ１` FROM 1 FOR 1) FROM `Ｔ９`;
Ｃ１	SUBSTRING(`Ｃ１` FROM 1 FOR 1)
龔龖龗龞龡	龔
龔龖龗龞	龔
龔龖龗	龔
龔龖	龔
龔	龔
	
SELECT `Ｃ１`, SUBSTRING(`Ｃ１` FROM 1 FOR 2) FROM `Ｔ９`;
Ｃ１	SUBSTRING(`Ｃ１` FROM 1 FOR 2)
龔龖龗龞龡	龔龖
龔龖龗龞	龔龖
龔龖龗	龔龖
龔龖	龔龖
龔	龔
	
SELECT `Ｃ１`, SUBSTRING(`Ｃ１` FROM 1 FOR 3) FROM `Ｔ９`;
Ｃ１	SUBSTRING(`Ｃ１` FROM 1 FOR 3)
龔龖龗龞龡	龔龖龗
龔龖龗龞	龔龖龗
龔龖龗	龔龖龗
龔龖	龔龖
龔	龔
	
SELECT `Ｃ１`, SUBSTRING(`Ｃ１` FROM 1 FOR 4) FROM `Ｔ９`;
Ｃ１	SUBSTRING(`Ｃ１` FROM 1 FOR 4)
龔龖龗龞龡	龔龖龗龞
龔龖龗龞	龔龖龗龞
龔龖龗	龔龖龗
龔龖	龔龖
龔	龔
	
SELECT `Ｃ１`, SUBSTRING(`Ｃ１` FROM 1 FOR 5) FROM `Ｔ９`;
Ｃ１	SUBSTRING(`Ｃ１` FROM 1 FOR 5)
龔龖龗龞龡	龔龖龗龞龡
龔龖龗龞	龔龖龗龞
龔龖龗	龔龖龗
龔龖	龔龖
龔	龔
	
SELECT `Ｃ１`, SUBSTRING(`Ｃ１` FROM 1 FOR 6) FROM `Ｔ９`;
Ｃ１	SUBSTRING(`Ｃ１` FROM 1 FOR 6)
龔龖龗龞龡	龔龖龗龞龡
龔龖龗龞	龔龖龗龞
龔龖龗	龔龖龗
龔龖	龔龖
龔	龔
	
DROP TABLE `Ｔ１`;
DROP TABLE `Ｔ２`;
DROP TABLE `Ｔ３`;
DROP TABLE `Ｔ４`;
DROP TABLE `Ｔ５`;
DROP TABLE `Ｔ６`;
DROP TABLE `Ｔ７`;
DROP TABLE `Ｔ８`;
DROP TABLE `Ｔ９`;
