drop table if exists `£‘£±`;
drop table if exists `£‘£≤`;
drop table if exists `£‘£≥`;
drop table if exists `£‘£¥`;
drop table if exists `£‘£µ`;
drop table if exists `£‘£∂`;
drop table if exists `£‘£∑`;
drop table if exists `£‘£∏`;
drop table if exists `£‘£π`;
SET NAMES ujis;
SET character_set_database = ucs2;
Warnings:
Warning	1681	Updating 'character_set_database' is deprecated. It will be made read-only in a future release.
SET collation_connection = ucs2_general_ci;
CREATE TABLE `£‘£±` (`£√£±` char(5), INDEX(`£√£±`)) DEFAULT CHARSET = ucs2 engine = innodb;
CREATE TABLE `£‘£≤` (`£√£±` char(5), INDEX(`£√£±`)) DEFAULT CHARSET = ucs2 engine = innodb;
CREATE TABLE `£‘£≥` (`£√£±` char(5), INDEX(`£√£±`)) DEFAULT CHARSET = ucs2 engine = innodb;
CREATE TABLE `£‘£¥` (`£√£±` char(5), INDEX(`£√£±`)) DEFAULT CHARSET = ucs2 engine = myisam;
CREATE TABLE `£‘£µ` (`£√£±` char(5), INDEX(`£√£±`)) DEFAULT CHARSET = ucs2 engine = myisam;
CREATE TABLE `£‘£∂` (`£√£±` char(5), INDEX(`£√£±`)) DEFAULT CHARSET = ucs2 engine = myisam;
CREATE TABLE `£‘£∑` (`£√£±` char(5), INDEX(`£√£±`)) DEFAULT CHARSET = ucs2 engine = MEMORY;
CREATE TABLE `£‘£∏` (`£√£±` char(5), INDEX(`£√£±`)) DEFAULT CHARSET = ucs2 engine = MEMORY;
CREATE TABLE `£‘£π` (`£√£±` char(5), INDEX(`£√£±`)) DEFAULT CHARSET = ucs2 engine = MEMORY;
INSERT INTO `£‘£±` VALUES ('é±é≤é≥é¥éµ');
INSERT INTO `£‘£≤` VALUES ('§¢§§§¶§®§™');
INSERT INTO `£‘£≥` VALUES ('èÌ‹èÌ›èÌﬁèÌﬂèÌ‡');
INSERT INTO `£‘£¥` VALUES ('é±é≤é≥é¥éµ');
INSERT INTO `£‘£µ` VALUES ('§¢§§§¶§®§™');
INSERT INTO `£‘£∂` VALUES ('èÌ‹èÌ›èÌﬁèÌﬂèÌ‡');
INSERT INTO `£‘£∑` VALUES ('é±é≤é≥é¥éµ');
INSERT INTO `£‘£∏` VALUES ('§¢§§§¶§®§™');
INSERT INTO `£‘£π` VALUES ('èÌ‹èÌ›èÌﬁèÌﬂèÌ‡');
UPDATE `£‘£±` SET `£√£±` = ('é∂é∑é∏éπé∫');
UPDATE `£‘£≤` SET `£√£±` = ('§´§≠§Ø§±§≥');
UPDATE `£‘£≥` SET `£√£±` = ('èÌ»èÌ…èÌ èÌÀèÌÃ');
UPDATE `£‘£¥` SET `£√£±` = ('é∂é∑é∏éπé∫');
UPDATE `£‘£µ` SET `£√£±` = ('§´§≠§Ø§±§≥');
UPDATE `£‘£∂` SET `£√£±` = ('èÌ»èÌ…èÌ èÌÀèÌÃ');
UPDATE `£‘£∑` SET `£√£±` = ('é∂é∑é∏éπé∫');
UPDATE `£‘£∏` SET `£√£±` = ('§´§≠§Ø§±§≥');
UPDATE `£‘£π` SET `£√£±` = ('èÌ»èÌ…èÌ èÌÀèÌÃ');
SELECT * FROM `£‘£±`;
£√£±
é∂é∑é∏éπé∫
SELECT * FROM `£‘£≤`;
£√£±
§´§≠§Ø§±§≥
SELECT * FROM `£‘£≥`;
£√£±
èÌ»èÌ…èÌ èÌÀèÌÃ
SELECT * FROM `£‘£¥`;
£√£±
é∂é∑é∏éπé∫
SELECT * FROM `£‘£µ`;
£√£±
§´§≠§Ø§±§≥
SELECT * FROM `£‘£∂`;
£√£±
èÌ»èÌ…èÌ èÌÀèÌÃ
SELECT * FROM `£‘£∑`;
£√£±
é∂é∑é∏éπé∫
SELECT * FROM `£‘£∏`;
£√£±
§´§≠§Ø§±§≥
SELECT * FROM `£‘£π`;
£√£±
èÌ»èÌ…èÌ èÌÀèÌÃ
DROP TABLE `£‘£±`;
DROP TABLE `£‘£≤`;
DROP TABLE `£‘£≥`;
DROP TABLE `£‘£¥`;
DROP TABLE `£‘£µ`;
DROP TABLE `£‘£∂`;
DROP TABLE `£‘£∑`;
DROP TABLE `£‘£∏`;
DROP TABLE `£‘£π`;
