drop table if exists `£Τ£±`;
drop table if exists `£Τ£²`;
drop table if exists `£Τ£³`;
drop table if exists `£Τ£΄`;
drop table if exists `£Τ£µ`;
drop table if exists `£Τ£¶`;
drop table if exists `£Τ£·`;
drop table if exists `£Τ£Έ`;
drop table if exists `£Τ£Ή`;
SET NAMES ujis;
SET character_set_database = ujis;
CREATE TABLE `£Τ£±` (`£Γ£±` char(5), INDEX(`£Γ£±`)) DEFAULT CHARSET = ujis engine = innodb;
CREATE TABLE `£Τ£²` (`£Γ£±` char(5), INDEX(`£Γ£±`)) DEFAULT CHARSET = ujis engine = innodb;
CREATE TABLE `£Τ£³` (`£Γ£±` char(5), INDEX(`£Γ£±`)) DEFAULT CHARSET = ujis engine = innodb;
CREATE TABLE `£Τ£΄` (`£Γ£±` char(5), INDEX(`£Γ£±`)) DEFAULT CHARSET = ujis engine = myisam;
CREATE TABLE `£Τ£µ` (`£Γ£±` char(5), INDEX(`£Γ£±`)) DEFAULT CHARSET = ujis engine = myisam;
CREATE TABLE `£Τ£¶` (`£Γ£±` char(5), INDEX(`£Γ£±`)) DEFAULT CHARSET = ujis engine = myisam;
CREATE TABLE `£Τ£·` (`£Γ£±` char(5), INDEX(`£Γ£±`)) DEFAULT CHARSET = ujis engine = MEMORY;
CREATE TABLE `£Τ£Έ` (`£Γ£±` char(5), INDEX(`£Γ£±`)) DEFAULT CHARSET = ujis engine = MEMORY;
CREATE TABLE `£Τ£Ή` (`£Γ£±` char(5), INDEX(`£Γ£±`)) DEFAULT CHARSET = ujis engine = MEMORY;
INSERT INTO `£Τ£±` VALUES ('±²³΄µ');
INSERT INTO `£Τ£²` VALUES ('¤Ά¤¤¤¦¤¨¤');
INSERT INTO `£Τ£³` VALUES ('νάνένήνίνΰ');
INSERT INTO `£Τ£΄` VALUES ('±²³΄µ');
INSERT INTO `£Τ£µ` VALUES ('¤Ά¤¤¤¦¤¨¤');
INSERT INTO `£Τ£¶` VALUES ('νάνένήνίνΰ');
INSERT INTO `£Τ£·` VALUES ('±²³΄µ');
INSERT INTO `£Τ£Έ` VALUES ('¤Ά¤¤¤¦¤¨¤');
INSERT INTO `£Τ£Ή` VALUES ('νάνένήνίνΰ');
UPDATE `£Τ£±` SET `£Γ£±` = ('¶·ΈΉΊ');
UPDATE `£Τ£²` SET `£Γ£±` = ('¤«¤­¤―¤±¤³');
UPDATE `£Τ£³` SET `£Γ£±` = ('νΘνΙνΚνΛνΜ');
UPDATE `£Τ£΄` SET `£Γ£±` = ('¶·ΈΉΊ');
UPDATE `£Τ£µ` SET `£Γ£±` = ('¤«¤­¤―¤±¤³');
UPDATE `£Τ£¶` SET `£Γ£±` = ('νΘνΙνΚνΛνΜ');
UPDATE `£Τ£·` SET `£Γ£±` = ('¶·ΈΉΊ');
UPDATE `£Τ£Έ` SET `£Γ£±` = ('¤«¤­¤―¤±¤³');
UPDATE `£Τ£Ή` SET `£Γ£±` = ('νΘνΙνΚνΛνΜ');
SELECT * FROM `£Τ£±`;
£Γ£±
¶·ΈΉΊ
SELECT * FROM `£Τ£²`;
£Γ£±
¤«¤­¤―¤±¤³
SELECT * FROM `£Τ£³`;
£Γ£±
νΘνΙνΚνΛνΜ
SELECT * FROM `£Τ£΄`;
£Γ£±
¶·ΈΉΊ
SELECT * FROM `£Τ£µ`;
£Γ£±
¤«¤­¤―¤±¤³
SELECT * FROM `£Τ£¶`;
£Γ£±
νΘνΙνΚνΛνΜ
SELECT * FROM `£Τ£·`;
£Γ£±
¶·ΈΉΊ
SELECT * FROM `£Τ£Έ`;
£Γ£±
¤«¤­¤―¤±¤³
SELECT * FROM `£Τ£Ή`;
£Γ£±
νΘνΙνΚνΛνΜ
DROP TABLE `£Τ£±`;
DROP TABLE `£Τ£²`;
DROP TABLE `£Τ£³`;
DROP TABLE `£Τ£΄`;
DROP TABLE `£Τ£µ`;
DROP TABLE `£Τ£¶`;
DROP TABLE `£Τ£·`;
DROP TABLE `£Τ£Έ`;
DROP TABLE `£Τ£Ή`;
