drop table if exists `sP`;
drop table if exists `sQ`;
drop table if exists `sR`;
drop table if exists `sS`;
drop table if exists `sT`;
drop table if exists `sU`;
drop table if exists `sV`;
drop table if exists `sW`;
drop table if exists `sX`;
drop table if exists `sPO`;
drop table if exists `sPP`;
drop table if exists `sPQ`;
SET NAMES sjis;
SET character_set_database = sjis;
CREATE TABLE `sP` (`bP` char(5), INDEX(`bP`)) DEFAULT CHARSET = sjis engine = innodb;
CREATE TABLE `sQ` (`bP` char(5), INDEX(`bP`)) DEFAULT CHARSET = sjis engine = innodb;
CREATE TABLE `sR` (`bP` char(5), INDEX(`bP`)) DEFAULT CHARSET = sjis engine = innodb;
CREATE TABLE `sS` (`bP` char(5), INDEX(`bP`)) DEFAULT CHARSET = sjis engine = myisam;
CREATE TABLE `sT` (`bP` char(5), INDEX(`bP`)) DEFAULT CHARSET = sjis engine = myisam;
CREATE TABLE `sU` (`bP` char(5), INDEX(`bP`)) DEFAULT CHARSET = sjis engine = myisam;
CREATE TABLE `sV` (`bP` char(5), INDEX(`bP`)) DEFAULT CHARSET = sjis engine = heap;
CREATE TABLE `sW` (`bP` char(5), INDEX(`bP`)) DEFAULT CHARSET = sjis engine = heap;
CREATE TABLE `sX` (`bP` char(5), INDEX(`bP`)) DEFAULT CHARSET = sjis engine = heap;
CREATE TABLE `sPO` (`bP` char(5), INDEX(`bP`)) DEFAULT CHARSET = sjis engine = bdb;
CREATE TABLE `sPP` (`bP` char(5), INDEX(`bP`)) DEFAULT CHARSET = sjis engine = bdb;
CREATE TABLE `sPQ` (`bP` char(5), INDEX(`bP`)) DEFAULT CHARSET = sjis engine = bdb;
INSERT INTO `sP` VALUES ('');
INSERT INTO `sQ` VALUES ('');
INSERT INTO `sR` VALUES ('\\\\\');
INSERT INTO `sS` VALUES ('');
INSERT INTO `sT` VALUES ('');
INSERT INTO `sU` VALUES ('\\\\\');
INSERT INTO `sV` VALUES ('');
INSERT INTO `sW` VALUES ('');
INSERT INTO `sX` VALUES ('\\\\\');
INSERT INTO `sPO` VALUES ('');
INSERT INTO `sPP` VALUES ('');
INSERT INTO `sPQ` VALUES ('\\\\\');
UPDATE `sP` SET `bP` = ('');
UPDATE `sQ` SET `bP` = ('');
UPDATE `sR` SET `bP` = ('\\\\\');
UPDATE `sS` SET `bP` = ('');
UPDATE `sT` SET `bP` = ('');
UPDATE `sU` SET `bP` = ('\\\\\');
UPDATE `sV` SET `bP` = ('');
UPDATE `sW` SET `bP` = ('');
UPDATE `sX` SET `bP` = ('\\\\\');
UPDATE `sPO` SET `bP` = ('');
UPDATE `sPP` SET `bP` = ('');
UPDATE `sPQ` SET `bP` = ('\\\\\');
SELECT * FROM `sP`;
bP

SELECT * FROM `sQ`;
bP

SELECT * FROM `sR`;
bP
\\\\\
SELECT * FROM `sS`;
bP

SELECT * FROM `sT`;
bP

SELECT * FROM `sU`;
bP
\\\\\
SELECT * FROM `sV`;
bP

SELECT * FROM `sW`;
bP

SELECT * FROM `sX`;
bP
\\\\\
SELECT * FROM `sPO`;
bP

SELECT * FROM `sPP`;
bP

SELECT * FROM `sPQ`;
bP
\\\\\
DROP TABLE `sP`;
DROP TABLE `sQ`;
DROP TABLE `sR`;
DROP TABLE `sS`;
DROP TABLE `sT`;
DROP TABLE `sU`;
DROP TABLE `sV`;
DROP TABLE `sW`;
DROP TABLE `sX`;
DROP TABLE `sPO`;
DROP TABLE `sPP`;
DROP TABLE `sPQ`;
