drop table if exists `sP`;
drop table if exists `sQ`;
drop table if exists `sR`;
drop table if exists `sS`;
drop table if exists `sT`;
drop table if exists `sU`;
drop table if exists `sV`;
drop table if exists `sW`;
drop table if exists `sX`;
drop table if exists `sPO`;
drop table if exists `sPP`;
drop table if exists `sPQ`;
SET NAMES sjis;
SET character_set_database = sjis;
CREATE TABLE `sP` (`bP` char(20), INDEX(`bP`)) DEFAULT CHARSET = sjis engine = innodb;
CREATE TABLE `sQ` (`bP` char(20), INDEX(`bP`)) DEFAULT CHARSET = sjis engine = innodb;
CREATE TABLE `sR` (`bP` char(20), INDEX(`bP`)) DEFAULT CHARSET = sjis engine = innodb;
CREATE TABLE `sS` (`bP` char(20), INDEX(`bP`)) DEFAULT CHARSET = sjis engine = myisam;
CREATE TABLE `sT` (`bP` char(20), INDEX(`bP`)) DEFAULT CHARSET = sjis engine = myisam;
CREATE TABLE `sU` (`bP` char(20), INDEX(`bP`)) DEFAULT CHARSET = sjis engine = myisam;
CREATE TABLE `sV` (`bP` char(20), INDEX(`bP`)) DEFAULT CHARSET = sjis engine = heap;
CREATE TABLE `sW` (`bP` char(20), INDEX(`bP`)) DEFAULT CHARSET = sjis engine = heap;
CREATE TABLE `sX` (`bP` char(20), INDEX(`bP`)) DEFAULT CHARSET = sjis engine = heap;
CREATE TABLE `sPO` (`bP` char(20), INDEX(`bP`)) DEFAULT CHARSET = sjis engine = bdb;
CREATE TABLE `sPP` (`bP` char(20), INDEX(`bP`)) DEFAULT CHARSET = sjis engine = bdb;
CREATE TABLE `sPQ` (`bP` char(20), INDEX(`bP`)) DEFAULT CHARSET = sjis engine = bdb;
SELECT * FROM `sP` WHERE `bP` = '';
bP

SELECT * FROM `sQ` WHERE `bP` = 'E';
bP
E
SELECT * FROM `sR` WHERE `bP` = '\\\\\\\\\\\\\\\\\\\\';
bP
\\\\\\\\\\\\\\\\\\\\
SELECT * FROM `sS` WHERE `bP` = '';
bP

SELECT * FROM `sT` WHERE `bP` = 'E';
bP
E
SELECT * FROM `sU` WHERE `bP` = '\\\\\\\\\\\\\\\\\\\\';
bP
\\\\\\\\\\\\\\\\\\\\
SELECT * FROM `sV` WHERE `bP` = '';
bP

SELECT * FROM `sW` WHERE `bP` = 'E';
bP
E
SELECT * FROM `sX` WHERE `bP` = '\\\\\\\\\\\\\\\\\\\\';
bP
\\\\\\\\\\\\\\\\\\\\
SELECT * FROM `sPO` WHERE `bP` = '';
bP

SELECT * FROM `sPP` WHERE `bP` = 'E';
bP
E
SELECT * FROM `sPQ` WHERE `bP` = '\\\\\\\\\\\\\\\\\\\\';
bP
\\\\\\\\\\\\\\\\\\\\
CREATE TABLE t1(c1 char(1)) default charset = sjis engine=innodb;
CREATE TABLE t2(c1 char(1)) default charset = sjis engine=myisam;
CREATE TABLE t3(c1 char(1)) default charset = sjis engine=heap;
CREATE TABLE t4(c1 char(1)) default charset = sjis engine=bdb;
INSERT INTO t1 VALUES('S'),('s');
INSERT INTO t2 VALUES('S'),('s');
INSERT INTO t3 VALUES('S'),('s');
INSERT INTO t4 VALUES('S'),('s');
SELECT * FROM t1 WHERE c1 = 'S';
c1
S
SELECT * FROM t2 WHERE c1 = 'S';
c1
S
SELECT * FROM t3 WHERE c1 = 'S';
c1
S
SELECT * FROM t4 WHERE c1 = 'S';
c1
S
SELECT * FROM t1 WHERE c1 = 's';
c1
s
SELECT * FROM t2 WHERE c1 = 's';
c1
s
SELECT * FROM t3 WHERE c1 = 's';
c1
s
SELECT * FROM t4 WHERE c1 = 's';
c1
s
DROP TABLE `sP`;
DROP TABLE `sQ`;
DROP TABLE `sR`;
DROP TABLE `sS`;
DROP TABLE `sT`;
DROP TABLE `sU`;
DROP TABLE `sV`;
DROP TABLE `sW`;
DROP TABLE `sX`;
DROP TABLE `sPO`;
DROP TABLE `sPP`;
DROP TABLE `sPQ`;
