drop table if exists `Ｔ１`;
drop table if exists `Ｔ２`;
drop table if exists `Ｔ３`;
drop table if exists `Ｔ４`;
drop table if exists `Ｔ５`;
drop table if exists `Ｔ６`;
drop table if exists `Ｔ７`;
drop table if exists `Ｔ８`;
drop table if exists `Ｔ９`;
SET NAMES utf8;
Warnings:
Warning	3719	'utf8' is currently an alias for the character set UTF8MB3, but will be an alias for UTF8MB4 in a future release. Please consider using UTF8MB4 in order to be unambiguous.
SET character_set_database = utf8;
Warnings:
Warning	3719	'utf8' is currently an alias for the character set UTF8MB3, but will be an alias for UTF8MB4 in a future release. Please consider using UTF8MB4 in order to be unambiguous.
Warning	1681	Updating 'character_set_database' is deprecated. It will be made read-only in a future release.
CREATE TABLE `Ｔ１` (`Ｃ１` char(20), INDEX(`Ｃ１`)) DEFAULT CHARSET = utf8 engine = innodb;
Warnings:
Warning	3719	'utf8' is currently an alias for the character set UTF8MB3, but will be an alias for UTF8MB4 in a future release. Please consider using UTF8MB4 in order to be unambiguous.
CREATE TABLE `Ｔ２` (`Ｃ１` char(20), INDEX(`Ｃ１`)) DEFAULT CHARSET = utf8 engine = innodb;
Warnings:
Warning	3719	'utf8' is currently an alias for the character set UTF8MB3, but will be an alias for UTF8MB4 in a future release. Please consider using UTF8MB4 in order to be unambiguous.
CREATE TABLE `Ｔ３` (`Ｃ１` char(20), INDEX(`Ｃ１`)) DEFAULT CHARSET = utf8 engine = innodb;
Warnings:
Warning	3719	'utf8' is currently an alias for the character set UTF8MB3, but will be an alias for UTF8MB4 in a future release. Please consider using UTF8MB4 in order to be unambiguous.
CREATE TABLE `Ｔ４` (`Ｃ１` char(20), INDEX(`Ｃ１`)) DEFAULT CHARSET = utf8 engine = myisam;
Warnings:
Warning	3719	'utf8' is currently an alias for the character set UTF8MB3, but will be an alias for UTF8MB4 in a future release. Please consider using UTF8MB4 in order to be unambiguous.
CREATE TABLE `Ｔ５` (`Ｃ１` char(20), INDEX(`Ｃ１`)) DEFAULT CHARSET = utf8 engine = myisam;
Warnings:
Warning	3719	'utf8' is currently an alias for the character set UTF8MB3, but will be an alias for UTF8MB4 in a future release. Please consider using UTF8MB4 in order to be unambiguous.
CREATE TABLE `Ｔ６` (`Ｃ１` char(20), INDEX(`Ｃ１`)) DEFAULT CHARSET = utf8 engine = myisam;
Warnings:
Warning	3719	'utf8' is currently an alias for the character set UTF8MB3, but will be an alias for UTF8MB4 in a future release. Please consider using UTF8MB4 in order to be unambiguous.
CREATE TABLE `Ｔ７` (`Ｃ１` char(20), INDEX(`Ｃ１`)) DEFAULT CHARSET = utf8 engine = MEMORY;
Warnings:
Warning	3719	'utf8' is currently an alias for the character set UTF8MB3, but will be an alias for UTF8MB4 in a future release. Please consider using UTF8MB4 in order to be unambiguous.
CREATE TABLE `Ｔ８` (`Ｃ１` char(20), INDEX(`Ｃ１`)) DEFAULT CHARSET = utf8 engine = MEMORY;
Warnings:
Warning	3719	'utf8' is currently an alias for the character set UTF8MB3, but will be an alias for UTF8MB4 in a future release. Please consider using UTF8MB4 in order to be unambiguous.
CREATE TABLE `Ｔ９` (`Ｃ１` char(20), INDEX(`Ｃ１`)) DEFAULT CHARSET = utf8 engine = MEMORY;
Warnings:
Warning	3719	'utf8' is currently an alias for the character set UTF8MB3, but will be an alias for UTF8MB4 in a future release. Please consider using UTF8MB4 in order to be unambiguous.
LOAD DATA LOCAL INFILE 'suite/jp/std_data/jisx0201_utf8.dat' INTO TABLE `Ｔ１`;
LOAD DATA LOCAL INFILE 'suite/jp/std_data/jisx0208_utf8.dat' INTO TABLE `Ｔ２`;
LOAD DATA LOCAL INFILE 'suite/jp/std_data/jisx0212_utf8.dat' INTO TABLE `Ｔ３`;
LOAD DATA LOCAL INFILE 'suite/jp/std_data/jisx0201_utf8.dat' INTO TABLE `Ｔ４`;
LOAD DATA LOCAL INFILE 'suite/jp/std_data/jisx0208_utf8.dat' INTO TABLE `Ｔ５`;
LOAD DATA LOCAL INFILE 'suite/jp/std_data/jisx0212_utf8.dat' INTO TABLE `Ｔ６`;
LOAD DATA LOCAL INFILE 'suite/jp/std_data/jisx0201_utf8.dat' INTO TABLE `Ｔ７`;
LOAD DATA LOCAL INFILE 'suite/jp/std_data/jisx0208_utf8.dat' INTO TABLE `Ｔ８`;
LOAD DATA LOCAL INFILE 'suite/jp/std_data/jisx0212_utf8.dat' INTO TABLE `Ｔ９`;
SELECT * FROM `Ｔ１` WHERE `Ｃ１` = 'ｰｱｲｳｴｵｶｷｸｹｺｻｼｽｾｿ';
Ｃ１
ｰｱｲｳｴｵｶｷｸｹｺｻｼｽｾｿ
SELECT * FROM `Ｔ２` WHERE `Ｃ１` = '・ぁあぃいぅうぇえぉおかがきぎくぐけげこ';
Ｃ１
・ぁあぃいぅうぇえぉおかがきぎくぐけげこ
SELECT * FROM `Ｔ３` WHERE `Ｃ１` = '鼫鼯鼱鼲鼴鼷鼹鼺鼼鼽鼿齁齃齄齅齆齇齓齕齖';
Ｃ１
鼫鼯鼱鼲鼴鼷鼹鼺鼼鼽鼿齁齃齄齅齆齇齓齕齖
SELECT * FROM `Ｔ４` WHERE `Ｃ１` = 'ｰｱｲｳｴｵｶｷｸｹｺｻｼｽｾｿ';
Ｃ１
ｰｱｲｳｴｵｶｷｸｹｺｻｼｽｾｿ
SELECT * FROM `Ｔ５` WHERE `Ｃ１` = '・ぁあぃいぅうぇえぉおかがきぎくぐけげこ';
Ｃ１
・ぁあぃいぅうぇえぉおかがきぎくぐけげこ
SELECT * FROM `Ｔ６` WHERE `Ｃ１` = '鼫鼯鼱鼲鼴鼷鼹鼺鼼鼽鼿齁齃齄齅齆齇齓齕齖';
Ｃ１
鼫鼯鼱鼲鼴鼷鼹鼺鼼鼽鼿齁齃齄齅齆齇齓齕齖
SELECT * FROM `Ｔ７` WHERE `Ｃ１` = 'ｰｱｲｳｴｵｶｷｸｹｺｻｼｽｾｿ';
Ｃ１
ｰｱｲｳｴｵｶｷｸｹｺｻｼｽｾｿ
SELECT * FROM `Ｔ８` WHERE `Ｃ１` = '・ぁあぃいぅうぇえぉおかがきぎくぐけげこ';
Ｃ１
・ぁあぃいぅうぇえぉおかがきぎくぐけげこ
SELECT * FROM `Ｔ９` WHERE `Ｃ１` = '鼫鼯鼱鼲鼴鼷鼹鼺鼼鼽鼿齁齃齄齅齆齇齓齕齖';
Ｃ１
鼫鼯鼱鼲鼴鼷鼹鼺鼼鼽鼿齁齃齄齅齆齇齓齕齖
DROP TABLE `Ｔ１`;
DROP TABLE `Ｔ２`;
DROP TABLE `Ｔ３`;
DROP TABLE `Ｔ４`;
DROP TABLE `Ｔ５`;
DROP TABLE `Ｔ６`;
DROP TABLE `Ｔ７`;
DROP TABLE `Ｔ８`;
DROP TABLE `Ｔ９`;
