CREATE TABLE t_int (c1  TINYINT,
c2  SMALLINT,
c3  MEDIUMINT,
c4  INT,
c5  INTEGER,
c6  SMALLINT UNSIGNED,
c7  MEDIUMINT UNSIGNED,
c8  INT UNSIGNED,
c9  INTEGER);
CREATE TABLE t_bigint (c1  BIGINT,
c2  BIGINT UNSIGNED);
CREATE TABLE t_real (c1 REAL UNSIGNED,
c2 DOUBLE UNSIGNED,
c3 FLOAT UNSIGNED,
c4 DOUBLE,
c5 FLOAT);
Warnings:
Warning	1681	UNSIGNED for decimal and floating point data types is deprecated and support for it will be removed in a future release.
Warning	1681	UNSIGNED for decimal and floating point data types is deprecated and support for it will be removed in a future release.
Warning	1681	UNSIGNED for decimal and floating point data types is deprecated and support for it will be removed in a future release.
CREATE TABLE t_dec  (c1 DECIMAL(4,2) UNSIGNED,
c2 NUMERIC(4,2) UNSIGNED,
c3 DECIMAL(4,2),
c4 NUMERIC(4,2));
Warnings:
Warning	1681	UNSIGNED for decimal and floating point data types is deprecated and support for it will be removed in a future release.
Warning	1681	UNSIGNED for decimal and floating point data types is deprecated and support for it will be removed in a future release.
CREATE TABLE t_date (c1 DATE,
c2 TIME,
c3 TIMESTAMP,
c4 DATETIME,
c5 YEAR);
CREATE TABLE t_char (c1 CHAR(32),
c2 VARCHAR(128) BINARY,
c3 VARCHAR(128),
c4 BINARY(128),
c5 VARBINARY(2048));
Warnings:
Warning	1287	'BINARY as attribute of a type' is deprecated and will be removed in a future release. Please use a CHARACTER SET clause with _bin collation instead
CREATE TABLE t_lob (c1  TINYBLOB,
c2  BLOB,
c3  MEDIUMBLOB,
c4  LONGBLOB,
c5  TINYTEXT,
c6  TEXT,
c7  MEDIUMTEXT,
c8  LONGTEXT,
c9  TINYTEXT BINARY,
c10 TEXT BINARY,
c11 MEDIUMTEXT BINARY,
c12 LONGTEXT BINARY);
Warnings:
Warning	1287	'BINARY as attribute of a type' is deprecated and will be removed in a future release. Please use a CHARACTER SET clause with _bin collation instead
Warning	1287	'BINARY as attribute of a type' is deprecated and will be removed in a future release. Please use a CHARACTER SET clause with _bin collation instead
Warning	1287	'BINARY as attribute of a type' is deprecated and will be removed in a future release. Please use a CHARACTER SET clause with _bin collation instead
Warning	1287	'BINARY as attribute of a type' is deprecated and will be removed in a future release. Please use a CHARACTER SET clause with _bin collation instead
CREATE TABLE t_spec (c1 BIT(16),
c2 ENUM('v1','v2','v3'),
c3 SET('v1','v2','v3'),
c4 GEOMETRY);
INSERT INTO t_int VALUES (91,92,93,94,95,96,97,98,99);
INSERT INTO t_bigint VALUES (91,92);
INSERT INTO t_real VALUES (9.51,9.52,9.53,9.54,9.55);
INSERT INTO t_dec VALUES (9.51,9.52,9.53,9.54);
INSERT INTO t_date VALUES ('2015-07-06','20:15','2015-12-31 14:59:48','2014-11-30 13:58:47','2015');
INSERT INTO t_char VALUES ('char-text','varchar-binary-text\nnext line','varchar-text','binary-text\nnext line','varbinary-text\nline 1\nline 2');
INSERT INTO t_lob VALUES ('tinyblob-text readable','blob-text readable','mediumblob-text readable',
'longblob-text readable','tinytext','text','mediumtext','longtext',
'tinytext-binary\nnext line','text-binary\nnext line',
'mediumtext-binary\nnext line','longtext-binary \nnext line');
INSERT INTO t_spec VALUES ( b'111', 'v1', 'v1', ST_GEOMFROMTEXT('MULTIPOINT(0 0,2 2,4 4,6 6,8 8,10 10)'));
SELECT * FROM t_int ;
c1	c2	c3	c4	c5	c6	c7	c8	c9
91	92	93	94	95	96	97	98	99
SELECT * FROM t_bigint ;
c1	c2
91	92
SELECT * FROM t_real;
c1	c2	c3	c4	c5
9.51	9.52	9.53	9.54	9.55
SELECT * FROM t_dec;
c1	c2	c3	c4
9.51	9.52	9.53	9.54
SELECT * FROM t_date;
c1	c2	c3	c4	c5
2015-07-06	20:15:00	2015-12-31 14:59:48	2014-11-30 13:58:47	2015
SELECT c3 FROM t_char;
c3
varchar-text
SELECT c5,c6,c7,c8 FROM t_lob ;
c5	c6	c7	c8
tinytext	text	mediumtext	longtext
SELECT c2,c3 FROM t_spec;
c2	c3
v1	v1
##########################################
# Run plugin
##########################################
INSTALL PLUGIN test_sql_all_col_types SONAME 'TEST_SQL_ALL_COL_TYPES';
##########################################
# Stop plugin
##########################################
UNINSTALL PLUGIN test_sql_all_col_types;
##########################################
# Plugin log
##########################################
========================================================================
Test in a server thread
========================================================================
Open session_1
Text representation
========================================================================

Session 1: SELECT * FROM test.t_int
num_cols: 9
nb rows: 1
c1  c2  c3  c4  c5  c6  c7  c8  c9  
TINY(1) SHORT(2) INT24(9) LONG(3) LONG(3) SHORT(2) INT24(9) LONG(3) LONG(3) 
() () () () () (UNSIGNED ) (UNSIGNED ) (UNSIGNED ) () 
Write a string
91  92  93  94  95  96  97  98  99  

affected rows : 0
server status : 34
warn count    : 0

Session 1: SELECT * FROM test.t_bigint
num_cols: 2
nb rows: 1
c1  c2  
LONGLONG(8) LONGLONG(8) 
() (UNSIGNED ) 
Write a string
91  92  

affected rows : 0
server status : 34
warn count    : 0

Session 1: SELECT * FROM test.t_real
num_cols: 5
nb rows: 1
c1  c2  c3  c4  c5  
DOUBLE(5) DOUBLE(5) FLOAT(4) DOUBLE(5) FLOAT(4) 
(UNSIGNED ) (UNSIGNED ) (UNSIGNED ) () () 
Write a string
9.51  9.52  9.53  9.54  9.55  

affected rows : 0
server status : 34
warn count    : 0

Session 1: SELECT * FROM test.t_dec
num_cols: 4
nb rows: 1
c1  c2  c3  c4  
NEWDECIMAL(246) NEWDECIMAL(246) NEWDECIMAL(246) NEWDECIMAL(246) 
(UNSIGNED ) (UNSIGNED ) () () 
Write a string
9.51  9.52  9.53  9.54  

affected rows : 0
server status : 34
warn count    : 0

Session 1: SELECT * FROM test.t_date
num_cols: 5
nb rows: 1
c1  c2  c3  c4  c5  
DATE(10) TIME(11) TIMESTAMP(7) DATETIME(12) YEAR(13) 
(BINARY ) (BINARY ) (BINARY ) (BINARY ) (UNSIGNED ZEROFILL ) 
Write a string
2015-07-06  20:15:00  2015-12-31 14:59:48  2014-11-30 13:58:47  2015  

affected rows : 0
server status : 34
warn count    : 0

Session 1: SELECT * FROM test.t_char
num_cols: 5
nb rows: 1
c1  c2  c3  c4  c5  
STRING(254) VARCHAR(15) VARCHAR(15) STRING(254) VARCHAR(15) 
() (BINARY ) () (BINARY ) (BINARY ) 
Write a string
char-text  varchar-binary-text
next line  varchar-text  binary-text
next line  varbinary-text
line 1
line 2  

affected rows : 0
server status : 34
warn count    : 0

Session 1: SELECT * FROM test.t_lob
num_cols: 12
nb rows: 1
c1  c2  c3  c4  c5  c6  c7  c8  c9  c10  c11  c12  
BLOB(252) BLOB(252) BLOB(252) BLOB(252) BLOB(252) BLOB(252) BLOB(252) BLOB(252) BLOB(252) BLOB(252) BLOB(252) BLOB(252) 
(BLOB BINARY ) (BLOB BINARY ) (BLOB BINARY ) (BLOB BINARY ) (BLOB ) (BLOB ) (BLOB ) (BLOB ) (BLOB BINARY ) (BLOB BINARY ) (BLOB BINARY ) (BLOB BINARY ) 
Write a string
tinyblob-text readable  blob-text readable  mediumblob-text readable  longblob-text readable  tinytext  text  mediumtext  longtext  tinytext-binary
next line  text-binary
next line  mediumtext-binary
next line  longtext-binary 
next line  

affected rows : 0
server status : 34
warn count    : 0

Session 1: SELECT * FROM test.t_spec
num_cols: 4
nb rows: 1
c1  c2  c3  c4  
BIT(16) STRING(254) STRING(254) GEOMETRY(255) 
(UNSIGNED ) (ENUM ) (SET ) (BLOB BINARY ) 
Write a string
  v1  v1    

affected rows : 0
server status : 34
warn count    : 0
========================================================================
Binary representation
========================================================================

Session 1: SELECT * FROM test.t_int
num_cols: 9
nb rows: 1
c1  c2  c3  c4  c5  c6  c7  c8  c9  
TINY(1) SHORT(2) INT24(9) LONG(3) LONG(3) SHORT(2) INT24(9) LONG(3) LONG(3) 
() () () () () (UNSIGNED ) (UNSIGNED ) (UNSIGNED ) () 
91*10=910  92*10=920  93*10=930  94*10=940  95*10=950  96*10=960  97*10=970  98*10=980  99*10=990  

affected rows : 0
server status : 34
warn count    : 0

Session 1: SELECT * FROM test.t_bigint
num_cols: 2
nb rows: 1
c1  c2  
LONGLONG(8) LONGLONG(8) 
() (UNSIGNED ) 
91*10=910  92*10=920  

affected rows : 0
server status : 34
warn count    : 0

Session 1: SELECT * FROM test.t_real
num_cols: 5
nb rows: 1
c1  c2  c3  c4  c5  
DOUBLE(5) DOUBLE(5) FLOAT(4) DOUBLE(5) FLOAT(4) 
(UNSIGNED ) (UNSIGNED ) (UNSIGNED ) () () 
9.510000*10=95.100000  9.520000*10=95.200000  9.530000*10=95.299997  9.540000*10=95.400000  9.550000*10=95.500002  

affected rows : 0
server status : 34
warn count    : 0

Session 1: SELECT * FROM test.t_dec
num_cols: 4
nb rows: 1
c1  c2  c3  c4  
NEWDECIMAL(246) NEWDECIMAL(246) NEWDECIMAL(246) NEWDECIMAL(246) 
(UNSIGNED ) (UNSIGNED ) () () 
9.51  9.52  9.53  9.54  

affected rows : 0
server status : 34
warn count    : 0

Session 1: SELECT * FROM test.t_date
num_cols: 5
nb rows: 1
c1  c2  c3  c4  c5  
DATE(10) TIME(11) TIMESTAMP(7) DATETIME(12) YEAR(13) 
(BINARY ) (BINARY ) (BINARY ) (BINARY ) (UNSIGNED ZEROFILL ) 
 2015-07-06 | 20:15:00 | 2015-12-31 14:59:48 | 2014-11-30 13:58:47 |2015 

affected rows : 0
server status : 34
warn count    : 0

Session 1: SELECT * FROM test.t_char
num_cols: 5
nb rows: 1
c1  c2  c3  c4  c5  
STRING(254) VARCHAR(15) VARCHAR(15) STRING(254) VARCHAR(15) 
() (BINARY ) () (BINARY ) (BINARY ) 
00:char-text
01:varchar-binary-text
next line
02:varchar-text
03:binary-text
next line
04:varbinary-text
line 1
line 2


affected rows : 0
server status : 34
warn count    : 0

Session 1: SELECT * FROM test.t_lob
num_cols: 12
nb rows: 1
c1  c2  c3  c4  c5  c6  c7  c8  c9  c10  c11  c12  
BLOB(252) BLOB(252) BLOB(252) BLOB(252) BLOB(252) BLOB(252) BLOB(252) BLOB(252) BLOB(252) BLOB(252) BLOB(252) BLOB(252) 
(BLOB BINARY ) (BLOB BINARY ) (BLOB BINARY ) (BLOB BINARY ) (BLOB ) (BLOB ) (BLOB ) (BLOB ) (BLOB BINARY ) (BLOB BINARY ) (BLOB BINARY ) (BLOB BINARY ) 
00:tinyblob-text readable
01:blob-text readable
02:mediumblob-text readable
03:longblob-text readable
04:tinytext
05:text
06:mediumtext
07:longtext
08:tinytext-binary
next line
09:text-binary
next line
10:mediumtext-binary
next line
11:longtext-binary 
next line


affected rows : 0
server status : 34
warn count    : 0

Session 1: SELECT * FROM test.t_spec
num_cols: 4
nb rows: 1
c1  c2  c3  c4  
BIT(16) STRING(254) STRING(254) GEOMETRY(255) 
(UNSIGNED ) (ENUM ) (SET ) (BLOB BINARY ) 
get_?
01:v1
02:v1
get_?


affected rows : 0
server status : 34
warn count    : 0
sql_session_close_session.
Follows threaded run
========================================================================
init thread
========================================================================
Open session_1
Text representation
========================================================================

Session 1: SELECT * FROM test.t_int
num_cols: 9
nb rows: 1
c1  c2  c3  c4  c5  c6  c7  c8  c9  
TINY(1) SHORT(2) INT24(9) LONG(3) LONG(3) SHORT(2) INT24(9) LONG(3) LONG(3) 
() () () () () (UNSIGNED ) (UNSIGNED ) (UNSIGNED ) () 
Write a string
91  92  93  94  95  96  97  98  99  

affected rows : 0
server status : 34
warn count    : 0

Session 1: SELECT * FROM test.t_bigint
num_cols: 2
nb rows: 1
c1  c2  
LONGLONG(8) LONGLONG(8) 
() (UNSIGNED ) 
Write a string
91  92  

affected rows : 0
server status : 34
warn count    : 0

Session 1: SELECT * FROM test.t_real
num_cols: 5
nb rows: 1
c1  c2  c3  c4  c5  
DOUBLE(5) DOUBLE(5) FLOAT(4) DOUBLE(5) FLOAT(4) 
(UNSIGNED ) (UNSIGNED ) (UNSIGNED ) () () 
Write a string
9.51  9.52  9.53  9.54  9.55  

affected rows : 0
server status : 34
warn count    : 0

Session 1: SELECT * FROM test.t_dec
num_cols: 4
nb rows: 1
c1  c2  c3  c4  
NEWDECIMAL(246) NEWDECIMAL(246) NEWDECIMAL(246) NEWDECIMAL(246) 
(UNSIGNED ) (UNSIGNED ) () () 
Write a string
9.51  9.52  9.53  9.54  

affected rows : 0
server status : 34
warn count    : 0

Session 1: SELECT * FROM test.t_date
num_cols: 5
nb rows: 1
c1  c2  c3  c4  c5  
DATE(10) TIME(11) TIMESTAMP(7) DATETIME(12) YEAR(13) 
(BINARY ) (BINARY ) (BINARY ) (BINARY ) (UNSIGNED ZEROFILL ) 
Write a string
2015-07-06  20:15:00  2015-12-31 14:59:48  2014-11-30 13:58:47  2015  

affected rows : 0
server status : 34
warn count    : 0

Session 1: SELECT * FROM test.t_char
num_cols: 5
nb rows: 1
c1  c2  c3  c4  c5  
STRING(254) VARCHAR(15) VARCHAR(15) STRING(254) VARCHAR(15) 
() (BINARY ) () (BINARY ) (BINARY ) 
Write a string
char-text  varchar-binary-text
next line  varchar-text  binary-text
next line  varbinary-text
line 1
line 2  

affected rows : 0
server status : 34
warn count    : 0

Session 1: SELECT * FROM test.t_lob
num_cols: 12
nb rows: 1
c1  c2  c3  c4  c5  c6  c7  c8  c9  c10  c11  c12  
BLOB(252) BLOB(252) BLOB(252) BLOB(252) BLOB(252) BLOB(252) BLOB(252) BLOB(252) BLOB(252) BLOB(252) BLOB(252) BLOB(252) 
(BLOB BINARY ) (BLOB BINARY ) (BLOB BINARY ) (BLOB BINARY ) (BLOB ) (BLOB ) (BLOB ) (BLOB ) (BLOB BINARY ) (BLOB BINARY ) (BLOB BINARY ) (BLOB BINARY ) 
Write a string
tinyblob-text readable  blob-text readable  mediumblob-text readable  longblob-text readable  tinytext  text  mediumtext  longtext  tinytext-binary
next line  text-binary
next line  mediumtext-binary
next line  longtext-binary 
next line  

affected rows : 0
server status : 34
warn count    : 0

Session 1: SELECT * FROM test.t_spec
num_cols: 4
nb rows: 1
c1  c2  c3  c4  
BIT(16) STRING(254) STRING(254) GEOMETRY(255) 
(UNSIGNED ) (ENUM ) (SET ) (BLOB BINARY ) 
Write a string
  v1  v1    

affected rows : 0
server status : 34
warn count    : 0
========================================================================
Binary representation
========================================================================

Session 1: SELECT * FROM test.t_int
num_cols: 9
nb rows: 1
c1  c2  c3  c4  c5  c6  c7  c8  c9  
TINY(1) SHORT(2) INT24(9) LONG(3) LONG(3) SHORT(2) INT24(9) LONG(3) LONG(3) 
() () () () () (UNSIGNED ) (UNSIGNED ) (UNSIGNED ) () 
91*10=910  92*10=920  93*10=930  94*10=940  95*10=950  96*10=960  97*10=970  98*10=980  99*10=990  

affected rows : 0
server status : 34
warn count    : 0

Session 1: SELECT * FROM test.t_bigint
num_cols: 2
nb rows: 1
c1  c2  
LONGLONG(8) LONGLONG(8) 
() (UNSIGNED ) 
91*10=910  92*10=920  

affected rows : 0
server status : 34
warn count    : 0

Session 1: SELECT * FROM test.t_real
num_cols: 5
nb rows: 1
c1  c2  c3  c4  c5  
DOUBLE(5) DOUBLE(5) FLOAT(4) DOUBLE(5) FLOAT(4) 
(UNSIGNED ) (UNSIGNED ) (UNSIGNED ) () () 
9.510000*10=95.100000  9.520000*10=95.200000  9.530000*10=95.299997  9.540000*10=95.400000  9.550000*10=95.500002  

affected rows : 0
server status : 34
warn count    : 0

Session 1: SELECT * FROM test.t_dec
num_cols: 4
nb rows: 1
c1  c2  c3  c4  
NEWDECIMAL(246) NEWDECIMAL(246) NEWDECIMAL(246) NEWDECIMAL(246) 
(UNSIGNED ) (UNSIGNED ) () () 
9.51  9.52  9.53  9.54  

affected rows : 0
server status : 34
warn count    : 0

Session 1: SELECT * FROM test.t_date
num_cols: 5
nb rows: 1
c1  c2  c3  c4  c5  
DATE(10) TIME(11) TIMESTAMP(7) DATETIME(12) YEAR(13) 
(BINARY ) (BINARY ) (BINARY ) (BINARY ) (UNSIGNED ZEROFILL ) 
 2015-07-06 | 20:15:00 | 2015-12-31 14:59:48 | 2014-11-30 13:58:47 |2015 

affected rows : 0
server status : 34
warn count    : 0

Session 1: SELECT * FROM test.t_char
num_cols: 5
nb rows: 1
c1  c2  c3  c4  c5  
STRING(254) VARCHAR(15) VARCHAR(15) STRING(254) VARCHAR(15) 
() (BINARY ) () (BINARY ) (BINARY ) 
00:char-text
01:varchar-binary-text
next line
02:varchar-text
03:binary-text
next line
04:varbinary-text
line 1
line 2


affected rows : 0
server status : 34
warn count    : 0

Session 1: SELECT * FROM test.t_lob
num_cols: 12
nb rows: 1
c1  c2  c3  c4  c5  c6  c7  c8  c9  c10  c11  c12  
BLOB(252) BLOB(252) BLOB(252) BLOB(252) BLOB(252) BLOB(252) BLOB(252) BLOB(252) BLOB(252) BLOB(252) BLOB(252) BLOB(252) 
(BLOB BINARY ) (BLOB BINARY ) (BLOB BINARY ) (BLOB BINARY ) (BLOB ) (BLOB ) (BLOB ) (BLOB ) (BLOB BINARY ) (BLOB BINARY ) (BLOB BINARY ) (BLOB BINARY ) 
00:tinyblob-text readable
01:blob-text readable
02:mediumblob-text readable
03:longblob-text readable
04:tinytext
05:text
06:mediumtext
07:longtext
08:tinytext-binary
next line
09:text-binary
next line
10:mediumtext-binary
next line
11:longtext-binary 
next line


affected rows : 0
server status : 34
warn count    : 0

Session 1: SELECT * FROM test.t_spec
num_cols: 4
nb rows: 1
c1  c2  c3  c4  
BIT(16) STRING(254) STRING(254) GEOMETRY(255) 
(UNSIGNED ) (ENUM ) (SET ) (BLOB BINARY ) 
get_?
01:v1
02:v1
get_?


affected rows : 0
server status : 34
warn count    : 0
sql_session_close_session.
deinit thread
##########################################
# Cleanup
##########################################
DROP TABLE IF EXISTS t_int;
DROP TABLE IF EXISTS t_bigint;
DROP TABLE IF EXISTS t_real;
DROP TABLE IF EXISTS t_dec;
DROP TABLE IF EXISTS t_date;
DROP TABLE IF EXISTS t_char;
DROP TABLE IF EXISTS t_lob ;
DROP TABLE IF EXISTS t_spec;
