'#--------------------FN_DYNVARS_012_01-------------------------#'
SET @global_character_set_results = @@global.character_set_results;
SET @session_character_set_results = @@session.character_set_results;
SET @@global.character_set_results = utf8;
'connect (con1,localhost,root,,,,)'
'connection con1'
SELECT @@global.character_set_results;
@@global.character_set_results
utf8
SELECT @@session.character_set_results;
@@session.character_set_results
utf8
'#--------------------FN_DYNVARS_012_02-------------------------#'
'connection default'
DROP TABLE IF EXISTS t1;
CREATE TABLE t1(b CHAR(40) character set utf8);
Warnings:
Warning	3719	'utf8' is currently an alias for the character set UTF8MB3, which will be replaced by UTF8MB4 in a future release. Please consider using UTF8MB4 in order to be unambiguous.
SET NAMES utf8;
Warnings:
Warning	3719	'utf8' is currently an alias for the character set UTF8MB3, which will be replaced by UTF8MB4 in a future release. Please consider using UTF8MB4 in order to be unambiguous.
'----check string literals against different character_set_results---'
check if results are converted to character_set_results 
SET @@session.character_set_results = greek;
SELECT '–Å–Ç–É–Ñ' AS utf_text;
utf_text
????
check effect of character_set_results when introducers are used
SET @@session.character_set_results = latin1;
SELECT _latin1'M¸ller' AS latin1_text;
latin1_text
M¸ller
SET @@session.character_set_results = ascii;
SELECT _latin1'M¸ller' AS latin1_text;
latin1_text
M?ller
check when we dont want any conversion
SET @@session.character_set_results = NULL;
SELECT '–Å–Ç–É–Ñ' AS utf_text;
utf_text
–Å–Ç–É–Ñ
'---check results from table against different character_set_results--'
INSERT INTO t1 VALUES(_utf8'–Å–Ç–É–Ñ');
Warnings:
Warning	3719	'utf8' is currently an alias for the character set UTF8MB3, which will be replaced by UTF8MB4 in a future release. Please consider using UTF8MB4 in order to be unambiguous.
INSERT INTO t1 VALUES('–§–•–¶–ß–®');
SET @@session.character_set_results = NULL;
SELECT b, CHAR_LENGTH(b) FROM t1;
b	CHAR_LENGTH(b)
–Å–Ç–É–Ñ	4
–§–•–¶–ß–®	5
SET @@session.character_set_results = utf8;
SELECT b, CHAR_LENGTH(b) FROM t1;
b	CHAR_LENGTH(b)
–Å–Ç–É–Ñ	4
–§–•–¶–ß–®	5
SET @@session.character_set_results = koi8r;
SELECT b, CHAR_LENGTH(b) FROM t1;
b	CHAR_LENGTH(b)
≥???	4
ÊË„˛˚	5
SET @@session.character_set_results = cp1250;
SELECT b, CHAR_LENGTH(b) FROM t1;
b	CHAR_LENGTH(b)
????	4
?????	5
DROP TABLE t1;
'connection default;'
SET @@global.character_set_results = @global_character_set_results;
SET @@session.character_set_results = @session_character_set_results;
