'#--------------------FN_DYNVARS_008_01-------------------------#'
SET @global_character_set_database = @@global.character_set_database;
SET @session_character_set_database = @@session.character_set_database;
SET @session_character_set_server = @@session.character_set_server;
SET @global_character_set_server = @@global.character_set_server;
SET @@global.character_set_database = utf8;
Warnings:
Warning	3719	'utf8' is currently an alias for the character set UTF8MB3, but will be an alias for UTF8MB4 in a future release. Please consider using UTF8MB4 in order to be unambiguous.
Warning	1681	Updating 'character_set_database' is deprecated. It will be made read-only in a future release.
'connect (con1,localhost,root,,,,)'
'connection con1'
SELECT @@global.character_set_database;
@@global.character_set_database
utf8mb3
SELECT @@session.character_set_database;
@@session.character_set_database
utf8mb4
'#--------------------FN_DYNVARS_008_02-------------------------#'
'connection default'
DROP TABLE IF EXISTS t1;
'--check if setting session character_set_database effects new databases'
SET @@session.character_set_server = utf8;
Warnings:
Warning	3719	'utf8' is currently an alias for the character set UTF8MB3, but will be an alias for UTF8MB4 in a future release. Please consider using UTF8MB4 in order to be unambiguous.
SELECT @@session.character_set_database;
@@session.character_set_database
utf8mb4
SET @@session.character_set_database = latin5;
Warnings:
Warning	1681	Updating 'character_set_database' is deprecated. It will be made read-only in a future release.
SELECT @@session.character_set_database;
@@session.character_set_database
latin5
CREATE DATABASE db1;
USE db1;
SHOW CREATE DATABASE db1;
Database	Create Database
db1	CREATE DATABASE `db1` /*!40100 DEFAULT CHARACTER SET utf8mb3 */ /*!80016 DEFAULT ENCRYPTION='N' */
CREATE TABLE t1(a INT, b VARCHAR(40));
SHOW CREATE TABLE t1;
Table	Create Table
t1	CREATE TABLE `t1` (
  `a` int DEFAULT NULL,
  `b` varchar(40) DEFAULT NULL
) ENGINE=InnoDB DEFAULT CHARSET=utf8mb3
DROP TABLE t1;
DROP DATABASE db1;
'--ascii character set specified--'
CREATE DATABASE db1 CHARACTER SET ascii;
USE db1;
SHOW CREATE DATABASE db1;
Database	Create Database
db1	CREATE DATABASE `db1` /*!40100 DEFAULT CHARACTER SET ascii */ /*!80016 DEFAULT ENCRYPTION='N' */
CREATE TABLE t1(a INT, b VARCHAR(40));
SHOW CREATE TABLE t1;
Table	Create Table
t1	CREATE TABLE `t1` (
  `a` int DEFAULT NULL,
  `b` varchar(40) DEFAULT NULL
) ENGINE=InnoDB DEFAULT CHARSET=ascii
DROP TABLE t1;
DROP DATABASE db1;
SET GLOBAL character_set_server=latin5;
CREATE DATABASE csdb CHARACTER SET = utf8;
Warnings:
Warning	3719	'utf8' is currently an alias for the character set UTF8MB3, but will be an alias for UTF8MB4 in a future release. Please consider using UTF8MB4 in order to be unambiguous.
USE csdb;
DROP DATABASE csdb;
SELECT @@character_set_database;
@@character_set_database
latin5
SET @@global.character_set_database = @global_character_set_database;
Warnings:
Warning	1681	Updating 'character_set_database' is deprecated. It will be made read-only in a future release.
SET @@session.character_set_database = @session_character_set_database;
Warnings:
Warning	1681	Updating 'character_set_database' is deprecated. It will be made read-only in a future release.
SET @@session.character_set_server = @session_character_set_server;
SET @@global.character_set_server = @global_character_set_server;
