SET @session_start_value = @@session.sql_notes;
SELECT @session_start_value;
@session_start_value
1
'#--------------------FN_DYNVARS_161_01------------------------#'
SET @@session.sql_notes = 0;
SET @@session.sql_notes = DEFAULT;
SELECT @@session.sql_notes;
@@session.sql_notes
1
SET @@session.sql_notes = 1;
SET @@session.sql_notes = DEFAULT;
SELECT @@session.sql_notes;
@@session.sql_notes
1
'#---------------------FN_DYNVARS_161_02-------------------------#'
SET sql_notes = 1;
SELECT @@sql_notes;
@@sql_notes
1
SELECT session.sql_notes;
ERROR 42S02: Unknown table 'session' in field list
SELECT local.sql_notes;
ERROR 42S02: Unknown table 'local' in field list
SET session sql_notes = 0;
SELECT @@session.sql_notes;
@@session.sql_notes
0
'#--------------------FN_DYNVARS_161_03------------------------#'
SET @@session.sql_notes = 0;
SELECT @@session.sql_notes;
@@session.sql_notes
0
SET @@session.sql_notes = 1;
SELECT @@session.sql_notes;
@@session.sql_notes
1
'#--------------------FN_DYNVARS_161_04-------------------------#'
SET @@session.sql_notes = -1;
ERROR 42000: Variable 'sql_notes' can't be set to the value of '-1'
SET @@session.sql_notes = 2;
ERROR 42000: Variable 'sql_notes' can't be set to the value of '2'
SET @@session.sql_notes = "T";
ERROR 42000: Variable 'sql_notes' can't be set to the value of 'T'
SET @@session.sql_notes = "Y";
ERROR 42000: Variable 'sql_notes' can't be set to the value of 'Y'
SET @@session.sql_notes = TRÜE;
ERROR 42000: Variable 'sql_notes' can't be set to the value of 'TRÜE'
SET @@session.sql_notes = ÕN;
ERROR 42000: Variable 'sql_notes' can't be set to the value of 'ÕN'
SET @@session.sql_notes = OF;
ERROR 42000: You have an error in your SQL syntax; check the manual that corresponds to your MySQL server version for the right syntax to use near 'OF' at line 1
SET @@session.sql_notes = ÓFF;
ERROR 42000: Variable 'sql_notes' can't be set to the value of 'ÓFF'
SET @@session.sql_notes = '¹';
ERROR 42000: Variable 'sql_notes' can't be set to the value of '¹'
SET @@session.sql_notes = NO;
ERROR 42000: Variable 'sql_notes' can't be set to the value of 'NO'
'#-------------------FN_DYNVARS_161_05----------------------------#'
SET @@global.sql_notes = 1-@@global.sql_notes;
SELECT @@global.sql_notes;
@@global.sql_notes
0
SET @@global.sql_notes = 1-@@global.sql_notes;
SELECT @@global.sql_notes;
@@global.sql_notes
1
'#----------------------FN_DYNVARS_161_06------------------------#'
SELECT count(VARIABLE_VALUE) FROM performance_schema.global_variables WHERE VARIABLE_NAME='sql_notes';
count(VARIABLE_VALUE)
1
'#----------------------FN_DYNVARS_161_07------------------------#'
SELECT IF(@@session.sql_notes, "ON", "OFF") = VARIABLE_VALUE 
FROM performance_schema.session_variables 
WHERE VARIABLE_NAME='sql_notes';
IF(@@session.sql_notes, "ON", "OFF") = VARIABLE_VALUE
1
SELECT @@session.sql_notes;
@@session.sql_notes
1
SELECT VARIABLE_VALUE 
FROM performance_schema.session_variables 
WHERE VARIABLE_NAME='sql_notes';
VARIABLE_VALUE
ON
'#---------------------FN_DYNVARS_161_08-------------------------#'
SET @@session.sql_notes = OFF;
SELECT @@session.sql_notes;
@@session.sql_notes
0
SET @@session.sql_notes = ON;
SELECT @@session.sql_notes;
@@session.sql_notes
1
'#---------------------FN_DYNVARS_161_09----------------------#'
SET @@session.sql_notes = TRUE;
SELECT @@session.sql_notes;
@@session.sql_notes
1
SET @@session.sql_notes = FALSE;
SELECT @@session.sql_notes;
@@session.sql_notes
0
SET @@session.sql_notes = @session_start_value;
SELECT @@session.sql_notes;
@@session.sql_notes
1
