SET DEFAULT_STORAGE_ENGINE = 'tokudb';
# Establish connection conn1 (user = root)
DROP TABLE IF EXISTS foo;
set session transaction isolation level repeatable read;
create table foo (a int, b varchar (100), primary key (a))engine=TokuDB;
set session transaction isolation level repeatable read;
begin;
# should return nothing
select * from foo;
a	b
insert into foo values (1, "G");
replace into foo values (1, "Ga");
replace into foo values (1, "Gar");
replace into foo values (1, "Garb");
replace into foo values (1, "Garba");
replace into foo values (1, "a");
begin;
# Should read (1, "a")
select * from foo;
a	b
1	a
# Should be empty
select * from foo;
a	b
commit;
commit;
set session transaction isolation level serializable;
DROP TABLE foo;
