SET DEFAULT_STORAGE_ENGINE='tokudb';
call mtr.add_suppression("TokuDB.*");
call mtr.add_suppression(".*returned handler error 22");
drop table if exists t;
create table t (id int not null primary key, v0 longblob not null,v1 longblob not null);
select @@max_allowed_packet into @my_max_allowed_packet;
set global max_allowed_packet=100000000;
insert into t values (1,repeat('a',16*1024*1024),repeat('b',16*1024*1024));
ERROR HY000: Got error 22 from storage engine
insert into t values (1,repeat('a',16*1024*1024),repeat('b',16*1024*1024-1));
ERROR HY000: Got error 22 from storage engine
insert into t values (1,repeat('a',16*1024*1024),repeat('b',16*1024*1024-2));
ERROR HY000: Got error 22 from storage engine
insert into t values (1,repeat('a',16*1024*1024),repeat('b',16*1024*1024-3));
ERROR HY000: Got error 22 from storage engine
insert into t values (1,repeat('a',16*1024*1024),repeat('b',16*1024*1024-4));
ERROR HY000: Got error 22 from storage engine
insert into t values (1,repeat('a',16*1024*1024),repeat('b',16*1024*1024-5));
ERROR HY000: Got error 22 from storage engine
insert into t values (1,repeat('a',16*1024*1024),repeat('b',16*1024*1024-6));
ERROR HY000: Got error 22 from storage engine
insert into t values (1,repeat('a',16*1024*1024),repeat('b',16*1024*1024-7));
ERROR HY000: Got error 22 from storage engine
insert into t values (1,repeat('a',16*1024*1024),repeat('b',16*1024*1024-8));
select id,length(v0),length(v1) from t;
id	length(v0)	length(v1)
1	16777216	16777208
truncate table t;
insert into t values (1,'a','a'),(2,'b','b'),(3,'c','c'),(4,'d','d'),(5,repeat('e',16*1024*1024),repeat('f',16*1024*1024));
ERROR HY000: Got error 22 from storage engine
select id,length(v0),length(v1) from t;
id	length(v0)	length(v1)
truncate table t;
insert into t values (1,'a','a'),(2,'b','b'),(3,'c','c'),(4,'d','d');
insert into t values (5,repeat('e',16*1024*1024),repeat('f',16*1024*1024));
ERROR HY000: Got error 22 from storage engine
select id,length(v0),length(v1) from t;
id	length(v0)	length(v1)
1	1	1
2	1	1
3	1	1
4	1	1
set global max_allowed_packet=@my_max_allowed_packet;
drop table t;
