include/group_replication.inc
Warnings:
Note	####	Sending passwords in plain text without SSL/TLS is extremely insecure.
Note	####	Storing MySQL user name or password information in the master info repository is not secure and is therefore not recommended. Please consider using the USER and PASSWORD connection options for START SLAVE; see the 'START SLAVE Syntax' in the MySQL Manual for more information.
[connection server1]

# 1. Setup group of 2 servers, M1(primary) and M2(secondary).
[connection server1]
CREATE TABLE t1(c1 int primary key);
include/start_and_bootstrap_group_replication.inc
[connection server2]
include/start_group_replication.inc

# 2. Start a transaction on connection-server1. Do not commit it.
[connection server1]
START TRANSACTION;
SELECT * FROM test.t1;
c1

# 3. Change the group primary to server2 with timeout of 2 seconds.
[connection server_1]
SELECT group_replication_set_as_primary("SERVER2_UUID", 2);;
group_replication_set_as_primary("SERVER2_UUID", 2)
Primary server switched to: SERVER2_UUID

# 4. Assert primary changed.
#    Assert data is not present on M1 and M2.
[connection server2]
include/gr_assert_primary_member.inc
[connection server_1]
include/gr_assert_secondary_member.inc
include/assert.inc ['There is no value 1 in table t1.']
include/diff_tables.inc [server_1:test.t1, server2:test.t1]

# 5. Move to connection-server1 and continue the transaction.
[connection server1]
SELECT * FROM test.t1;
ERROR HY000: Lost connection to MySQL server during query
INSERT INTO t1 values(1);
Got one of the listed errors

# 6. Start a transaction on connection-server2. Do not commit it.
[connection server2]
START TRANSACTION;
SELECT * FROM test.t1;
c1

# 7. Change the group primary to server1 with timeout of 5 seconds.
[connection server1]
SELECT group_replication_set_as_primary("SERVER1_UUID", 5);;
group_replication_set_as_primary("SERVER1_UUID", 5)
Primary server switched to: SERVER1_UUID

# 8. Assert primary changed.
#    Assert data is not present on M1 and M2.
[connection server1]
include/gr_assert_primary_member.inc
[connection server_2]
include/gr_assert_secondary_member.inc
include/assert.inc ['There is no value 1 in table t1.']
include/diff_tables.inc [server1:test.t1, server_2:test.t1]

# 9. Move to connection-server2 and continue the transaction.
[connection server2]
INSERT INTO t1 values(2);
ERROR HY000: Lost connection to MySQL server during query
INSERT INTO t1 values(1);
Got one of the listed errors

# 10. Cleanup.
[connection server1]
DROP TABLE t1;
include/group_replication_end.inc
