SET @tx_isolation= @@global.tx_isolation;
Warnings:
Warning	1287	'@@tx_isolation' is deprecated and will be removed in a future release. Please use '@@transaction_isolation' instead
SET GLOBAL TRANSACTION ISOLATION LEVEL READ UNCOMMITTED;
INSERT INTO cache_policies VALUES("cache_policy", "innodb_only",
"innodb_only", "innodb_only", "innodb_only");
INSERT INTO config_options VALUES("separator", "|");
INSERT INTO containers VALUES ("desc_t1", "test", "t1",
"c1", "c2,c21", "c3", "c4", "c5", "PRIMARY");
CREATE USER mysqltest1@localhost;
CREATE USER mysqltest2@localhost;
connect  mysqltest1,localhost,mysqltest1,,;
connect  mysqltest2,localhost,mysqltest2,,;
connection mysqltest1;
USE test;
DROP TABLE IF EXISTS t1;
CREATE TABLE t1        (c1 VARCHAR(32),
c2 VARCHAR(1024),
c21 VARCHAR(1024),
c3 INT, c4 BIGINT UNSIGNED, c5 INT, primary key(c1))
ENGINE = INNODB;
DROP TABLE IF EXISTS t2;
CREATE TABLE t2        (c1 VARCHAR(32),
c2 VARCHAR(255),
c21 VARCHAR(255),
c3 INT, c4 BIGINT UNSIGNED, c5 INT, primary key(c1))
ENGINE = INNODB;
INSERT INTO t1 VALUES ('D', 'Darmstadt', 'City', 0, 0, 0);
INSERT INTO t1 VALUES ('B', 'Berlin', 'Mitte', 0, 0, 0);
INSERT INTO t1 VALUES ('C', 'Cottbus', 'West', 0, 0 ,0);
INSERT INTO t1 VALUES ('H', 'Hamburg', 'Norderstedt', 0, 0, 0);
INSERT INTO t2 VALUES ('D', 'Darmstadt', 'City', 0, 0, 0);
INSERT INTO t2 VALUES ('B', 'Berlin', 'Mitte', 0, 0, 0);
INSERT INTO t2 VALUES ('C', 'Cottbus', 'West', 0, 0 ,0);
INSERT INTO t2 VALUES ('H', 'Hamburg', 'Norderstedt', 0, 0, 0);
connection default;
INSTALL PLUGIN daemon_memcached SONAME 'libmemcached.so';
connection mysqltest2;
USE test;
SELECT c1,c2,c21 FROM t1;
c1	c2	c21
B	Berlin	Mitte
C	Cottbus	West
D	Darmstadt	City
H	Hamburg	Norderstedt
SELECT SLEEP(2);
SLEEP(2)
0
connection mysqltest1;
send DROP TABLE IF EXISTS t1
DROP TABLE IF EXISTS t1;
connection mysqltest2;
Here the memcached results with D,B,H,C:
SELECT c1,c2,c21 FROM t1;
ERROR 42S02: Table 'test.t1' doesn't exist
Here the memcached results after set:
Here the memcached results after add:
Here the memcached results after replace:
Here the memcached results after delete:
Here the memcached results after add Frankfurt|:
Here the memcached results after add |Airport:
Here the memcached results after replace Frankfurt a.M.:
Here the memcached results after replace Sachsenhausen:
SELECT c1,c2,c21 FROM t1;
ERROR 42S02: Table 'test.t1' doesn't exist
connection mysqltest1;
reap
DROP TABLE t2;
connection default;
disconnect mysqltest1;
disconnect mysqltest2;
UNINSTALL PLUGIN daemon_memcached;
DROP DATABASE innodb_memcache;
DROP USER mysqltest1@localhost;
DROP USER mysqltest2@localhost;
SET @@global.tx_isolation= @tx_isolation;
Warnings:
Warning	1287	'@@tx_isolation' is deprecated and will be removed in a future release. Please use '@@transaction_isolation' instead
