SET @transaction_isolation= @@global.transaction_isolation;
SET GLOBAL TRANSACTION ISOLATION LEVEL READ UNCOMMITTED;
INSERT INTO cache_policies VALUES("cache_policy", "innodb_only",
"innodb_only", "innodb_only", "innodb_only");
INSERT INTO config_options VALUES("separator", "|");
INSERT INTO config_options VALUES("table_map_delimiter", ".");
INSERT INTO containers VALUES ("desct11", "test", "t1",
"c1", "c2,c21,c22,c23,c24,c25,c26,c27", "c3", "c4", "c5",
"PRIMARY");
INSERT INTO containers VALUES ("desct12", "test", "t1",
"c2", "c1, c2", "c3", "c4", "c5", "i12");
INSERT INTO containers VALUES ("desct13", "test", "t1",
"c2", "c1,c21", "c3", "c4", "c5", "i12");
INSERT INTO containers VALUES ("desct14", "test", "t1",
"c21", "c1,c23,c22", "c3", "c4", "c5", "i14");
INSERT INTO containers VALUES ("desct15", "test", "t1",
"c23", "c1,c21,c22,c24", "c3", "c4", "c5", "i15");
INSERT INTO containers VALUES ("desct16", "test", "t1",
"c25", "c23,c24,c27,c1", "c3", "c4", "c5", "i16");
INSERT INTO containers VALUES ("desct17", "test", "t1",
"c26", "c2, c1", "c3", "c4", "c5", "i17");
USE test;
DROP TABLE IF EXISTS t1,t2;
CREATE TABLE t1        (c1 VARCHAR(32),
c2  VARCHAR(512),
c21 VARCHAR(767),
c22 VARCHAR(512),
c23 VARCHAR(128),
c24 VARCHAR(24),
c25 VARCHAR(512),
c26 VARCHAR(128),
c27 VARCHAR(128),
c3 INT, c4 BIGINT UNSIGNED, c5 INT, primary key(c1))
ENGINE = INNODB;
INSERT INTO t1 VALUES ('D','Duesseldorf','City','98765','Hafen','1','A','a','Z',0,0,0);
INSERT INTO t1 VALUES ('O','Oldenburg','Mitte','87654','Deich','2','B','b','Y',0,0,0);
INSERT INTO t1 VALUES ('K','Koeln','West','76543','Rhein','3','C','c','X',0,0,0);
INSERT INTO t1 VALUES ('S','Stuttgart','Nord','65432','Fernsehturm','4','D','d','U',0,0,0);
CREATE UNIQUE INDEX i12 ON t1(c2);
CREATE UNIQUE INDEX i14 ON t1(c21);
CREATE UNIQUE INDEX i15 ON t1(c23);
CREATE UNIQUE INDEX i16 ON t1(c25);
CREATE UNIQUE INDEX i17 ON t1(c26);
INSTALL PLUGIN daemon_memcached SONAME 'libmemcached.so';
SELECT c1,c2,c21,c22,c23,c24,c25,c26,c27 FROM t1;
c1	c2	c21	c22	c23	c24	c25	c26	c27
D	Duesseldorf	City	98765	Hafen	1	A	a	Z
K	Koeln	West	76543	Rhein	3	C	c	X
O	Oldenburg	Mitte	87654	Deich	2	B	b	Y
S	Stuttgart	Nord	65432	Fernsehturm	4	D	d	U
Here are the memcached results with D,O,K,S of default:
Duesseldorf|City|98765|Hafen|1|A|a|Z
Oldenburg|Mitte|87654|Deich|2|B|b|Y
Koeln|West|76543|Rhein|3|C|c|X
Stuttgart|Nord|65432|Fernsehturm|4|D|d|U
Here are the memcached results with c1 of desct11:
Duesseldorf|City|98765|Hafen|1|A|a|Z
Oldenburg|Mitte|87654|Deich|2|B|b|Y
Koeln|West|76543|Rhein|3|C|c|X
Stuttgart|Nord|65432|Fernsehturm|4|D|d|U
Here are the memcached results with c2 of desct13:
D|City
O|Mitte
K|West
S|Nord
Here are the memcached results with c2 of desct12:
D|Duesseldorf
O|Oldenburg
K|Koeln
S|Stuttgart
Here are the memcached results with c2,c21,c22 of desct14:
D|Hafen|98765
O|Deich|87654
K|Rhein|76543
S|Fernsehturm|65432
Here are the memcached results with c2,c21,c22,c23 of desct15:
D|City|98765|1
O|Mitte|87654|2
K|West|76543|3
S|Nord|65432|4
Here are the memcached results with c23,c24,c25,c26 of desct16:
Hafen|1|Z|D
Rhein|3|X|K
Fernsehturm|4|U|S
Deich|2|Y|O
Here are the memcached results with c26 of desct17:
Koeln|K
Oldenburg|O
Duesseldorf|D
Stuttgart|S
SELECT c1,c2,c21,c22,c23,c24,c25,c26,c27 FROM t1;
c1	c2	c21	c22	c23	c24	c25	c26	c27
D	Duesseldorf	City	98765	Hafen	1	A	a	Z
K	Koeln	West	76543	Rhein	3	C	c	X
O	Oldenburg	Mitte	87654	Deich	2	B	b	Y
S	Stuttgart	Nord	65432	Fernsehturm	4	D	d	U
Here are the memcached results after set in desct12:
E|Essen
SELECT c1,c2,c21,c22,c23,c24,c25,c26,c27 FROM t1;
c1	c2	c21	c22	c23	c24	c25	c26	c27
D	Duesseldorf	City	98765	Hafen	1	A	a	Z
E	Essen	NULL	NULL	NULL	NULL	NULL	NULL	NULL
K	Koeln	West	76543	Rhein	3	C	c	X
O	Oldenburg	Mitte	87654	Deich	2	B	b	Y
S	Stuttgart	Nord	65432	Fernsehturm	4	D	d	U
Here are the memcached results after set in desct13:
E|Neustadt
SELECT c1,c2,c21,c22,c23,c24,c25,c26,c27 FROM t1;
c1	c2	c21	c22	c23	c24	c25	c26	c27
D	Duesseldorf	City	98765	Hafen	1	A	a	Z
E	Essen	Neustadt	NULL	NULL	NULL	NULL	NULL	NULL
K	Koeln	West	76543	Rhein	3	C	c	X
O	Oldenburg	Mitte	87654	Deich	2	B	b	Y
S	Stuttgart	Nord	65432	Fernsehturm	4	D	d	U
Here are the memcached results after set in desct14:
SELECT c1,c2,c21,c22,c23,c24,c25,c26,c27 FROM t1;
c1	c2	c21	c22	c23	c24	c25	c26	c27
D	Duesseldorf	City	98765	Hafen	1	A	a	Z
E	Essen	Neustadt	NULL	NULL	NULL	NULL	NULL	NULL
K	Koeln	West	76543	Rhein	3	C	c	X
O	Oldenburg	Mitte	87654	Deich	2	B	b	Y
S	Stuttgart	Nord	65432	Fernsehturm	4	D	d	U
Here are the memcached results after set in desct15:
SELECT c1,c2,c21,c22,c23,c24,c25,c26,c27 FROM t1;
c1	c2	c21	c22	c23	c24	c25	c26	c27
D	Duesseldorf	City	98765	Hafen	1	A	a	Z
E	Essen	Neustadt	NULL	NULL	NULL	NULL	NULL	NULL
K	Koeln	West	76543	Rhein	3	C	c	X
O	Oldenburg	Mitte	87654	Deich	2	B	b	Y
S	Stuttgart	Nord	65432	Fernsehturm	4	D	d	U
Here are the memcached results after set in desct16:
SELECT c1,c2,c21,c22,c23,c24,c25,c26,c27 FROM t1;
c1	c2	c21	c22	c23	c24	c25	c26	c27
D	Duesseldorf	City	98765	Hafen	1	A	a	Z
E	Essen	Neustadt	NULL	NULL	NULL	NULL	NULL	NULL
K	Koeln	West	76543	Rhein	3	C	c	X
O	Oldenburg	Mitte	87654	Deich	2	B	b	Y
S	Stuttgart	Nord	65432	Fernsehturm	4	D	d	U
Here are the memcached results after set in desct17:
SELECT c1,c2,c21,c22,c23,c24,c25,c26,c27 FROM t1;
c1	c2	c21	c22	c23	c24	c25	c26	c27
D	Duesseldorf	City	98765	Hafen	1	A	a	Z
E	Essen	Neustadt	NULL	NULL	NULL	NULL	NULL	NULL
K	Koeln	West	76543	Rhein	3	C	c	X
O	Oldenburg	Mitte	87654	Deich	2	B	b	Y
S	Stuttgart	Nord	65432	Fernsehturm	4	D	d	U
DROP TABLE t1;
UNINSTALL PLUGIN daemon_memcached;
DROP DATABASE innodb_memcache;
SET @@global.transaction_isolation= @transaction_isolation;
