SET @tx_isolation= @@global.tx_isolation;
Warnings:
Warning	1287	'@@tx_isolation' is deprecated and will be removed in a future release. Please use '@@transaction_isolation' instead
SET GLOBAL TRANSACTION ISOLATION LEVEL READ UNCOMMITTED;
INSERT INTO cache_policies VALUES("cache_policy", "innodb_only",
"innodb_only", "innodb_only", "innodb_only");
INSERT INTO config_options VALUES("separator", "|");
INSERT INTO containers VALUES ("desc_t1", "test", "t1",
"c1", "c2,c21,c22,c23,c24,c25", "c3", "c4", "c5", "PRIMARY");
USE test;
DROP TABLE IF EXISTS t1;
CREATE TABLE t1        (c1 VARCHAR(32),
c2 VARCHAR(40),
c21 VARCHAR(40),
c22 VARCHAR(40),
c23 VARCHAR(40),
c24 VARCHAR(40),
c25 VARCHAR(40),
c3 INT, c4 BIGINT UNSIGNED, c5 INT, primary key(c1))
ENGINE = INNODB DEFAULT CHARSET UTF8;
INSERT INTO t1 VALUES ('D', 'Darmstadt', 'City','1', 'dddddddddddddd', '1234', '2012', 0, 0, 0);
INSERT INTO t1 VALUES ('B', 'Berlin', 'Mitte', '2', 'bbbbbbbbbbbbbb', '2345', '2012', 0, 0, 0);
INSERT INTO t1 VALUES ('C', 'Cottbus', 'West', '3', 'cccccccccccccc', '3456', '2012', 0, 0 ,0);
INSERT INTO t1 VALUES ('M', 'M√ºnchen', 'S√ºd', '4', '√ú√ñ√Ñ√ü√º√∂√§', '4567', '2012', 0, 0, 0);
INSTALL PLUGIN daemon_memcached SONAME 'libmemcached.so';
SHOW CREATE TABLE t1;
Table	Create Table
t1	CREATE TABLE `t1` (
  `c1` varchar(32) NOT NULL,
  `c2` varchar(40) DEFAULT NULL,
  `c21` varchar(40) DEFAULT NULL,
  `c22` varchar(40) DEFAULT NULL,
  `c23` varchar(40) DEFAULT NULL,
  `c24` varchar(40) DEFAULT NULL,
  `c25` varchar(40) DEFAULT NULL,
  `c3` int(11) DEFAULT NULL,
  `c4` bigint(20) unsigned DEFAULT NULL,
  `c5` int(11) DEFAULT NULL,
  PRIMARY KEY (`c1`)
) ENGINE=InnoDB DEFAULT CHARSET=utf8
SELECT c1,c2,c21,c22,c23,c24,c25 FROM t1;
c1	c2	c21	c22	c23	c24	c25
B	Berlin	Mitte	2	bbbbbbbbbbbbbb	2345	2012
C	Cottbus	West	3	cccccccccccccc	3456	2012
D	Darmstadt	City	1	dddddddddddddd	1234	2012
M	M√ºnchen	S√ºd	4	√ú√ñ√Ñ√ü√º√∂√§	4567	2012
SELECT SLEEP(2);
SLEEP(2)
0
Here the memcached results with D,B,M,C:
Darmstadt|City|1|dddddddddddddd|1234|2012
Berlin|Mitte|2|bbbbbbbbbbbbbb|2345|2012
M√É¬ºnchen|S√É¬ºd|4|√É≈ì√É‚Äì√É‚Äû√É≈∏√É¬º√É¬∂√É¬§|4567|2012
Cottbus|West|3|cccccccccccccc|3456|2012
SELECT c1,c2,c21,c22,c23,c24,c25 FROM t1;
c1	c2	c21	c22	c23	c24	c25
B	Berlin	Mitte	2	bbbbbbbbbbbbbb	2345	2012
C	Cottbus	West	3	cccccccccccccc	3456	2012
D	Darmstadt	City	1	dddddddddddddd	1234	2012
M	M√ºnchen	S√ºd	4	√ú√ñ√Ñ√ü√º√∂√§	4567	2012
Here the memcached results after set:
√úlzen|City|5|√º√∂√§√ü√ú√ñ√Ñ|5678|2012
Beijing|City|6|fffffffff|6789|2012
Shanghai|City|7|fffffffff|7890|2012
Wuhan|City|8|eeeeeeeee|8901|2012
SELECT c1,c2,c21,c22,c23,c24,c25 FROM t1;
c1	c2	c21	c22	c23	c24	c25
	Shanghai	City	7	fffffffff	7890	2012
01234567890123456789012345678901	Wuhan	City	8	eeeeeeeee	8901	2012
B	Berlin	Mitte	2	bbbbbbbbbbbbbb	2345	2012
C	Cottbus	West	3	cccccccccccccc	3456	2012
D	Darmstadt	City	1	dddddddddddddd	1234	2012
M	M√ºnchen	S√ºd	4	√ú√ñ√Ñ√ü√º√∂√§	4567	2012
_	Beijing	City	6	fffffffff	6789	2012
‹	‹lzen	City	5	¸ˆ‰ﬂ‹÷ƒ	5678	2012
DROP TABLE t1;
UNINSTALL PLUGIN daemon_memcached;
DROP TABLE IF EXISTS t1;
CREATE TABLE t1        (c1 CHAR(32),
c2 CHAR(40),
c21 CHAR(40),
c22 CHAR(40),
c23 CHAR(40),
c24 CHAR(40),
c25 CHAR(40),
c3 INT, c4 BIGINT UNSIGNED, c5 INT, primary key(c1))
ENGINE = INNODB DEFAULT CHARSET UTF8;
INSERT INTO t1 VALUES ('D', 'Darmstadt', 'City','1', 'dddddddddddddd', '1234', '2012', 0, 0, 0);
INSERT INTO t1 VALUES ('B', 'Berlin', 'Mitte', '2', 'bbbbbbbbbbbbbb', '2345', '2012', 0, 0, 0);
INSERT INTO t1 VALUES ('C', 'Cottbus', 'West', '3', 'cccccccccccccc', '3456', '2012', 0, 0 ,0);
INSERT INTO t1 VALUES ('M', 'M√ºnchen', 'S√ºd', '4', '√ú√ñ√Ñ√ü√º√∂√§', '4567', '2012', 0, 0, 0);
INSTALL PLUGIN daemon_memcached SONAME 'libmemcached.so';
SHOW CREATE TABLE t1;
Table	Create Table
t1	CREATE TABLE `t1` (
  `c1` char(32) NOT NULL,
  `c2` char(40) DEFAULT NULL,
  `c21` char(40) DEFAULT NULL,
  `c22` char(40) DEFAULT NULL,
  `c23` char(40) DEFAULT NULL,
  `c24` char(40) DEFAULT NULL,
  `c25` char(40) DEFAULT NULL,
  `c3` int(11) DEFAULT NULL,
  `c4` bigint(20) unsigned DEFAULT NULL,
  `c5` int(11) DEFAULT NULL,
  PRIMARY KEY (`c1`)
) ENGINE=InnoDB DEFAULT CHARSET=utf8
SELECT c1,c2,c21,c22,c23,c24,c25 FROM t1;
c1	c2	c21	c22	c23	c24	c25
B	Berlin	Mitte	2	bbbbbbbbbbbbbb	2345	2012
C	Cottbus	West	3	cccccccccccccc	3456	2012
D	Darmstadt	City	1	dddddddddddddd	1234	2012
M	M√ºnchen	S√ºd	4	√ú√ñ√Ñ√ü√º√∂√§	4567	2012
SELECT SLEEP(2);
SLEEP(2)
0
Here the memcached results with D,B,M,C:
Darmstadt                               |City                                    |1                                       |dddddddddddddd                          |1234                                    |2012                                    
Berlin                                  |Mitte                                   |2                                       |bbbbbbbbbbbbbb                          |2345                                    |2012                                    
M√É¬ºnchen                              |S√É¬ºd                                  |4                                       |√É≈ì√É‚Äì√É‚Äû√É≈∏√É¬º√É¬∂√É¬§          |4567                                    |2012                                    
Cottbus                                 |West                                    |3                                       |cccccccccccccc                          |3456                                    |2012                                    
SELECT c1,c2,c21,c22,c23,c24,c25 FROM t1;
c1	c2	c21	c22	c23	c24	c25
B	Berlin	Mitte	2	bbbbbbbbbbbbbb	2345	2012
C	Cottbus	West	3	cccccccccccccc	3456	2012
D	Darmstadt	City	1	dddddddddddddd	1234	2012
M	M√ºnchen	S√ºd	4	√ú√ñ√Ñ√ü√º√∂√§	4567	2012
Here the memcached results after set:
√úlzen                                  |City                                    |5                                       |√º√∂√§√ü√ú√ñ√Ñ                          |5678                                    |2012                                    
Beijing                                 |City                                    |6                                       |fffffffff                               |6789                                    |2012                                    
Shanghai                                |City                                    |7                                       |fffffffff                               |7890                                    |2012                                    
Wuhan                                   |City                                    |8                                       |eeeeeeeee                               |8901                                    |2012                                    
SELECT c1,c2,c21,c22,c23,c24,c25 FROM t1;
c1	c2	c21	c22	c23	c24	c25
	Shanghai	City	7	fffffffff	7890	2012
01234567890123456789012345678901	Wuhan	City	8	eeeeeeeee	8901	2012
B	Berlin	Mitte	2	bbbbbbbbbbbbbb	2345	2012
C	Cottbus	West	3	cccccccccccccc	3456	2012
D	Darmstadt	City	1	dddddddddddddd	1234	2012
M	M√ºnchen	S√ºd	4	√ú√ñ√Ñ√ü√º√∂√§	4567	2012
_	Beijing	City	6	fffffffff	6789	2012
‹	‹lzen	City	5	¸ˆ‰ﬂ‹÷ƒ	5678	2012
DROP TABLE t1;
UNINSTALL PLUGIN daemon_memcached;
DROP DATABASE innodb_memcache;
SET @@global.tx_isolation= @tx_isolation;
Warnings:
Warning	1287	'@@tx_isolation' is deprecated and will be removed in a future release. Please use '@@transaction_isolation' instead
