CALL mtr.add_suppression("daemon-memcached-w-batch-size': unsigned");
CALL mtr.add_suppression("Could not obtain server's UPN to be used as target service name");
CALL mtr.add_suppression("InnoDB: Warning: MySQL is trying to drop");
SET @tx_isolation= @@global.tx_isolation;
SET GLOBAL TRANSACTION ISOLATION LEVEL READ UNCOMMITTED;
UNINSTALL PLUGIN daemon_memcached;
create database innodb_memcache;
use innodb_memcache;
CREATE  TABLE IF NOT EXISTS `cache_policies` (
`policy_name` VARCHAR(40) PRIMARY KEY,
`get_policy` ENUM('innodb_only', 'cache_only', 'caching','disabled')
NOT NULL ,
`set_policy` ENUM('innodb_only', 'cache_only','caching','disabled')
NOT NULL ,
`delete_policy` ENUM('innodb_only', 'cache_only', 'caching','disabled')
NOT NULL,
`flush_policy` ENUM('innodb_only', 'cache_only', 'caching','disabled')
NOT NULL
) ENGINE = innodb;
CREATE  TABLE IF NOT EXISTS `containers` (
`name` varchar(50) not null primary key,
`db_schema` VARCHAR(250) NOT NULL,
`db_table` VARCHAR(250) NOT NULL,
`key_columns` VARCHAR(250) NOT NULL,
`value_columns` VARCHAR(250),
`flags` VARCHAR(250) NOT NULL DEFAULT "0",
`cas_column` VARCHAR(250),
`expire_time_column` VARCHAR(250),
`unique_idx_name_on_key` VARCHAR(250) NOT NULL
) ENGINE = InnoDB;
CREATE  TABLE IF NOT EXISTS `config_options` (
`name` varchar(50) not null primary key,
`value` varchar(50)) ENGINE = InnoDB;
INSERT INTO cache_policies VALUES("cache_policy", "innodb_only",
"innodb_only", "innodb_only", "innodb_only");
INSERT INTO config_options VALUES("separator", "0");
INSERT INTO containers VALUES ("desc_t1", "test", "t1",
"c1", "c2,c21,c22,c23,c24,c25", "c3", "c4", "c5", "PRIMARY");
USE test;
CREATE TABLE t1        (c1 VARCHAR(32),
c2 VARCHAR(40),
c21 VARCHAR(40),
c22 VARCHAR(40),
c23 VARCHAR(40),
c24 VARCHAR(40),
c25 VARCHAR(40),
c3 INT, c4 BIGINT UNSIGNED, c5 INT, primary key(c1))
ENGINE = INNODB;
INSERT INTO t1 VALUES ('D', 'Darmstadt', 'City','1', 'dddddddddddddd', '1234', '2012', 0, 0, 0);
INSERT INTO t1 VALUES ('B', 'Berlin', 'Mitte', '2', 'bbbbbbbbbbbbbb', '2345', '2012', 0, 0, 0);
INSERT INTO t1 VALUES ('C', 'Cottbus', 'West', '3', 'cccccccccccccc', '3456', '2012', 0, 0 ,0);
INSERT INTO t1 VALUES ('H', 'Hamburg', 'Norderstedt', '4', 'hhhhhhhhhh', '4567', '2012', 0, 0, 0);
INSTALL PLUGIN daemon_memcached SONAME 'libmemcached.so';
SELECT c1,c2,c21,c22,c23,c24,c25 FROM t1;
c1	c2	c21	c22	c23	c24	c25
B	Berlin	Mitte	2	bbbbbbbbbbbbbb	2345	2012
C	Cottbus	West	3	cccccccccccccc	3456	2012
D	Darmstadt	City	1	dddddddddddddd	1234	2012
H	Hamburg	Norderstedt	4	hhhhhhhhhh	4567	2012
Here the memcached results with D,B,H,C:
Darmstadt0City010dddddddddddddd0123402012
Berlin0Mitte020bbbbbbbbbbbbbb0234502012
Hamburg0Norderstedt040hhhhhhhhhh0456702012
Cottbus0West030cccccccccccccc0345602012
SELECT c1,c2,c21,c22,c23,c24,c25 FROM t1;
c1	c2	c21	c22	c23	c24	c25
B	Berlin	Mitte	2	bbbbbbbbbbbbbb	2345	2012
C	Cottbus	West	3	cccccccccccccc	3456	2012
D	Darmstadt	City	1	dddddddddddddd	1234	2012
H	Hamburg	Norderstedt	4	hhhhhhhhhh	4567	2012
Here the memcached results after set:
Essen|Ost|5|eeeeeeeeeee|5678|2012
Essen0Ost050eeeeeeeeeee0567802
SELECT c1,c2,c21,c22,c23,c24,c25 FROM t1;
c1	c2	c21	c22	c23	c24	c25
B	Berlin	Mitte	2	bbbbbbbbbbbbbb	2345	2012
C	Cottbus	West	3	cccccccccccccc	3456	2012
D	Darmstadt	City	1	dddddddddddddd	1234	2012
E	Essen	Ost	5	eeeeeeeeeee	5678	2
H	Hamburg	Norderstedt	4	hhhhhhhhhh	4567	2012
DROP TABLE t1;
DROP DATABASE innodb_memcache;
SET @@global.tx_isolation= @tx_isolation;
