include/master-slave.inc
[connection master]
SET @transaction_isolation= @@global.transaction_isolation;
SET GLOBAL TRANSACTION ISOLATION LEVEL READ UNCOMMITTED;
INSERT INTO cache_policies VALUES("cache_policy", "innodb_only",
"innodb_only", "innodb_only", "innodb_only");
INSERT INTO config_options VALUES("separator", "|");
INSERT INTO containers VALUES ("desc_t1", "test", "t1",
"c1", "c2,c21", "c3", "c4", "c5", "PRIMARY");
USE test;
DROP TABLE IF EXISTS t1;
CREATE TABLE t1        (c1 VARCHAR(32),
c2 VARCHAR(1024),
c21 VARCHAR(1024),
c3 INT, c4 BIGINT UNSIGNED, c5 INT, primary key(c1))
ENGINE = INNODB;
INSERT INTO t1 VALUES ('D', 'Darmstadt', 'City', 0, 0, 0);
INSERT INTO t1 VALUES ('B', 'Berlin', 'Mitte', 0, 0, 0);
INSERT INTO t1 VALUES ('C', 'Cottbus', 'West', 0, 0 ,0);
INSERT INTO t1 VALUES ('H', 'Hamburg', 'Norderstedt', 0, 0, 0);
INSTALL PLUGIN daemon_memcached SONAME 'libmemcached.so';
SELECT c1,c2,c21 FROM t1;
c1	c2	c21
B	Berlin	Mitte
C	Cottbus	West
D	Darmstadt	City
H	Hamburg	Norderstedt
SELECT SLEEP(2);
SLEEP(2)
0
Here the memcached results with D,B,H,C:
Darmstadt|City
Berlin|Mitte
Hamburg|Norderstedt
Cottbus|West
SELECT c1,c2,c21 FROM t1;
c1	c2	c21
B	Berlin	Mitte
C	Cottbus	West
D	Darmstadt	City
H	Hamburg	Norderstedt
sync_slave_with_master;
connection slave;
connection slave;
SELECT c1,c2,c21 FROM t1;
c1	c2	c21
B	Berlin	Mitte
C	Cottbus	West
D	Darmstadt	City
H	Hamburg	Norderstedt
connection master;
Here the memcached results after set:
Essen|Ost
SELECT c1,c2,c21 FROM t1;
c1	c2	c21
B	Berlin	Mitte
C	Cottbus	West
D	Darmstadt	City
E	Essen	Ost
H	Hamburg	Norderstedt
sync_slave_with_master;
connection slave;
connection slave;
SELECT c1,c2,c21 FROM t1;
c1	c2	c21
B	Berlin	Mitte
C	Cottbus	West
D	Darmstadt	City
E	Essen	Ost
H	Hamburg	Norderstedt
connection master;
Here the memcached results after add:
Frankfurt|Sachsenhause
SELECT c1,c2,c21 FROM t1;
c1	c2	c21
B	Berlin	Mitte
C	Cottbus	West
D	Darmstadt	City
E	Essen	Ost
F	Frankfurt	Sachsenhause
H	Hamburg	Norderstedt
sync_slave_with_master;
connection slave;
connection slave;
SELECT c1,c2,c21 FROM t1;
c1	c2	c21
B	Berlin	Mitte
C	Cottbus	West
D	Darmstadt	City
E	Essen	Ost
F	Frankfurt	Sachsenhause
H	Hamburg	Norderstedt
connection master;
Here the memcached results after replace:
Frankfurt a. M.|Sachsenhausen
SELECT c1,c2,c21 FROM t1;
c1	c2	c21
B	Berlin	Mitte
C	Cottbus	West
D	Darmstadt	City
E	Essen	Ost
F	Frankfurt a. M.	Sachsenhausen
H	Hamburg	Norderstedt
sync_slave_with_master;
connection slave;
connection slave;
SELECT c1,c2,c21 FROM t1;
c1	c2	c21
B	Berlin	Mitte
C	Cottbus	West
D	Darmstadt	City
E	Essen	Ost
F	Frankfurt a. M.	Sachsenhausen
H	Hamburg	Norderstedt
connection master;
Here the memcached results after delete:
SELECT c1,c2,c21 FROM t1;
c1	c2	c21
B	Berlin	Mitte
C	Cottbus	West
D	Darmstadt	City
E	Essen	Ost
H	Hamburg	Norderstedt
sync_slave_with_master;
connection slave;
connection slave;
SELECT c1,c2,c21 FROM t1;
c1	c2	c21
B	Berlin	Mitte
C	Cottbus	West
D	Darmstadt	City
E	Essen	Ost
H	Hamburg	Norderstedt
connection master;
Here the memcached results after add Frankfurt|:
Frankfurt|
Here the memcached results after add |Airport:
Frankfurt|
SELECT c1,c2,c21 FROM t1;
c1	c2	c21
B	Berlin	Mitte
C	Cottbus	West
D	Darmstadt	City
E	Essen	Ost
F	Frankfurt	NULL
H	Hamburg	Norderstedt
sync_slave_with_master;
connection slave;
connection slave;
SELECT c1,c2,c21 FROM t1;
c1	c2	c21
B	Berlin	Mitte
C	Cottbus	West
D	Darmstadt	City
E	Essen	Ost
F	Frankfurt	NULL
H	Hamburg	Norderstedt
connection master;
Here the memcached results after replace Frankfurt a.M.:
Frankfurt a. M.|
Here the memcached results after replace Sachsenhausen:
|Sachsenhausen
SELECT c1,c2,c21 FROM t1;
c1	c2	c21
B	Berlin	Mitte
C	Cottbus	West
D	Darmstadt	City
E	Essen	Ost
F	NULL	Sachsenhausen
H	Hamburg	Norderstedt
sync_slave_with_master;
connection slave;
connection slave;
SELECT c1,c2,c21 FROM t1;
c1	c2	c21
B	Berlin	Mitte
C	Cottbus	West
D	Darmstadt	City
E	Essen	Ost
F	NULL	Sachsenhausen
H	Hamburg	Norderstedt
connection master;
DROP TABLE t1;
UNINSTALL PLUGIN daemon_memcached;
DROP DATABASE innodb_memcache;
SET @@global.transaction_isolation= @transaction_isolation;
connection slave;
include/rpl_end.inc
connection server_2;
connection server_2;
connection server_2;
connection server_2;
connection server_1;
connection server_1;
connection server_1;
connection server_1;
connection server_2;
connection server_2;
connection server_1;
connection server_2;
connection server_2;
connection server_1;
connection server_1;
connection server_1;
connection server_1;
connection default;
disconnect server_2;
disconnect server_2_1;
disconnect server_1;
disconnect server_1_1;
