stop slave;
drop table if exists t1,t2,t3,t4,t5,t6,t7,t8,t9;
reset master;
reset slave;
drop table if exists t1,t2,t3,t4,t5,t6,t7,t8,t9;
start slave;
set @saved_slave_type_conversions = @@global.slave_type_conversions;
CREATE TABLE type_conversions (
TestNo INT AUTO_INCREMENT PRIMARY KEY,
Source TEXT,
Target TEXT,
Flags TEXT,
On_Master TEXT,
On_Slave TEXT,
Expected TEXT,
Compare INT,
Error TEXT);
SELECT @@global.slave_type_conversions;
@@global.slave_type_conversions

SET GLOBAL SLAVE_TYPE_CONVERSIONS='';
SELECT @@global.slave_type_conversions;
@@global.slave_type_conversions

SET GLOBAL SLAVE_TYPE_CONVERSIONS='ALL_NON_LOSSY';
SELECT @@global.slave_type_conversions;
@@global.slave_type_conversions
ALL_NON_LOSSY
SET GLOBAL SLAVE_TYPE_CONVERSIONS='ALL_LOSSY';
SELECT @@global.slave_type_conversions;
@@global.slave_type_conversions
ALL_LOSSY
SET GLOBAL SLAVE_TYPE_CONVERSIONS='ALL_LOSSY,ALL_NON_LOSSY';
SELECT @@global.slave_type_conversions;
@@global.slave_type_conversions
ALL_LOSSY,ALL_NON_LOSSY
SET GLOBAL SLAVE_TYPE_CONVERSIONS='ALL_LOSSY,ALL_NON_LOSSY,NONEXISTING_BIT';
ERROR 42000: Variable 'slave_type_conversions' can't be set to the value of 'NONEXISTING_BIT'
SELECT @@global.slave_type_conversions;
@@global.slave_type_conversions
ALL_LOSSY,ALL_NON_LOSSY
SET GLOBAL SLAVE_TYPE_CONVERSIONS='';
**** Running tests with @@SLAVE_TYPE_CONVERSIONS = '' ****
**** Resetting master and slave ****
include/stop_slave.inc
RESET SLAVE;
RESET MASTER;
include/start_slave.inc
**** Result of conversions ****
Source_Type	Target_Type	All_Type_Conversion_Flags	Value_On_Slave
GEOMETRY       	GEOMETRY       	                         	<Correct value>
BIT(1)         	BIT(1)         	                         	<Correct value>
DATE           	DATE           	                         	<Correct value>
ENUM('master','	ENUM('master','	                         	<Correct value>
CHAR(10)       	ENUM('master','	                         	<Correct error>
CHAR(10)       	SET('master','s	                         	<Correct error>
ENUM('master','	CHAR(10)       	                         	<Correct error>
SET('master','s	CHAR(10)       	                         	<Correct error>
SET('master','s	SET('master','s	                         	<Correct value>
SET('master','s	SET('master','s	                         	<Correct value>
SET('0','1','2'	SET('0','1','2'	                         	<Correct value>
SET('0','1','2'	SET('0','1','2'	                         	<Correct error>
SET('0','1','2'	SET('0','1','2'	                         	<Correct error>
SET('0','1','2'	SET('0','1','2'	                         	<Correct error>
TINYINT        	TINYINT        	                         	<Correct value>
TINYINT        	SMALLINT       	                         	<Correct error>
TINYINT        	MEDIUMINT      	                         	<Correct error>
TINYINT        	INT            	                         	<Correct error>
TINYINT        	BIGINT         	                         	<Correct error>
SMALLINT       	TINYINT        	                         	<Correct error>
SMALLINT       	TINYINT        	                         	<Correct error>
SMALLINT       	TINYINT UNSIGNE	                         	<Correct error>
SMALLINT       	SMALLINT       	                         	<Correct value>
SMALLINT       	MEDIUMINT      	                         	<Correct error>
SMALLINT       	INT            	                         	<Correct error>
SMALLINT       	BIGINT         	                         	<Correct error>
MEDIUMINT      	TINYINT        	                         	<Correct error>
MEDIUMINT      	TINYINT        	                         	<Correct error>
MEDIUMINT      	TINYINT UNSIGNE	                         	<Correct error>
MEDIUMINT      	SMALLINT       	                         	<Correct error>
MEDIUMINT      	MEDIUMINT      	                         	<Correct value>
MEDIUMINT      	INT            	                         	<Correct error>
MEDIUMINT      	BIGINT         	                         	<Correct error>
INT            	TINYINT        	                         	<Correct error>
INT            	TINYINT        	                         	<Correct error>
INT            	TINYINT UNSIGNE	                         	<Correct error>
INT            	SMALLINT       	                         	<Correct error>
INT            	MEDIUMINT      	                         	<Correct error>
INT            	INT            	                         	<Correct value>
INT            	BIGINT         	                         	<Correct error>
BIGINT         	TINYINT        	                         	<Correct error>
BIGINT         	SMALLINT       	                         	<Correct error>
BIGINT         	MEDIUMINT      	                         	<Correct error>
BIGINT         	INT            	                         	<Correct error>
BIGINT         	BIGINT         	                         	<Correct value>
CHAR(20)       	CHAR(20)       	                         	<Correct value>
CHAR(20)       	CHAR(30)       	                         	<Correct error>
CHAR(20)       	CHAR(10)       	                         	<Correct error>
CHAR(20)       	VARCHAR(20)    	                         	<Correct error>
CHAR(20)       	VARCHAR(30)    	                         	<Correct error>
CHAR(20)       	VARCHAR(10)    	                         	<Correct error>
CHAR(20)       	TINYTEXT       	                         	<Correct error>
CHAR(20)       	TEXT           	                         	<Correct error>
CHAR(20)       	MEDIUMTEXT     	                         	<Correct error>
CHAR(20)       	LONGTEXT       	                         	<Correct error>
VARCHAR(20)    	VARCHAR(20)    	                         	<Correct value>
VARCHAR(20)    	VARCHAR(30)    	                         	<Correct error>
VARCHAR(20)    	VARCHAR(10)    	                         	<Correct error>
VARCHAR(20)    	CHAR(30)       	                         	<Correct error>
VARCHAR(20)    	CHAR(10)       	                         	<Correct error>
VARCHAR(20)    	TINYTEXT       	                         	<Correct error>
VARCHAR(20)    	TEXT           	                         	<Correct error>
VARCHAR(20)    	MEDIUMTEXT     	                         	<Correct error>
VARCHAR(20)    	LONGTEXT       	                         	<Correct error>
VARCHAR(500)   	VARCHAR(500)   	                         	<Correct value>
VARCHAR(500)   	VARCHAR(510)   	                         	<Correct error>
VARCHAR(500)   	VARCHAR(255)   	                         	<Correct error>
VARCHAR(500)   	TINYTEXT       	                         	<Correct error>
VARCHAR(500)   	TEXT           	                         	<Correct error>
VARCHAR(500)   	MEDIUMTEXT     	                         	<Correct error>
VARCHAR(500)   	LONGTEXT       	                         	<Correct error>
TINYTEXT       	VARCHAR(500)   	                         	<Correct error>
TEXT           	VARCHAR(500)   	                         	<Correct error>
MEDIUMTEXT     	VARCHAR(500)   	                         	<Correct error>
LONGTEXT       	VARCHAR(500)   	                         	<Correct error>
TINYTEXT       	CHAR(255)      	                         	<Correct error>
TINYTEXT       	CHAR(250)      	                         	<Correct error>
TEXT           	CHAR(255)      	                         	<Correct error>
MEDIUMTEXT     	CHAR(255)      	                         	<Correct error>
LONGTEXT       	CHAR(255)      	                         	<Correct error>
TINYTEXT       	TINYTEXT       	                         	<Correct value>
TINYTEXT       	TEXT           	                         	<Correct error>
TEXT           	TINYTEXT       	                         	<Correct error>
DECIMAL(10,5)  	DECIMAL(10,5)  	                         	<Correct value>
DECIMAL(10,5)  	DECIMAL(10,6)  	                         	<Correct error>
DECIMAL(10,5)  	DECIMAL(11,5)  	                         	<Correct error>
DECIMAL(10,5)  	DECIMAL(11,6)  	                         	<Correct error>
DECIMAL(10,5)  	DECIMAL(10,4)  	                         	<Correct error>
DECIMAL(10,5)  	DECIMAL(9,5)   	                         	<Correct error>
DECIMAL(10,5)  	DECIMAL(9,4)   	                         	<Correct error>
FLOAT          	DECIMAL(10,5)  	                         	<Correct error>
DOUBLE         	DECIMAL(10,5)  	                         	<Correct error>
DECIMAL(10,5)  	FLOAT          	                         	<Correct error>
DECIMAL(10,5)  	DOUBLE         	                         	<Correct error>
FLOAT          	FLOAT          	                         	<Correct value>
DOUBLE         	DOUBLE         	                         	<Correct value>
FLOAT          	DOUBLE         	                         	<Correct error>
DOUBLE         	FLOAT          	                         	<Correct error>
BIT(5)         	BIT(5)         	                         	<Correct value>
BIT(5)         	BIT(6)         	                         	<Correct error>
BIT(6)         	BIT(5)         	                         	<Correct error>
BIT(5)         	BIT(12)        	                         	<Correct error>
BIT(12)        	BIT(5)         	                         	<Correct error>
DROP TABLE type_conversions;
DROP TABLE t1;
set global slave_type_conversions = @saved_slave_type_conversions;
