stop slave;
drop table if exists t1,t2,t3,t4,t5,t6,t7,t8,t9;
reset master;
reset slave;
drop table if exists t1,t2,t3,t4,t5,t6,t7,t8,t9;
start slave;

**** On Master ****
CREATE TABLE t1 (b CHAR(10));

**** On Slave ****
STOP SLAVE;

**** On Master ****
LOAD DATA INFILE FILENAME
SELECT COUNT(*) FROM t1;
COUNT(*)
3
SHOW BINLOG EVENTS;
Log_name	Pos	Event_type	Server_id	End_log_pos	Info
master-bin.000001	#	Format_desc	1	#	Server ver: #
master-bin.000001	#	Query	1	#	use `test`; CREATE TABLE t1 (b CHAR(10))
master-bin.000001	#	Begin_load_query	1	#	;file_id=#;block_len=#
master-bin.000001	#	Execute_load_query	1	#	use `test`; LOAD DATA INFILE FILENAME ;file_id=#

**** On Slave ****
SET GLOBAL SQL_SLAVE_SKIP_COUNTER=1;
START SLAVE;
SELECT COUNT(*) FROM t1;
COUNT(*)
0

**** On Master ****
DROP TABLE t1;
