include/master-slave.inc
Warnings:
Note	####	Sending passwords in plain text without SSL/TLS is extremely insecure.
Note	####	Storing MySQL user name or password information in the master info repository is not secure and is therefore not recommended. Please consider using the USER and PASSWORD connection options for START SLAVE; see the 'START SLAVE Syntax' in the MySQL Manual for more information.
[connection master]
set session sql_log_bin=0;
delete from mysql.user where Host='fakehost';
set session sql_log_bin=1;
set session sql_log_bin=0;
delete from mysql.user where Host='fakehost';
set session sql_log_bin=1;
create user 'foo'@'fakehost';
create user 'foo'@'fakehost', 'bar'@'fakehost';
ERROR HY000: Operation CREATE USER failed for 'foo'@'fakehost'
create user 'foo'@'fakehost', 'bar'@'fakehost';
ERROR HY000: Operation CREATE USER failed for 'foo'@'fakehost','bar'@'fakehost'
create user 'foo1'@'fakehost' IDENTIFIED BY 'foo1', 'foo2'@'fakehost'
  IDENTIFIED BY PASSWORD'*1111111111111111111111111111111111111111',
'foo3'@'fakehost';
Warnings:
Warning	1287	'IDENTIFIED BY PASSWORD' is deprecated and will be removed in a future release. Please use IDENTIFIED WITH <plugin> AS <hash> instead
include/sync_slave_sql_with_master.inc
select Host,User from mysql.user where Host='fakehost';
Host	User
fakehost	bar
fakehost	foo
fakehost	foo1
fakehost	foo2
fakehost	foo3
include/diff_tables.inc [master:mysql.user, slave:mysql.user]
rename user 'foo'@'fakehost' to 'foofoo'@'fakehost';
rename user 'not_exist_user1'@'fakehost' to 'foobar'@'fakehost', 'bar'@'fakehost' to 'barbar'@'fakehost';
ERROR HY000: Operation RENAME USER failed for 'not_exist_user1'@'fakehost'
rename user 'not_exist_user1'@'fakehost' to 'foobar'@'fakehost', 'not_exist_user2'@'fakehost' to 'barfoo'@'fakehost';
ERROR HY000: Operation RENAME USER failed for 'not_exist_user1'@'fakehost','not_exist_user2'@'fakehost'
include/sync_slave_sql_with_master.inc
select Host,User from mysql.user where Host='fakehost';
Host	User
fakehost	barbar
fakehost	foo1
fakehost	foo2
fakehost	foo3
fakehost	foofoo
drop user 'foofoo'@'fakehost';
drop user 'foo1'@'fakehost', 'foo2'@'fakehost', 'foo3'@'fakehost';
drop user 'not_exist_user1'@'fakehost', 'barbar'@'fakehost';
ERROR HY000: Operation DROP USER failed for 'not_exist_user1'@'fakehost'
drop user 'not_exist_user1'@'fakehost', 'not_exist_user2'@'fakehost';
ERROR HY000: Operation DROP USER failed for 'not_exist_user1'@'fakehost','not_exist_user2'@'fakehost'
include/sync_slave_sql_with_master.inc
select Host,User from mysql.user where Host='fakehost';
Host	User
#
# WL2392: "Change Password at next login" (initial default for root)
#
CREATE USER must_change2@localhost IDENTIFIED BY 'aha';
ALTER USER must_change2@localhost PASSWORD EXPIRE;
include/sync_slave_sql_with_master.inc
select Host,User,password_expired from mysql.user where user='must_change2';
Host	User	password_expired
localhost	must_change2	Y
# must throw an error
SELECT USER();
ERROR HY000: You must reset your password using ALTER USER statement before executing this statement.
# setting a password unlocks it
SET PASSWORD = 'aha2';
include/sync_slave_sql_with_master.inc
# must not throw an error
SELECT USER();
USER()
must_change2@localhost
DROP USER must_change2@localhost;
include/sync_slave_sql_with_master.inc
include/show_binlog_events.inc
Log_name	Pos	Event_type	Server_id	End_log_pos	Info
master-bin.000001	#	Query	#	#	use `test`; CREATE USER 'foo'@'fakehost' IDENTIFIED WITH 'mysql_native_password'
master-bin.000001	#	Query	#	#	use `test`; CREATE USER 'foo'@'fakehost' IDENTIFIED WITH 'mysql_native_password','bar'@'fakehost' IDENTIFIED WITH 'mysql_native_password'
master-bin.000001	#	Query	#	#	use `test`; CREATE USER 'foo1'@'fakehost' IDENTIFIED WITH 'mysql_native_password' AS '*6EAC5249D53050AE649BDB0CC4B85D1AE90CA16E','foo2'@'fakehost' IDENTIFIED WITH 'mysql_native_password' AS '*1111111111111111111111111111111111111111','foo3'@'fakehost' IDENTIFIED WITH 'mysql_native_password'
master-bin.000001	#	Query	#	#	use `test`; rename user 'foo'@'fakehost' to 'foofoo'@'fakehost'
master-bin.000001	#	Query	#	#	use `test`; rename user 'not_exist_user1'@'fakehost' to 'foobar'@'fakehost', 'bar'@'fakehost' to 'barbar'@'fakehost'
master-bin.000001	#	Query	#	#	use `test`; drop user 'foofoo'@'fakehost'
master-bin.000001	#	Query	#	#	use `test`; drop user 'foo1'@'fakehost', 'foo2'@'fakehost', 'foo3'@'fakehost'
master-bin.000001	#	Query	#	#	use `test`; drop user 'not_exist_user1'@'fakehost', 'barbar'@'fakehost'
master-bin.000001	#	Query	#	#	use `test`; CREATE USER 'must_change2'@'localhost' IDENTIFIED WITH 'mysql_native_password' AS '*B4AD7521513E598788362B069D1AEA3C8837A221'
master-bin.000001	#	Query	#	#	use `test`; ALTER USER 'must_change2'@'localhost' PASSWORD EXPIRE
master-bin.000001	#	Query	#	#	use `test`; ALTER USER 'must_change2'@'localhost' IDENTIFIED WITH 'mysql_native_password' AS '*F827ACC9688DECC68F54398510B5B921E9725DE1'
master-bin.000001	#	Query	#	#	use `test`; DROP USER must_change2@localhost
include/rpl_end.inc
