stop slave;
drop table if exists t1,t2,t3,t4,t5,t6,t7,t8,t9;
reset master;
reset slave;
drop table if exists t1,t2,t3,t4,t5,t6,t7,t8,t9;
start slave;
create table t1(n int);
select * from t1;
n
stop slave sql_thread;
insert into t1 values(1);
insert into t1 values(2);
include/stop_slave.inc
change master to master_user='root';
start slave;
select * from t1;
n
1
2
drop table t1;
stop slave;
drop table if exists t1,t2,t3,t4,t5,t6,t7,t8,t9;
reset master;
reset slave;
drop table if exists t1,t2,t3,t4,t5,t6,t7,t8,t9;
start slave;
create table t1 (a int);
insert into t1 values (1);
flush logs;
insert into t1 values (2);
include/stop_slave.inc
delete from t1 where a=2;
CHANGE MASTER TO relay_log_file='slave-relay-bin.000005', relay_log_pos=4;
start slave sql_thread;
start slave io_thread;
set global relay_log_purge=1;
drop table t1;
include/stop_slave.inc
create table t1(n int, b varchar(256));
insert into t1 values(1, <master_bind>);
change master to master_host=<master_bind>, master_bind=<master_bind>;
start slave;
drop table t1;
include/stop_slave.inc
create table t1(n int, b varchar(256));
insert into t1 values(1, <master_bind>);
change master to  master_bind=<master_bind>;
start slave;
got expected error 2003
include/stop_slave.inc
change master to master_bind='';
start slave;
drop table t1;
include/stop_slave.inc
create table t1(n int, b varchar(256));
insert into t1 values(1, <master_bind>);
change master to master_host=<master_bind>, master_bind=<master_bind>;
start slave;
drop table t1;
include/stop_slave.inc
create table t1(n int, b varchar(256));
insert into t1 values(1, <master_bind>);
change master to  master_bind=<master_bind>;
start slave;
drop table t1;
