include/master-slave.inc
[connection master]
set time_zone='+03:00';
set timestamp=unix_timestamp('2011-01-01 01:01:01') + 0.123456;
create table t1 (a timestamp(4), b varchar(100), c datetime(2));
insert t1 (b,c) values (now(6), now(6));
insert t1 values ('2010-10-10 10:10:10.101010','2010-10-10 10:10:10.101010','2010-10-10 10:10:10.101010');
set timestamp=unix_timestamp('2022-02-02 02:02:02') + 0.654321;
insert t1 (b,c) values (now(), now());
insert t1 (b,c) values (0,0);
insert t1 (a,b,c) values (0,0,now(6));
select * from t1;
a	b	c
2011-01-01 01:01:01.1234	2011-01-01 01:01:01.123456	2011-01-01 01:01:01.12
2010-10-10 10:10:10.1010	2010-10-10 10:10:10.101010	2010-10-10 10:10:10.10
2022-02-02 02:02:02.6543	2022-02-02 02:02:02	2022-02-02 02:02:02.00
2022-02-02 02:02:02.6543	0	0000-00-00 00:00:00.00
0000-00-00 00:00:00.0000	0	2022-02-02 02:02:02.65
set time_zone='+03:00';
select * from t1;
a	b	c
2011-01-01 01:01:01.1234	2011-01-01 01:01:01.123456	2011-01-01 01:01:01.12
2010-10-10 10:10:10.1010	2010-10-10 10:10:10.101010	2010-10-10 10:10:10.10
2022-02-02 02:02:02.6543	2022-02-02 02:02:02	2022-02-02 02:02:02.00
2022-02-02 02:02:02.6543	0	0000-00-00 00:00:00.00
0000-00-00 00:00:00.0000	0	2022-02-02 02:02:02.65
drop table t1;
include/rpl_end.inc
