stop slave;
drop table if exists t1,t2,t3,t4,t5,t6,t7,t8,t9;
reset master;
reset slave;
drop table if exists t1,t2,t3,t4,t5,t6,t7,t8,t9;
start slave;
CREATE TABLE t1 (word CHAR(20) NOT NULL);
LOAD DATA INFILE '../../std_data/words.dat' INTO TABLE t1;
SELECT * FROM t1 ORDER BY word;
word
Aarhus
Aarhus
Aaron
Aaron
Ababa
Ababa
aback
aback
abaft
abaft
abandon
abandon
abandoned
abandoned
abandoning
abandoning
abandonment
abandonment
abandons
abandons
abase
abased
abasement
abasements
abases
abash
abashed
abashes
abashing
abasing
abate
abated
abatement
abatements
abater
abates
abating
Abba
abbe
abbey
abbeys
abbot
abbots
Abbott
abbreviate
abbreviated
abbreviates
abbreviating
abbreviation
abbreviations
Abby
abdomen
abdomens
abdominal
abduct
abducted
abduction
abductions
abductor
abductors
abducts
Abe
abed
Abel
Abelian
Abelson
Aberdeen
Abernathy
aberrant
aberration
SELECT * FROM t1 ORDER BY word;
word
Aarhus
Aarhus
Aaron
Aaron
Ababa
Ababa
aback
aback
abaft
abaft
abandon
abandon
abandoned
abandoned
abandoning
abandoning
abandonment
abandonment
abandons
abandons
abase
abased
abasement
abasements
abases
abash
abashed
abashes
abashing
abasing
abate
abated
abatement
abatements
abater
abates
abating
Abba
abbe
abbey
abbeys
abbot
abbots
Abbott
abbreviate
abbreviated
abbreviates
abbreviating
abbreviation
abbreviations
Abby
abdomen
abdomens
abdominal
abduct
abducted
abduction
abductions
abductor
abductors
abducts
Abe
abed
Abel
Abelian
Abelson
Aberdeen
Abernathy
aberrant
aberration
drop table t1;
