include/rpl/init_source_replica.inc
Warnings:
Note	####	Sending passwords in plain text without SSL/TLS is extremely insecure.
Note	####	Storing MySQL user name or password information in the connection metadata repository is not secure and is therefore not recommended. Please consider using the USER and PASSWORD connection options for START REPLICA; see the 'START REPLICA Syntax' in the MySQL Manual for more information.
[connection master]
drop table if exists t1;
create table t1(n char(30));
prepare stmt1 from 'insert into t1 values (?)';
set @var1= "from-master-1";
execute stmt1 using @var1;
set @var1= "from-master-2-'',";
execute stmt1 using @var1;
SELECT * FROM t1 ORDER BY n;
n
from-master-1
from-master-2-'',
set @var2= 'insert into t1 values (concat("from-var-", ?))';
prepare stmt2 from @var2;
set @var1='from-master-3';
execute stmt2 using @var1;
include/rpl/sync_to_replica.inc
SELECT * FROM t1 ORDER BY n;
n
from-master-1
from-master-2-'',
from-var-from-master-3
drop table t1;
include/rpl/sync_to_replica.inc
STOP REPLICA;
include/rpl/wait_for_replica_to_stop.inc

########################################################################
#
# BUG#25843: Changing default database between PREPARE and EXECUTE of
# statement breaks binlog.
#
########################################################################
# Connection: slave
START REPLICA;
# Connection: master
CREATE DATABASE mysqltest1;
CREATE TABLE t1(db_name CHAR(32), db_col_name CHAR(32));
PREPARE stmt_d_1 FROM 'INSERT INTO t1 VALUES(DATABASE(), @@collation_database)';
EXECUTE stmt_d_1;
use mysqltest1;
EXECUTE stmt_d_1;
# Connection: slave
include/rpl/sync_to_replica.inc
SELECT * FROM t1;
db_name	db_col_name
test	utf8mb4_0900_ai_ci
test	utf8mb4_0900_ai_ci
# Connection: master
DROP DATABASE mysqltest1;
use test;
DROP TABLE t1;
include/rpl/deinit.inc
