include/master-slave.inc
Warnings:
Note	####	Sending passwords in plain text without SSL/TLS is extremely insecure.
Note	####	Storing MySQL user name or password information in the master info repository is not secure and is therefore not recommended. Please consider using the USER and PASSWORD connection options for START SLAVE; see the 'START SLAVE Syntax' in the MySQL Manual for more information.
[connection master]
DROP TABLE IF EXISTS test.t1;
CREATE TABLE test.t1 (
dummyKey INTEGER NOT NULL,
f01 TINYINT,
f10 TINYINT,
f12 TINYINT,
f15 TINYINT,
f16 TINYINT,
f7 TINYINT,
f9 TINYINT,
f29 TINYINT,
f0 TINYINT,
fA1 TINYINT,
C32 TINYINT,
A42 TINYINT,
CA3 TINYINT,
A044 TINYINT,
f001 TINYINT,
A3002 TINYINT,
fC003 TINYINT,
CA300 TINYINT,
A305 TINYINT,
CA321 TINYINT,
r001 TINYINT,
bit1 BIT(6),
bit2 BIT(6),
bit3 BIT(6),
State1 TINYINT,
State2 TINYINT,
State3 TINYINT,
State4 TINYINT,
SubState TINYINT,
gState TINYINT,
oSupp TINYINT,
tSupp TINYINT,
sSuppD TINYINT,
mSuppf TINYINT,
GSuppDf TINYINT,
VNotSupp TINYINT,
x034 TINYINT,
PRIMARY KEY USING HASH (dummyKey) );
Warnings:
Note	3502	This storage engine does not support the HASH index algorithm, storage engine default was used instead.
LOCK TABLES test.t1 WRITE;
INSERT INTO test.t1  VALUES (6,1,1,1,1,0,1,0,0,0,0,0,0,0,0,0,0,0,0,0,0,0,b'111111',b'111110',b'110101',4,5,5,5,5,5,5,5,5,5,3,2,1);
INSERT INTO  test.t1 VALUES (1,1,1,1,1,0,1,0,0,0,0,0,0,0,0,0,0,0,0,0,0,0,b'111111',b'000000',b'100100',4,5,5,5,5,5,5,5,5,5,3,2,1);
INSERT INTO  test.t1 VALUES (2,1,1,1,1,0,1,0,0,0,0,0,0,0,0,0,0,0,0,0,0,0,b'000000',b'101010',b'010101',4,5,5,5,5,5,5,5,5,5,3,2,1);
INSERT INTO  test.t1 VALUES (3,1,1,1,1,0,1,0,0,0,0,0,0,0,0,0,0,0,0,0,0,0,b'101010',b'111111',b'000000',4,5,5,5,5,5,5,5,5,5,3,2,1);
INSERT INTO  test.t1 VALUES (4,1,1,1,1,0,1,0,0,0,0,0,0,0,0,0,0,0,0,0,0,0,0,1,1,4,5,5,5,5,5,5,5,5,5,3,2,1);
INSERT INTO  test.t1 VALUES (5,1,1,1,1,0,1,0,0,0,0,0,0,0,0,0,0,0,0,0,0,0,0,1,1,4,5,5,5,5,5,5,5,5,5,3,2,1);
INSERT INTO  test.t1 VALUES (7,1,1,1,1,0,1,0,0,0,0,0,0,0,0,0,0,0,0,0,0,0,0,1,1,4,5,5,5,5,5,5,5,5,5,3,2,1);
INSERT INTO  test.t1 VALUES (8,1,1,1,1,0,1,0,0,0,0,0,0,0,0,0,0,0,0,0,0,0,0,1,1,4,5,5,5,5,5,5,5,5,5,3,2,1);
UNLOCK TABLES;
SELECT  oSupp, sSuppD, GSuppDf, VNotSupp, x034 FROM test.t1;
oSupp	sSuppD	GSuppDf	VNotSupp	x034
5	5	3	2	1
5	5	3	2	1
5	5	3	2	1
5	5	3	2	1
5	5	3	2	1
5	5	3	2	1
5	5	3	2	1
5	5	3	2	1
SELECT hex(bit1) FROM test.t1 ORDER BY bit1;
hex(bit1)
0
0
0
0
0
2A
3F
3F
SELECT hex(bit2) from test.t1 ORDER BY bit2;
hex(bit2)
0
1
1
1
1
2A
3E
3F
SELECT hex(bit3) from test.t1 ORDER BY bit3;
hex(bit3)
0
1
1
1
1
15
24
35
include/sync_slave_sql_with_master.inc
SELECT  oSupp, sSuppD, GSuppDf, VNotSupp, x034 FROM test.t1;
oSupp	sSuppD	GSuppDf	VNotSupp	x034
5	5	3	2	1
5	5	3	2	1
5	5	3	2	1
5	5	3	2	1
5	5	3	2	1
5	5	3	2	1
5	5	3	2	1
5	5	3	2	1
SELECT hex(bit1) FROM test.t1 ORDER BY bit1;
hex(bit1)
0
0
0
0
0
2A
3F
3F
SELECT hex(bit2) from test.t1 ORDER BY bit2;
hex(bit2)
0
1
1
1
1
2A
3E
3F
SELECT hex(bit3) from test.t1 ORDER BY bit3;
hex(bit3)
0
1
1
1
1
15
24
35
DROP TABLE IF EXISTS test.t1;
include/sync_slave_sql_with_master.inc
include/rpl_end.inc
