include/master-slave.inc
[connection master]
create table t1(a int);
select * into outfile 'MYSQLD_DATADIR/rpl_loaddatalocal.select_outfile' from t1;
truncate table t1;
load data local infile 'MYSQLD_DATADIR/rpl_loaddatalocal.select_outfile' into table t1;
select a,count(*) from t1 group by a;
a	count(*)
1	10000
drop table t1;
create table t1(a int);
insert into t1 values (1), (2), (2), (3);
select * into outfile 'MYSQLD_DATADIR/rpl_loaddatalocal.select_outfile' from t1;
drop table t1;
create table t1(a int primary key);
load data local infile 'MYSQLD_DATADIR/rpl_loaddatalocal.select_outfile' into table t1;
SELECT * FROM t1 ORDER BY a;
a
1
2
3
SELECT * FROM t1 ORDER BY a;
a
1
2
3
drop table t1;
==== Bug22504 Initialize ====
[on master]
SET sql_mode='ignore_space';
CREATE TABLE t1(a int);
insert into t1 values (1), (2), (3), (4);
select * into outfile 'MYSQLD_DATADIR/rpl_loaddatalocal.select_outfile' from t1;
truncate table t1;
load data local infile 'MYSQLD_DATADIR/rpl_loaddatalocal.select_outfile' into table t1;
SELECT * FROM t1 ORDER BY a;
a
1
2
3
4
[on slave]
SELECT * FROM t1 ORDER BY a;
a
1
2
3
4
==== Clean up ====
[on master]
DROP TABLE t1;
[on slave]

Bug #43746:
"return wrong query string when parse 'load data infile' sql statement"

[master]
SELECT @@SESSION.sql_mode INTO @old_mode;
SET sql_mode='ignore_space';
CREATE TABLE t1(a int);
INSERT INTO t1 VALUES (1), (2), (3), (4);
SELECT * INTO OUTFILE 'MYSQLD_DATADIR/bug43746.sql' FROM t1;
TRUNCATE TABLE t1;
LOAD DATA LOCAL INFILE 'MYSQLD_DATADIR/bug43746.sql' INTO TABLE t1;
LOAD/* look mum, with comments in weird places! */DATA/* oh hai */LOCAL INFILE 'MYSQLD_DATADIR/bug43746.sql'/* we are */INTO/* from the internets */TABLE t1;
LOAD DATA/*!10000 LOCAL */INFILE 'MYSQLD_DATADIR/bug43746.sql' INTO TABLE t1;
LOAD DATA LOCAL INFILE 'MYSQLD_DATADIR/bug43746.sql' /*!10000 INTO */ TABLE t1;
LOAD DATA LOCAL INFILE 'MYSQLD_DATADIR/bug43746.sql' /*!10000 INTO TABLE */ t1;
LOAD DATA /*!10000 LOCAL INFILE 'MYSQLD_DATADIR/bug43746.sql' INTO TABLE */ t1;
LOAD DATA/*!10000 LOCAL */INFILE 'MYSQLD_DATADIR/bug43746.sql'/*!10000 INTO*/TABLE t1;
LOAD DATA/*!10000 LOCAL */INFILE 'MYSQLD_DATADIR/bug43746.sql'/* empty */INTO TABLE t1;
LOAD DATA/*!10000 LOCAL */INFILE 'MYSQLD_DATADIR/bug43746.sql' INTO/* empty */TABLE t1;
LOAD/*!99999 special comments that do not expand */DATA/*!99999 code from the future */LOCAL INFILE 'MYSQLD_DATADIR/bug43746.sql'/*!99999 have flux capacitor */INTO/*!99999 will travel */TABLE t1;
SET sql_mode='PIPES_AS_CONCAT,ANSI_QUOTES,NO_KEY_OPTIONS,NO_TABLE_OPTIONS,NO_FIELD_OPTIONS,STRICT_TRANS_TABLES,STRICT_ALL_TABLES,NO_ZERO_IN_DATE,NO_ZERO_DATE,ERROR_FOR_DIVISION_BY_ZERO,TRADITIONAL,NO_AUTO_CREATE_USER';
LOAD DATA LOCAL INFILE 'MYSQLD_DATADIR/bug43746.sql' INTO TABLE t1;
[slave]
[master]
DROP TABLE t1;
SET SESSION sql_mode=@old_mode;
[slave]
include/rpl_end.inc
