stop slave;
drop table if exists t1,t2,t3,t4,t5,t6,t7,t8,t9;
reset master;
reset slave;
drop table if exists t1,t2,t3,t4,t5,t6,t7,t8,t9;
start slave;
CREATE TABLE t1 (a INT, b INT);
CREATE TABLE t2 (a INT, b INT) ENGINE=Merge;
CREATE TABLE t3 (a INT, b INT) CHARSET=utf8;
CREATE TABLE t4 (a INT, b INT) ENGINE=Merge CHARSET=utf8;
SHOW BINLOG EVENTS FROM 216;
Log_name	#
Pos	216
Event_type	Query
Server_id	#
End_log_pos	309
Info	use `test`; CREATE TABLE t1 (a INT, b INT)
Log_name	#
Pos	309
Event_type	Query
Server_id	#
End_log_pos	415
Info	use `test`; CREATE TABLE t2 (a INT, b INT) ENGINE=Merge
Log_name	#
Pos	415
Event_type	Query
Server_id	#
End_log_pos	521
Info	use `test`; CREATE TABLE t3 (a INT, b INT) CHARSET=utf8
Log_name	#
Pos	521
Event_type	Query
Server_id	#
End_log_pos	640
Info	use `test`; CREATE TABLE t4 (a INT, b INT) ENGINE=Merge CHARSET=utf8
**** On Master ****
SHOW CREATE TABLE t1;
Table	t1
Create Table	CREATE TABLE `t1` (
  `a` int(11) DEFAULT NULL,
  `b` int(11) DEFAULT NULL
) ENGINE=MyISAM DEFAULT CHARSET=latin1
SHOW CREATE TABLE t2;
Table	t2
Create Table	CREATE TABLE `t2` (
  `a` int(11) DEFAULT NULL,
  `b` int(11) DEFAULT NULL
) ENGINE=MRG_MyISAM DEFAULT CHARSET=latin1 UNION=()
SHOW CREATE TABLE t3;
Table	t3
Create Table	CREATE TABLE `t3` (
  `a` int(11) DEFAULT NULL,
  `b` int(11) DEFAULT NULL
) ENGINE=MyISAM DEFAULT CHARSET=utf8
**** On Slave ****
SHOW CREATE TABLE t1;
Table	t1
Create Table	CREATE TABLE `t1` (
  `a` int(11) DEFAULT NULL,
  `b` int(11) DEFAULT NULL
) ENGINE=MEMORY DEFAULT CHARSET=latin1
SHOW CREATE TABLE t2;
Table	t2
Create Table	CREATE TABLE `t2` (
  `a` int(11) DEFAULT NULL,
  `b` int(11) DEFAULT NULL
) ENGINE=MRG_MyISAM DEFAULT CHARSET=latin1 UNION=()
SHOW CREATE TABLE t3;
Table	t3
Create Table	CREATE TABLE `t3` (
  `a` int(11) DEFAULT NULL,
  `b` int(11) DEFAULT NULL
) ENGINE=MEMORY DEFAULT CHARSET=utf8
CREATE TABLE t5 (b INT, c INT) SELECT * FROM t3;
CREATE TEMPORARY TABLE tt3 (a INT, b INT);
INSERT INTO tt3 VALUES (1,2), (2,4), (3,6), (4,2), (5,10), (6,12);
CREATE TABLE t6 (b INT, c INT) SELECT * FROM tt3;
**** On Master ****
SHOW CREATE TABLE t5;
Table	t5
Create Table	CREATE TABLE `t5` (
  `c` int(11) DEFAULT NULL,
  `a` int(11) DEFAULT NULL,
  `b` int(11) DEFAULT NULL
) ENGINE=MyISAM DEFAULT CHARSET=latin1
SELECT * FROM t5 ORDER BY a,b,c;
c	a	b
SHOW CREATE TABLE t6;
Table	t6
Create Table	CREATE TABLE `t6` (
  `c` int(11) DEFAULT NULL,
  `a` int(11) DEFAULT NULL,
  `b` int(11) DEFAULT NULL
) ENGINE=MyISAM DEFAULT CHARSET=latin1
SELECT * FROM t6 ORDER BY a,b,c;
c	a	b
NULL	1	2
NULL	2	4
NULL	3	6
NULL	4	2
NULL	5	10
NULL	6	12
**** On Slave ****
SHOW CREATE TABLE t5;
Table	t5
Create Table	CREATE TABLE `t5` (
  `c` int(11) DEFAULT NULL,
  `a` int(11) DEFAULT NULL,
  `b` int(11) DEFAULT NULL
) ENGINE=MEMORY DEFAULT CHARSET=latin1
SELECT * FROM t5 ORDER BY a,b,c;
c	a	b
SHOW CREATE TABLE t6;
Table	t6
Create Table	CREATE TABLE `t6` (
  `c` int(11) DEFAULT NULL,
  `a` int(11) DEFAULT NULL,
  `b` int(11) DEFAULT NULL
) ENGINE=MEMORY DEFAULT CHARSET=latin1
SELECT * FROM t6 ORDER BY a,b,c;
c	a	b
NULL	1	2
NULL	2	4
NULL	3	6
NULL	4	2
NULL	5	10
NULL	6	12
CREATE TABLE t7 (UNIQUE(b)) SELECT a,b FROM tt3;
ERROR 23000: Duplicate entry '2' for key 'b'
SHOW BINLOG EVENTS FROM 1098;
Log_name	Pos	Event_type	Server_id	End_log_pos	Info
CREATE TABLE t7 (a INT, b INT UNIQUE);
INSERT INTO t7 SELECT a,b FROM tt3;
ERROR 23000: Duplicate entry '2' for key 'b'
SELECT * FROM t7 ORDER BY a,b;
a	b
1	2
2	4
3	6
SHOW BINLOG EVENTS FROM 1098;
Log_name	Pos	Event_type	Server_id	End_log_pos	Info
#	1098	Query	#	1198	use `test`; CREATE TABLE t7 (a INT, b INT UNIQUE)
#	1198	Table_map	#	1238	table_id: # (test.t7)
#	1238	Write_rows	#	1294	table_id: # flags: STMT_END_F
SELECT * FROM t7 ORDER BY a,b;
a	b
1	2
2	4
3	6
CREATE TEMPORARY TABLE tt4 (a INT, b INT);
INSERT INTO tt4 VALUES (4,8), (5,10), (6,12);
BEGIN;
INSERT INTO t7 SELECT a,b FROM tt4;
ROLLBACK;
Warnings:
Warning	1196	Some non-transactional changed tables couldn't be rolled back
SHOW BINLOG EVENTS FROM 1294;
Log_name	Pos	Event_type	Server_id	End_log_pos	Info
#	1294	Table_map	#	1334	table_id: # (test.t7)
#	1334	Write_rows	#	1390	table_id: # flags: STMT_END_F
SELECT * FROM t7 ORDER BY a,b;
a	b
1	2
2	4
3	6
4	8
5	10
6	12
SELECT * FROM t7 ORDER BY a,b;
a	b
1	2
2	4
3	6
4	8
5	10
6	12
CREATE TABLE t8 LIKE t4;
CREATE TABLE t9 LIKE tt4;
CREATE TEMPORARY TABLE tt5 LIKE t4;
CREATE TEMPORARY TABLE tt6 LIKE tt4;
CREATE TEMPORARY TABLE tt7 SELECT 1;
**** On Master ****
SHOW CREATE TABLE t8;
Table	t8
Create Table	CREATE TABLE `t8` (
  `a` int(11) DEFAULT NULL,
  `b` int(11) DEFAULT NULL
) ENGINE=MRG_MyISAM DEFAULT CHARSET=utf8 UNION=()
SHOW CREATE TABLE t9;
Table	t9
Create Table	CREATE TABLE `t9` (
  `a` int(11) DEFAULT NULL,
  `b` int(11) DEFAULT NULL
) ENGINE=MyISAM DEFAULT CHARSET=latin1
SHOW BINLOG EVENTS FROM 1390;
Log_name	Pos	Event_type	Server_id	End_log_pos	Info
#	1390	Query	#	1476	use `test`; CREATE TABLE t8 LIKE t4
#	1476	Query	#	1615	use `test`; CREATE TABLE `t9` (
  `a` int(11) DEFAULT NULL,
  `b` int(11) DEFAULT NULL
)
**** On Slave ****
SHOW CREATE TABLE t8;
Table	t8
Create Table	CREATE TABLE `t8` (
  `a` int(11) DEFAULT NULL,
  `b` int(11) DEFAULT NULL
) ENGINE=MRG_MyISAM DEFAULT CHARSET=utf8 UNION=()
SHOW CREATE TABLE t9;
Table	t9
Create Table	CREATE TABLE `t9` (
  `a` int(11) DEFAULT NULL,
  `b` int(11) DEFAULT NULL
) ENGINE=MEMORY DEFAULT CHARSET=latin1
DROP TABLE IF EXISTS t1,t2,t3,t4,t5,t6,t7,t8,t9;
STOP SLAVE;
SET GLOBAL storage_engine=@storage_engine;
START SLAVE;
================ BUG#22864 ================
STOP SLAVE;
RESET SLAVE;
RESET MASTER;
START SLAVE;
SET AUTOCOMMIT=0;
CREATE TABLE t1 (a INT);
INSERT INTO t1 VALUES (1),(2),(3);
CREATE TABLE t2 ENGINE=INNODB SELECT * FROM t1;
ROLLBACK;
CREATE TABLE t3 ENGINE=INNODB SELECT * FROM t1;
INSERT INTO t3 VALUES (4),(5),(6);
ROLLBACK;
CREATE TABLE t4 ENGINE=INNODB SELECT * FROM t1;
INSERT INTO t1 VALUES (4),(5),(6);
ROLLBACK;
Warnings:
Warning	1196	Some non-transactional changed tables couldn't be rolled back
SHOW TABLES;
Tables_in_test
t1
t2
t3
t4
SELECT   TABLE_NAME,ENGINE
FROM   INFORMATION_SCHEMA.TABLES
WHERE   TABLE_NAME LIKE 't_'
ORDER BY TABLE_NAME;
TABLE_NAME	ENGINE
t1	MyISAM
t2	InnoDB
t3	InnoDB
t4	InnoDB
SELECT * FROM t1 ORDER BY a;
a
1
2
3
4
5
6
SELECT * FROM t2 ORDER BY a;
a
1
2
3
SELECT * FROM t3 ORDER BY a;
a
1
2
3
SELECT * FROM t4 ORDER BY a;
a
1
2
3
SHOW BINLOG EVENTS;
Log_name	Pos	Event_type	Server_id	End_log_pos	Info
#	4	Format_desc	#	106	Server ver: #, Binlog ver: #
#	106	Query	#	192	use `test`; CREATE TABLE t1 (a INT)
#	192	Table_map	#	231	table_id: # (test.t1)
#	231	Write_rows	#	275	table_id: # flags: STMT_END_F
#	275	Query	#	343	use `test`; BEGIN
#	343	Query	#	125	use `test`; CREATE TABLE `t2` (
  `a` int(11) DEFAULT NULL
) ENGINE=InnoDB
#	468	Table_map	#	164	table_id: # (test.t2)
#	507	Write_rows	#	208	table_id: # flags: STMT_END_F
#	551	Xid	#	578	COMMIT /* XID */
#	578	Query	#	646	use `test`; BEGIN
#	646	Query	#	125	use `test`; CREATE TABLE `t3` (
  `a` int(11) DEFAULT NULL
) ENGINE=InnoDB
#	771	Table_map	#	164	table_id: # (test.t3)
#	810	Write_rows	#	208	table_id: # flags: STMT_END_F
#	854	Xid	#	881	COMMIT /* XID */
#	881	Query	#	949	use `test`; BEGIN
#	949	Query	#	125	use `test`; CREATE TABLE `t4` (
  `a` int(11) DEFAULT NULL
) ENGINE=InnoDB
#	1074	Table_map	#	164	table_id: # (test.t4)
#	1113	Write_rows	#	208	table_id: # flags: STMT_END_F
#	1157	Xid	#	1184	COMMIT /* XID */
#	1184	Table_map	#	1223	table_id: # (test.t1)
#	1223	Write_rows	#	1267	table_id: # flags: STMT_END_F
SHOW TABLES;
Tables_in_test
t1
t2
t3
t4
SELECT   TABLE_NAME,ENGINE
FROM   INFORMATION_SCHEMA.TABLES
WHERE   TABLE_NAME LIKE 't_'
ORDER BY TABLE_NAME;
TABLE_NAME	ENGINE
t1	MyISAM
t2	InnoDB
t3	InnoDB
t4	InnoDB
SELECT * FROM t1 ORDER BY a;
a
1
2
3
4
5
6
SELECT * FROM t2 ORDER BY a;
a
1
2
3
SELECT * FROM t3 ORDER BY a;
a
1
2
3
SELECT * FROM t4 ORDER BY a;
a
1
2
3
DROP TABLE IF EXISTS t1,t2,t3,t4;
SET AUTOCOMMIT=1;
STOP SLAVE;
RESET SLAVE;
RESET MASTER;
START SLAVE;
CREATE TABLE t1 (a INT);
INSERT INTO t1 VALUES (1),(2),(3);
CREATE TABLE t2 (a INT) ENGINE=INNODB;
BEGIN;
INSERT INTO t2 SELECT a*a FROM t1;
CREATE TEMPORARY TABLE tt1
SELECT a+1 AS a
FROM t1
WHERE a MOD 2 = 1;
INSERT INTO t2 SELECT a+2 FROM tt1;
COMMIT;
SELECT * FROM t2 ORDER BY a;
a
1
4
4
6
9
SHOW BINLOG EVENTS;
Log_name	Pos	Event_type	Server_id	End_log_pos	Info
#	4	Format_desc	#	106	Server ver: #, Binlog ver: #
#	106	Query	#	192	use `test`; CREATE TABLE t1 (a INT)
#	192	Table_map	#	231	table_id: # (test.t1)
#	231	Write_rows	#	275	table_id: # flags: STMT_END_F
#	275	Query	#	375	use `test`; CREATE TABLE t2 (a INT) ENGINE=INNODB
#	375	Query	#	443	use `test`; BEGIN
#	443	Table_map	#	39	table_id: # (test.t2)
#	482	Write_rows	#	83	table_id: # flags: STMT_END_F
#	526	Table_map	#	122	table_id: # (test.t2)
#	565	Write_rows	#	161	table_id: # flags: STMT_END_F
#	604	Xid	#	631	COMMIT /* XID */
SELECT * FROM t2 ORDER BY a;
a
1
4
4
6
9
TRUNCATE TABLE t2;
BEGIN;
INSERT INTO t2 SELECT a*a FROM t1;
CREATE TEMPORARY TABLE tt2
SELECT a+1 AS a
FROM t1
WHERE a MOD 2 = 1;
INSERT INTO t2 SELECT a+2 FROM tt2;
ROLLBACK;
SELECT * FROM t2 ORDER BY a;
a
SHOW BINLOG EVENTS FROM 631;
Log_name	Pos	Event_type	Server_id	End_log_pos	Info
#	631	Query	#	80	use `test`; TRUNCATE TABLE t2
#	711	Xid	#	738	COMMIT /* XID */
SELECT * FROM t2 ORDER BY a;
a
DROP TABLE t1,t2;
