stop slave;
drop table if exists t1,t2,t3,t4,t5,t6,t7,t8,t9;
reset master;
reset slave;
drop table if exists t1,t2,t3,t4,t5,t6,t7,t8,t9;
start slave;
CREATE TABLE t1 (a INT, b INT);
CREATE TABLE t2 (a INT, b INT) ENGINE=Merge;
CREATE TABLE t3 (a INT, b INT) CHARSET=utf8;
CREATE TABLE t4 (a INT, b INT) ENGINE=Merge CHARSET=utf8;
SHOW BINLOG EVENTS FROM 217;
Log_name	#
Pos	217
Event_type	Query
Server_id	#
End_log_pos	310
Info	use `test`; CREATE TABLE t1 (a INT, b INT)
Log_name	#
Pos	310
Event_type	Query
Server_id	#
End_log_pos	416
Info	use `test`; CREATE TABLE t2 (a INT, b INT) ENGINE=Merge
Log_name	#
Pos	416
Event_type	Query
Server_id	#
End_log_pos	522
Info	use `test`; CREATE TABLE t3 (a INT, b INT) CHARSET=utf8
Log_name	#
Pos	522
Event_type	Query
Server_id	#
End_log_pos	641
Info	use `test`; CREATE TABLE t4 (a INT, b INT) ENGINE=Merge CHARSET=utf8
**** On Master ****
SHOW CREATE TABLE t1;
Table	t1
Create Table	CREATE TABLE `t1` (
  `a` int(11) DEFAULT NULL,
  `b` int(11) DEFAULT NULL
) ENGINE=MyISAM DEFAULT CHARSET=latin1
SHOW CREATE TABLE t2;
Table	t2
Create Table	CREATE TABLE `t2` (
  `a` int(11) DEFAULT NULL,
  `b` int(11) DEFAULT NULL
) ENGINE=MRG_MyISAM DEFAULT CHARSET=latin1 UNION=()
SHOW CREATE TABLE t3;
Table	t3
Create Table	CREATE TABLE `t3` (
  `a` int(11) DEFAULT NULL,
  `b` int(11) DEFAULT NULL
) ENGINE=MyISAM DEFAULT CHARSET=utf8
**** On Slave ****
SHOW CREATE TABLE t1;
Table	t1
Create Table	CREATE TABLE `t1` (
  `a` int(11) DEFAULT NULL,
  `b` int(11) DEFAULT NULL
) ENGINE=MEMORY DEFAULT CHARSET=latin1
SHOW CREATE TABLE t2;
Table	t2
Create Table	CREATE TABLE `t2` (
  `a` int(11) DEFAULT NULL,
  `b` int(11) DEFAULT NULL
) ENGINE=MRG_MyISAM DEFAULT CHARSET=latin1 UNION=()
SHOW CREATE TABLE t3;
Table	t3
Create Table	CREATE TABLE `t3` (
  `a` int(11) DEFAULT NULL,
  `b` int(11) DEFAULT NULL
) ENGINE=MEMORY DEFAULT CHARSET=utf8
CREATE TABLE t5 (b INT, c INT) SELECT * FROM t3;
CREATE TEMPORARY TABLE tt3 (a INT, b INT);
INSERT INTO tt3 VALUES (1,2), (2,4), (3,6), (4,2), (5,10), (6,12);
CREATE TABLE t6 (b INT, c INT) SELECT * FROM tt3;
**** On Master ****
SHOW CREATE TABLE t5;
Table	t5
Create Table	CREATE TABLE `t5` (
  `c` int(11) DEFAULT NULL,
  `a` int(11) DEFAULT NULL,
  `b` int(11) DEFAULT NULL
) ENGINE=MyISAM DEFAULT CHARSET=latin1
SELECT * FROM t5 ORDER BY a,b,c;
c	a	b
SHOW CREATE TABLE t6;
Table	t6
Create Table	CREATE TABLE `t6` (
  `c` int(11) DEFAULT NULL,
  `a` int(11) DEFAULT NULL,
  `b` int(11) DEFAULT NULL
) ENGINE=MyISAM DEFAULT CHARSET=latin1
SELECT * FROM t6 ORDER BY a,b,c;
c	a	b
NULL	1	2
NULL	2	4
NULL	3	6
NULL	4	2
NULL	5	10
NULL	6	12
**** On Slave ****
SHOW CREATE TABLE t5;
Table	t5
Create Table	CREATE TABLE `t5` (
  `c` int(11) DEFAULT NULL,
  `a` int(11) DEFAULT NULL,
  `b` int(11) DEFAULT NULL
) ENGINE=MEMORY DEFAULT CHARSET=latin1
SELECT * FROM t5 ORDER BY a,b,c;
c	a	b
SHOW CREATE TABLE t6;
Table	t6
Create Table	CREATE TABLE `t6` (
  `c` int(11) DEFAULT NULL,
  `a` int(11) DEFAULT NULL,
  `b` int(11) DEFAULT NULL
) ENGINE=MEMORY DEFAULT CHARSET=latin1
SELECT * FROM t6 ORDER BY a,b,c;
c	a	b
NULL	1	2
NULL	2	4
NULL	3	6
NULL	4	2
NULL	5	10
NULL	6	12
CREATE TABLE t7 (UNIQUE(b)) SELECT a,b FROM tt3;
ERROR 23000: Duplicate entry '2' for key 'b'
SHOW BINLOG EVENTS FROM 1375;
Log_name	Pos	Event_type	Server_id	End_log_pos	Info
CREATE TABLE t7 (a INT, b INT UNIQUE);
INSERT INTO t7 SELECT a,b FROM tt3;
ERROR 23000: Duplicate entry '2' for key 'b'
SELECT * FROM t7 ORDER BY a,b;
a	b
1	2
2	4
3	6
SHOW BINLOG EVENTS FROM 1375;
Log_name	Pos	Event_type	Server_id	End_log_pos	Info
#	1375	Query	#	1475	use `test`; CREATE TABLE t7 (a INT, b INT UNIQUE)
#	1475	Table_map	#	1517	table_id: # (test.t7)
#	1517	Write_rows	#	1573	table_id: # flags: STMT_END_F
SELECT * FROM t7 ORDER BY a,b;
a	b
1	2
2	4
3	6
CREATE TEMPORARY TABLE tt4 (a INT, b INT);
INSERT INTO tt4 VALUES (4,8), (5,10), (6,12);
BEGIN;
INSERT INTO t7 SELECT a,b FROM tt4;
ROLLBACK;
Warnings:
Warning	1196	Some non-transactional changed tables couldn't be rolled back
SHOW BINLOG EVENTS FROM 1573;
Log_name	Pos	Event_type	Server_id	End_log_pos	Info
#	1573	Table_map	#	1615	table_id: # (test.t7)
#	1615	Write_rows	#	1671	table_id: # flags: STMT_END_F
SELECT * FROM t7 ORDER BY a,b;
a	b
1	2
2	4
3	6
4	8
5	10
6	12
SELECT * FROM t7 ORDER BY a,b;
a	b
1	2
2	4
3	6
4	8
5	10
6	12
CREATE TABLE t8 LIKE t4;
CREATE TABLE t9 LIKE tt4;
CREATE TEMPORARY TABLE tt5 LIKE t4;
CREATE TEMPORARY TABLE tt6 LIKE tt4;
CREATE TEMPORARY TABLE tt7 SELECT 1;
**** On Master ****
SHOW CREATE TABLE t8;
Table	t8
Create Table	CREATE TABLE `t8` (
  `a` int(11) DEFAULT NULL,
  `b` int(11) DEFAULT NULL
) ENGINE=MRG_MyISAM DEFAULT CHARSET=utf8 UNION=()
SHOW CREATE TABLE t9;
Table	t9
Create Table	CREATE TABLE `t9` (
  `a` int(11) DEFAULT NULL,
  `b` int(11) DEFAULT NULL
) ENGINE=MyISAM DEFAULT CHARSET=latin1
SHOW BINLOG EVENTS FROM 1671;
Log_name	Pos	Event_type	Server_id	End_log_pos	Info
#	1671	Query	#	1757	use `test`; CREATE TABLE t8 LIKE t4
#	1757	Query	#	1896	use `test`; CREATE TABLE `t9` (
  `a` int(11) DEFAULT NULL,
  `b` int(11) DEFAULT NULL
)
**** On Slave ****
SHOW CREATE TABLE t8;
Table	t8
Create Table	CREATE TABLE `t8` (
  `a` int(11) DEFAULT NULL,
  `b` int(11) DEFAULT NULL
) ENGINE=MRG_MyISAM DEFAULT CHARSET=utf8 UNION=()
SHOW CREATE TABLE t9;
Table	t9
Create Table	CREATE TABLE `t9` (
  `a` int(11) DEFAULT NULL,
  `b` int(11) DEFAULT NULL
) ENGINE=MEMORY DEFAULT CHARSET=latin1
DROP TABLE IF EXISTS t1,t2,t3,t4,t5,t6,t7,t8,t9;
STOP SLAVE;
SET GLOBAL storage_engine=@storage_engine;
START SLAVE;
================ BUG#22864 ================
STOP SLAVE;
RESET SLAVE;
RESET MASTER;
START SLAVE;
SET AUTOCOMMIT=0;
CREATE TABLE t1 (a INT);
INSERT INTO t1 VALUES (1),(2),(3);
CREATE TABLE t2 ENGINE=INNODB SELECT * FROM t1;
ROLLBACK;
CREATE TABLE t3 ENGINE=INNODB SELECT * FROM t1;
INSERT INTO t3 VALUES (4),(5),(6);
ROLLBACK;
CREATE TABLE t4 ENGINE=INNODB SELECT * FROM t1;
INSERT INTO t1 VALUES (4),(5),(6);
ROLLBACK;
Warnings:
Warning	1196	Some non-transactional changed tables couldn't be rolled back
SHOW TABLES;
Tables_in_test
t1
t2
t3
t4
SELECT   TABLE_NAME,ENGINE
FROM   INFORMATION_SCHEMA.TABLES
WHERE   TABLE_NAME LIKE 't_'
ORDER BY TABLE_NAME;
TABLE_NAME	ENGINE
t1	MyISAM
t2	InnoDB
t3	InnoDB
t4	InnoDB
SELECT * FROM t1 ORDER BY a;
a
1
2
3
4
5
6
SELECT * FROM t2 ORDER BY a;
a
1
2
3
SELECT * FROM t3 ORDER BY a;
a
1
2
3
SELECT * FROM t4 ORDER BY a;
a
1
2
3
SHOW BINLOG EVENTS;
Log_name	Pos	Event_type	Server_id	End_log_pos	Info
#	4	Format_desc	#	107	Server ver: #, Binlog ver: #
#	107	Query	#	193	use `test`; CREATE TABLE t1 (a INT)
#	193	Table_map	#	234	table_id: # (test.t1)
#	234	Write_rows	#	278	table_id: # flags: STMT_END_F
#	278	Query	#	346	use `test`; BEGIN
#	346	Query	#	471	use `test`; CREATE TABLE `t2` (
  `a` int(11) DEFAULT NULL
) ENGINE=InnoDB
#	471	Table_map	#	512	table_id: # (test.t2)
#	512	Write_rows	#	556	table_id: # flags: STMT_END_F
#	556	Xid	#	583	COMMIT /* XID */
#	583	Query	#	651	use `test`; BEGIN
#	651	Query	#	776	use `test`; CREATE TABLE `t3` (
  `a` int(11) DEFAULT NULL
) ENGINE=InnoDB
#	776	Table_map	#	817	table_id: # (test.t3)
#	817	Write_rows	#	861	table_id: # flags: STMT_END_F
#	861	Xid	#	888	COMMIT /* XID */
#	888	Query	#	956	use `test`; BEGIN
#	956	Query	#	1081	use `test`; CREATE TABLE `t4` (
  `a` int(11) DEFAULT NULL
) ENGINE=InnoDB
#	1081	Table_map	#	1122	table_id: # (test.t4)
#	1122	Write_rows	#	1166	table_id: # flags: STMT_END_F
#	1166	Xid	#	1193	COMMIT /* XID */
#	1193	Table_map	#	1234	table_id: # (test.t1)
#	1234	Write_rows	#	1278	table_id: # flags: STMT_END_F
SHOW TABLES;
Tables_in_test
t1
t2
t3
t4
SELECT   TABLE_NAME,ENGINE
FROM   INFORMATION_SCHEMA.TABLES
WHERE   TABLE_NAME LIKE 't_'
ORDER BY TABLE_NAME;
TABLE_NAME	ENGINE
t1	MyISAM
t2	InnoDB
t3	InnoDB
t4	InnoDB
SELECT * FROM t1 ORDER BY a;
a
1
2
3
4
5
6
SELECT * FROM t2 ORDER BY a;
a
1
2
3
SELECT * FROM t3 ORDER BY a;
a
1
2
3
SELECT * FROM t4 ORDER BY a;
a
1
2
3
DROP TABLE IF EXISTS t1,t2,t3,t4;
SET AUTOCOMMIT=1;
STOP SLAVE;
RESET SLAVE;
RESET MASTER;
START SLAVE;
CREATE TABLE t1 (a INT);
INSERT INTO t1 VALUES (1),(2),(3);
CREATE TABLE t2 (a INT) ENGINE=INNODB;
BEGIN;
INSERT INTO t2 SELECT a*a FROM t1;
CREATE TEMPORARY TABLE tt1
SELECT a+1 AS a
FROM t1
WHERE a MOD 2 = 1;
INSERT INTO t2 SELECT a+2 FROM tt1;
COMMIT;
SELECT * FROM t2 ORDER BY a;
a
1
4
4
6
9
SHOW BINLOG EVENTS;
Log_name	Pos	Event_type	Server_id	End_log_pos	Info
#	4	Format_desc	#	107	Server ver: #, Binlog ver: #
#	107	Query	#	193	use `test`; CREATE TABLE t1 (a INT)
#	193	Table_map	#	234	table_id: # (test.t1)
#	234	Write_rows	#	278	table_id: # flags: STMT_END_F
#	278	Query	#	378	use `test`; CREATE TABLE t2 (a INT) ENGINE=INNODB
#	378	Query	#	446	use `test`; BEGIN
#	446	Table_map	#	487	table_id: # (test.t2)
#	487	Write_rows	#	531	table_id: # flags: STMT_END_F
#	531	Table_map	#	572	table_id: # (test.t2)
#	572	Write_rows	#	611	table_id: # flags: STMT_END_F
#	611	Xid	#	638	COMMIT /* XID */
SELECT * FROM t2 ORDER BY a;
a
1
4
4
6
9
TRUNCATE TABLE t2;
BEGIN;
INSERT INTO t2 SELECT a*a FROM t1;
CREATE TEMPORARY TABLE tt2
SELECT a+1 AS a
FROM t1
WHERE a MOD 2 = 1;
INSERT INTO t2 SELECT a+2 FROM tt2;
ROLLBACK;
Warnings:
Warning	1196	Some non-transactional changed tables couldn't be rolled back
SELECT * FROM t2 ORDER BY a;
a
SHOW BINLOG EVENTS FROM 638;
Log_name	Pos	Event_type	Server_id	End_log_pos	Info
#	638	Query	#	706	use `test`; BEGIN
#	706	Query	#	786	use `test`; TRUNCATE TABLE t2
#	786	Xid	#	813	COMMIT /* XID */
#	813	Query	#	881	use `test`; BEGIN
#	881	Table_map	#	922	table_id: # (test.t2)
#	922	Write_rows	#	966	table_id: # flags: STMT_END_F
#	966	Table_map	#	1007	table_id: # (test.t2)
#	1007	Write_rows	#	1046	table_id: # flags: STMT_END_F
#	1046	Query	#	1117	use `test`; ROLLBACK
SELECT * FROM t2 ORDER BY a;
a
DROP TABLE t1,t2;
