include/master-slave.inc
Warnings:
Note	####	Sending passwords in plain text without SSL/TLS is extremely insecure.
Note	####	Storing MySQL user name or password information in the master info repository is not secure and is therefore not recommended. Please consider using the USER and PASSWORD connection options for START SLAVE; see the 'START SLAVE Syntax' in the MySQL Manual for more information.
[connection master]
**** Testing WL#3228 changes. ****
*** Create "wider" table on slave ***
include/sync_slave_sql_with_master.inc
Checking MYSQL_TYPE_NEWDECIMAL fields
DROP TABLE IF EXISTS t1;
Warnings:
Note	1051	Unknown table 'test.t1'
STOP REPLICA;
CREATE TABLE t1 (a DECIMAL(5,2));
CREATE TABLE t1 (a DECIMAL(20, 10));
include/rpl_reset.inc
INSERT INTO t1 VALUES (901251.90125);
include/wait_for_slave_sql_error.inc [errno=13146]
SELECT COUNT(*) FROM t1;
COUNT(*)
0
STOP REPLICA;
include/rpl_reset.inc
DROP TABLE IF EXISTS t1;
STOP REPLICA;
CREATE TABLE t1 (a DECIMAL(27, 9));
CREATE TABLE t1 (a DECIMAL(27, 18));
include/rpl_reset.inc
INSERT INTO t1 VALUES (901251.90125);
include/wait_for_slave_sql_error.inc [errno=13146]
SELECT COUNT(*) FROM t1;
COUNT(*)
0
STOP REPLICA;
include/rpl_reset.inc
DROP TABLE IF EXISTS t1;
STOP REPLICA;
CREATE TABLE t1 (a NUMERIC(5,2));
CREATE TABLE t1 (a NUMERIC(20, 10));
include/rpl_reset.inc
INSERT INTO t1 VALUES (901251.90125);
include/wait_for_slave_sql_error.inc [errno=13146]
SELECT COUNT(*) FROM t1;
COUNT(*)
0
STOP REPLICA;
include/rpl_reset.inc
Checking MYSQL_TYPE_FLOAT fields
DROP TABLE IF EXISTS t1;
STOP REPLICA;
CREATE TABLE t1 (a FLOAT(20));
CREATE TABLE t1 (a FLOAT(47));
include/rpl_reset.inc
INSERT INTO t1 VALUES (901251.90125);
include/wait_for_slave_sql_error.inc [errno=13146]
SELECT COUNT(*) FROM t1;
COUNT(*)
0
STOP REPLICA;
include/rpl_reset.inc
Checking MYSQL_TYPE_BIT fields
DROP TABLE IF EXISTS t1;
STOP REPLICA;
CREATE TABLE t1 (a BIT(5));
CREATE TABLE t1 (a BIT(64));
include/rpl_reset.inc
INSERT INTO t1 VALUES (B'10101');
include/wait_for_slave_sql_error.inc [errno=13146]
SELECT COUNT(*) FROM t1;
COUNT(*)
0
STOP REPLICA;
include/rpl_reset.inc
DROP TABLE IF EXISTS t1;
STOP REPLICA;
CREATE TABLE t1 (a BIT(11));
CREATE TABLE t1 (a BIT(12));
include/rpl_reset.inc
INSERT INTO t1 VALUES (B'10101');
include/wait_for_slave_sql_error.inc [errno=13146]
SELECT COUNT(*) FROM t1;
COUNT(*)
0
STOP REPLICA;
include/rpl_reset.inc
Checking MYSQL_TYPE_SET fields
DROP TABLE IF EXISTS t1;
STOP REPLICA;
CREATE TABLE t1 (a SET('4'));
CREATE TABLE t1 (a SET('1','2','3','4','5','6','7','8','9'));
include/rpl_reset.inc
INSERT INTO t1 VALUES ('4');
include/wait_for_slave_sql_error.inc [errno=13146]
SELECT COUNT(*) FROM t1;
COUNT(*)
0
STOP REPLICA;
include/rpl_reset.inc
Checking MYSQL_TYPE_STRING fields
DROP TABLE IF EXISTS t1;
STOP REPLICA;
CREATE TABLE t1 (a CHAR(10));
CREATE TABLE t1 (a CHAR(20));
include/rpl_reset.inc
INSERT INTO t1 VALUES ('This is a test.');
include/wait_for_slave_sql_error.inc [errno=13146]
SELECT COUNT(*) FROM t1;
COUNT(*)
0
STOP REPLICA;
include/rpl_reset.inc
Checking MYSQL_TYPE_ENUM fields
DROP TABLE IF EXISTS t1;
STOP REPLICA;
CREATE TABLE t1 (a ENUM('44','54'));
CREATE TABLE t1 (a ENUM(
'01','02','03','04','05','06','07','08','09',
'11','12','13','14','15','16','17','18','19',
'21','22','23','24','25','26','27','28','29',
'31','32','33','34','35','36','37','38','39',
'41','42','43','44','45','46','47','48','49',
'51','52','53','54','55','56','57','58','59',
'61','62','63','64','65','66','67','68','69',
'71','72','73','74','75','76','77','78','79',
'81','82','83','84','85','86','87','88','89',
'91','92','93','94','95','96','97','98','99',
'101','102','103','104','105','106','107','108','109',
'111','112','113','114','115','116','117','118','119',
'121','122','123','124','125','126','127','128','129',
'131','132','133','134','135','136','137','138','139',
'141','142','143','144','145','146','147','148','149',
'151','152','153','154','155','156','157','158','159',
'161','162','163','164','165','166','167','168','169',
'171','172','173','174','175','176','177','178','179',
'181','182','183','184','185','186','187','188','189',
'191','192','193','194','195','196','197','198','199',
'201','202','203','204','205','206','207','208','209',
'211','212','213','214','215','216','217','218','219',
'221','222','223','224','225','226','227','228','229',
'231','232','233','234','235','236','237','238','239',
'241','242','243','244','245','246','247','248','249',
'251','252','253','254','255','256','257','258','259',
'261','262','263','264','265','266','267','268','269',
'271','272','273','274','275','276','277','278','279',
'281','282','283','284','285','286','287','288','289',
'291','292','293','294','295','296','297','298','299'
            ));
include/rpl_reset.inc
INSERT INTO t1 VALUES ('44');
include/wait_for_slave_sql_error.inc [errno=13146]
SELECT COUNT(*) FROM t1;
COUNT(*)
0
STOP REPLICA;
include/rpl_reset.inc
Checking MYSQL_TYPE_VARCHAR fields
DROP TABLE IF EXISTS t1;
STOP REPLICA;
CREATE TABLE t1 (a VARCHAR(100));
CREATE TABLE t1 (a VARCHAR(2000));
include/rpl_reset.inc
INSERT INTO t1 VALUES ('This is a test.');
include/wait_for_slave_sql_error.inc [errno=13146]
SELECT COUNT(*) FROM t1;
COUNT(*)
0
STOP REPLICA;
include/rpl_reset.inc
DROP TABLE IF EXISTS t1;
STOP REPLICA;
CREATE TABLE t1 (a VARCHAR(10));
CREATE TABLE t1 (a VARCHAR(200));
include/rpl_reset.inc
INSERT INTO t1 VALUES ('This is a test.');
include/wait_for_slave_sql_error.inc [errno=13146]
SELECT COUNT(*) FROM t1;
COUNT(*)
0
STOP REPLICA;
include/rpl_reset.inc
DROP TABLE IF EXISTS t1;
STOP REPLICA;
CREATE TABLE t1 (a VARCHAR(1000));
CREATE TABLE t1 (a VARCHAR(2000));
include/rpl_reset.inc
INSERT INTO t1 VALUES ('This is a test.');
include/wait_for_slave_sql_error.inc [errno=13146]
SELECT COUNT(*) FROM t1;
COUNT(*)
0
STOP REPLICA;
include/rpl_reset.inc
Checking MYSQL_TYPE_BLOB fields
DROP TABLE IF EXISTS t1;
STOP REPLICA;
CREATE TABLE t1 (a TINYBLOB);
CREATE TABLE t1 (a LONGBLOB);
include/rpl_reset.inc
INSERT INTO t1 VALUES ('This is a test.');
include/wait_for_slave_sql_error.inc [errno=13146]
SELECT COUNT(*) FROM t1;
COUNT(*)
0
STOP REPLICA;
include/rpl_reset.inc
call mtr.add_suppression("Slave SQL.*Table definition on master and slave does not match: Column 0 ...e mismatch.* Error_code: MY-001535");
call mtr.add_suppression("Slave SQL.*Column 0 of table .test.t1. cannot be converted from type.* Error_code: MY-013146");
call mtr.add_suppression("The slave coordinator and worker threads are stopped, possibly leaving data in inconsistent state");
*** Cleanup  ***
DROP TABLE IF EXISTS t1;
include/sync_slave_sql_with_master.inc
include/rpl_end.inc
