include/master-slave.inc
Warnings:
Note	####	Sending passwords in plain text without SSL/TLS is extremely insecure.
Note	####	Storing MySQL user name or password information in the connection metadata repository is not secure and is therefore not recommended. Please consider using the USER and PASSWORD connection options for START REPLICA; see the 'START REPLICA Syntax' in the MySQL Manual for more information.
[connection master]
DROP TABLE IF EXISTS t300;
create table t300 (
f1 int,
f2 int,
f3 int,
f4 int,
f5 int,
f6 int,
f7 int,
f8 int,
f9 int,
f10 int,
f11 int,
f12 int,
f13 int,
f14 int,
f15 int,
f16 int,
f17 int,
f18 int,
f19 int,
f20 int,
f21 int,
f22 int,
f23 int,
f24 int,
f25 int,
f26 int,
f27 int,
f28 int,
f29 int,
f30 int,
f31 int,
f32 int,
f33 int,
f34 int,
f35 int,
f36 int,
f37 int,
f38 int,
f39 int,
f40 int,
f41 int,
f42 int,
f43 int,
f44 int,
f45 int,
f46 int,
f47 int,
f48 int,
f49 int,
f50 int,
f51 int,
f52 int,
f53 int,
f54 int,
f55 int,
f56 int,
f57 int,
f58 int,
f59 int,
f60 int,
f61 int,
f62 int,
f63 int,
f64 int,
f65 int,
f66 int,
f67 int,
f68 int,
f69 int,
f70 int,
f71 int,
f72 int,
f73 int,
f74 int,
f75 int,
f76 int,
f77 int,
f78 int,
f79 int,
f80 int,
f81 int,
f82 int,
f83 int,
f84 int,
f85 int,
f86 int,
f87 int,
f88 int,
f89 int,
f90 int,
f91 int,
f92 int,
f93 int,
f94 int,
f95 int,
f96 int,
f97 int,
f98 int,
f99 int,
f100 int,
f101 int,
f102 int,
f103 int,
f104 int,
f105 int,
f106 int,
f107 int,
f108 int,
f109 int,
f110 int,
f111 int,
f112 int,
f113 int,
f114 int,
f115 int,
f116 int,
f117 int,
f118 int,
f119 int,
f120 int,
f121 int,
f122 int,
f123 int,
f124 int,
f125 int,
f126 int,
f127 int,
f128 int,
f129 int,
f130 int,
f131 int,
f132 int,
f133 int,
f134 int,
f135 int,
f136 int,
f137 int,
f138 int,
f139 int,
f140 int,
f141 int,
f142 int,
f143 int,
f144 int,
f145 int,
f146 int,
f147 int,
f148 int,
f149 int,
f150 int,
f151 int,
f152 int,
f153 int,
f154 int,
f155 int,
f156 int,
f157 int,
f158 int,
f159 int,
f160 int,
f161 int,
f162 int,
f163 int,
f164 int,
f165 int,
f166 int,
f167 int,
f168 int,
f169 int,
f170 int,
f171 int,
f172 int,
f173 int,
f174 int,
f175 int,
f176 int,
f177 int,
f178 int,
f179 int,
f180 int,
f181 int,
f182 int,
f183 int,
f184 int,
f185 int,
f186 int,
f187 int,
f188 int,
f189 int,
f190 int,
f191 int,
f192 int,
f193 int,
f194 int,
f195 int,
f196 int,
f197 int,
f198 int,
f199 int,
f200 int,
f201 int,
f202 int,
f203 int,
f204 int,
f205 int,
f206 int,
f207 int,
f208 int,
f209 int,
f210 int,
f211 int,
f212 int,
f213 int,
f214 int,
f215 int,
f216 int,
f217 int,
f218 int,
f219 int,
f220 int,
f221 int,
f222 int,
f223 int,
f224 int,
f225 int,
f226 int,
f227 int,
f228 int,
f229 int,
f230 int,
f231 int,
f232 int,
f233 int,
f234 int,
f235 int,
f236 int,
f237 int,
f238 int,
f239 int,
f240 int,
f241 int,
f242 int,
f243 int,
f244 int,
f245 int,
f246 int,
f247 int,
f248 int,
f249 int,
f250 int,
f251 int,
f252 int,
f253 int,
f254 int,
f255 int,
f256 int,
f257 int,
f258 int,
f259 int,
f260 int,
f261 int,
f262 int,
f263 int,
f264 int,
f265 int,
f266 int,
f267 int,
f268 int,
f269 int,
f270 int,
f271 int,
f272 int,
f273 int,
f274 int,
f275 int,
f276 int,
f277 int,
f278 int,
f279 int,
f280 int,
f281 int,
f282 int,
f283 int,
f284 int,
f285 int,
f286 int,
f287 int,
f288 int,
f289 int,
f290 int,
f291 int,
f292 int,
f293 int,
f294 int,
f295 int,
f296 int,
f297 int,
f298 int,
f299 int,
f300 int,
primary key (f1));
insert into t300 set f1= 1;
include/sync_slave_sql_with_master.inc
select f300 from t300;
f300
NULL
select count(*) as one from t300;
one
1
*** Cleanup  ***
DROP TABLE t300;
include/rpl_end.inc
