include/master-slave.inc
Warnings:
Note	####	Sending passwords in plain text without SSL/TLS is extremely insecure.
Note	####	Storing MySQL user name or password information in the master info repository is not secure and is therefore not recommended. Please consider using the USER and PASSWORD connection options for START SLAVE; see the 'START SLAVE Syntax' in the MySQL Manual for more information.
[connection master]
create table t1(n int not null auto_increment primary key)ENGINE=MyISAM;
insert into t1 values (NULL);
drop table t1;
create table t1 (word char(20) not null)ENGINE=MyISAM;
load data infile 'LOAD_FILE' into table t1 ignore 1 lines;
select count(*) from t1;
count(*)
69
include/show_binlog_events.inc
Log_name	Pos	Event_type	Server_id	End_log_pos	Info
master-bin.000001	#	Query	#	#	use `test`; create table t1(n int not null auto_increment primary key)ENGINE=MyISAM
master-bin.000001	#	Query	#	#	BEGIN
master-bin.000001	#	Table_map	#	#	table_id: # (test.t1)
master-bin.000001	#	Write_rows	#	#	table_id: # flags: STMT_END_F
master-bin.000001	#	Query	#	#	COMMIT
master-bin.000001	#	Query	#	#	use `test`; DROP TABLE `t1` /* generated by server */
master-bin.000001	#	Query	#	#	use `test`; create table t1 (word char(20) not null)ENGINE=MyISAM
master-bin.000001	#	Query	#	#	BEGIN
master-bin.000001	#	Table_map	#	#	table_id: # (test.t1)
master-bin.000001	#	Write_rows	#	#	table_id: # flags: STMT_END_F
master-bin.000001	#	Query	#	#	COMMIT
include/show_binlog_events.inc
Log_name	Pos	Event_type	Server_id	End_log_pos	Info
master-bin.000001	#	Query	#	#	use `test`; create table t1(n int not null auto_increment primary key)ENGINE=MyISAM
include/show_binlog_events.inc
Log_name	Pos	Event_type	Server_id	End_log_pos	Info
master-bin.000001	#	Query	#	#	BEGIN
master-bin.000001	#	Table_map	#	#	table_id: # (test.t1)
master-bin.000001	#	Write_rows	#	#	table_id: # flags: STMT_END_F
master-bin.000001	#	Query	#	#	COMMIT
flush logs;
create table t3 (a int)ENGINE=MyISAM;
select * from t1 order by 1 asc;
word
Aarhus
Aaron
Aaron
Ababa
Ababa
aback
aback
abaft
abaft
abandon
abandon
abandoned
abandoned
abandoning
abandoning
abandonment
abandonment
abandons
abandons
abase
abased
abasement
abasements
abases
abash
abashed
abashes
abashing
abasing
abate
abated
abatement
abatements
abater
abates
abating
Abba
abbe
abbey
abbeys
abbot
abbots
Abbott
abbreviate
abbreviated
abbreviates
abbreviating
abbreviation
abbreviations
Abby
abdomen
abdomens
abdominal
abduct
abducted
abduction
abductions
abductor
abductors
abducts
Abe
abed
Abel
Abelian
Abelson
Aberdeen
Abernathy
aberrant
aberration
include/sync_slave_sql_with_master.inc
select * from t1 order by 1 asc;
word
Aarhus
Aaron
Aaron
Ababa
Ababa
aback
aback
abaft
abaft
abandon
abandon
abandoned
abandoned
abandoning
abandoning
abandonment
abandonment
abandons
abandons
abase
abased
abasement
abasements
abases
abash
abashed
abashes
abashing
abasing
abate
abated
abatement
abatements
abater
abates
abating
Abba
abbe
abbey
abbeys
abbot
abbots
Abbott
abbreviate
abbreviated
abbreviates
abbreviating
abbreviation
abbreviations
Abby
abdomen
abdomens
abdominal
abduct
abducted
abduction
abductions
abductor
abductors
abducts
Abe
abed
Abel
Abelian
Abelson
Aberdeen
Abernathy
aberrant
aberration
flush logs;
include/stop_slave.inc
include/start_slave.inc
create table t2 (n int)ENGINE=MyISAM;
insert into t2 values (1);
include/show_binlog_events.inc
Log_name	Pos	Event_type	Server_id	End_log_pos	Info
master-bin.000001	#	Query	#	#	use `test`; create table t1(n int not null auto_increment primary key)ENGINE=MyISAM
master-bin.000001	#	Query	#	#	BEGIN
master-bin.000001	#	Table_map	#	#	table_id: # (test.t1)
master-bin.000001	#	Write_rows	#	#	table_id: # flags: STMT_END_F
master-bin.000001	#	Query	#	#	COMMIT
master-bin.000001	#	Query	#	#	use `test`; DROP TABLE `t1` /* generated by server */
master-bin.000001	#	Query	#	#	use `test`; create table t1 (word char(20) not null)ENGINE=MyISAM
master-bin.000001	#	Query	#	#	BEGIN
master-bin.000001	#	Table_map	#	#	table_id: # (test.t1)
master-bin.000001	#	Write_rows	#	#	table_id: # flags: STMT_END_F
master-bin.000001	#	Query	#	#	COMMIT
master-bin.000001	#	Rotate	#	#	master-bin.000002;pos=POS
include/show_binlog_events.inc
Log_name	Pos	Event_type	Server_id	End_log_pos	Info
master-bin.000002	#	Query	#	#	use `test`; create table t3 (a int)ENGINE=MyISAM
master-bin.000002	#	Query	#	#	use `test`; create table t2 (n int)ENGINE=MyISAM
master-bin.000002	#	Query	#	#	BEGIN
master-bin.000002	#	Table_map	#	#	table_id: # (test.t2)
master-bin.000002	#	Write_rows	#	#	table_id: # flags: STMT_END_F
master-bin.000002	#	Query	#	#	COMMIT
show binary logs;
Log_name	File_size
master-bin.000001	#
master-bin.000002	#
include/sync_slave_sql_with_master.inc
show binary logs;
Log_name	File_size
slave-bin.000001	#
slave-bin.000002	#
include/show_binlog_events.inc
Log_name	Pos	Event_type	Server_id	End_log_pos	Info
slave-bin.000001	#	Query	#	#	use `test`; create table t1(n int not null auto_increment primary key)ENGINE=MyISAM
slave-bin.000001	#	Query	#	#	BEGIN
slave-bin.000001	#	Table_map	#	#	table_id: # (test.t1)
slave-bin.000001	#	Write_rows	#	#	table_id: # flags: STMT_END_F
slave-bin.000001	#	Query	#	#	COMMIT
slave-bin.000001	#	Query	#	#	use `test`; DROP TABLE `t1` /* generated by server */
slave-bin.000001	#	Query	#	#	use `test`; create table t1 (word char(20) not null)ENGINE=MyISAM
slave-bin.000001	#	Query	#	#	BEGIN
slave-bin.000001	#	Table_map	#	#	table_id: # (test.t1)
slave-bin.000001	#	Write_rows	#	#	table_id: # flags: STMT_END_F
slave-bin.000001	#	Query	#	#	COMMIT
slave-bin.000001	#	Query	#	#	use `test`; create table t3 (a int)ENGINE=MyISAM
slave-bin.000001	#	Rotate	#	#	slave-bin.000002;pos=POS
include/show_binlog_events.inc
Log_name	Pos	Event_type	Server_id	End_log_pos	Info
slave-bin.000002	#	Query	#	#	use `test`; create table t2 (n int)ENGINE=MyISAM
slave-bin.000002	#	Query	#	#	BEGIN
slave-bin.000002	#	Table_map	#	#	table_id: # (test.t2)
slave-bin.000002	#	Write_rows	#	#	table_id: # flags: STMT_END_F
slave-bin.000002	#	Query	#	#	COMMIT
include/check_slave_is_running.inc
show binlog events in 'slave-bin.000005' from 4;
ERROR HY000: Error when executing command SHOW BINLOG EVENTS: Could not find target log
DROP TABLE t1;
DROP TABLE t2;
DROP TABLE t3;
include/rpl_reset.inc
create table t1(a int auto_increment primary key, b int);
insert into t1 values (NULL, 1);
set insert_id=5;
insert into t1 values (NULL, last_insert_id()), (NULL, last_insert_id());
include/show_binlog_events.inc
Log_name	Pos	Event_type	Server_id	End_log_pos	Info
master-bin.000001	#	Query	#	#	use `test`; create table t1(a int auto_increment primary key, b int)
master-bin.000001	#	Query	#	#	BEGIN
master-bin.000001	#	Table_map	#	#	table_id: # (test.t1)
master-bin.000001	#	Write_rows	#	#	table_id: # flags: STMT_END_F
master-bin.000001	#	Query	#	#	COMMIT
master-bin.000001	#	Query	#	#	BEGIN
master-bin.000001	#	Table_map	#	#	table_id: # (test.t1)
master-bin.000001	#	Write_rows	#	#	table_id: # flags: STMT_END_F
master-bin.000001	#	Query	#	#	COMMIT
select * from t1;
a	b
1	1
5	1
6	1
drop table t1;
include/sync_slave_sql_with_master.inc
include/rpl_end.inc
