stop slave;
drop table if exists t1,t2,t3,t4,t5,t6,t7,t8,t9;
reset master;
reset slave;
drop table if exists t1,t2,t3,t4,t5,t6,t7,t8,t9;
start slave;
CALL mtr.add_suppression("Unsafe statement binlogged in statement format since BINLOG_FORMAT = STATEMENT");
########################################################################
#                         VERIFY ITEMS 1 and 2
########################################################################
#
# Create temporary tables to verify when statements involving temporary
# tables are classified as safe or unsafe by printing out the warning
# messages.
#
CREATE TABLE t_myisam(id int) engine= MyIsam;
INSERT INTO t_myisam VALUES(1);
CREATE TABLE t_innodb(id int) engine= Innodb;
INSERT INTO t_innodb VALUES(1);
CREATE TEMPORARY TABLE t_myisam_temp(id int) engine= MyIsam;
INSERT INTO t_myisam_temp VALUES(1);
CREATE TEMPORARY TABLE t_innodb_temp(id int) engine= Innodb;
INSERT INTO t_innodb_temp VALUES(1);
BEGIN;
INSERT INTO t_myisam SELECT * FROM t_myisam_temp;
Warnings:
Note	1592	Unsafe statement binlogged in statement format since BINLOG_FORMAT = STATEMENT. Reason for unsafeness: Statements that read from both transactional (or a temporary table of any engine type) and non-transactional tables and write to any of them are unsafe.
INSERT INTO t_innodb SELECT * FROM t_myisam_temp;
INSERT INTO t_innodb SELECT * FROM t_innodb_temp;
ROLLBACK;
Warnings:
Warning	1196	Some non-transactional changed tables couldn't be rolled back
BEGIN;
INSERT INTO t_myisam SELECT * FROM t_innodb_temp;
Warnings:
Note	1592	Unsafe statement binlogged in statement format since BINLOG_FORMAT = STATEMENT. Reason for unsafeness: Statements that read from both transactional (or a temporary table of any engine type) and non-transactional tables and write to any of them are unsafe.
INSERT INTO t_innodb SELECT * FROM t_myisam_temp;
INSERT INTO t_innodb SELECT * FROM t_innodb_temp;
ROLLBACK;
Warnings:
Warning	1196	Some non-transactional changed tables couldn't be rolled back
########################################################################
#                          VERIFY ITEM 3
########################################################################
#
# When there is a temporary table we can switch between the mixed and
# row formats. However, we cannot switch to the statement format.
#
SET BINLOG_FORMAT=MIXED;
SET BINLOG_FORMAT=ROW;
SET BINLOG_FORMAT=MIXED;
SET BINLOG_FORMAT=STATEMENT;
ERROR HY000: Cannot switch out of the row-based binary log format when the session has open temporary tables
#
# When there is a temporary table we can switch between the mixed and
# row formats. However, we cannot swith to the statement format.
#
SET BINLOG_FORMAT=MIXED;
DROP TABLE t_myisam_temp, t_innodb_temp, t_myisam, t_innodb;
show binlog events from <binlog_start>;
Log_name	Pos	Event_type	Server_id	End_log_pos	Info
master-bin.000001	#	Query	#	#	BEGIN
master-bin.000001	#	Query	#	#	use `test`; INSERT INTO t_myisam SELECT * FROM t_myisam_temp
master-bin.000001	#	Query	#	#	use `test`; INSERT INTO t_innodb SELECT * FROM t_myisam_temp
master-bin.000001	#	Query	#	#	use `test`; INSERT INTO t_innodb SELECT * FROM t_innodb_temp
master-bin.000001	#	Query	#	#	ROLLBACK
master-bin.000001	#	Query	#	#	BEGIN
master-bin.000001	#	Query	#	#	use `test`; INSERT INTO t_myisam SELECT * FROM t_innodb_temp
master-bin.000001	#	Query	#	#	use `test`; INSERT INTO t_innodb SELECT * FROM t_myisam_temp
master-bin.000001	#	Query	#	#	use `test`; INSERT INTO t_innodb SELECT * FROM t_innodb_temp
master-bin.000001	#	Query	#	#	ROLLBACK
master-bin.000001	#	Query	#	#	use `test`; DROP TABLE `t_myisam`,`t_innodb` /* generated by server */
master-bin.000001	#	Query	#	#	use `test`; DROP TEMPORARY TABLE IF EXISTS `t_myisam_temp`,`t_innodb_temp` /* generated by server */
########################################################################
#                          VERIFY ITEMS 4 and 5
########################################################################
#
BEGIN;
CREATE TEMPORARY TABLE tmp1(id int) engine= MyIsam;
INSERT INTO tmp1 VALUES(1);
CREATE TEMPORARY TABLE tmp2 LIKE tmp1;
INSERT INTO tmp2 VALUES(1);
CREATE TEMPORARY TABLE tmp3 engine= MyIsam SELECT * FROM tmp1;
INSERT INTO tmp3 VALUES(1);
DROP TEMPORARY TABLE tmp1;
DROP TEMPORARY TABLE tmp2;
DROP TEMPORARY TABLE tmp3;
COMMIT;
show binlog events from <binlog_start>;
Log_name	Pos	Event_type	Server_id	End_log_pos	Info
master-bin.000001	#	Query	#	#	BEGIN
master-bin.000001	#	Query	#	#	use `test`; CREATE TEMPORARY TABLE tmp1(id int) engine= MyIsam
master-bin.000001	#	Query	#	#	use `test`; INSERT INTO tmp1 VALUES(1)
master-bin.000001	#	Query	#	#	use `test`; CREATE TEMPORARY TABLE tmp2 LIKE tmp1
master-bin.000001	#	Query	#	#	use `test`; INSERT INTO tmp2 VALUES(1)
master-bin.000001	#	Query	#	#	use `test`; CREATE TEMPORARY TABLE tmp3 engine= MyIsam SELECT * FROM tmp1
master-bin.000001	#	Query	#	#	use `test`; INSERT INTO tmp3 VALUES(1)
master-bin.000001	#	Query	#	#	use `test`; DROP TEMPORARY TABLE tmp1
master-bin.000001	#	Query	#	#	use `test`; DROP TEMPORARY TABLE tmp2
master-bin.000001	#	Query	#	#	use `test`; DROP TEMPORARY TABLE tmp3
master-bin.000001	#	Query	#	#	COMMIT
BEGIN;
CREATE TEMPORARY TABLE tmp1(id int) engine= MyIsam;
INSERT INTO tmp1 VALUES(1);
CREATE TEMPORARY TABLE tmp2 LIKE tmp1;
INSERT INTO tmp2 VALUES(1);
CREATE TEMPORARY TABLE tmp3 engine= MyIsam SELECT * FROM tmp1;
INSERT INTO tmp3 VALUES(1);
DROP TEMPORARY TABLE tmp1;
DROP TEMPORARY TABLE tmp2;
DROP TEMPORARY TABLE tmp3;
ROLLBACK;
Warnings:
Warning	1196	Some non-transactional changed tables couldn't be rolled back
show binlog events from <binlog_start>;
Log_name	Pos	Event_type	Server_id	End_log_pos	Info
master-bin.000001	#	Query	#	#	BEGIN
master-bin.000001	#	Query	#	#	use `test`; CREATE TEMPORARY TABLE tmp1(id int) engine= MyIsam
master-bin.000001	#	Query	#	#	use `test`; INSERT INTO tmp1 VALUES(1)
master-bin.000001	#	Query	#	#	use `test`; CREATE TEMPORARY TABLE tmp2 LIKE tmp1
master-bin.000001	#	Query	#	#	use `test`; INSERT INTO tmp2 VALUES(1)
master-bin.000001	#	Query	#	#	use `test`; CREATE TEMPORARY TABLE tmp3 engine= MyIsam SELECT * FROM tmp1
master-bin.000001	#	Query	#	#	use `test`; INSERT INTO tmp3 VALUES(1)
master-bin.000001	#	Query	#	#	use `test`; DROP TEMPORARY TABLE tmp1
master-bin.000001	#	Query	#	#	use `test`; DROP TEMPORARY TABLE tmp2
master-bin.000001	#	Query	#	#	use `test`; DROP TEMPORARY TABLE tmp3
master-bin.000001	#	Query	#	#	ROLLBACK
########################################################################
#                          VERIFY ITEM 6
########################################################################
SET BINLOG_FORMAT=STATEMENT;
CREATE TEMPORARY TABLE tmp1(id int) engine= MyIsam;
CREATE TEMPORARY TABLE tmp2 LIKE tmp1;
CREATE TEMPORARY TABLE tmp3 engine= MyIsam SELECT * FROM tmp1;
SET BINLOG_FORMAT=ROW;
DROP TEMPORARY TABLE tmp1;
BEGIN;
INSERT INTO tmp2 VALUES(1);
DROP TEMPORARY TABLE tmp2;
INSERT INTO tmp3 VALUES(1);
DROP TEMPORARY TABLE tmp3;
COMMIT;
show binlog events from <binlog_start>;
Log_name	Pos	Event_type	Server_id	End_log_pos	Info
master-bin.000001	#	Query	#	#	use `test`; CREATE TEMPORARY TABLE tmp1(id int) engine= MyIsam
master-bin.000001	#	Query	#	#	use `test`; CREATE TEMPORARY TABLE tmp2 LIKE tmp1
master-bin.000001	#	Query	#	#	use `test`; CREATE TEMPORARY TABLE tmp3 engine= MyIsam SELECT * FROM tmp1
master-bin.000001	#	Query	#	#	use `test`; DROP TEMPORARY TABLE IF EXISTS `tmp1` /* generated by server */
master-bin.000001	#	Query	#	#	BEGIN
master-bin.000001	#	Query	#	#	use `test`; DROP TEMPORARY TABLE IF EXISTS `tmp2` /* generated by server */
master-bin.000001	#	Query	#	#	use `test`; DROP TEMPORARY TABLE IF EXISTS `tmp3` /* generated by server */
master-bin.000001	#	Query	#	#	COMMIT
SET BINLOG_FORMAT=STATEMENT;
CREATE TEMPORARY TABLE tmp1(id int) engine= MyIsam;
CREATE TEMPORARY TABLE tmp2 LIKE tmp1;
CREATE TEMPORARY TABLE tmp3 engine= MyIsam SELECT * FROM tmp1;
SET BINLOG_FORMAT=ROW;
DROP TEMPORARY TABLE tmp1;
BEGIN;
INSERT INTO tmp2 VALUES(1);
DROP TEMPORARY TABLE tmp2;
INSERT INTO tmp3 VALUES(1);
DROP TEMPORARY TABLE tmp3;
ROLLBACK;
Warnings:
Warning	1196	Some non-transactional changed tables couldn't be rolled back
show binlog events from <binlog_start>;
Log_name	Pos	Event_type	Server_id	End_log_pos	Info
master-bin.000001	#	Query	#	#	use `test`; CREATE TEMPORARY TABLE tmp1(id int) engine= MyIsam
master-bin.000001	#	Query	#	#	use `test`; CREATE TEMPORARY TABLE tmp2 LIKE tmp1
master-bin.000001	#	Query	#	#	use `test`; CREATE TEMPORARY TABLE tmp3 engine= MyIsam SELECT * FROM tmp1
master-bin.000001	#	Query	#	#	use `test`; DROP TEMPORARY TABLE IF EXISTS `tmp1` /* generated by server */
master-bin.000001	#	Query	#	#	BEGIN
master-bin.000001	#	Query	#	#	use `test`; DROP TEMPORARY TABLE IF EXISTS `tmp2` /* generated by server */
master-bin.000001	#	Query	#	#	use `test`; DROP TEMPORARY TABLE IF EXISTS `tmp3` /* generated by server */
master-bin.000001	#	Query	#	#	ROLLBACK
###################################################################################
#                               CHECK CONSISTENCY
###################################################################################
