include/master-slave.inc
Warnings:
Note	####	Sending passwords in plain text without SSL/TLS is extremely insecure.
Note	####	Storing MySQL user name or password information in the master info repository is not secure and is therefore not recommended. Please consider using the USER and PASSWORD connection options for START SLAVE; see the 'START SLAVE Syntax' in the MySQL Manual for more information.
[connection master]
==== Verify that alter database does not stop replication ====
create database temp_db;
use temp_db;
show create schema temp_db;
Database	Create Database
temp_db	CREATE DATABASE `temp_db` /*!40100 DEFAULT CHARACTER SET utf8mb4 COLLATE utf8mb4_0900_ai_ci */ /*!80016 DEFAULT ENCRYPTION='N' */
[connection slave]
show create schema temp_db;
Database	Create Database
temp_db	CREATE DATABASE `temp_db` /*!40100 DEFAULT CHARACTER SET utf8mb4 COLLATE utf8mb4_0900_ai_ci */ /*!80016 DEFAULT ENCRYPTION='N' */
==== Replication of default collation ====
[connection master]
alter database collate latin1_bin;
show create schema temp_db;
Database	Create Database
temp_db	CREATE DATABASE `temp_db` /*!40100 DEFAULT CHARACTER SET latin1 COLLATE latin1_bin */ /*!80016 DEFAULT ENCRYPTION='N' */
[connection slave]
show create schema temp_db;
Database	Create Database
temp_db	CREATE DATABASE `temp_db` /*!40100 DEFAULT CHARACTER SET latin1 COLLATE latin1_bin */ /*!80016 DEFAULT ENCRYPTION='N' */
==== Replication of read only ====
[connection master]
create table temp_db.t(i int);
alter schema temp_db read only=1;
insert into temp_db.t values(1);
ERROR HY000: Schema 'temp_db' is in read only mode.
show create schema temp_db;
Database	Create Database
temp_db	CREATE DATABASE `temp_db` /*!40100 DEFAULT CHARACTER SET latin1 COLLATE latin1_bin */ /*!80016 DEFAULT ENCRYPTION='N' */ /* READ ONLY = 1 */
[connection slave]
insert into temp_db.t values(2);
ERROR HY000: Schema 'temp_db' is in read only mode.
show create schema temp_db;
Database	Create Database
temp_db	CREATE DATABASE `temp_db` /*!40100 DEFAULT CHARACTER SET latin1 COLLATE latin1_bin */ /*!80016 DEFAULT ENCRYPTION='N' */ /* READ ONLY = 1 */
[connection master]
alter schema temp_db read only=0;
insert into temp_db.t values(1);
show create schema temp_db;
Database	Create Database
temp_db	CREATE DATABASE `temp_db` /*!40100 DEFAULT CHARACTER SET latin1 COLLATE latin1_bin */ /*!80016 DEFAULT ENCRYPTION='N' */
[connection slave]
show create schema temp_db;
Database	Create Database
temp_db	CREATE DATABASE `temp_db` /*!40100 DEFAULT CHARACTER SET latin1 COLLATE latin1_bin */ /*!80016 DEFAULT ENCRYPTION='N' */
insert into temp_db.t values(2);
select * from temp_db.t;
i
1
2
show create schema temp_db;
Database	Create Database
temp_db	CREATE DATABASE `temp_db` /*!40100 DEFAULT CHARACTER SET latin1 COLLATE latin1_bin */ /*!80016 DEFAULT ENCRYPTION='N' */
==== No replication of read only when turning off binlog ====
[connection master]
drop table temp_db.t;
create table temp_db.t(i int);
set sql_log_bin = 0;
alter schema temp_db read only=1;
set sql_log_bin = 1;
show create schema temp_db;
Database	Create Database
temp_db	CREATE DATABASE `temp_db` /*!40100 DEFAULT CHARACTER SET latin1 COLLATE latin1_bin */ /*!80016 DEFAULT ENCRYPTION='N' */ /* READ ONLY = 1 */
insert into temp_db.t values(1);
ERROR HY000: Schema 'temp_db' is in read only mode.
[connection slave]
show create schema temp_db;
Database	Create Database
temp_db	CREATE DATABASE `temp_db` /*!40100 DEFAULT CHARACTER SET latin1 COLLATE latin1_bin */ /*!80016 DEFAULT ENCRYPTION='N' */
insert into temp_db.t values(2);
select * from temp_db.t;
i
2
[connection master]
set sql_log_bin = 0;
alter schema temp_db read only=0;
set sql_log_bin = 1;
alter schema temp_db read only=1 collate utf8mb4_0900_ai_ci;
show create schema temp_db;
Database	Create Database
temp_db	CREATE DATABASE `temp_db` /*!40100 DEFAULT CHARACTER SET utf8mb4 COLLATE utf8mb4_0900_ai_ci */ /*!80016 DEFAULT ENCRYPTION='N' */ /* READ ONLY = 1 */
[connection slave]
select * from temp_db.t;
i
2
show create schema temp_db;
Database	Create Database
temp_db	CREATE DATABASE `temp_db` /*!40100 DEFAULT CHARACTER SET utf8mb4 COLLATE utf8mb4_0900_ai_ci */ /*!80016 DEFAULT ENCRYPTION='N' */ /* READ ONLY = 1 */
==== Slave schema read only will not affect replication ====
[connection master]
set sql_log_bin = 0;
alter schema temp_db read only=0;
set sql_log_bin = 1;
alter schema temp_db collate latin1_bin;
show create schema temp_db;
Database	Create Database
temp_db	CREATE DATABASE `temp_db` /*!40100 DEFAULT CHARACTER SET latin1 COLLATE latin1_bin */ /*!80016 DEFAULT ENCRYPTION='N' */
drop table temp_db.t;
create table temp_db.t(i int);
insert into temp_db.t values(1);
[connection slave]
show create schema temp_db;
Database	Create Database
temp_db	CREATE DATABASE `temp_db` /*!40100 DEFAULT CHARACTER SET latin1 COLLATE latin1_bin */ /*!80016 DEFAULT ENCRYPTION='N' */ /* READ ONLY = 1 */
insert into temp_db.t values(2);
ERROR HY000: Schema 'temp_db' is in read only mode.
select * from temp_db.t;
i
1
==== Clean up ====
[connection master]
drop database temp_db;
include/sync_slave_sql_with_master.inc
include/rpl_end.inc
