Table tt007: 
   1500.01
   0
   0.5
   -1
   -3.55
   -15559.4
Table tt008: 
   1500.0100000000
   0.0000000000
   0.5000000000
   -1.0000000000
   -3.5500000000
   -15559.4100000000
Table tt009: 
   1500.01
   0.00
   0.50
   -1.00
   -3.55
   -15559.41
SELECT * FROM tt007 order by mkey;
mkey	sval
-11	1500.01
0	0
1	0.5
2	-1
3	-3.55
3.6	-15559.4
SELECT * FROM tt008 order by mkey;
mkey	sval
-11	1500.01
0	0
1	0.5
2	-1
3	-3.55
3.6	-15559.41
SELECT * FROM tt009 order by mkey;
mkey	sval
-11.00	1500.01
0.00	0.00
1.00	0.50
2.00	-1.00
3.00	-3.55
3.60	-15559.41
