CREATE TABLE t3 (dummy INT PRIMARY KEY) ENGINE = NDB;
DROP TABLE t3;
reset master;
reset master;
CREATE TABLE t2 (a INT PRIMARY KEY, b int) ENGINE = NDB;
INSERT INTO t2 VALUES (1,1),(2,2);
include/show_binlog_events.inc
Log_name	Pos	Event_type	Server_id	End_log_pos	Info
binlog.000001	#	Query	#	#	use `test`; CREATE TABLE t2 (a INT PRIMARY KEY, b int) ENGINE = NDB
binlog.000001	#	Query	#	#	BEGIN
binlog.000001	#	Table_map	#	#	table_id: # (test.t2)
binlog.000001	#	Table_map	#	#	table_id: # (mysql.ndb_apply_status)
binlog.000001	#	Write_rows	#	#	table_id: #
binlog.000001	#	Write_rows	#	#	table_id: # flags: STMT_END_F
binlog.000001	#	Query	#	#	COMMIT
select * from t2 order by a;
a	b
1	1
2	2
SELECT @the_epoch:=epoch,inserts,updates,deletes,schemaops FROM 
mysql.ndb_binlog_index ORDER BY epoch DESC LIMIT 1;
@the_epoch:=epoch	inserts	updates	deletes	schemaops
<the_epoch>	2	0	0	0
Warnings:
<the_epoch>	1287	Setting user variables within expressions is deprecated and will be removed in a future release. Please set variables in separate statements instead.
SELECT * FROM t2 ORDER BY a;
a	b
1	1
2	2
DROP TABLE t2;
include/show_binlog_events.inc
Log_name	Pos	Event_type	Server_id	End_log_pos	Info
binlog.000001	#	Query	#	#	use `test`; CREATE TABLE t2 (a INT PRIMARY KEY, b int) ENGINE = NDB
binlog.000001	#	Query	#	#	BEGIN
binlog.000001	#	Table_map	#	#	table_id: # (test.t2)
binlog.000001	#	Table_map	#	#	table_id: # (mysql.ndb_apply_status)
binlog.000001	#	Write_rows	#	#	table_id: #
binlog.000001	#	Write_rows	#	#	table_id: # flags: STMT_END_F
binlog.000001	#	Query	#	#	COMMIT
binlog.000001	#	Query	#	#	use `test`; DROP TABLE `t2` /* generated by server */
SELECT inserts,updates,deletes,schemaops FROM 
mysql.ndb_binlog_index WHERE epoch=<the_epoch>;
inserts	updates	deletes	schemaops
2	0	0	0
reset master;
reset master;
CREATE TABLE t1 (a INT PRIMARY KEY) ENGINE = NDB;
INSERT INTO t1 VALUES (1),(2);
include/show_binlog_events.inc
Log_name	Pos	Event_type	Server_id	End_log_pos	Info
binlog.000001	#	Query	#	#	use `test`; CREATE TABLE t1 (a INT PRIMARY KEY) ENGINE = NDB
binlog.000001	#	Query	#	#	BEGIN
binlog.000001	#	Table_map	#	#	table_id: # (test.t1)
binlog.000001	#	Table_map	#	#	table_id: # (mysql.ndb_apply_status)
binlog.000001	#	Write_rows	#	#	table_id: #
binlog.000001	#	Write_rows	#	#	table_id: # flags: STMT_END_F
binlog.000001	#	Query	#	#	COMMIT
SELECT @the_epoch2:=epoch,inserts,updates,deletes,schemaops FROM 
mysql.ndb_binlog_index ORDER BY epoch DESC LIMIT 1;
@the_epoch2:=epoch	inserts	updates	deletes	schemaops
<the_epoch2>	2	0	0	0
Warnings:
<the_epoch2>	1287	Setting user variables within expressions is deprecated and will be removed in a future release. Please set variables in separate statements instead.
SELECT inserts,updates,deletes,schemaops FROM
mysql.ndb_binlog_index WHERE epoch > <the_epoch> AND epoch <= <the_epoch2>;
inserts	updates	deletes	schemaops
2	0	0	0
drop table t1;
include/show_binlog_events.inc
Log_name	Pos	Event_type	Server_id	End_log_pos	Info
binlog.000001	#	Query	#	#	use `test`; CREATE TABLE t1 (a INT PRIMARY KEY) ENGINE = NDB
binlog.000001	#	Query	#	#	BEGIN
binlog.000001	#	Table_map	#	#	table_id: # (test.t1)
binlog.000001	#	Table_map	#	#	table_id: # (mysql.ndb_apply_status)
binlog.000001	#	Write_rows	#	#	table_id: #
binlog.000001	#	Write_rows	#	#	table_id: # flags: STMT_END_F
binlog.000001	#	Query	#	#	COMMIT
binlog.000001	#	Query	#	#	use `test`; DROP TABLE `t1` /* generated by server */
SELECT inserts,updates,deletes,schemaops FROM
mysql.ndb_binlog_index WHERE epoch > <the_epoch> AND epoch <= <the_epoch2>;
inserts	updates	deletes	schemaops
2	0	0	0
