DROP DATABASE IF EXISTS d11;
CREATE DATABASE d11 DEFAULT CHARACTER SET ascii DEFAULT COLLATE ascii_bin;
SELECT * FROM INFORMATION_SCHEMA.SCHEMATA ORDER BY SCHEMA_NAME;
CATALOG_NAME	SCHEMA_NAME	DEFAULT_CHARACTER_SET_NAME	DEFAULT_COLLATION_NAME	SQL_PATH
def	d11	ascii	ascii_bin	NULL
def	information_schema	utf8	utf8_general_ci	NULL
def	mtr	utf8mb4	utf8mb4_0900_ai_ci	NULL
def	mysql	utf8mb4	utf8mb4_0900_ai_ci	NULL
def	performance_schema	utf8	utf8_general_ci	NULL
def	sys	utf8	utf8_general_ci	NULL
def	test	utf8mb4	utf8mb4_0900_ai_ci	NULL
ALTER DATABASE d11 CHARACTER SET utf8 COLLATE utf8_general_ci;
SELECT * FROM INFORMATION_SCHEMA.SCHEMATA ORDER BY SCHEMA_NAME;
CATALOG_NAME	SCHEMA_NAME	DEFAULT_CHARACTER_SET_NAME	DEFAULT_COLLATION_NAME	SQL_PATH
def	d11	utf8	utf8_general_ci	NULL
def	information_schema	utf8	utf8_general_ci	NULL
def	mtr	utf8mb4	utf8mb4_0900_ai_ci	NULL
def	mysql	utf8mb4	utf8mb4_0900_ai_ci	NULL
def	performance_schema	utf8	utf8_general_ci	NULL
def	sys	utf8	utf8_general_ci	NULL
def	test	utf8mb4	utf8mb4_0900_ai_ci	NULL
DROP DATABASE d11;
CREATE DATABASE d11 DEFAULT CHARACTER SET ascii DEFAULT COLLATE ascii_bin;
SELECT * FROM INFORMATION_SCHEMA.SCHEMATA ORDER BY SCHEMA_NAME;
CATALOG_NAME	SCHEMA_NAME	DEFAULT_CHARACTER_SET_NAME	DEFAULT_COLLATION_NAME	SQL_PATH
def	d11	ascii	ascii_bin	NULL
def	information_schema	utf8	utf8_general_ci	NULL
def	mtr	utf8mb4	utf8mb4_0900_ai_ci	NULL
def	mysql	utf8mb4	utf8mb4_0900_ai_ci	NULL
def	performance_schema	utf8	utf8_general_ci	NULL
def	sys	utf8	utf8_general_ci	NULL
def	test	utf8mb4	utf8mb4_0900_ai_ci	NULL
ALTER DATABASE d11 CHARACTER SET latin2 COLLATE latin2_general_ci;
SELECT * FROM INFORMATION_SCHEMA.SCHEMATA ORDER BY SCHEMA_NAME;
CATALOG_NAME	SCHEMA_NAME	DEFAULT_CHARACTER_SET_NAME	DEFAULT_COLLATION_NAME	SQL_PATH
def	d11	latin2	latin2_general_ci	NULL
def	information_schema	utf8	utf8_general_ci	NULL
def	mtr	utf8mb4	utf8mb4_0900_ai_ci	NULL
def	mysql	utf8mb4	utf8mb4_0900_ai_ci	NULL
def	performance_schema	utf8	utf8_general_ci	NULL
def	sys	utf8	utf8_general_ci	NULL
def	test	utf8mb4	utf8mb4_0900_ai_ci	NULL
DROP DATABASE d11;
CREATE DATABASE d11 DEFAULT CHARACTER SET ascii DEFAULT COLLATE ascii_bin;
SELECT * FROM INFORMATION_SCHEMA.SCHEMATA ORDER BY SCHEMA_NAME;
CATALOG_NAME	SCHEMA_NAME	DEFAULT_CHARACTER_SET_NAME	DEFAULT_COLLATION_NAME	SQL_PATH
def	d11	ascii	ascii_bin	NULL
def	information_schema	utf8	utf8_general_ci	NULL
def	mtr	utf8mb4	utf8mb4_0900_ai_ci	NULL
def	mysql	utf8mb4	utf8mb4_0900_ai_ci	NULL
def	performance_schema	utf8	utf8_general_ci	NULL
def	sys	utf8	utf8_general_ci	NULL
def	test	utf8mb4	utf8mb4_0900_ai_ci	NULL
ALTER DATABASE d11 CHARACTER SET  cp1250 COLLATE cp1250_croatian_ci;
SELECT * FROM INFORMATION_SCHEMA.SCHEMATA ORDER BY SCHEMA_NAME;
CATALOG_NAME	SCHEMA_NAME	DEFAULT_CHARACTER_SET_NAME	DEFAULT_COLLATION_NAME	SQL_PATH
def	d11	cp1250	cp1250_croatian_ci	NULL
def	information_schema	utf8	utf8_general_ci	NULL
def	mtr	utf8mb4	utf8mb4_0900_ai_ci	NULL
def	mysql	utf8mb4	utf8mb4_0900_ai_ci	NULL
def	performance_schema	utf8	utf8_general_ci	NULL
def	sys	utf8	utf8_general_ci	NULL
def	test	utf8mb4	utf8mb4_0900_ai_ci	NULL
DROP DATABASE d11;
CREATE DATABASE d11 DEFAULT CHARACTER SET ascii DEFAULT COLLATE ascii_bin;
SELECT * FROM INFORMATION_SCHEMA.SCHEMATA ORDER BY SCHEMA_NAME;
CATALOG_NAME	SCHEMA_NAME	DEFAULT_CHARACTER_SET_NAME	DEFAULT_COLLATION_NAME	SQL_PATH
def	d11	ascii	ascii_bin	NULL
def	information_schema	utf8	utf8_general_ci	NULL
def	mtr	utf8mb4	utf8mb4_0900_ai_ci	NULL
def	mysql	utf8mb4	utf8mb4_0900_ai_ci	NULL
def	performance_schema	utf8	utf8_general_ci	NULL
def	sys	utf8	utf8_general_ci	NULL
def	test	utf8mb4	utf8mb4_0900_ai_ci	NULL
ALTER SCHEMA d11 CHARACTER SET utf8 COLLATE utf8_general_ci;
SELECT * FROM INFORMATION_SCHEMA.SCHEMATA ORDER BY SCHEMA_NAME;
CATALOG_NAME	SCHEMA_NAME	DEFAULT_CHARACTER_SET_NAME	DEFAULT_COLLATION_NAME	SQL_PATH
def	d11	utf8	utf8_general_ci	NULL
def	information_schema	utf8	utf8_general_ci	NULL
def	mtr	utf8mb4	utf8mb4_0900_ai_ci	NULL
def	mysql	utf8mb4	utf8mb4_0900_ai_ci	NULL
def	performance_schema	utf8	utf8_general_ci	NULL
def	sys	utf8	utf8_general_ci	NULL
def	test	utf8mb4	utf8mb4_0900_ai_ci	NULL
DROP DATABASE d11;
CREATE DATABASE d11 DEFAULT CHARACTER SET ascii DEFAULT COLLATE ascii_bin;
SELECT * FROM INFORMATION_SCHEMA.SCHEMATA ORDER BY SCHEMA_NAME;
CATALOG_NAME	SCHEMA_NAME	DEFAULT_CHARACTER_SET_NAME	DEFAULT_COLLATION_NAME	SQL_PATH
def	d11	ascii	ascii_bin	NULL
def	information_schema	utf8	utf8_general_ci	NULL
def	mtr	utf8mb4	utf8mb4_0900_ai_ci	NULL
def	mysql	utf8mb4	utf8mb4_0900_ai_ci	NULL
def	performance_schema	utf8	utf8_general_ci	NULL
def	sys	utf8	utf8_general_ci	NULL
def	test	utf8mb4	utf8mb4_0900_ai_ci	NULL
ALTER SCHEMA d11 CHARACTER SET latin2 COLLATE latin2_general_ci;
SELECT * FROM INFORMATION_SCHEMA.SCHEMATA ORDER BY SCHEMA_NAME;
CATALOG_NAME	SCHEMA_NAME	DEFAULT_CHARACTER_SET_NAME	DEFAULT_COLLATION_NAME	SQL_PATH
def	d11	latin2	latin2_general_ci	NULL
def	information_schema	utf8	utf8_general_ci	NULL
def	mtr	utf8mb4	utf8mb4_0900_ai_ci	NULL
def	mysql	utf8mb4	utf8mb4_0900_ai_ci	NULL
def	performance_schema	utf8	utf8_general_ci	NULL
def	sys	utf8	utf8_general_ci	NULL
def	test	utf8mb4	utf8mb4_0900_ai_ci	NULL
DROP DATABASE d11;
CREATE DATABASE d11 DEFAULT CHARACTER SET ascii DEFAULT COLLATE ascii_bin;
SELECT * FROM INFORMATION_SCHEMA.SCHEMATA ORDER BY SCHEMA_NAME;
CATALOG_NAME	SCHEMA_NAME	DEFAULT_CHARACTER_SET_NAME	DEFAULT_COLLATION_NAME	SQL_PATH
def	d11	ascii	ascii_bin	NULL
def	information_schema	utf8	utf8_general_ci	NULL
def	mtr	utf8mb4	utf8mb4_0900_ai_ci	NULL
def	mysql	utf8mb4	utf8mb4_0900_ai_ci	NULL
def	performance_schema	utf8	utf8_general_ci	NULL
def	sys	utf8	utf8_general_ci	NULL
def	test	utf8mb4	utf8mb4_0900_ai_ci	NULL
ALTER SCHEMA d11 CHARACTER SET  cp1250 COLLATE cp1250_croatian_ci;
SELECT * FROM INFORMATION_SCHEMA.SCHEMATA ORDER BY SCHEMA_NAME;
CATALOG_NAME	SCHEMA_NAME	DEFAULT_CHARACTER_SET_NAME	DEFAULT_COLLATION_NAME	SQL_PATH
def	d11	cp1250	cp1250_croatian_ci	NULL
def	information_schema	utf8	utf8_general_ci	NULL
def	mtr	utf8mb4	utf8mb4_0900_ai_ci	NULL
def	mysql	utf8mb4	utf8mb4_0900_ai_ci	NULL
def	performance_schema	utf8	utf8_general_ci	NULL
def	sys	utf8	utf8_general_ci	NULL
def	test	utf8mb4	utf8mb4_0900_ai_ci	NULL
DROP DATABASE d11;
