DROP DATABASE IF EXISTS d13;
CREATE DATABASE d13 CHARACTER SET utf8 COLLATE utf8_general_ci;
SELECT * FROM INFORMATION_SCHEMA.SCHEMATA ORDER BY SCHEMA_NAME;
CATALOG_NAME	SCHEMA_NAME	DEFAULT_CHARACTER_SET_NAME	DEFAULT_COLLATION_NAME	SQL_PATH
def	d13	utf8	utf8_general_ci	NULL
def	information_schema	utf8	utf8_general_ci	NULL
def	mtr	latin1	latin1_swedish_ci	NULL
def	mysql	latin1	latin1_swedish_ci	NULL
def	performance_schema	utf8	utf8_general_ci	NULL
def	test	latin1	latin1_swedish_ci	NULL
DROP DATABASE d13;
CREATE DATABASE d13 CHARACTER SET latin2 COLLATE latin2_general_ci;
SELECT * FROM INFORMATION_SCHEMA.SCHEMATA ORDER BY SCHEMA_NAME;
CATALOG_NAME	SCHEMA_NAME	DEFAULT_CHARACTER_SET_NAME	DEFAULT_COLLATION_NAME	SQL_PATH
def	d13	latin2	latin2_general_ci	NULL
def	information_schema	utf8	utf8_general_ci	NULL
def	mtr	latin1	latin1_swedish_ci	NULL
def	mysql	latin1	latin1_swedish_ci	NULL
def	performance_schema	utf8	utf8_general_ci	NULL
def	test	latin1	latin1_swedish_ci	NULL
DROP DATABASE d13;
CREATE DATABASE d13 CHARACTER SET  cp1250 COLLATE cp1250_croatian_ci;
SELECT * FROM INFORMATION_SCHEMA.SCHEMATA ORDER BY SCHEMA_NAME;
CATALOG_NAME	SCHEMA_NAME	DEFAULT_CHARACTER_SET_NAME	DEFAULT_COLLATION_NAME	SQL_PATH
def	d13	cp1250	cp1250_croatian_ci	NULL
def	information_schema	utf8	utf8_general_ci	NULL
def	mtr	latin1	latin1_swedish_ci	NULL
def	mysql	latin1	latin1_swedish_ci	NULL
def	performance_schema	utf8	utf8_general_ci	NULL
def	test	latin1	latin1_swedish_ci	NULL
DROP DATABASE d13;
CREATE SCHEMA d13 CHARACTER SET utf8 COLLATE utf8_general_ci;
SELECT * FROM INFORMATION_SCHEMA.SCHEMATA ORDER BY SCHEMA_NAME;
CATALOG_NAME	SCHEMA_NAME	DEFAULT_CHARACTER_SET_NAME	DEFAULT_COLLATION_NAME	SQL_PATH
def	d13	utf8	utf8_general_ci	NULL
def	information_schema	utf8	utf8_general_ci	NULL
def	mtr	latin1	latin1_swedish_ci	NULL
def	mysql	latin1	latin1_swedish_ci	NULL
def	performance_schema	utf8	utf8_general_ci	NULL
def	test	latin1	latin1_swedish_ci	NULL
DROP SCHEMA d13;
CREATE SCHEMA d13 CHARACTER SET latin2 COLLATE latin2_general_ci;
SELECT * FROM INFORMATION_SCHEMA.SCHEMATA ORDER BY SCHEMA_NAME;
CATALOG_NAME	SCHEMA_NAME	DEFAULT_CHARACTER_SET_NAME	DEFAULT_COLLATION_NAME	SQL_PATH
def	d13	latin2	latin2_general_ci	NULL
def	information_schema	utf8	utf8_general_ci	NULL
def	mtr	latin1	latin1_swedish_ci	NULL
def	mysql	latin1	latin1_swedish_ci	NULL
def	performance_schema	utf8	utf8_general_ci	NULL
def	test	latin1	latin1_swedish_ci	NULL
DROP SCHEMA d13;
CREATE SCHEMA d13 CHARACTER SET  cp1250 COLLATE cp1250_croatian_ci;
SELECT * FROM INFORMATION_SCHEMA.SCHEMATA ORDER BY SCHEMA_NAME;
CATALOG_NAME	SCHEMA_NAME	DEFAULT_CHARACTER_SET_NAME	DEFAULT_COLLATION_NAME	SQL_PATH
def	d13	cp1250	cp1250_croatian_ci	NULL
def	information_schema	utf8	utf8_general_ci	NULL
def	mtr	latin1	latin1_swedish_ci	NULL
def	mysql	latin1	latin1_swedish_ci	NULL
def	performance_schema	utf8	utf8_general_ci	NULL
def	test	latin1	latin1_swedish_ci	NULL
DROP SCHEMA d13;
