DROP TABLE IF EXISTS t1;
SET NAMES cp932;
CREATE TABLE t1 (c1 INTEGER COMMENT 'あいうえおかきくけこあいうえおかきくけこあいうえおかきくけこあいうえおかきくけこあいうえおかきくけこあいうえおかきくけこ', c12 INTEGER, c13 DATETIME, c14 CHAR(10), PRIMARY KEY(c1), INDEX(c12,c13)) COMMENT='アイウエオカキクケコアイウエオカキクケコアイウエオカキクケコアイウエオカキクケコアイウエオカキクケコアイウエオカキクケコ';
SELECT table_comment,char_length(table_comment) FROM information_schema.tables WHERE table_name='t1';
TABLE_COMMENT	char_length(table_comment)
アイウエオカキクケコアイウエオカキクケコアイウエオカキクケコアイウエオカキクケコアイウエオカキクケコアイウエオカキクケコ	60
SELECT column_comment,char_length(column_comment) FROM information_schema.columns WHERE table_name='t1' order by column_comment;
COLUMN_COMMENT	char_length(column_comment)
	0
	0
	0
あいうえおかきくけこあいうえおかきくけこあいうえおかきくけこあいうえおかきくけこあいうえおかきくけこあいうえおかきくけこ	60
SHOW CREATE TABLE t1;
Table	Create Table
t1	CREATE TABLE `t1` (
  `c1` int NOT NULL COMMENT 'あいうえおかきくけこあいうえおかきくけこあいうえおかきくけこあいうえおかきくけこあいうえおかきくけこあいうえおかきくけこ',
  `c12` int DEFAULT NULL,
  `c13` datetime DEFAULT NULL,
  `c14` char(10) DEFAULT NULL,
  PRIMARY KEY (`c1`),
  KEY `c12` (`c12`,`c13`)
) ENGINE=ENGINE DEFAULT CHARSET=utf8mb4 COLLATE=utf8mb4_0900_ai_ci COMMENT='アイウエオカキクケコアイウエオカキクケコアイウエオカキクケコアイウエオカキクケコアイウエオカキクケコアイウエオカキクケコ'
ALTER TABLE t1 ADD COLUMN c2 INTEGER COMMENT 'アいうえおかきくけこあいうえおかきくけこあいうえおかきくけこあいうえおかきくけこあいうえおかきくけこあいうえおかきくけこ';
ALTER TABLE t1 ADD COLUMN c3 INTEGER COMMENT 'あイうえおかきくけこあいうえおかきくけこあいうえおかきくけこあいうえおかきくけこあいうえおかきくけこあいうえおかきくけこ';
ALTER TABLE t1 ADD COLUMN c4 INTEGER COMMENT 'あいウえおかきくけこあいうえおかきくけこあいうえおかきくけこあいうえおかきくけこあいうえおかきくけこあいうえおかきくけこ';
ALTER TABLE t1 ADD COLUMN c5 INTEGER COMMENT 'あいうエおかきくけこあいうえおかきくけこあいうえおかきくけこあいうえおかきくけこあいうえおかきくけこあいうえおかきくけこ';
SELECT table_comment,char_length(table_comment) FROM information_schema.tables WHERE table_name='t1';
TABLE_COMMENT	char_length(table_comment)
アイウエオカキクケコアイウエオカキクケコアイウエオカキクケコアイウエオカキクケコアイウエオカキクケコアイウエオカキクケコ	60
SELECT column_comment,char_length(column_comment) FROM information_schema.columns WHERE table_name='t1' order by column_comment;
COLUMN_COMMENT	char_length(column_comment)
	0
	0
	0
あいうえおかきくけこあいうえおかきくけこあいうえおかきくけこあいうえおかきくけこあいうえおかきくけこあいうえおかきくけこ	60
あいうエおかきくけこあいうえおかきくけこあいうえおかきくけこあいうえおかきくけこあいうえおかきくけこあいうえおかきくけこ	60
あいウえおかきくけこあいうえおかきくけこあいうえおかきくけこあいうえおかきくけこあいうえおかきくけこあいうえおかきくけこ	60
あイうえおかきくけこあいうえおかきくけこあいうえおかきくけこあいうえおかきくけこあいうえおかきくけこあいうえおかきくけこ	60
アいうえおかきくけこあいうえおかきくけこあいうえおかきくけこあいうえおかきくけこあいうえおかきくけこあいうえおかきくけこ	60
SHOW CREATE TABLE t1;
Table	Create Table
t1	CREATE TABLE `t1` (
  `c1` int NOT NULL COMMENT 'あいうえおかきくけこあいうえおかきくけこあいうえおかきくけこあいうえおかきくけこあいうえおかきくけこあいうえおかきくけこ',
  `c12` int DEFAULT NULL,
  `c13` datetime DEFAULT NULL,
  `c14` char(10) DEFAULT NULL,
  `c2` int DEFAULT NULL COMMENT 'アいうえおかきくけこあいうえおかきくけこあいうえおかきくけこあいうえおかきくけこあいうえおかきくけこあいうえおかきくけこ',
  `c3` int DEFAULT NULL COMMENT 'あイうえおかきくけこあいうえおかきくけこあいうえおかきくけこあいうえおかきくけこあいうえおかきくけこあいうえおかきくけこ',
  `c4` int DEFAULT NULL COMMENT 'あいウえおかきくけこあいうえおかきくけこあいうえおかきくけこあいうえおかきくけこあいうえおかきくけこあいうえおかきくけこ',
  `c5` int DEFAULT NULL COMMENT 'あいうエおかきくけこあいうえおかきくけこあいうえおかきくけこあいうえおかきくけこあいうえおかきくけこあいうえおかきくけこ',
  PRIMARY KEY (`c1`),
  KEY `c12` (`c12`,`c13`)
) ENGINE=ENGINE DEFAULT CHARSET=utf8mb4 COLLATE=utf8mb4_0900_ai_ci COMMENT='アイウエオカキクケコアイウエオカキクケコアイウエオカキクケコアイウエオカキクケコアイウエオカキクケコアイウエオカキクケコ'
ALTER TABLE t1 MODIFY COLUMN c3 CHAR(10);
SELECT table_comment,char_length(table_comment) FROM information_schema.tables WHERE table_name='t1';
TABLE_COMMENT	char_length(table_comment)
アイウエオカキクケコアイウエオカキクケコアイウエオカキクケコアイウエオカキクケコアイウエオカキクケコアイウエオカキクケコ	60
SELECT column_comment,char_length(column_comment) FROM information_schema.columns WHERE table_name='t1' order by column_comment;
COLUMN_COMMENT	char_length(column_comment)
	0
	0
	0
	0
あいうえおかきくけこあいうえおかきくけこあいうえおかきくけこあいうえおかきくけこあいうえおかきくけこあいうえおかきくけこ	60
あいうエおかきくけこあいうえおかきくけこあいうえおかきくけこあいうえおかきくけこあいうえおかきくけこあいうえおかきくけこ	60
あいウえおかきくけこあいうえおかきくけこあいうえおかきくけこあいうえおかきくけこあいうえおかきくけこあいうえおかきくけこ	60
アいうえおかきくけこあいうえおかきくけこあいうえおかきくけこあいうえおかきくけこあいうえおかきくけこあいうえおかきくけこ	60
SHOW CREATE TABLE t1;
Table	Create Table
t1	CREATE TABLE `t1` (
  `c1` int NOT NULL COMMENT 'あいうえおかきくけこあいうえおかきくけこあいうえおかきくけこあいうえおかきくけこあいうえおかきくけこあいうえおかきくけこ',
  `c12` int DEFAULT NULL,
  `c13` datetime DEFAULT NULL,
  `c14` char(10) DEFAULT NULL,
  `c2` int DEFAULT NULL COMMENT 'アいうえおかきくけこあいうえおかきくけこあいうえおかきくけこあいうえおかきくけこあいうえおかきくけこあいうえおかきくけこ',
  `c3` char(10) DEFAULT NULL,
  `c4` int DEFAULT NULL COMMENT 'あいウえおかきくけこあいうえおかきくけこあいうえおかきくけこあいうえおかきくけこあいうえおかきくけこあいうえおかきくけこ',
  `c5` int DEFAULT NULL COMMENT 'あいうエおかきくけこあいうえおかきくけこあいうえおかきくけこあいうえおかきくけこあいうえおかきくけこあいうえおかきくけこ',
  PRIMARY KEY (`c1`),
  KEY `c12` (`c12`,`c13`)
) ENGINE=ENGINE DEFAULT CHARSET=utf8mb4 COLLATE=utf8mb4_0900_ai_ci COMMENT='アイウエオカキクケコアイウエオカキクケコアイウエオカキクケコアイウエオカキクケコアイウエオカキクケコアイウエオカキクケコ'
ALTER TABLE t1 CHANGE COLUMN c4 c4_1 INTEGER COMMENT 'さしすせそたちつてと';
SELECT table_comment,char_length(table_comment) FROM information_schema.tables WHERE table_name='t1';
TABLE_COMMENT	char_length(table_comment)
アイウエオカキクケコアイウエオカキクケコアイウエオカキクケコアイウエオカキクケコアイウエオカキクケコアイウエオカキクケコ	60
SELECT column_comment,char_length(column_comment) FROM information_schema.columns WHERE table_name='t1' order by column_comment;
COLUMN_COMMENT	char_length(column_comment)
	0
	0
	0
	0
あいうえおかきくけこあいうえおかきくけこあいうえおかきくけこあいうえおかきくけこあいうえおかきくけこあいうえおかきくけこ	60
あいうエおかきくけこあいうえおかきくけこあいうえおかきくけこあいうえおかきくけこあいうえおかきくけこあいうえおかきくけこ	60
さしすせそたちつてと	10
アいうえおかきくけこあいうえおかきくけこあいうえおかきくけこあいうえおかきくけこあいうえおかきくけこあいうえおかきくけこ	60
SHOW CREATE TABLE t1;
Table	Create Table
t1	CREATE TABLE `t1` (
  `c1` int NOT NULL COMMENT 'あいうえおかきくけこあいうえおかきくけこあいうえおかきくけこあいうえおかきくけこあいうえおかきくけこあいうえおかきくけこ',
  `c12` int DEFAULT NULL,
  `c13` datetime DEFAULT NULL,
  `c14` char(10) DEFAULT NULL,
  `c2` int DEFAULT NULL COMMENT 'アいうえおかきくけこあいうえおかきくけこあいうえおかきくけこあいうえおかきくけこあいうえおかきくけこあいうえおかきくけこ',
  `c3` char(10) DEFAULT NULL,
  `c4_1` int DEFAULT NULL COMMENT 'さしすせそたちつてと',
  `c5` int DEFAULT NULL COMMENT 'あいうエおかきくけこあいうえおかきくけこあいうえおかきくけこあいうえおかきくけこあいうえおかきくけこあいうえおかきくけこ',
  PRIMARY KEY (`c1`),
  KEY `c12` (`c12`,`c13`)
) ENGINE=ENGINE DEFAULT CHARSET=utf8mb4 COLLATE=utf8mb4_0900_ai_ci COMMENT='アイウエオカキクケコアイウエオカキクケコアイウエオカキクケコアイウエオカキクケコアイウエオカキクケコアイウエオカキクケコ'
ALTER TABLE t1 DROP COLUMN c2;
SELECT table_comment,char_length(table_comment) FROM information_schema.tables WHERE table_name='t1';
TABLE_COMMENT	char_length(table_comment)
アイウエオカキクケコアイウエオカキクケコアイウエオカキクケコアイウエオカキクケコアイウエオカキクケコアイウエオカキクケコ	60
SELECT column_comment,char_length(column_comment) FROM information_schema.columns WHERE table_name='t1' order by column_comment;
COLUMN_COMMENT	char_length(column_comment)
	0
	0
	0
	0
あいうえおかきくけこあいうえおかきくけこあいうえおかきくけこあいうえおかきくけこあいうえおかきくけこあいうえおかきくけこ	60
あいうエおかきくけこあいうえおかきくけこあいうえおかきくけこあいうえおかきくけこあいうえおかきくけこあいうえおかきくけこ	60
さしすせそたちつてと	10
SHOW CREATE TABLE t1;
Table	Create Table
t1	CREATE TABLE `t1` (
  `c1` int NOT NULL COMMENT 'あいうえおかきくけこあいうえおかきくけこあいうえおかきくけこあいうえおかきくけこあいうえおかきくけこあいうえおかきくけこ',
  `c12` int DEFAULT NULL,
  `c13` datetime DEFAULT NULL,
  `c14` char(10) DEFAULT NULL,
  `c3` char(10) DEFAULT NULL,
  `c4_1` int DEFAULT NULL COMMENT 'さしすせそたちつてと',
  `c5` int DEFAULT NULL COMMENT 'あいうエおかきくけこあいうえおかきくけこあいうえおかきくけこあいうえおかきくけこあいうえおかきくけこあいうえおかきくけこ',
  PRIMARY KEY (`c1`),
  KEY `c12` (`c12`,`c13`)
) ENGINE=ENGINE DEFAULT CHARSET=utf8mb4 COLLATE=utf8mb4_0900_ai_ci COMMENT='アイウエオカキクケコアイウエオカキクケコアイウエオカキクケコアイウエオカキクケコアイウエオカキクケコアイウエオカキクケコ'
DROP TABLE t1;
