DROP TABLE IF EXISTS t1;
CREATE TABLE t1 (c1 INT PRIMARY KEY, c2 ENUM('abc','def','ghi'), c3 SET ('jkl','mno','pqr'));
LOAD DATA LOCAL INFILE 'suite/engines/funcs/t/load_enum_set.inc' INTO TABLE t1 FIELDS TERMINATED BY ',' ENCLOSED BY '\'' LINES TERMINATED BY '\n';
SELECT * INTO OUTFILE '../../tmp/t1.dat' FIELDS ENCLOSED BY '\'' FROM t1;
SELECT * FROM t1 ORDER BY c1;
c1	c2	c3
1	abc	jkl,mno
2	def	jkl
3	ghi	
4	ghi	jkl,mno,pqr
TRUNCATE TABLE t1;
LOAD DATA INFILE '../../tmp/t1.dat' INTO TABLE t1 FIELDS ENCLOSED BY '\'';
SELECT * FROM t1 ORDER BY c1;
c1	c2	c3
1	abc	jkl,mno
2	def	jkl
3	ghi	
4	ghi	jkl,mno,pqr
DROP TABLE t1;
