DROP TABLE IF EXISTS t1;
CREATE TABLE t1 (c1 INTEGER NOT NULL PRIMARY KEY, c2 TEXT);
LOAD DATA LOCAL INFILE 'suite/engines/funcs/t/load_less_columns.inc' INTO TABLE t1 FIELDS TERMINATED BY ',' LINES TERMINATED BY '\n';
Warnings:
Warning	1261	Row 3 doesn't contain data for all columns
SELECT * FROM t1 ORDER BY c1;
c1	c2
1	abc
2	def
3	NULL
4	ghi
TRUNCATE TABLE t1;
Warnings:
Warning	1261	Row 3 doesn't contain data for all columns
SELECT * FROM t1 ORDER BY c1;
c1	c2
1	abc
2	def
3	NULL
4	ghi
DROP TABLE t1;
