DROP TABLE IF EXISTS t1;
CREATE TABLE t1 (c1 INTEGER NOT NULL PRIMARY KEY, c2 VARCHAR(10), c3 DATETIME);
LOAD DATA LOCAL INFILE 'suite/engines/funcs/t/load_starting.inc' INTO TABLE t1 FIELDS TERMINATED BY ',' LINES STARTING BY 'start' TERMINATED BY '\n';
SELECT CONCAT('xxxstart',c1),c2,c3 INTO OUTFILE '../../tmp/t1.dat' FROM t1;
SELECT * FROM t1 ORDER BY c1;
c1	c2	c3
2	def	2007-02-14 14:38:38
3	ghi	2007-02-14 14:38:39
TRUNCATE TABLE t1;
LOAD DATA INFILE '../../tmp/t1.dat' INTO TABLE t1 LINES STARTING BY 'start';
SELECT * FROM t1 ORDER BY c1;
c1	c2	c3
2	def	2007-02-14 14:38:38
3	ghi	2007-02-14 14:38:39
DROP TABLE t1;
