DROP TABLE IF EXISTS t1;
CREATE TABLE t1 (c1 INTEGER NOT NULL PRIMARY KEY, c2 TEXT);
LOAD DATA LOCAL INFILE 'suite/engines/funcs/t/load_unique_error1.inc'   INTO TABLE t1 FIELDS TERMINATED BY ',' LINES TERMINATED BY '\n';
Warnings:
Warning	1062	Duplicate entry '3' for key 'PRIMARY'
SELECT * FROM t1 ORDER BY c1;
c1	c2
1	abc
2	def
3	ghi
4	opq
DROP TABLE t1;
CREATE TABLE t1 (c1 INTEGER NOT NULL PRIMARY KEY, c2 TEXT);
LOAD DATA LOCAL INFILE 'suite/engines/funcs/t/load_unique_error1.inc' IGNORE INTO TABLE t1 FIELDS TERMINATED BY ',' LINES TERMINATED BY '\n';
Warnings:
Warning	1062	Duplicate entry '3' for key 'PRIMARY'
SELECT * FROM t1 ORDER BY c1;
c1	c2
1	abc
2	def
3	ghi
4	opq
DROP TABLE t1;
CREATE TABLE t1 (c1 INTEGER NOT NULL PRIMARY KEY, c2 TEXT);
LOAD DATA LOCAL INFILE 'suite/engines/funcs/t/load_unique_error1.inc' REPLACE INTO TABLE t1 FIELDS TERMINATED BY ',' LINES TERMINATED BY '\n';
SELECT * FROM t1 ORDER BY c1;
c1	c2
1	abc
2	def
3	jkl
4	opq
DROP TABLE t1;
