DROP TABLE IF EXISTS t1;
CREATE TABLE t1 (c1 INTEGER NOT NULL PRIMARY KEY, c2 TEXT);
LOAD DATA LOCAL INFILE 'suite/engines/funcs/t/load_unique_error1.inc'   INTO TABLE t1 FIELDS TERMINATED BY ',' LINES TERMINATED BY '\n' (@c1,c2) SET c1 = @c1 % 2;
Warnings:
Warning	1062	Duplicate entry '1' for key 'PRIMARY'
Warning	1062	Duplicate entry '1' for key 'PRIMARY'
Warning	1062	Duplicate entry '0' for key 'PRIMARY'
SELECT * FROM t1 ORDER BY c1;
c1	c2
0	def
1	abc
DROP TABLE t1;
CREATE TABLE t1 (c1 INTEGER NOT NULL PRIMARY KEY, c2 TEXT);
LOAD DATA LOCAL INFILE 'suite/engines/funcs/t/load_unique_error1.inc' IGNORE INTO TABLE t1 FIELDS TERMINATED BY ',' LINES TERMINATED BY '\n' (@c1,c2) SET c1 = @c1 % 2;
Warnings:
Warning	1062	Duplicate entry '1' for key 'PRIMARY'
Warning	1062	Duplicate entry '1' for key 'PRIMARY'
Warning	1062	Duplicate entry '0' for key 'PRIMARY'
SELECT * FROM t1 ORDER BY c1;
c1	c2
0	def
1	abc
DROP TABLE t1;
CREATE TABLE t1 (c1 INTEGER NOT NULL PRIMARY KEY, c2 TEXT);
LOAD DATA LOCAL INFILE 'suite/engines/funcs/t/load_unique_error1.inc' REPLACE INTO TABLE t1 FIELDS TERMINATED BY ',' LINES TERMINATED BY '\n' (@c1,c2) SET c1 = @c1 % 2;
SELECT * FROM t1 ORDER BY c1;
c1	c2
0	opq
1	jkl
DROP TABLE t1;
