DROP TABLE IF EXISTS t1,t2,t3,t4,t5,t6;
CREATE TABLE t1 (c1 TINYINT NOT NULL);
CREATE TABLE t2 (c1 TINYINT NOT NULL);
CREATE TABLE t3 (c1 TINYINT NOT NULL);
CREATE TABLE t4 (c1 TINYINT NOT NULL);
CREATE TABLE t5 (c1 TINYINT NOT NULL);
CREATE TABLE t6 (c1 TINYINT NOT NULL);
INSERT INTO t1 (c1) VALUES(0),(1),(2),(3),(4),(5),(6),(7),(8),(9);
INSERT INTO t2 (c1) VALUES(0),(1),(2),(3),(4),(5),(6),(7),(8),(9);
INSERT INTO t3 (c1) VALUES(1),(3),(5),(7),(9);
INSERT INTO t4 (c1) VALUES(10);
INSERT INTO t5 (c1) VALUES(10),(11),(12),(13),(14);
SELECT t1.c1,t2.c1 FROM t1,t2 WHERE t1.c1 < t2.c1;
c1	c1
0	1
0	2
1	2
0	3
1	3
2	3
0	4
1	4
2	4
3	4
0	5
1	5
2	5
3	5
4	5
0	6
1	6
2	6
3	6
4	6
5	6
0	7
1	7
2	7
3	7
4	7
5	7
6	7
0	8
1	8
2	8
3	8
4	8
5	8
6	8
7	8
0	9
1	9
2	9
3	9
4	9
5	9
6	9
7	9
8	9
DROP TABLE t1,t2,t3,t4,t5,t6;
CREATE TABLE t1 (c1 SMALLINT NOT NULL);
CREATE TABLE t2 (c1 SMALLINT NOT NULL);
CREATE TABLE t3 (c1 SMALLINT NOT NULL);
CREATE TABLE t4 (c1 SMALLINT NOT NULL);
CREATE TABLE t5 (c1 SMALLINT NOT NULL);
CREATE TABLE t6 (c1 SMALLINT NOT NULL);
INSERT INTO t1 (c1) VALUES(0),(1),(2),(3),(4),(5),(6),(7),(8),(9);
INSERT INTO t2 (c1) VALUES(0),(1),(2),(3),(4),(5),(6),(7),(8),(9);
INSERT INTO t3 (c1) VALUES(1),(3),(5),(7),(9);
INSERT INTO t4 (c1) VALUES(10);
INSERT INTO t5 (c1) VALUES(10),(11),(12),(13),(14);
SELECT t1.c1,t2.c1 FROM t1,t2 WHERE t1.c1 < t2.c1;
c1	c1
0	1
0	2
1	2
0	3
1	3
2	3
0	4
1	4
2	4
3	4
0	5
1	5
2	5
3	5
4	5
0	6
1	6
2	6
3	6
4	6
5	6
0	7
1	7
2	7
3	7
4	7
5	7
6	7
0	8
1	8
2	8
3	8
4	8
5	8
6	8
7	8
0	9
1	9
2	9
3	9
4	9
5	9
6	9
7	9
8	9
DROP TABLE t1,t2,t3,t4,t5,t6;
CREATE TABLE t1 (c1 MEDIUMINT NOT NULL);
CREATE TABLE t2 (c1 MEDIUMINT NOT NULL);
CREATE TABLE t3 (c1 MEDIUMINT NOT NULL);
CREATE TABLE t4 (c1 MEDIUMINT NOT NULL);
CREATE TABLE t5 (c1 MEDIUMINT NOT NULL);
CREATE TABLE t6 (c1 MEDIUMINT NOT NULL);
INSERT INTO t1 (c1) VALUES(0),(1),(2),(3),(4),(5),(6),(7),(8),(9);
INSERT INTO t2 (c1) VALUES(0),(1),(2),(3),(4),(5),(6),(7),(8),(9);
INSERT INTO t3 (c1) VALUES(1),(3),(5),(7),(9);
INSERT INTO t4 (c1) VALUES(10);
INSERT INTO t5 (c1) VALUES(10),(11),(12),(13),(14);
SELECT t1.c1,t2.c1 FROM t1,t2 WHERE t1.c1 < t2.c1;
c1	c1
0	1
0	2
1	2
0	3
1	3
2	3
0	4
1	4
2	4
3	4
0	5
1	5
2	5
3	5
4	5
0	6
1	6
2	6
3	6
4	6
5	6
0	7
1	7
2	7
3	7
4	7
5	7
6	7
0	8
1	8
2	8
3	8
4	8
5	8
6	8
7	8
0	9
1	9
2	9
3	9
4	9
5	9
6	9
7	9
8	9
DROP TABLE t1,t2,t3,t4,t5,t6;
CREATE TABLE t1 (c1 INT NOT NULL);
CREATE TABLE t2 (c1 INT NOT NULL);
CREATE TABLE t3 (c1 INT NOT NULL);
CREATE TABLE t4 (c1 INT NOT NULL);
CREATE TABLE t5 (c1 INT NOT NULL);
CREATE TABLE t6 (c1 INT NOT NULL);
INSERT INTO t1 (c1) VALUES(0),(1),(2),(3),(4),(5),(6),(7),(8),(9);
INSERT INTO t2 (c1) VALUES(0),(1),(2),(3),(4),(5),(6),(7),(8),(9);
INSERT INTO t3 (c1) VALUES(1),(3),(5),(7),(9);
INSERT INTO t4 (c1) VALUES(10);
INSERT INTO t5 (c1) VALUES(10),(11),(12),(13),(14);
SELECT t1.c1,t2.c1 FROM t1,t2 WHERE t1.c1 < t2.c1;
c1	c1
0	1
0	2
1	2
0	3
1	3
2	3
0	4
1	4
2	4
3	4
0	5
1	5
2	5
3	5
4	5
0	6
1	6
2	6
3	6
4	6
5	6
0	7
1	7
2	7
3	7
4	7
5	7
6	7
0	8
1	8
2	8
3	8
4	8
5	8
6	8
7	8
0	9
1	9
2	9
3	9
4	9
5	9
6	9
7	9
8	9
DROP TABLE t1,t2,t3,t4,t5,t6;
CREATE TABLE t1 (c1 INTEGER NOT NULL);
CREATE TABLE t2 (c1 INTEGER NOT NULL);
CREATE TABLE t3 (c1 INTEGER NOT NULL);
CREATE TABLE t4 (c1 INTEGER NOT NULL);
CREATE TABLE t5 (c1 INTEGER NOT NULL);
CREATE TABLE t6 (c1 INTEGER NOT NULL);
INSERT INTO t1 (c1) VALUES(0),(1),(2),(3),(4),(5),(6),(7),(8),(9);
INSERT INTO t2 (c1) VALUES(0),(1),(2),(3),(4),(5),(6),(7),(8),(9);
INSERT INTO t3 (c1) VALUES(1),(3),(5),(7),(9);
INSERT INTO t4 (c1) VALUES(10);
INSERT INTO t5 (c1) VALUES(10),(11),(12),(13),(14);
SELECT t1.c1,t2.c1 FROM t1,t2 WHERE t1.c1 < t2.c1;
c1	c1
0	1
0	2
1	2
0	3
1	3
2	3
0	4
1	4
2	4
3	4
0	5
1	5
2	5
3	5
4	5
0	6
1	6
2	6
3	6
4	6
5	6
0	7
1	7
2	7
3	7
4	7
5	7
6	7
0	8
1	8
2	8
3	8
4	8
5	8
6	8
7	8
0	9
1	9
2	9
3	9
4	9
5	9
6	9
7	9
8	9
DROP TABLE t1,t2,t3,t4,t5,t6;
CREATE TABLE t1 (c1 BIGINT NOT NULL);
CREATE TABLE t2 (c1 BIGINT NOT NULL);
CREATE TABLE t3 (c1 BIGINT NOT NULL);
CREATE TABLE t4 (c1 BIGINT NOT NULL);
CREATE TABLE t5 (c1 BIGINT NOT NULL);
CREATE TABLE t6 (c1 BIGINT NOT NULL);
INSERT INTO t1 (c1) VALUES(0),(1),(2),(3),(4),(5),(6),(7),(8),(9);
INSERT INTO t2 (c1) VALUES(0),(1),(2),(3),(4),(5),(6),(7),(8),(9);
INSERT INTO t3 (c1) VALUES(1),(3),(5),(7),(9);
INSERT INTO t4 (c1) VALUES(10);
INSERT INTO t5 (c1) VALUES(10),(11),(12),(13),(14);
SELECT t1.c1,t2.c1 FROM t1,t2 WHERE t1.c1 < t2.c1;
c1	c1
0	1
0	2
1	2
0	3
1	3
2	3
0	4
1	4
2	4
3	4
0	5
1	5
2	5
3	5
4	5
0	6
1	6
2	6
3	6
4	6
5	6
0	7
1	7
2	7
3	7
4	7
5	7
6	7
0	8
1	8
2	8
3	8
4	8
5	8
6	8
7	8
0	9
1	9
2	9
3	9
4	9
5	9
6	9
7	9
8	9
DROP TABLE t1,t2,t3,t4,t5,t6;
CREATE TABLE t1 (c1 TINYINT NOT NULL);
CREATE TABLE t2 (c1 TINYINT NOT NULL);
CREATE TABLE t3 (c1 TINYINT NOT NULL);
CREATE TABLE t4 (c1 TINYINT NOT NULL);
CREATE TABLE t5 (c1 TINYINT NOT NULL);
CREATE TABLE t6 (c1 TINYINT NOT NULL);
INSERT INTO t1 (c1) VALUES(0),(1),(2),(3),(4),(5),(6),(7),(8),(9);
INSERT INTO t2 (c1) VALUES(0),(1),(2),(3),(4),(5),(6),(7),(8),(9);
INSERT INTO t3 (c1) VALUES(1),(3),(5),(7),(9);
INSERT INTO t4 (c1) VALUES(10);
INSERT INTO t5 (c1) VALUES(10),(11),(12),(13),(14);
SELECT t1.c1,t3.c1 FROM t1,t3 WHERE t1.c1 < t3.c1;
c1	c1
0	1
0	3
0	5
0	7
0	9
1	3
1	5
1	7
1	9
2	3
2	5
2	7
2	9
3	5
3	7
3	9
4	5
4	7
4	9
5	7
5	9
6	7
6	9
7	9
8	9
DROP TABLE t1,t2,t3,t4,t5,t6;
CREATE TABLE t1 (c1 SMALLINT NOT NULL);
CREATE TABLE t2 (c1 SMALLINT NOT NULL);
CREATE TABLE t3 (c1 SMALLINT NOT NULL);
CREATE TABLE t4 (c1 SMALLINT NOT NULL);
CREATE TABLE t5 (c1 SMALLINT NOT NULL);
CREATE TABLE t6 (c1 SMALLINT NOT NULL);
INSERT INTO t1 (c1) VALUES(0),(1),(2),(3),(4),(5),(6),(7),(8),(9);
INSERT INTO t2 (c1) VALUES(0),(1),(2),(3),(4),(5),(6),(7),(8),(9);
INSERT INTO t3 (c1) VALUES(1),(3),(5),(7),(9);
INSERT INTO t4 (c1) VALUES(10);
INSERT INTO t5 (c1) VALUES(10),(11),(12),(13),(14);
SELECT t1.c1,t3.c1 FROM t1,t3 WHERE t1.c1 < t3.c1;
c1	c1
0	1
0	3
0	5
0	7
0	9
1	3
1	5
1	7
1	9
2	3
2	5
2	7
2	9
3	5
3	7
3	9
4	5
4	7
4	9
5	7
5	9
6	7
6	9
7	9
8	9
DROP TABLE t1,t2,t3,t4,t5,t6;
CREATE TABLE t1 (c1 MEDIUMINT NOT NULL);
CREATE TABLE t2 (c1 MEDIUMINT NOT NULL);
CREATE TABLE t3 (c1 MEDIUMINT NOT NULL);
CREATE TABLE t4 (c1 MEDIUMINT NOT NULL);
CREATE TABLE t5 (c1 MEDIUMINT NOT NULL);
CREATE TABLE t6 (c1 MEDIUMINT NOT NULL);
INSERT INTO t1 (c1) VALUES(0),(1),(2),(3),(4),(5),(6),(7),(8),(9);
INSERT INTO t2 (c1) VALUES(0),(1),(2),(3),(4),(5),(6),(7),(8),(9);
INSERT INTO t3 (c1) VALUES(1),(3),(5),(7),(9);
INSERT INTO t4 (c1) VALUES(10);
INSERT INTO t5 (c1) VALUES(10),(11),(12),(13),(14);
SELECT t1.c1,t3.c1 FROM t1,t3 WHERE t1.c1 < t3.c1;
c1	c1
0	1
0	3
0	5
0	7
0	9
1	3
1	5
1	7
1	9
2	3
2	5
2	7
2	9
3	5
3	7
3	9
4	5
4	7
4	9
5	7
5	9
6	7
6	9
7	9
8	9
DROP TABLE t1,t2,t3,t4,t5,t6;
CREATE TABLE t1 (c1 INT NOT NULL);
CREATE TABLE t2 (c1 INT NOT NULL);
CREATE TABLE t3 (c1 INT NOT NULL);
CREATE TABLE t4 (c1 INT NOT NULL);
CREATE TABLE t5 (c1 INT NOT NULL);
CREATE TABLE t6 (c1 INT NOT NULL);
INSERT INTO t1 (c1) VALUES(0),(1),(2),(3),(4),(5),(6),(7),(8),(9);
INSERT INTO t2 (c1) VALUES(0),(1),(2),(3),(4),(5),(6),(7),(8),(9);
INSERT INTO t3 (c1) VALUES(1),(3),(5),(7),(9);
INSERT INTO t4 (c1) VALUES(10);
INSERT INTO t5 (c1) VALUES(10),(11),(12),(13),(14);
SELECT t1.c1,t3.c1 FROM t1,t3 WHERE t1.c1 < t3.c1;
c1	c1
0	1
0	3
0	5
0	7
0	9
1	3
1	5
1	7
1	9
2	3
2	5
2	7
2	9
3	5
3	7
3	9
4	5
4	7
4	9
5	7
5	9
6	7
6	9
7	9
8	9
DROP TABLE t1,t2,t3,t4,t5,t6;
CREATE TABLE t1 (c1 INTEGER NOT NULL);
CREATE TABLE t2 (c1 INTEGER NOT NULL);
CREATE TABLE t3 (c1 INTEGER NOT NULL);
CREATE TABLE t4 (c1 INTEGER NOT NULL);
CREATE TABLE t5 (c1 INTEGER NOT NULL);
CREATE TABLE t6 (c1 INTEGER NOT NULL);
INSERT INTO t1 (c1) VALUES(0),(1),(2),(3),(4),(5),(6),(7),(8),(9);
INSERT INTO t2 (c1) VALUES(0),(1),(2),(3),(4),(5),(6),(7),(8),(9);
INSERT INTO t3 (c1) VALUES(1),(3),(5),(7),(9);
INSERT INTO t4 (c1) VALUES(10);
INSERT INTO t5 (c1) VALUES(10),(11),(12),(13),(14);
SELECT t1.c1,t3.c1 FROM t1,t3 WHERE t1.c1 < t3.c1;
c1	c1
0	1
0	3
0	5
0	7
0	9
1	3
1	5
1	7
1	9
2	3
2	5
2	7
2	9
3	5
3	7
3	9
4	5
4	7
4	9
5	7
5	9
6	7
6	9
7	9
8	9
DROP TABLE t1,t2,t3,t4,t5,t6;
CREATE TABLE t1 (c1 BIGINT NOT NULL);
CREATE TABLE t2 (c1 BIGINT NOT NULL);
CREATE TABLE t3 (c1 BIGINT NOT NULL);
CREATE TABLE t4 (c1 BIGINT NOT NULL);
CREATE TABLE t5 (c1 BIGINT NOT NULL);
CREATE TABLE t6 (c1 BIGINT NOT NULL);
INSERT INTO t1 (c1) VALUES(0),(1),(2),(3),(4),(5),(6),(7),(8),(9);
INSERT INTO t2 (c1) VALUES(0),(1),(2),(3),(4),(5),(6),(7),(8),(9);
INSERT INTO t3 (c1) VALUES(1),(3),(5),(7),(9);
INSERT INTO t4 (c1) VALUES(10);
INSERT INTO t5 (c1) VALUES(10),(11),(12),(13),(14);
SELECT t1.c1,t3.c1 FROM t1,t3 WHERE t1.c1 < t3.c1;
c1	c1
0	1
0	3
0	5
0	7
0	9
1	3
1	5
1	7
1	9
2	3
2	5
2	7
2	9
3	5
3	7
3	9
4	5
4	7
4	9
5	7
5	9
6	7
6	9
7	9
8	9
DROP TABLE t1,t2,t3,t4,t5,t6;
CREATE TABLE t1 (c1 TINYINT NOT NULL);
CREATE TABLE t2 (c1 TINYINT NOT NULL);
CREATE TABLE t3 (c1 TINYINT NOT NULL);
CREATE TABLE t4 (c1 TINYINT NOT NULL);
CREATE TABLE t5 (c1 TINYINT NOT NULL);
CREATE TABLE t6 (c1 TINYINT NOT NULL);
INSERT INTO t1 (c1) VALUES(0),(1),(2),(3),(4),(5),(6),(7),(8),(9);
INSERT INTO t2 (c1) VALUES(0),(1),(2),(3),(4),(5),(6),(7),(8),(9);
INSERT INTO t3 (c1) VALUES(1),(3),(5),(7),(9);
INSERT INTO t4 (c1) VALUES(10);
INSERT INTO t5 (c1) VALUES(10),(11),(12),(13),(14);
SELECT t1.c1,t4.c1 FROM t1,t4 WHERE t1.c1 < t4.c1;
c1	c1
0	10
1	10
2	10
3	10
4	10
5	10
6	10
7	10
8	10
9	10
DROP TABLE t1,t2,t3,t4,t5,t6;
CREATE TABLE t1 (c1 SMALLINT NOT NULL);
CREATE TABLE t2 (c1 SMALLINT NOT NULL);
CREATE TABLE t3 (c1 SMALLINT NOT NULL);
CREATE TABLE t4 (c1 SMALLINT NOT NULL);
CREATE TABLE t5 (c1 SMALLINT NOT NULL);
CREATE TABLE t6 (c1 SMALLINT NOT NULL);
INSERT INTO t1 (c1) VALUES(0),(1),(2),(3),(4),(5),(6),(7),(8),(9);
INSERT INTO t2 (c1) VALUES(0),(1),(2),(3),(4),(5),(6),(7),(8),(9);
INSERT INTO t3 (c1) VALUES(1),(3),(5),(7),(9);
INSERT INTO t4 (c1) VALUES(10);
INSERT INTO t5 (c1) VALUES(10),(11),(12),(13),(14);
SELECT t1.c1,t4.c1 FROM t1,t4 WHERE t1.c1 < t4.c1;
c1	c1
0	10
1	10
2	10
3	10
4	10
5	10
6	10
7	10
8	10
9	10
DROP TABLE t1,t2,t3,t4,t5,t6;
CREATE TABLE t1 (c1 MEDIUMINT NOT NULL);
CREATE TABLE t2 (c1 MEDIUMINT NOT NULL);
CREATE TABLE t3 (c1 MEDIUMINT NOT NULL);
CREATE TABLE t4 (c1 MEDIUMINT NOT NULL);
CREATE TABLE t5 (c1 MEDIUMINT NOT NULL);
CREATE TABLE t6 (c1 MEDIUMINT NOT NULL);
INSERT INTO t1 (c1) VALUES(0),(1),(2),(3),(4),(5),(6),(7),(8),(9);
INSERT INTO t2 (c1) VALUES(0),(1),(2),(3),(4),(5),(6),(7),(8),(9);
INSERT INTO t3 (c1) VALUES(1),(3),(5),(7),(9);
INSERT INTO t4 (c1) VALUES(10);
INSERT INTO t5 (c1) VALUES(10),(11),(12),(13),(14);
SELECT t1.c1,t4.c1 FROM t1,t4 WHERE t1.c1 < t4.c1;
c1	c1
0	10
1	10
2	10
3	10
4	10
5	10
6	10
7	10
8	10
9	10
DROP TABLE t1,t2,t3,t4,t5,t6;
CREATE TABLE t1 (c1 INT NOT NULL);
CREATE TABLE t2 (c1 INT NOT NULL);
CREATE TABLE t3 (c1 INT NOT NULL);
CREATE TABLE t4 (c1 INT NOT NULL);
CREATE TABLE t5 (c1 INT NOT NULL);
CREATE TABLE t6 (c1 INT NOT NULL);
INSERT INTO t1 (c1) VALUES(0),(1),(2),(3),(4),(5),(6),(7),(8),(9);
INSERT INTO t2 (c1) VALUES(0),(1),(2),(3),(4),(5),(6),(7),(8),(9);
INSERT INTO t3 (c1) VALUES(1),(3),(5),(7),(9);
INSERT INTO t4 (c1) VALUES(10);
INSERT INTO t5 (c1) VALUES(10),(11),(12),(13),(14);
SELECT t1.c1,t4.c1 FROM t1,t4 WHERE t1.c1 < t4.c1;
c1	c1
0	10
1	10
2	10
3	10
4	10
5	10
6	10
7	10
8	10
9	10
DROP TABLE t1,t2,t3,t4,t5,t6;
CREATE TABLE t1 (c1 INTEGER NOT NULL);
CREATE TABLE t2 (c1 INTEGER NOT NULL);
CREATE TABLE t3 (c1 INTEGER NOT NULL);
CREATE TABLE t4 (c1 INTEGER NOT NULL);
CREATE TABLE t5 (c1 INTEGER NOT NULL);
CREATE TABLE t6 (c1 INTEGER NOT NULL);
INSERT INTO t1 (c1) VALUES(0),(1),(2),(3),(4),(5),(6),(7),(8),(9);
INSERT INTO t2 (c1) VALUES(0),(1),(2),(3),(4),(5),(6),(7),(8),(9);
INSERT INTO t3 (c1) VALUES(1),(3),(5),(7),(9);
INSERT INTO t4 (c1) VALUES(10);
INSERT INTO t5 (c1) VALUES(10),(11),(12),(13),(14);
SELECT t1.c1,t4.c1 FROM t1,t4 WHERE t1.c1 < t4.c1;
c1	c1
0	10
1	10
2	10
3	10
4	10
5	10
6	10
7	10
8	10
9	10
DROP TABLE t1,t2,t3,t4,t5,t6;
CREATE TABLE t1 (c1 BIGINT NOT NULL);
CREATE TABLE t2 (c1 BIGINT NOT NULL);
CREATE TABLE t3 (c1 BIGINT NOT NULL);
CREATE TABLE t4 (c1 BIGINT NOT NULL);
CREATE TABLE t5 (c1 BIGINT NOT NULL);
CREATE TABLE t6 (c1 BIGINT NOT NULL);
INSERT INTO t1 (c1) VALUES(0),(1),(2),(3),(4),(5),(6),(7),(8),(9);
INSERT INTO t2 (c1) VALUES(0),(1),(2),(3),(4),(5),(6),(7),(8),(9);
INSERT INTO t3 (c1) VALUES(1),(3),(5),(7),(9);
INSERT INTO t4 (c1) VALUES(10);
INSERT INTO t5 (c1) VALUES(10),(11),(12),(13),(14);
SELECT t1.c1,t4.c1 FROM t1,t4 WHERE t1.c1 < t4.c1;
c1	c1
0	10
1	10
2	10
3	10
4	10
5	10
6	10
7	10
8	10
9	10
DROP TABLE t1,t2,t3,t4,t5,t6;
CREATE TABLE t1 (c1 TINYINT NOT NULL);
CREATE TABLE t2 (c1 TINYINT NOT NULL);
CREATE TABLE t3 (c1 TINYINT NOT NULL);
CREATE TABLE t4 (c1 TINYINT NOT NULL);
CREATE TABLE t5 (c1 TINYINT NOT NULL);
CREATE TABLE t6 (c1 TINYINT NOT NULL);
INSERT INTO t1 (c1) VALUES(0),(1),(2),(3),(4),(5),(6),(7),(8),(9);
INSERT INTO t2 (c1) VALUES(0),(1),(2),(3),(4),(5),(6),(7),(8),(9);
INSERT INTO t3 (c1) VALUES(1),(3),(5),(7),(9);
INSERT INTO t4 (c1) VALUES(10);
INSERT INTO t5 (c1) VALUES(10),(11),(12),(13),(14);
SELECT t1.c1,t5.c1 FROM t1,t5 WHERE t1.c1 < t5.c1;
c1	c1
0	10
0	11
0	12
0	13
0	14
1	10
1	11
1	12
1	13
1	14
2	10
2	11
2	12
2	13
2	14
3	10
3	11
3	12
3	13
3	14
4	10
4	11
4	12
4	13
4	14
5	10
5	11
5	12
5	13
5	14
6	10
6	11
6	12
6	13
6	14
7	10
7	11
7	12
7	13
7	14
8	10
8	11
8	12
8	13
8	14
9	10
9	11
9	12
9	13
9	14
DROP TABLE t1,t2,t3,t4,t5,t6;
CREATE TABLE t1 (c1 SMALLINT NOT NULL);
CREATE TABLE t2 (c1 SMALLINT NOT NULL);
CREATE TABLE t3 (c1 SMALLINT NOT NULL);
CREATE TABLE t4 (c1 SMALLINT NOT NULL);
CREATE TABLE t5 (c1 SMALLINT NOT NULL);
CREATE TABLE t6 (c1 SMALLINT NOT NULL);
INSERT INTO t1 (c1) VALUES(0),(1),(2),(3),(4),(5),(6),(7),(8),(9);
INSERT INTO t2 (c1) VALUES(0),(1),(2),(3),(4),(5),(6),(7),(8),(9);
INSERT INTO t3 (c1) VALUES(1),(3),(5),(7),(9);
INSERT INTO t4 (c1) VALUES(10);
INSERT INTO t5 (c1) VALUES(10),(11),(12),(13),(14);
SELECT t1.c1,t5.c1 FROM t1,t5 WHERE t1.c1 < t5.c1;
c1	c1
0	10
0	11
0	12
0	13
0	14
1	10
1	11
1	12
1	13
1	14
2	10
2	11
2	12
2	13
2	14
3	10
3	11
3	12
3	13
3	14
4	10
4	11
4	12
4	13
4	14
5	10
5	11
5	12
5	13
5	14
6	10
6	11
6	12
6	13
6	14
7	10
7	11
7	12
7	13
7	14
8	10
8	11
8	12
8	13
8	14
9	10
9	11
9	12
9	13
9	14
DROP TABLE t1,t2,t3,t4,t5,t6;
CREATE TABLE t1 (c1 MEDIUMINT NOT NULL);
CREATE TABLE t2 (c1 MEDIUMINT NOT NULL);
CREATE TABLE t3 (c1 MEDIUMINT NOT NULL);
CREATE TABLE t4 (c1 MEDIUMINT NOT NULL);
CREATE TABLE t5 (c1 MEDIUMINT NOT NULL);
CREATE TABLE t6 (c1 MEDIUMINT NOT NULL);
INSERT INTO t1 (c1) VALUES(0),(1),(2),(3),(4),(5),(6),(7),(8),(9);
INSERT INTO t2 (c1) VALUES(0),(1),(2),(3),(4),(5),(6),(7),(8),(9);
INSERT INTO t3 (c1) VALUES(1),(3),(5),(7),(9);
INSERT INTO t4 (c1) VALUES(10);
INSERT INTO t5 (c1) VALUES(10),(11),(12),(13),(14);
SELECT t1.c1,t5.c1 FROM t1,t5 WHERE t1.c1 < t5.c1;
c1	c1
0	10
0	11
0	12
0	13
0	14
1	10
1	11
1	12
1	13
1	14
2	10
2	11
2	12
2	13
2	14
3	10
3	11
3	12
3	13
3	14
4	10
4	11
4	12
4	13
4	14
5	10
5	11
5	12
5	13
5	14
6	10
6	11
6	12
6	13
6	14
7	10
7	11
7	12
7	13
7	14
8	10
8	11
8	12
8	13
8	14
9	10
9	11
9	12
9	13
9	14
DROP TABLE t1,t2,t3,t4,t5,t6;
CREATE TABLE t1 (c1 INT NOT NULL);
CREATE TABLE t2 (c1 INT NOT NULL);
CREATE TABLE t3 (c1 INT NOT NULL);
CREATE TABLE t4 (c1 INT NOT NULL);
CREATE TABLE t5 (c1 INT NOT NULL);
CREATE TABLE t6 (c1 INT NOT NULL);
INSERT INTO t1 (c1) VALUES(0),(1),(2),(3),(4),(5),(6),(7),(8),(9);
INSERT INTO t2 (c1) VALUES(0),(1),(2),(3),(4),(5),(6),(7),(8),(9);
INSERT INTO t3 (c1) VALUES(1),(3),(5),(7),(9);
INSERT INTO t4 (c1) VALUES(10);
INSERT INTO t5 (c1) VALUES(10),(11),(12),(13),(14);
SELECT t1.c1,t5.c1 FROM t1,t5 WHERE t1.c1 < t5.c1;
c1	c1
0	10
0	11
0	12
0	13
0	14
1	10
1	11
1	12
1	13
1	14
2	10
2	11
2	12
2	13
2	14
3	10
3	11
3	12
3	13
3	14
4	10
4	11
4	12
4	13
4	14
5	10
5	11
5	12
5	13
5	14
6	10
6	11
6	12
6	13
6	14
7	10
7	11
7	12
7	13
7	14
8	10
8	11
8	12
8	13
8	14
9	10
9	11
9	12
9	13
9	14
DROP TABLE t1,t2,t3,t4,t5,t6;
CREATE TABLE t1 (c1 INTEGER NOT NULL);
CREATE TABLE t2 (c1 INTEGER NOT NULL);
CREATE TABLE t3 (c1 INTEGER NOT NULL);
CREATE TABLE t4 (c1 INTEGER NOT NULL);
CREATE TABLE t5 (c1 INTEGER NOT NULL);
CREATE TABLE t6 (c1 INTEGER NOT NULL);
INSERT INTO t1 (c1) VALUES(0),(1),(2),(3),(4),(5),(6),(7),(8),(9);
INSERT INTO t2 (c1) VALUES(0),(1),(2),(3),(4),(5),(6),(7),(8),(9);
INSERT INTO t3 (c1) VALUES(1),(3),(5),(7),(9);
INSERT INTO t4 (c1) VALUES(10);
INSERT INTO t5 (c1) VALUES(10),(11),(12),(13),(14);
SELECT t1.c1,t5.c1 FROM t1,t5 WHERE t1.c1 < t5.c1;
c1	c1
0	10
0	11
0	12
0	13
0	14
1	10
1	11
1	12
1	13
1	14
2	10
2	11
2	12
2	13
2	14
3	10
3	11
3	12
3	13
3	14
4	10
4	11
4	12
4	13
4	14
5	10
5	11
5	12
5	13
5	14
6	10
6	11
6	12
6	13
6	14
7	10
7	11
7	12
7	13
7	14
8	10
8	11
8	12
8	13
8	14
9	10
9	11
9	12
9	13
9	14
DROP TABLE t1,t2,t3,t4,t5,t6;
CREATE TABLE t1 (c1 BIGINT NOT NULL);
CREATE TABLE t2 (c1 BIGINT NOT NULL);
CREATE TABLE t3 (c1 BIGINT NOT NULL);
CREATE TABLE t4 (c1 BIGINT NOT NULL);
CREATE TABLE t5 (c1 BIGINT NOT NULL);
CREATE TABLE t6 (c1 BIGINT NOT NULL);
INSERT INTO t1 (c1) VALUES(0),(1),(2),(3),(4),(5),(6),(7),(8),(9);
INSERT INTO t2 (c1) VALUES(0),(1),(2),(3),(4),(5),(6),(7),(8),(9);
INSERT INTO t3 (c1) VALUES(1),(3),(5),(7),(9);
INSERT INTO t4 (c1) VALUES(10);
INSERT INTO t5 (c1) VALUES(10),(11),(12),(13),(14);
SELECT t1.c1,t5.c1 FROM t1,t5 WHERE t1.c1 < t5.c1;
c1	c1
0	10
0	11
0	12
0	13
0	14
1	10
1	11
1	12
1	13
1	14
2	10
2	11
2	12
2	13
2	14
3	10
3	11
3	12
3	13
3	14
4	10
4	11
4	12
4	13
4	14
5	10
5	11
5	12
5	13
5	14
6	10
6	11
6	12
6	13
6	14
7	10
7	11
7	12
7	13
7	14
8	10
8	11
8	12
8	13
8	14
9	10
9	11
9	12
9	13
9	14
DROP TABLE t1,t2,t3,t4,t5,t6;
CREATE TABLE t1 (c1 TINYINT NOT NULL);
CREATE TABLE t2 (c1 TINYINT NOT NULL);
CREATE TABLE t3 (c1 TINYINT NOT NULL);
CREATE TABLE t4 (c1 TINYINT NOT NULL);
CREATE TABLE t5 (c1 TINYINT NOT NULL);
CREATE TABLE t6 (c1 TINYINT NOT NULL);
INSERT INTO t1 (c1) VALUES(0),(1),(2),(3),(4),(5),(6),(7),(8),(9);
INSERT INTO t2 (c1) VALUES(0),(1),(2),(3),(4),(5),(6),(7),(8),(9);
INSERT INTO t3 (c1) VALUES(1),(3),(5),(7),(9);
INSERT INTO t4 (c1) VALUES(10);
INSERT INTO t5 (c1) VALUES(10),(11),(12),(13),(14);
SELECT t1.c1,t6.c1 FROM t1,t6 WHERE t1.c1 < t6.c1;
c1	c1
DROP TABLE t1,t2,t3,t4,t5,t6;
CREATE TABLE t1 (c1 SMALLINT NOT NULL);
CREATE TABLE t2 (c1 SMALLINT NOT NULL);
CREATE TABLE t3 (c1 SMALLINT NOT NULL);
CREATE TABLE t4 (c1 SMALLINT NOT NULL);
CREATE TABLE t5 (c1 SMALLINT NOT NULL);
CREATE TABLE t6 (c1 SMALLINT NOT NULL);
INSERT INTO t1 (c1) VALUES(0),(1),(2),(3),(4),(5),(6),(7),(8),(9);
INSERT INTO t2 (c1) VALUES(0),(1),(2),(3),(4),(5),(6),(7),(8),(9);
INSERT INTO t3 (c1) VALUES(1),(3),(5),(7),(9);
INSERT INTO t4 (c1) VALUES(10);
INSERT INTO t5 (c1) VALUES(10),(11),(12),(13),(14);
SELECT t1.c1,t6.c1 FROM t1,t6 WHERE t1.c1 < t6.c1;
c1	c1
DROP TABLE t1,t2,t3,t4,t5,t6;
CREATE TABLE t1 (c1 MEDIUMINT NOT NULL);
CREATE TABLE t2 (c1 MEDIUMINT NOT NULL);
CREATE TABLE t3 (c1 MEDIUMINT NOT NULL);
CREATE TABLE t4 (c1 MEDIUMINT NOT NULL);
CREATE TABLE t5 (c1 MEDIUMINT NOT NULL);
CREATE TABLE t6 (c1 MEDIUMINT NOT NULL);
INSERT INTO t1 (c1) VALUES(0),(1),(2),(3),(4),(5),(6),(7),(8),(9);
INSERT INTO t2 (c1) VALUES(0),(1),(2),(3),(4),(5),(6),(7),(8),(9);
INSERT INTO t3 (c1) VALUES(1),(3),(5),(7),(9);
INSERT INTO t4 (c1) VALUES(10);
INSERT INTO t5 (c1) VALUES(10),(11),(12),(13),(14);
SELECT t1.c1,t6.c1 FROM t1,t6 WHERE t1.c1 < t6.c1;
c1	c1
DROP TABLE t1,t2,t3,t4,t5,t6;
CREATE TABLE t1 (c1 INT NOT NULL);
CREATE TABLE t2 (c1 INT NOT NULL);
CREATE TABLE t3 (c1 INT NOT NULL);
CREATE TABLE t4 (c1 INT NOT NULL);
CREATE TABLE t5 (c1 INT NOT NULL);
CREATE TABLE t6 (c1 INT NOT NULL);
INSERT INTO t1 (c1) VALUES(0),(1),(2),(3),(4),(5),(6),(7),(8),(9);
INSERT INTO t2 (c1) VALUES(0),(1),(2),(3),(4),(5),(6),(7),(8),(9);
INSERT INTO t3 (c1) VALUES(1),(3),(5),(7),(9);
INSERT INTO t4 (c1) VALUES(10);
INSERT INTO t5 (c1) VALUES(10),(11),(12),(13),(14);
SELECT t1.c1,t6.c1 FROM t1,t6 WHERE t1.c1 < t6.c1;
c1	c1
DROP TABLE t1,t2,t3,t4,t5,t6;
CREATE TABLE t1 (c1 INTEGER NOT NULL);
CREATE TABLE t2 (c1 INTEGER NOT NULL);
CREATE TABLE t3 (c1 INTEGER NOT NULL);
CREATE TABLE t4 (c1 INTEGER NOT NULL);
CREATE TABLE t5 (c1 INTEGER NOT NULL);
CREATE TABLE t6 (c1 INTEGER NOT NULL);
INSERT INTO t1 (c1) VALUES(0),(1),(2),(3),(4),(5),(6),(7),(8),(9);
INSERT INTO t2 (c1) VALUES(0),(1),(2),(3),(4),(5),(6),(7),(8),(9);
INSERT INTO t3 (c1) VALUES(1),(3),(5),(7),(9);
INSERT INTO t4 (c1) VALUES(10);
INSERT INTO t5 (c1) VALUES(10),(11),(12),(13),(14);
SELECT t1.c1,t6.c1 FROM t1,t6 WHERE t1.c1 < t6.c1;
c1	c1
DROP TABLE t1,t2,t3,t4,t5,t6;
CREATE TABLE t1 (c1 BIGINT NOT NULL);
CREATE TABLE t2 (c1 BIGINT NOT NULL);
CREATE TABLE t3 (c1 BIGINT NOT NULL);
CREATE TABLE t4 (c1 BIGINT NOT NULL);
CREATE TABLE t5 (c1 BIGINT NOT NULL);
CREATE TABLE t6 (c1 BIGINT NOT NULL);
INSERT INTO t1 (c1) VALUES(0),(1),(2),(3),(4),(5),(6),(7),(8),(9);
INSERT INTO t2 (c1) VALUES(0),(1),(2),(3),(4),(5),(6),(7),(8),(9);
INSERT INTO t3 (c1) VALUES(1),(3),(5),(7),(9);
INSERT INTO t4 (c1) VALUES(10);
INSERT INTO t5 (c1) VALUES(10),(11),(12),(13),(14);
SELECT t1.c1,t6.c1 FROM t1,t6 WHERE t1.c1 < t6.c1;
c1	c1
DROP TABLE t1,t2,t3,t4,t5,t6;
CREATE TABLE t1 (c1 TINYINT NOT NULL);
CREATE TABLE t2 (c1 TINYINT NOT NULL);
CREATE TABLE t3 (c1 TINYINT NOT NULL);
CREATE TABLE t4 (c1 TINYINT NOT NULL);
CREATE TABLE t5 (c1 TINYINT NOT NULL);
CREATE TABLE t6 (c1 TINYINT NOT NULL);
INSERT INTO t1 (c1) VALUES(0),(1),(2),(3),(4),(5),(6),(7),(8),(9);
INSERT INTO t2 (c1) VALUES(0),(1),(2),(3),(4),(5),(6),(7),(8),(9);
INSERT INTO t3 (c1) VALUES(1),(3),(5),(7),(9);
INSERT INTO t4 (c1) VALUES(10);
INSERT INTO t5 (c1) VALUES(10),(11),(12),(13),(14);
SELECT t1.c1,t2.c1 FROM t1,t2 WHERE t1.c1 <= t2.c1;
c1	c1
0	0
0	1
1	1
0	2
1	2
2	2
0	3
1	3
2	3
3	3
0	4
1	4
2	4
3	4
4	4
0	5
1	5
2	5
3	5
4	5
5	5
0	6
1	6
2	6
3	6
4	6
5	6
6	6
0	7
1	7
2	7
3	7
4	7
5	7
6	7
7	7
0	8
1	8
2	8
3	8
4	8
5	8
6	8
7	8
8	8
0	9
1	9
2	9
3	9
4	9
5	9
6	9
7	9
8	9
9	9
DROP TABLE t1,t2,t3,t4,t5,t6;
CREATE TABLE t1 (c1 SMALLINT NOT NULL);
CREATE TABLE t2 (c1 SMALLINT NOT NULL);
CREATE TABLE t3 (c1 SMALLINT NOT NULL);
CREATE TABLE t4 (c1 SMALLINT NOT NULL);
CREATE TABLE t5 (c1 SMALLINT NOT NULL);
CREATE TABLE t6 (c1 SMALLINT NOT NULL);
INSERT INTO t1 (c1) VALUES(0),(1),(2),(3),(4),(5),(6),(7),(8),(9);
INSERT INTO t2 (c1) VALUES(0),(1),(2),(3),(4),(5),(6),(7),(8),(9);
INSERT INTO t3 (c1) VALUES(1),(3),(5),(7),(9);
INSERT INTO t4 (c1) VALUES(10);
INSERT INTO t5 (c1) VALUES(10),(11),(12),(13),(14);
SELECT t1.c1,t2.c1 FROM t1,t2 WHERE t1.c1 <= t2.c1;
c1	c1
0	0
0	1
1	1
0	2
1	2
2	2
0	3
1	3
2	3
3	3
0	4
1	4
2	4
3	4
4	4
0	5
1	5
2	5
3	5
4	5
5	5
0	6
1	6
2	6
3	6
4	6
5	6
6	6
0	7
1	7
2	7
3	7
4	7
5	7
6	7
7	7
0	8
1	8
2	8
3	8
4	8
5	8
6	8
7	8
8	8
0	9
1	9
2	9
3	9
4	9
5	9
6	9
7	9
8	9
9	9
DROP TABLE t1,t2,t3,t4,t5,t6;
CREATE TABLE t1 (c1 MEDIUMINT NOT NULL);
CREATE TABLE t2 (c1 MEDIUMINT NOT NULL);
CREATE TABLE t3 (c1 MEDIUMINT NOT NULL);
CREATE TABLE t4 (c1 MEDIUMINT NOT NULL);
CREATE TABLE t5 (c1 MEDIUMINT NOT NULL);
CREATE TABLE t6 (c1 MEDIUMINT NOT NULL);
INSERT INTO t1 (c1) VALUES(0),(1),(2),(3),(4),(5),(6),(7),(8),(9);
INSERT INTO t2 (c1) VALUES(0),(1),(2),(3),(4),(5),(6),(7),(8),(9);
INSERT INTO t3 (c1) VALUES(1),(3),(5),(7),(9);
INSERT INTO t4 (c1) VALUES(10);
INSERT INTO t5 (c1) VALUES(10),(11),(12),(13),(14);
SELECT t1.c1,t2.c1 FROM t1,t2 WHERE t1.c1 <= t2.c1;
c1	c1
0	0
0	1
1	1
0	2
1	2
2	2
0	3
1	3
2	3
3	3
0	4
1	4
2	4
3	4
4	4
0	5
1	5
2	5
3	5
4	5
5	5
0	6
1	6
2	6
3	6
4	6
5	6
6	6
0	7
1	7
2	7
3	7
4	7
5	7
6	7
7	7
0	8
1	8
2	8
3	8
4	8
5	8
6	8
7	8
8	8
0	9
1	9
2	9
3	9
4	9
5	9
6	9
7	9
8	9
9	9
DROP TABLE t1,t2,t3,t4,t5,t6;
CREATE TABLE t1 (c1 INT NOT NULL);
CREATE TABLE t2 (c1 INT NOT NULL);
CREATE TABLE t3 (c1 INT NOT NULL);
CREATE TABLE t4 (c1 INT NOT NULL);
CREATE TABLE t5 (c1 INT NOT NULL);
CREATE TABLE t6 (c1 INT NOT NULL);
INSERT INTO t1 (c1) VALUES(0),(1),(2),(3),(4),(5),(6),(7),(8),(9);
INSERT INTO t2 (c1) VALUES(0),(1),(2),(3),(4),(5),(6),(7),(8),(9);
INSERT INTO t3 (c1) VALUES(1),(3),(5),(7),(9);
INSERT INTO t4 (c1) VALUES(10);
INSERT INTO t5 (c1) VALUES(10),(11),(12),(13),(14);
SELECT t1.c1,t2.c1 FROM t1,t2 WHERE t1.c1 <= t2.c1;
c1	c1
0	0
0	1
1	1
0	2
1	2
2	2
0	3
1	3
2	3
3	3
0	4
1	4
2	4
3	4
4	4
0	5
1	5
2	5
3	5
4	5
5	5
0	6
1	6
2	6
3	6
4	6
5	6
6	6
0	7
1	7
2	7
3	7
4	7
5	7
6	7
7	7
0	8
1	8
2	8
3	8
4	8
5	8
6	8
7	8
8	8
0	9
1	9
2	9
3	9
4	9
5	9
6	9
7	9
8	9
9	9
DROP TABLE t1,t2,t3,t4,t5,t6;
CREATE TABLE t1 (c1 INTEGER NOT NULL);
CREATE TABLE t2 (c1 INTEGER NOT NULL);
CREATE TABLE t3 (c1 INTEGER NOT NULL);
CREATE TABLE t4 (c1 INTEGER NOT NULL);
CREATE TABLE t5 (c1 INTEGER NOT NULL);
CREATE TABLE t6 (c1 INTEGER NOT NULL);
INSERT INTO t1 (c1) VALUES(0),(1),(2),(3),(4),(5),(6),(7),(8),(9);
INSERT INTO t2 (c1) VALUES(0),(1),(2),(3),(4),(5),(6),(7),(8),(9);
INSERT INTO t3 (c1) VALUES(1),(3),(5),(7),(9);
INSERT INTO t4 (c1) VALUES(10);
INSERT INTO t5 (c1) VALUES(10),(11),(12),(13),(14);
SELECT t1.c1,t2.c1 FROM t1,t2 WHERE t1.c1 <= t2.c1;
c1	c1
0	0
0	1
1	1
0	2
1	2
2	2
0	3
1	3
2	3
3	3
0	4
1	4
2	4
3	4
4	4
0	5
1	5
2	5
3	5
4	5
5	5
0	6
1	6
2	6
3	6
4	6
5	6
6	6
0	7
1	7
2	7
3	7
4	7
5	7
6	7
7	7
0	8
1	8
2	8
3	8
4	8
5	8
6	8
7	8
8	8
0	9
1	9
2	9
3	9
4	9
5	9
6	9
7	9
8	9
9	9
DROP TABLE t1,t2,t3,t4,t5,t6;
CREATE TABLE t1 (c1 BIGINT NOT NULL);
CREATE TABLE t2 (c1 BIGINT NOT NULL);
CREATE TABLE t3 (c1 BIGINT NOT NULL);
CREATE TABLE t4 (c1 BIGINT NOT NULL);
CREATE TABLE t5 (c1 BIGINT NOT NULL);
CREATE TABLE t6 (c1 BIGINT NOT NULL);
INSERT INTO t1 (c1) VALUES(0),(1),(2),(3),(4),(5),(6),(7),(8),(9);
INSERT INTO t2 (c1) VALUES(0),(1),(2),(3),(4),(5),(6),(7),(8),(9);
INSERT INTO t3 (c1) VALUES(1),(3),(5),(7),(9);
INSERT INTO t4 (c1) VALUES(10);
INSERT INTO t5 (c1) VALUES(10),(11),(12),(13),(14);
SELECT t1.c1,t2.c1 FROM t1,t2 WHERE t1.c1 <= t2.c1;
c1	c1
0	0
0	1
1	1
0	2
1	2
2	2
0	3
1	3
2	3
3	3
0	4
1	4
2	4
3	4
4	4
0	5
1	5
2	5
3	5
4	5
5	5
0	6
1	6
2	6
3	6
4	6
5	6
6	6
0	7
1	7
2	7
3	7
4	7
5	7
6	7
7	7
0	8
1	8
2	8
3	8
4	8
5	8
6	8
7	8
8	8
0	9
1	9
2	9
3	9
4	9
5	9
6	9
7	9
8	9
9	9
DROP TABLE t1,t2,t3,t4,t5,t6;
CREATE TABLE t1 (c1 TINYINT NOT NULL);
CREATE TABLE t2 (c1 TINYINT NOT NULL);
CREATE TABLE t3 (c1 TINYINT NOT NULL);
CREATE TABLE t4 (c1 TINYINT NOT NULL);
CREATE TABLE t5 (c1 TINYINT NOT NULL);
CREATE TABLE t6 (c1 TINYINT NOT NULL);
INSERT INTO t1 (c1) VALUES(0),(1),(2),(3),(4),(5),(6),(7),(8),(9);
INSERT INTO t2 (c1) VALUES(0),(1),(2),(3),(4),(5),(6),(7),(8),(9);
INSERT INTO t3 (c1) VALUES(1),(3),(5),(7),(9);
INSERT INTO t4 (c1) VALUES(10);
INSERT INTO t5 (c1) VALUES(10),(11),(12),(13),(14);
SELECT t1.c1,t3.c1 FROM t1,t3 WHERE t1.c1 <= t3.c1;
c1	c1
0	1
0	3
0	5
0	7
0	9
1	1
1	3
1	5
1	7
1	9
2	3
2	5
2	7
2	9
3	3
3	5
3	7
3	9
4	5
4	7
4	9
5	5
5	7
5	9
6	7
6	9
7	7
7	9
8	9
9	9
DROP TABLE t1,t2,t3,t4,t5,t6;
CREATE TABLE t1 (c1 SMALLINT NOT NULL);
CREATE TABLE t2 (c1 SMALLINT NOT NULL);
CREATE TABLE t3 (c1 SMALLINT NOT NULL);
CREATE TABLE t4 (c1 SMALLINT NOT NULL);
CREATE TABLE t5 (c1 SMALLINT NOT NULL);
CREATE TABLE t6 (c1 SMALLINT NOT NULL);
INSERT INTO t1 (c1) VALUES(0),(1),(2),(3),(4),(5),(6),(7),(8),(9);
INSERT INTO t2 (c1) VALUES(0),(1),(2),(3),(4),(5),(6),(7),(8),(9);
INSERT INTO t3 (c1) VALUES(1),(3),(5),(7),(9);
INSERT INTO t4 (c1) VALUES(10);
INSERT INTO t5 (c1) VALUES(10),(11),(12),(13),(14);
SELECT t1.c1,t3.c1 FROM t1,t3 WHERE t1.c1 <= t3.c1;
c1	c1
0	1
0	3
0	5
0	7
0	9
1	1
1	3
1	5
1	7
1	9
2	3
2	5
2	7
2	9
3	3
3	5
3	7
3	9
4	5
4	7
4	9
5	5
5	7
5	9
6	7
6	9
7	7
7	9
8	9
9	9
DROP TABLE t1,t2,t3,t4,t5,t6;
CREATE TABLE t1 (c1 MEDIUMINT NOT NULL);
CREATE TABLE t2 (c1 MEDIUMINT NOT NULL);
CREATE TABLE t3 (c1 MEDIUMINT NOT NULL);
CREATE TABLE t4 (c1 MEDIUMINT NOT NULL);
CREATE TABLE t5 (c1 MEDIUMINT NOT NULL);
CREATE TABLE t6 (c1 MEDIUMINT NOT NULL);
INSERT INTO t1 (c1) VALUES(0),(1),(2),(3),(4),(5),(6),(7),(8),(9);
INSERT INTO t2 (c1) VALUES(0),(1),(2),(3),(4),(5),(6),(7),(8),(9);
INSERT INTO t3 (c1) VALUES(1),(3),(5),(7),(9);
INSERT INTO t4 (c1) VALUES(10);
INSERT INTO t5 (c1) VALUES(10),(11),(12),(13),(14);
SELECT t1.c1,t3.c1 FROM t1,t3 WHERE t1.c1 <= t3.c1;
c1	c1
0	1
0	3
0	5
0	7
0	9
1	1
1	3
1	5
1	7
1	9
2	3
2	5
2	7
2	9
3	3
3	5
3	7
3	9
4	5
4	7
4	9
5	5
5	7
5	9
6	7
6	9
7	7
7	9
8	9
9	9
DROP TABLE t1,t2,t3,t4,t5,t6;
CREATE TABLE t1 (c1 INT NOT NULL);
CREATE TABLE t2 (c1 INT NOT NULL);
CREATE TABLE t3 (c1 INT NOT NULL);
CREATE TABLE t4 (c1 INT NOT NULL);
CREATE TABLE t5 (c1 INT NOT NULL);
CREATE TABLE t6 (c1 INT NOT NULL);
INSERT INTO t1 (c1) VALUES(0),(1),(2),(3),(4),(5),(6),(7),(8),(9);
INSERT INTO t2 (c1) VALUES(0),(1),(2),(3),(4),(5),(6),(7),(8),(9);
INSERT INTO t3 (c1) VALUES(1),(3),(5),(7),(9);
INSERT INTO t4 (c1) VALUES(10);
INSERT INTO t5 (c1) VALUES(10),(11),(12),(13),(14);
SELECT t1.c1,t3.c1 FROM t1,t3 WHERE t1.c1 <= t3.c1;
c1	c1
0	1
0	3
0	5
0	7
0	9
1	1
1	3
1	5
1	7
1	9
2	3
2	5
2	7
2	9
3	3
3	5
3	7
3	9
4	5
4	7
4	9
5	5
5	7
5	9
6	7
6	9
7	7
7	9
8	9
9	9
DROP TABLE t1,t2,t3,t4,t5,t6;
CREATE TABLE t1 (c1 INTEGER NOT NULL);
CREATE TABLE t2 (c1 INTEGER NOT NULL);
CREATE TABLE t3 (c1 INTEGER NOT NULL);
CREATE TABLE t4 (c1 INTEGER NOT NULL);
CREATE TABLE t5 (c1 INTEGER NOT NULL);
CREATE TABLE t6 (c1 INTEGER NOT NULL);
INSERT INTO t1 (c1) VALUES(0),(1),(2),(3),(4),(5),(6),(7),(8),(9);
INSERT INTO t2 (c1) VALUES(0),(1),(2),(3),(4),(5),(6),(7),(8),(9);
INSERT INTO t3 (c1) VALUES(1),(3),(5),(7),(9);
INSERT INTO t4 (c1) VALUES(10);
INSERT INTO t5 (c1) VALUES(10),(11),(12),(13),(14);
SELECT t1.c1,t3.c1 FROM t1,t3 WHERE t1.c1 <= t3.c1;
c1	c1
0	1
0	3
0	5
0	7
0	9
1	1
1	3
1	5
1	7
1	9
2	3
2	5
2	7
2	9
3	3
3	5
3	7
3	9
4	5
4	7
4	9
5	5
5	7
5	9
6	7
6	9
7	7
7	9
8	9
9	9
DROP TABLE t1,t2,t3,t4,t5,t6;
CREATE TABLE t1 (c1 BIGINT NOT NULL);
CREATE TABLE t2 (c1 BIGINT NOT NULL);
CREATE TABLE t3 (c1 BIGINT NOT NULL);
CREATE TABLE t4 (c1 BIGINT NOT NULL);
CREATE TABLE t5 (c1 BIGINT NOT NULL);
CREATE TABLE t6 (c1 BIGINT NOT NULL);
INSERT INTO t1 (c1) VALUES(0),(1),(2),(3),(4),(5),(6),(7),(8),(9);
INSERT INTO t2 (c1) VALUES(0),(1),(2),(3),(4),(5),(6),(7),(8),(9);
INSERT INTO t3 (c1) VALUES(1),(3),(5),(7),(9);
INSERT INTO t4 (c1) VALUES(10);
INSERT INTO t5 (c1) VALUES(10),(11),(12),(13),(14);
SELECT t1.c1,t3.c1 FROM t1,t3 WHERE t1.c1 <= t3.c1;
c1	c1
0	1
0	3
0	5
0	7
0	9
1	1
1	3
1	5
1	7
1	9
2	3
2	5
2	7
2	9
3	3
3	5
3	7
3	9
4	5
4	7
4	9
5	5
5	7
5	9
6	7
6	9
7	7
7	9
8	9
9	9
DROP TABLE t1,t2,t3,t4,t5,t6;
CREATE TABLE t1 (c1 TINYINT NOT NULL);
CREATE TABLE t2 (c1 TINYINT NOT NULL);
CREATE TABLE t3 (c1 TINYINT NOT NULL);
CREATE TABLE t4 (c1 TINYINT NOT NULL);
CREATE TABLE t5 (c1 TINYINT NOT NULL);
CREATE TABLE t6 (c1 TINYINT NOT NULL);
INSERT INTO t1 (c1) VALUES(0),(1),(2),(3),(4),(5),(6),(7),(8),(9);
INSERT INTO t2 (c1) VALUES(0),(1),(2),(3),(4),(5),(6),(7),(8),(9);
INSERT INTO t3 (c1) VALUES(1),(3),(5),(7),(9);
INSERT INTO t4 (c1) VALUES(10);
INSERT INTO t5 (c1) VALUES(10),(11),(12),(13),(14);
SELECT t1.c1,t4.c1 FROM t1,t4 WHERE t1.c1 <= t4.c1;
c1	c1
0	10
1	10
2	10
3	10
4	10
5	10
6	10
7	10
8	10
9	10
DROP TABLE t1,t2,t3,t4,t5,t6;
CREATE TABLE t1 (c1 SMALLINT NOT NULL);
CREATE TABLE t2 (c1 SMALLINT NOT NULL);
CREATE TABLE t3 (c1 SMALLINT NOT NULL);
CREATE TABLE t4 (c1 SMALLINT NOT NULL);
CREATE TABLE t5 (c1 SMALLINT NOT NULL);
CREATE TABLE t6 (c1 SMALLINT NOT NULL);
INSERT INTO t1 (c1) VALUES(0),(1),(2),(3),(4),(5),(6),(7),(8),(9);
INSERT INTO t2 (c1) VALUES(0),(1),(2),(3),(4),(5),(6),(7),(8),(9);
INSERT INTO t3 (c1) VALUES(1),(3),(5),(7),(9);
INSERT INTO t4 (c1) VALUES(10);
INSERT INTO t5 (c1) VALUES(10),(11),(12),(13),(14);
SELECT t1.c1,t4.c1 FROM t1,t4 WHERE t1.c1 <= t4.c1;
c1	c1
0	10
1	10
2	10
3	10
4	10
5	10
6	10
7	10
8	10
9	10
DROP TABLE t1,t2,t3,t4,t5,t6;
CREATE TABLE t1 (c1 MEDIUMINT NOT NULL);
CREATE TABLE t2 (c1 MEDIUMINT NOT NULL);
CREATE TABLE t3 (c1 MEDIUMINT NOT NULL);
CREATE TABLE t4 (c1 MEDIUMINT NOT NULL);
CREATE TABLE t5 (c1 MEDIUMINT NOT NULL);
CREATE TABLE t6 (c1 MEDIUMINT NOT NULL);
INSERT INTO t1 (c1) VALUES(0),(1),(2),(3),(4),(5),(6),(7),(8),(9);
INSERT INTO t2 (c1) VALUES(0),(1),(2),(3),(4),(5),(6),(7),(8),(9);
INSERT INTO t3 (c1) VALUES(1),(3),(5),(7),(9);
INSERT INTO t4 (c1) VALUES(10);
INSERT INTO t5 (c1) VALUES(10),(11),(12),(13),(14);
SELECT t1.c1,t4.c1 FROM t1,t4 WHERE t1.c1 <= t4.c1;
c1	c1
0	10
1	10
2	10
3	10
4	10
5	10
6	10
7	10
8	10
9	10
DROP TABLE t1,t2,t3,t4,t5,t6;
CREATE TABLE t1 (c1 INT NOT NULL);
CREATE TABLE t2 (c1 INT NOT NULL);
CREATE TABLE t3 (c1 INT NOT NULL);
CREATE TABLE t4 (c1 INT NOT NULL);
CREATE TABLE t5 (c1 INT NOT NULL);
CREATE TABLE t6 (c1 INT NOT NULL);
INSERT INTO t1 (c1) VALUES(0),(1),(2),(3),(4),(5),(6),(7),(8),(9);
INSERT INTO t2 (c1) VALUES(0),(1),(2),(3),(4),(5),(6),(7),(8),(9);
INSERT INTO t3 (c1) VALUES(1),(3),(5),(7),(9);
INSERT INTO t4 (c1) VALUES(10);
INSERT INTO t5 (c1) VALUES(10),(11),(12),(13),(14);
SELECT t1.c1,t4.c1 FROM t1,t4 WHERE t1.c1 <= t4.c1;
c1	c1
0	10
1	10
2	10
3	10
4	10
5	10
6	10
7	10
8	10
9	10
DROP TABLE t1,t2,t3,t4,t5,t6;
CREATE TABLE t1 (c1 INTEGER NOT NULL);
CREATE TABLE t2 (c1 INTEGER NOT NULL);
CREATE TABLE t3 (c1 INTEGER NOT NULL);
CREATE TABLE t4 (c1 INTEGER NOT NULL);
CREATE TABLE t5 (c1 INTEGER NOT NULL);
CREATE TABLE t6 (c1 INTEGER NOT NULL);
INSERT INTO t1 (c1) VALUES(0),(1),(2),(3),(4),(5),(6),(7),(8),(9);
INSERT INTO t2 (c1) VALUES(0),(1),(2),(3),(4),(5),(6),(7),(8),(9);
INSERT INTO t3 (c1) VALUES(1),(3),(5),(7),(9);
INSERT INTO t4 (c1) VALUES(10);
INSERT INTO t5 (c1) VALUES(10),(11),(12),(13),(14);
SELECT t1.c1,t4.c1 FROM t1,t4 WHERE t1.c1 <= t4.c1;
c1	c1
0	10
1	10
2	10
3	10
4	10
5	10
6	10
7	10
8	10
9	10
DROP TABLE t1,t2,t3,t4,t5,t6;
CREATE TABLE t1 (c1 BIGINT NOT NULL);
CREATE TABLE t2 (c1 BIGINT NOT NULL);
CREATE TABLE t3 (c1 BIGINT NOT NULL);
CREATE TABLE t4 (c1 BIGINT NOT NULL);
CREATE TABLE t5 (c1 BIGINT NOT NULL);
CREATE TABLE t6 (c1 BIGINT NOT NULL);
INSERT INTO t1 (c1) VALUES(0),(1),(2),(3),(4),(5),(6),(7),(8),(9);
INSERT INTO t2 (c1) VALUES(0),(1),(2),(3),(4),(5),(6),(7),(8),(9);
INSERT INTO t3 (c1) VALUES(1),(3),(5),(7),(9);
INSERT INTO t4 (c1) VALUES(10);
INSERT INTO t5 (c1) VALUES(10),(11),(12),(13),(14);
SELECT t1.c1,t4.c1 FROM t1,t4 WHERE t1.c1 <= t4.c1;
c1	c1
0	10
1	10
2	10
3	10
4	10
5	10
6	10
7	10
8	10
9	10
DROP TABLE t1,t2,t3,t4,t5,t6;
CREATE TABLE t1 (c1 TINYINT NOT NULL);
CREATE TABLE t2 (c1 TINYINT NOT NULL);
CREATE TABLE t3 (c1 TINYINT NOT NULL);
CREATE TABLE t4 (c1 TINYINT NOT NULL);
CREATE TABLE t5 (c1 TINYINT NOT NULL);
CREATE TABLE t6 (c1 TINYINT NOT NULL);
INSERT INTO t1 (c1) VALUES(0),(1),(2),(3),(4),(5),(6),(7),(8),(9);
INSERT INTO t2 (c1) VALUES(0),(1),(2),(3),(4),(5),(6),(7),(8),(9);
INSERT INTO t3 (c1) VALUES(1),(3),(5),(7),(9);
INSERT INTO t4 (c1) VALUES(10);
INSERT INTO t5 (c1) VALUES(10),(11),(12),(13),(14);
SELECT t1.c1,t5.c1 FROM t1,t5 WHERE t1.c1 <= t5.c1;
c1	c1
0	10
0	11
0	12
0	13
0	14
1	10
1	11
1	12
1	13
1	14
2	10
2	11
2	12
2	13
2	14
3	10
3	11
3	12
3	13
3	14
4	10
4	11
4	12
4	13
4	14
5	10
5	11
5	12
5	13
5	14
6	10
6	11
6	12
6	13
6	14
7	10
7	11
7	12
7	13
7	14
8	10
8	11
8	12
8	13
8	14
9	10
9	11
9	12
9	13
9	14
DROP TABLE t1,t2,t3,t4,t5,t6;
CREATE TABLE t1 (c1 SMALLINT NOT NULL);
CREATE TABLE t2 (c1 SMALLINT NOT NULL);
CREATE TABLE t3 (c1 SMALLINT NOT NULL);
CREATE TABLE t4 (c1 SMALLINT NOT NULL);
CREATE TABLE t5 (c1 SMALLINT NOT NULL);
CREATE TABLE t6 (c1 SMALLINT NOT NULL);
INSERT INTO t1 (c1) VALUES(0),(1),(2),(3),(4),(5),(6),(7),(8),(9);
INSERT INTO t2 (c1) VALUES(0),(1),(2),(3),(4),(5),(6),(7),(8),(9);
INSERT INTO t3 (c1) VALUES(1),(3),(5),(7),(9);
INSERT INTO t4 (c1) VALUES(10);
INSERT INTO t5 (c1) VALUES(10),(11),(12),(13),(14);
SELECT t1.c1,t5.c1 FROM t1,t5 WHERE t1.c1 <= t5.c1;
c1	c1
0	10
0	11
0	12
0	13
0	14
1	10
1	11
1	12
1	13
1	14
2	10
2	11
2	12
2	13
2	14
3	10
3	11
3	12
3	13
3	14
4	10
4	11
4	12
4	13
4	14
5	10
5	11
5	12
5	13
5	14
6	10
6	11
6	12
6	13
6	14
7	10
7	11
7	12
7	13
7	14
8	10
8	11
8	12
8	13
8	14
9	10
9	11
9	12
9	13
9	14
DROP TABLE t1,t2,t3,t4,t5,t6;
CREATE TABLE t1 (c1 MEDIUMINT NOT NULL);
CREATE TABLE t2 (c1 MEDIUMINT NOT NULL);
CREATE TABLE t3 (c1 MEDIUMINT NOT NULL);
CREATE TABLE t4 (c1 MEDIUMINT NOT NULL);
CREATE TABLE t5 (c1 MEDIUMINT NOT NULL);
CREATE TABLE t6 (c1 MEDIUMINT NOT NULL);
INSERT INTO t1 (c1) VALUES(0),(1),(2),(3),(4),(5),(6),(7),(8),(9);
INSERT INTO t2 (c1) VALUES(0),(1),(2),(3),(4),(5),(6),(7),(8),(9);
INSERT INTO t3 (c1) VALUES(1),(3),(5),(7),(9);
INSERT INTO t4 (c1) VALUES(10);
INSERT INTO t5 (c1) VALUES(10),(11),(12),(13),(14);
SELECT t1.c1,t5.c1 FROM t1,t5 WHERE t1.c1 <= t5.c1;
c1	c1
0	10
0	11
0	12
0	13
0	14
1	10
1	11
1	12
1	13
1	14
2	10
2	11
2	12
2	13
2	14
3	10
3	11
3	12
3	13
3	14
4	10
4	11
4	12
4	13
4	14
5	10
5	11
5	12
5	13
5	14
6	10
6	11
6	12
6	13
6	14
7	10
7	11
7	12
7	13
7	14
8	10
8	11
8	12
8	13
8	14
9	10
9	11
9	12
9	13
9	14
DROP TABLE t1,t2,t3,t4,t5,t6;
CREATE TABLE t1 (c1 INT NOT NULL);
CREATE TABLE t2 (c1 INT NOT NULL);
CREATE TABLE t3 (c1 INT NOT NULL);
CREATE TABLE t4 (c1 INT NOT NULL);
CREATE TABLE t5 (c1 INT NOT NULL);
CREATE TABLE t6 (c1 INT NOT NULL);
INSERT INTO t1 (c1) VALUES(0),(1),(2),(3),(4),(5),(6),(7),(8),(9);
INSERT INTO t2 (c1) VALUES(0),(1),(2),(3),(4),(5),(6),(7),(8),(9);
INSERT INTO t3 (c1) VALUES(1),(3),(5),(7),(9);
INSERT INTO t4 (c1) VALUES(10);
INSERT INTO t5 (c1) VALUES(10),(11),(12),(13),(14);
SELECT t1.c1,t5.c1 FROM t1,t5 WHERE t1.c1 <= t5.c1;
c1	c1
0	10
0	11
0	12
0	13
0	14
1	10
1	11
1	12
1	13
1	14
2	10
2	11
2	12
2	13
2	14
3	10
3	11
3	12
3	13
3	14
4	10
4	11
4	12
4	13
4	14
5	10
5	11
5	12
5	13
5	14
6	10
6	11
6	12
6	13
6	14
7	10
7	11
7	12
7	13
7	14
8	10
8	11
8	12
8	13
8	14
9	10
9	11
9	12
9	13
9	14
DROP TABLE t1,t2,t3,t4,t5,t6;
CREATE TABLE t1 (c1 INTEGER NOT NULL);
CREATE TABLE t2 (c1 INTEGER NOT NULL);
CREATE TABLE t3 (c1 INTEGER NOT NULL);
CREATE TABLE t4 (c1 INTEGER NOT NULL);
CREATE TABLE t5 (c1 INTEGER NOT NULL);
CREATE TABLE t6 (c1 INTEGER NOT NULL);
INSERT INTO t1 (c1) VALUES(0),(1),(2),(3),(4),(5),(6),(7),(8),(9);
INSERT INTO t2 (c1) VALUES(0),(1),(2),(3),(4),(5),(6),(7),(8),(9);
INSERT INTO t3 (c1) VALUES(1),(3),(5),(7),(9);
INSERT INTO t4 (c1) VALUES(10);
INSERT INTO t5 (c1) VALUES(10),(11),(12),(13),(14);
SELECT t1.c1,t5.c1 FROM t1,t5 WHERE t1.c1 <= t5.c1;
c1	c1
0	10
0	11
0	12
0	13
0	14
1	10
1	11
1	12
1	13
1	14
2	10
2	11
2	12
2	13
2	14
3	10
3	11
3	12
3	13
3	14
4	10
4	11
4	12
4	13
4	14
5	10
5	11
5	12
5	13
5	14
6	10
6	11
6	12
6	13
6	14
7	10
7	11
7	12
7	13
7	14
8	10
8	11
8	12
8	13
8	14
9	10
9	11
9	12
9	13
9	14
DROP TABLE t1,t2,t3,t4,t5,t6;
CREATE TABLE t1 (c1 BIGINT NOT NULL);
CREATE TABLE t2 (c1 BIGINT NOT NULL);
CREATE TABLE t3 (c1 BIGINT NOT NULL);
CREATE TABLE t4 (c1 BIGINT NOT NULL);
CREATE TABLE t5 (c1 BIGINT NOT NULL);
CREATE TABLE t6 (c1 BIGINT NOT NULL);
INSERT INTO t1 (c1) VALUES(0),(1),(2),(3),(4),(5),(6),(7),(8),(9);
INSERT INTO t2 (c1) VALUES(0),(1),(2),(3),(4),(5),(6),(7),(8),(9);
INSERT INTO t3 (c1) VALUES(1),(3),(5),(7),(9);
INSERT INTO t4 (c1) VALUES(10);
INSERT INTO t5 (c1) VALUES(10),(11),(12),(13),(14);
SELECT t1.c1,t5.c1 FROM t1,t5 WHERE t1.c1 <= t5.c1;
c1	c1
0	10
0	11
0	12
0	13
0	14
1	10
1	11
1	12
1	13
1	14
2	10
2	11
2	12
2	13
2	14
3	10
3	11
3	12
3	13
3	14
4	10
4	11
4	12
4	13
4	14
5	10
5	11
5	12
5	13
5	14
6	10
6	11
6	12
6	13
6	14
7	10
7	11
7	12
7	13
7	14
8	10
8	11
8	12
8	13
8	14
9	10
9	11
9	12
9	13
9	14
DROP TABLE t1,t2,t3,t4,t5,t6;
CREATE TABLE t1 (c1 TINYINT NOT NULL);
CREATE TABLE t2 (c1 TINYINT NOT NULL);
CREATE TABLE t3 (c1 TINYINT NOT NULL);
CREATE TABLE t4 (c1 TINYINT NOT NULL);
CREATE TABLE t5 (c1 TINYINT NOT NULL);
CREATE TABLE t6 (c1 TINYINT NOT NULL);
INSERT INTO t1 (c1) VALUES(0),(1),(2),(3),(4),(5),(6),(7),(8),(9);
INSERT INTO t2 (c1) VALUES(0),(1),(2),(3),(4),(5),(6),(7),(8),(9);
INSERT INTO t3 (c1) VALUES(1),(3),(5),(7),(9);
INSERT INTO t4 (c1) VALUES(10);
INSERT INTO t5 (c1) VALUES(10),(11),(12),(13),(14);
SELECT t1.c1,t6.c1 FROM t1,t6 WHERE t1.c1 <= t6.c1;
c1	c1
DROP TABLE t1,t2,t3,t4,t5,t6;
CREATE TABLE t1 (c1 SMALLINT NOT NULL);
CREATE TABLE t2 (c1 SMALLINT NOT NULL);
CREATE TABLE t3 (c1 SMALLINT NOT NULL);
CREATE TABLE t4 (c1 SMALLINT NOT NULL);
CREATE TABLE t5 (c1 SMALLINT NOT NULL);
CREATE TABLE t6 (c1 SMALLINT NOT NULL);
INSERT INTO t1 (c1) VALUES(0),(1),(2),(3),(4),(5),(6),(7),(8),(9);
INSERT INTO t2 (c1) VALUES(0),(1),(2),(3),(4),(5),(6),(7),(8),(9);
INSERT INTO t3 (c1) VALUES(1),(3),(5),(7),(9);
INSERT INTO t4 (c1) VALUES(10);
INSERT INTO t5 (c1) VALUES(10),(11),(12),(13),(14);
SELECT t1.c1,t6.c1 FROM t1,t6 WHERE t1.c1 <= t6.c1;
c1	c1
DROP TABLE t1,t2,t3,t4,t5,t6;
CREATE TABLE t1 (c1 MEDIUMINT NOT NULL);
CREATE TABLE t2 (c1 MEDIUMINT NOT NULL);
CREATE TABLE t3 (c1 MEDIUMINT NOT NULL);
CREATE TABLE t4 (c1 MEDIUMINT NOT NULL);
CREATE TABLE t5 (c1 MEDIUMINT NOT NULL);
CREATE TABLE t6 (c1 MEDIUMINT NOT NULL);
INSERT INTO t1 (c1) VALUES(0),(1),(2),(3),(4),(5),(6),(7),(8),(9);
INSERT INTO t2 (c1) VALUES(0),(1),(2),(3),(4),(5),(6),(7),(8),(9);
INSERT INTO t3 (c1) VALUES(1),(3),(5),(7),(9);
INSERT INTO t4 (c1) VALUES(10);
INSERT INTO t5 (c1) VALUES(10),(11),(12),(13),(14);
SELECT t1.c1,t6.c1 FROM t1,t6 WHERE t1.c1 <= t6.c1;
c1	c1
DROP TABLE t1,t2,t3,t4,t5,t6;
CREATE TABLE t1 (c1 INT NOT NULL);
CREATE TABLE t2 (c1 INT NOT NULL);
CREATE TABLE t3 (c1 INT NOT NULL);
CREATE TABLE t4 (c1 INT NOT NULL);
CREATE TABLE t5 (c1 INT NOT NULL);
CREATE TABLE t6 (c1 INT NOT NULL);
INSERT INTO t1 (c1) VALUES(0),(1),(2),(3),(4),(5),(6),(7),(8),(9);
INSERT INTO t2 (c1) VALUES(0),(1),(2),(3),(4),(5),(6),(7),(8),(9);
INSERT INTO t3 (c1) VALUES(1),(3),(5),(7),(9);
INSERT INTO t4 (c1) VALUES(10);
INSERT INTO t5 (c1) VALUES(10),(11),(12),(13),(14);
SELECT t1.c1,t6.c1 FROM t1,t6 WHERE t1.c1 <= t6.c1;
c1	c1
DROP TABLE t1,t2,t3,t4,t5,t6;
CREATE TABLE t1 (c1 INTEGER NOT NULL);
CREATE TABLE t2 (c1 INTEGER NOT NULL);
CREATE TABLE t3 (c1 INTEGER NOT NULL);
CREATE TABLE t4 (c1 INTEGER NOT NULL);
CREATE TABLE t5 (c1 INTEGER NOT NULL);
CREATE TABLE t6 (c1 INTEGER NOT NULL);
INSERT INTO t1 (c1) VALUES(0),(1),(2),(3),(4),(5),(6),(7),(8),(9);
INSERT INTO t2 (c1) VALUES(0),(1),(2),(3),(4),(5),(6),(7),(8),(9);
INSERT INTO t3 (c1) VALUES(1),(3),(5),(7),(9);
INSERT INTO t4 (c1) VALUES(10);
INSERT INTO t5 (c1) VALUES(10),(11),(12),(13),(14);
SELECT t1.c1,t6.c1 FROM t1,t6 WHERE t1.c1 <= t6.c1;
c1	c1
DROP TABLE t1,t2,t3,t4,t5,t6;
CREATE TABLE t1 (c1 BIGINT NOT NULL);
CREATE TABLE t2 (c1 BIGINT NOT NULL);
CREATE TABLE t3 (c1 BIGINT NOT NULL);
CREATE TABLE t4 (c1 BIGINT NOT NULL);
CREATE TABLE t5 (c1 BIGINT NOT NULL);
CREATE TABLE t6 (c1 BIGINT NOT NULL);
INSERT INTO t1 (c1) VALUES(0),(1),(2),(3),(4),(5),(6),(7),(8),(9);
INSERT INTO t2 (c1) VALUES(0),(1),(2),(3),(4),(5),(6),(7),(8),(9);
INSERT INTO t3 (c1) VALUES(1),(3),(5),(7),(9);
INSERT INTO t4 (c1) VALUES(10);
INSERT INTO t5 (c1) VALUES(10),(11),(12),(13),(14);
SELECT t1.c1,t6.c1 FROM t1,t6 WHERE t1.c1 <= t6.c1;
c1	c1
DROP TABLE t1,t2,t3,t4,t5,t6;
CREATE TABLE t1 (c1 TINYINT NOT NULL);
CREATE TABLE t2 (c1 TINYINT NOT NULL);
CREATE TABLE t3 (c1 TINYINT NOT NULL);
CREATE TABLE t4 (c1 TINYINT NOT NULL);
CREATE TABLE t5 (c1 TINYINT NOT NULL);
CREATE TABLE t6 (c1 TINYINT NOT NULL);
INSERT INTO t1 (c1) VALUES(0),(1),(2),(3),(4),(5),(6),(7),(8),(9);
INSERT INTO t2 (c1) VALUES(0),(1),(2),(3),(4),(5),(6),(7),(8),(9);
INSERT INTO t3 (c1) VALUES(1),(3),(5),(7),(9);
INSERT INTO t4 (c1) VALUES(10);
INSERT INTO t5 (c1) VALUES(10),(11),(12),(13),(14);
SELECT t1.c1,t2.c1 FROM t1,t2 WHERE t1.c1 = t2.c1;
c1	c1
0	0
1	1
2	2
3	3
4	4
5	5
6	6
7	7
8	8
9	9
DROP TABLE t1,t2,t3,t4,t5,t6;
CREATE TABLE t1 (c1 SMALLINT NOT NULL);
CREATE TABLE t2 (c1 SMALLINT NOT NULL);
CREATE TABLE t3 (c1 SMALLINT NOT NULL);
CREATE TABLE t4 (c1 SMALLINT NOT NULL);
CREATE TABLE t5 (c1 SMALLINT NOT NULL);
CREATE TABLE t6 (c1 SMALLINT NOT NULL);
INSERT INTO t1 (c1) VALUES(0),(1),(2),(3),(4),(5),(6),(7),(8),(9);
INSERT INTO t2 (c1) VALUES(0),(1),(2),(3),(4),(5),(6),(7),(8),(9);
INSERT INTO t3 (c1) VALUES(1),(3),(5),(7),(9);
INSERT INTO t4 (c1) VALUES(10);
INSERT INTO t5 (c1) VALUES(10),(11),(12),(13),(14);
SELECT t1.c1,t2.c1 FROM t1,t2 WHERE t1.c1 = t2.c1;
c1	c1
0	0
1	1
2	2
3	3
4	4
5	5
6	6
7	7
8	8
9	9
DROP TABLE t1,t2,t3,t4,t5,t6;
CREATE TABLE t1 (c1 MEDIUMINT NOT NULL);
CREATE TABLE t2 (c1 MEDIUMINT NOT NULL);
CREATE TABLE t3 (c1 MEDIUMINT NOT NULL);
CREATE TABLE t4 (c1 MEDIUMINT NOT NULL);
CREATE TABLE t5 (c1 MEDIUMINT NOT NULL);
CREATE TABLE t6 (c1 MEDIUMINT NOT NULL);
INSERT INTO t1 (c1) VALUES(0),(1),(2),(3),(4),(5),(6),(7),(8),(9);
INSERT INTO t2 (c1) VALUES(0),(1),(2),(3),(4),(5),(6),(7),(8),(9);
INSERT INTO t3 (c1) VALUES(1),(3),(5),(7),(9);
INSERT INTO t4 (c1) VALUES(10);
INSERT INTO t5 (c1) VALUES(10),(11),(12),(13),(14);
SELECT t1.c1,t2.c1 FROM t1,t2 WHERE t1.c1 = t2.c1;
c1	c1
0	0
1	1
2	2
3	3
4	4
5	5
6	6
7	7
8	8
9	9
DROP TABLE t1,t2,t3,t4,t5,t6;
CREATE TABLE t1 (c1 INT NOT NULL);
CREATE TABLE t2 (c1 INT NOT NULL);
CREATE TABLE t3 (c1 INT NOT NULL);
CREATE TABLE t4 (c1 INT NOT NULL);
CREATE TABLE t5 (c1 INT NOT NULL);
CREATE TABLE t6 (c1 INT NOT NULL);
INSERT INTO t1 (c1) VALUES(0),(1),(2),(3),(4),(5),(6),(7),(8),(9);
INSERT INTO t2 (c1) VALUES(0),(1),(2),(3),(4),(5),(6),(7),(8),(9);
INSERT INTO t3 (c1) VALUES(1),(3),(5),(7),(9);
INSERT INTO t4 (c1) VALUES(10);
INSERT INTO t5 (c1) VALUES(10),(11),(12),(13),(14);
SELECT t1.c1,t2.c1 FROM t1,t2 WHERE t1.c1 = t2.c1;
c1	c1
0	0
1	1
2	2
3	3
4	4
5	5
6	6
7	7
8	8
9	9
DROP TABLE t1,t2,t3,t4,t5,t6;
CREATE TABLE t1 (c1 INTEGER NOT NULL);
CREATE TABLE t2 (c1 INTEGER NOT NULL);
CREATE TABLE t3 (c1 INTEGER NOT NULL);
CREATE TABLE t4 (c1 INTEGER NOT NULL);
CREATE TABLE t5 (c1 INTEGER NOT NULL);
CREATE TABLE t6 (c1 INTEGER NOT NULL);
INSERT INTO t1 (c1) VALUES(0),(1),(2),(3),(4),(5),(6),(7),(8),(9);
INSERT INTO t2 (c1) VALUES(0),(1),(2),(3),(4),(5),(6),(7),(8),(9);
INSERT INTO t3 (c1) VALUES(1),(3),(5),(7),(9);
INSERT INTO t4 (c1) VALUES(10);
INSERT INTO t5 (c1) VALUES(10),(11),(12),(13),(14);
SELECT t1.c1,t2.c1 FROM t1,t2 WHERE t1.c1 = t2.c1;
c1	c1
0	0
1	1
2	2
3	3
4	4
5	5
6	6
7	7
8	8
9	9
DROP TABLE t1,t2,t3,t4,t5,t6;
CREATE TABLE t1 (c1 BIGINT NOT NULL);
CREATE TABLE t2 (c1 BIGINT NOT NULL);
CREATE TABLE t3 (c1 BIGINT NOT NULL);
CREATE TABLE t4 (c1 BIGINT NOT NULL);
CREATE TABLE t5 (c1 BIGINT NOT NULL);
CREATE TABLE t6 (c1 BIGINT NOT NULL);
INSERT INTO t1 (c1) VALUES(0),(1),(2),(3),(4),(5),(6),(7),(8),(9);
INSERT INTO t2 (c1) VALUES(0),(1),(2),(3),(4),(5),(6),(7),(8),(9);
INSERT INTO t3 (c1) VALUES(1),(3),(5),(7),(9);
INSERT INTO t4 (c1) VALUES(10);
INSERT INTO t5 (c1) VALUES(10),(11),(12),(13),(14);
SELECT t1.c1,t2.c1 FROM t1,t2 WHERE t1.c1 = t2.c1;
c1	c1
0	0
1	1
2	2
3	3
4	4
5	5
6	6
7	7
8	8
9	9
DROP TABLE t1,t2,t3,t4,t5,t6;
CREATE TABLE t1 (c1 TINYINT NOT NULL);
CREATE TABLE t2 (c1 TINYINT NOT NULL);
CREATE TABLE t3 (c1 TINYINT NOT NULL);
CREATE TABLE t4 (c1 TINYINT NOT NULL);
CREATE TABLE t5 (c1 TINYINT NOT NULL);
CREATE TABLE t6 (c1 TINYINT NOT NULL);
INSERT INTO t1 (c1) VALUES(0),(1),(2),(3),(4),(5),(6),(7),(8),(9);
INSERT INTO t2 (c1) VALUES(0),(1),(2),(3),(4),(5),(6),(7),(8),(9);
INSERT INTO t3 (c1) VALUES(1),(3),(5),(7),(9);
INSERT INTO t4 (c1) VALUES(10);
INSERT INTO t5 (c1) VALUES(10),(11),(12),(13),(14);
SELECT t1.c1,t3.c1 FROM t1,t3 WHERE t1.c1 = t3.c1;
c1	c1
1	1
3	3
5	5
7	7
9	9
DROP TABLE t1,t2,t3,t4,t5,t6;
CREATE TABLE t1 (c1 SMALLINT NOT NULL);
CREATE TABLE t2 (c1 SMALLINT NOT NULL);
CREATE TABLE t3 (c1 SMALLINT NOT NULL);
CREATE TABLE t4 (c1 SMALLINT NOT NULL);
CREATE TABLE t5 (c1 SMALLINT NOT NULL);
CREATE TABLE t6 (c1 SMALLINT NOT NULL);
INSERT INTO t1 (c1) VALUES(0),(1),(2),(3),(4),(5),(6),(7),(8),(9);
INSERT INTO t2 (c1) VALUES(0),(1),(2),(3),(4),(5),(6),(7),(8),(9);
INSERT INTO t3 (c1) VALUES(1),(3),(5),(7),(9);
INSERT INTO t4 (c1) VALUES(10);
INSERT INTO t5 (c1) VALUES(10),(11),(12),(13),(14);
SELECT t1.c1,t3.c1 FROM t1,t3 WHERE t1.c1 = t3.c1;
c1	c1
1	1
3	3
5	5
7	7
9	9
DROP TABLE t1,t2,t3,t4,t5,t6;
CREATE TABLE t1 (c1 MEDIUMINT NOT NULL);
CREATE TABLE t2 (c1 MEDIUMINT NOT NULL);
CREATE TABLE t3 (c1 MEDIUMINT NOT NULL);
CREATE TABLE t4 (c1 MEDIUMINT NOT NULL);
CREATE TABLE t5 (c1 MEDIUMINT NOT NULL);
CREATE TABLE t6 (c1 MEDIUMINT NOT NULL);
INSERT INTO t1 (c1) VALUES(0),(1),(2),(3),(4),(5),(6),(7),(8),(9);
INSERT INTO t2 (c1) VALUES(0),(1),(2),(3),(4),(5),(6),(7),(8),(9);
INSERT INTO t3 (c1) VALUES(1),(3),(5),(7),(9);
INSERT INTO t4 (c1) VALUES(10);
INSERT INTO t5 (c1) VALUES(10),(11),(12),(13),(14);
SELECT t1.c1,t3.c1 FROM t1,t3 WHERE t1.c1 = t3.c1;
c1	c1
1	1
3	3
5	5
7	7
9	9
DROP TABLE t1,t2,t3,t4,t5,t6;
CREATE TABLE t1 (c1 INT NOT NULL);
CREATE TABLE t2 (c1 INT NOT NULL);
CREATE TABLE t3 (c1 INT NOT NULL);
CREATE TABLE t4 (c1 INT NOT NULL);
CREATE TABLE t5 (c1 INT NOT NULL);
CREATE TABLE t6 (c1 INT NOT NULL);
INSERT INTO t1 (c1) VALUES(0),(1),(2),(3),(4),(5),(6),(7),(8),(9);
INSERT INTO t2 (c1) VALUES(0),(1),(2),(3),(4),(5),(6),(7),(8),(9);
INSERT INTO t3 (c1) VALUES(1),(3),(5),(7),(9);
INSERT INTO t4 (c1) VALUES(10);
INSERT INTO t5 (c1) VALUES(10),(11),(12),(13),(14);
SELECT t1.c1,t3.c1 FROM t1,t3 WHERE t1.c1 = t3.c1;
c1	c1
1	1
3	3
5	5
7	7
9	9
DROP TABLE t1,t2,t3,t4,t5,t6;
CREATE TABLE t1 (c1 INTEGER NOT NULL);
CREATE TABLE t2 (c1 INTEGER NOT NULL);
CREATE TABLE t3 (c1 INTEGER NOT NULL);
CREATE TABLE t4 (c1 INTEGER NOT NULL);
CREATE TABLE t5 (c1 INTEGER NOT NULL);
CREATE TABLE t6 (c1 INTEGER NOT NULL);
INSERT INTO t1 (c1) VALUES(0),(1),(2),(3),(4),(5),(6),(7),(8),(9);
INSERT INTO t2 (c1) VALUES(0),(1),(2),(3),(4),(5),(6),(7),(8),(9);
INSERT INTO t3 (c1) VALUES(1),(3),(5),(7),(9);
INSERT INTO t4 (c1) VALUES(10);
INSERT INTO t5 (c1) VALUES(10),(11),(12),(13),(14);
SELECT t1.c1,t3.c1 FROM t1,t3 WHERE t1.c1 = t3.c1;
c1	c1
1	1
3	3
5	5
7	7
9	9
DROP TABLE t1,t2,t3,t4,t5,t6;
CREATE TABLE t1 (c1 BIGINT NOT NULL);
CREATE TABLE t2 (c1 BIGINT NOT NULL);
CREATE TABLE t3 (c1 BIGINT NOT NULL);
CREATE TABLE t4 (c1 BIGINT NOT NULL);
CREATE TABLE t5 (c1 BIGINT NOT NULL);
CREATE TABLE t6 (c1 BIGINT NOT NULL);
INSERT INTO t1 (c1) VALUES(0),(1),(2),(3),(4),(5),(6),(7),(8),(9);
INSERT INTO t2 (c1) VALUES(0),(1),(2),(3),(4),(5),(6),(7),(8),(9);
INSERT INTO t3 (c1) VALUES(1),(3),(5),(7),(9);
INSERT INTO t4 (c1) VALUES(10);
INSERT INTO t5 (c1) VALUES(10),(11),(12),(13),(14);
SELECT t1.c1,t3.c1 FROM t1,t3 WHERE t1.c1 = t3.c1;
c1	c1
1	1
3	3
5	5
7	7
9	9
DROP TABLE t1,t2,t3,t4,t5,t6;
CREATE TABLE t1 (c1 TINYINT NOT NULL);
CREATE TABLE t2 (c1 TINYINT NOT NULL);
CREATE TABLE t3 (c1 TINYINT NOT NULL);
CREATE TABLE t4 (c1 TINYINT NOT NULL);
CREATE TABLE t5 (c1 TINYINT NOT NULL);
CREATE TABLE t6 (c1 TINYINT NOT NULL);
INSERT INTO t1 (c1) VALUES(0),(1),(2),(3),(4),(5),(6),(7),(8),(9);
INSERT INTO t2 (c1) VALUES(0),(1),(2),(3),(4),(5),(6),(7),(8),(9);
INSERT INTO t3 (c1) VALUES(1),(3),(5),(7),(9);
INSERT INTO t4 (c1) VALUES(10);
INSERT INTO t5 (c1) VALUES(10),(11),(12),(13),(14);
SELECT t1.c1,t4.c1 FROM t1,t4 WHERE t1.c1 = t4.c1;
c1	c1
DROP TABLE t1,t2,t3,t4,t5,t6;
CREATE TABLE t1 (c1 SMALLINT NOT NULL);
CREATE TABLE t2 (c1 SMALLINT NOT NULL);
CREATE TABLE t3 (c1 SMALLINT NOT NULL);
CREATE TABLE t4 (c1 SMALLINT NOT NULL);
CREATE TABLE t5 (c1 SMALLINT NOT NULL);
CREATE TABLE t6 (c1 SMALLINT NOT NULL);
INSERT INTO t1 (c1) VALUES(0),(1),(2),(3),(4),(5),(6),(7),(8),(9);
INSERT INTO t2 (c1) VALUES(0),(1),(2),(3),(4),(5),(6),(7),(8),(9);
INSERT INTO t3 (c1) VALUES(1),(3),(5),(7),(9);
INSERT INTO t4 (c1) VALUES(10);
INSERT INTO t5 (c1) VALUES(10),(11),(12),(13),(14);
SELECT t1.c1,t4.c1 FROM t1,t4 WHERE t1.c1 = t4.c1;
c1	c1
DROP TABLE t1,t2,t3,t4,t5,t6;
CREATE TABLE t1 (c1 MEDIUMINT NOT NULL);
CREATE TABLE t2 (c1 MEDIUMINT NOT NULL);
CREATE TABLE t3 (c1 MEDIUMINT NOT NULL);
CREATE TABLE t4 (c1 MEDIUMINT NOT NULL);
CREATE TABLE t5 (c1 MEDIUMINT NOT NULL);
CREATE TABLE t6 (c1 MEDIUMINT NOT NULL);
INSERT INTO t1 (c1) VALUES(0),(1),(2),(3),(4),(5),(6),(7),(8),(9);
INSERT INTO t2 (c1) VALUES(0),(1),(2),(3),(4),(5),(6),(7),(8),(9);
INSERT INTO t3 (c1) VALUES(1),(3),(5),(7),(9);
INSERT INTO t4 (c1) VALUES(10);
INSERT INTO t5 (c1) VALUES(10),(11),(12),(13),(14);
SELECT t1.c1,t4.c1 FROM t1,t4 WHERE t1.c1 = t4.c1;
c1	c1
DROP TABLE t1,t2,t3,t4,t5,t6;
CREATE TABLE t1 (c1 INT NOT NULL);
CREATE TABLE t2 (c1 INT NOT NULL);
CREATE TABLE t3 (c1 INT NOT NULL);
CREATE TABLE t4 (c1 INT NOT NULL);
CREATE TABLE t5 (c1 INT NOT NULL);
CREATE TABLE t6 (c1 INT NOT NULL);
INSERT INTO t1 (c1) VALUES(0),(1),(2),(3),(4),(5),(6),(7),(8),(9);
INSERT INTO t2 (c1) VALUES(0),(1),(2),(3),(4),(5),(6),(7),(8),(9);
INSERT INTO t3 (c1) VALUES(1),(3),(5),(7),(9);
INSERT INTO t4 (c1) VALUES(10);
INSERT INTO t5 (c1) VALUES(10),(11),(12),(13),(14);
SELECT t1.c1,t4.c1 FROM t1,t4 WHERE t1.c1 = t4.c1;
c1	c1
DROP TABLE t1,t2,t3,t4,t5,t6;
CREATE TABLE t1 (c1 INTEGER NOT NULL);
CREATE TABLE t2 (c1 INTEGER NOT NULL);
CREATE TABLE t3 (c1 INTEGER NOT NULL);
CREATE TABLE t4 (c1 INTEGER NOT NULL);
CREATE TABLE t5 (c1 INTEGER NOT NULL);
CREATE TABLE t6 (c1 INTEGER NOT NULL);
INSERT INTO t1 (c1) VALUES(0),(1),(2),(3),(4),(5),(6),(7),(8),(9);
INSERT INTO t2 (c1) VALUES(0),(1),(2),(3),(4),(5),(6),(7),(8),(9);
INSERT INTO t3 (c1) VALUES(1),(3),(5),(7),(9);
INSERT INTO t4 (c1) VALUES(10);
INSERT INTO t5 (c1) VALUES(10),(11),(12),(13),(14);
SELECT t1.c1,t4.c1 FROM t1,t4 WHERE t1.c1 = t4.c1;
c1	c1
DROP TABLE t1,t2,t3,t4,t5,t6;
CREATE TABLE t1 (c1 BIGINT NOT NULL);
CREATE TABLE t2 (c1 BIGINT NOT NULL);
CREATE TABLE t3 (c1 BIGINT NOT NULL);
CREATE TABLE t4 (c1 BIGINT NOT NULL);
CREATE TABLE t5 (c1 BIGINT NOT NULL);
CREATE TABLE t6 (c1 BIGINT NOT NULL);
INSERT INTO t1 (c1) VALUES(0),(1),(2),(3),(4),(5),(6),(7),(8),(9);
INSERT INTO t2 (c1) VALUES(0),(1),(2),(3),(4),(5),(6),(7),(8),(9);
INSERT INTO t3 (c1) VALUES(1),(3),(5),(7),(9);
INSERT INTO t4 (c1) VALUES(10);
INSERT INTO t5 (c1) VALUES(10),(11),(12),(13),(14);
SELECT t1.c1,t4.c1 FROM t1,t4 WHERE t1.c1 = t4.c1;
c1	c1
DROP TABLE t1,t2,t3,t4,t5,t6;
CREATE TABLE t1 (c1 TINYINT NOT NULL);
CREATE TABLE t2 (c1 TINYINT NOT NULL);
CREATE TABLE t3 (c1 TINYINT NOT NULL);
CREATE TABLE t4 (c1 TINYINT NOT NULL);
CREATE TABLE t5 (c1 TINYINT NOT NULL);
CREATE TABLE t6 (c1 TINYINT NOT NULL);
INSERT INTO t1 (c1) VALUES(0),(1),(2),(3),(4),(5),(6),(7),(8),(9);
INSERT INTO t2 (c1) VALUES(0),(1),(2),(3),(4),(5),(6),(7),(8),(9);
INSERT INTO t3 (c1) VALUES(1),(3),(5),(7),(9);
INSERT INTO t4 (c1) VALUES(10);
INSERT INTO t5 (c1) VALUES(10),(11),(12),(13),(14);
SELECT t1.c1,t5.c1 FROM t1,t5 WHERE t1.c1 = t5.c1;
c1	c1
DROP TABLE t1,t2,t3,t4,t5,t6;
CREATE TABLE t1 (c1 SMALLINT NOT NULL);
CREATE TABLE t2 (c1 SMALLINT NOT NULL);
CREATE TABLE t3 (c1 SMALLINT NOT NULL);
CREATE TABLE t4 (c1 SMALLINT NOT NULL);
CREATE TABLE t5 (c1 SMALLINT NOT NULL);
CREATE TABLE t6 (c1 SMALLINT NOT NULL);
INSERT INTO t1 (c1) VALUES(0),(1),(2),(3),(4),(5),(6),(7),(8),(9);
INSERT INTO t2 (c1) VALUES(0),(1),(2),(3),(4),(5),(6),(7),(8),(9);
INSERT INTO t3 (c1) VALUES(1),(3),(5),(7),(9);
INSERT INTO t4 (c1) VALUES(10);
INSERT INTO t5 (c1) VALUES(10),(11),(12),(13),(14);
SELECT t1.c1,t5.c1 FROM t1,t5 WHERE t1.c1 = t5.c1;
c1	c1
DROP TABLE t1,t2,t3,t4,t5,t6;
CREATE TABLE t1 (c1 MEDIUMINT NOT NULL);
CREATE TABLE t2 (c1 MEDIUMINT NOT NULL);
CREATE TABLE t3 (c1 MEDIUMINT NOT NULL);
CREATE TABLE t4 (c1 MEDIUMINT NOT NULL);
CREATE TABLE t5 (c1 MEDIUMINT NOT NULL);
CREATE TABLE t6 (c1 MEDIUMINT NOT NULL);
INSERT INTO t1 (c1) VALUES(0),(1),(2),(3),(4),(5),(6),(7),(8),(9);
INSERT INTO t2 (c1) VALUES(0),(1),(2),(3),(4),(5),(6),(7),(8),(9);
INSERT INTO t3 (c1) VALUES(1),(3),(5),(7),(9);
INSERT INTO t4 (c1) VALUES(10);
INSERT INTO t5 (c1) VALUES(10),(11),(12),(13),(14);
SELECT t1.c1,t5.c1 FROM t1,t5 WHERE t1.c1 = t5.c1;
c1	c1
DROP TABLE t1,t2,t3,t4,t5,t6;
CREATE TABLE t1 (c1 INT NOT NULL);
CREATE TABLE t2 (c1 INT NOT NULL);
CREATE TABLE t3 (c1 INT NOT NULL);
CREATE TABLE t4 (c1 INT NOT NULL);
CREATE TABLE t5 (c1 INT NOT NULL);
CREATE TABLE t6 (c1 INT NOT NULL);
INSERT INTO t1 (c1) VALUES(0),(1),(2),(3),(4),(5),(6),(7),(8),(9);
INSERT INTO t2 (c1) VALUES(0),(1),(2),(3),(4),(5),(6),(7),(8),(9);
INSERT INTO t3 (c1) VALUES(1),(3),(5),(7),(9);
INSERT INTO t4 (c1) VALUES(10);
INSERT INTO t5 (c1) VALUES(10),(11),(12),(13),(14);
SELECT t1.c1,t5.c1 FROM t1,t5 WHERE t1.c1 = t5.c1;
c1	c1
DROP TABLE t1,t2,t3,t4,t5,t6;
CREATE TABLE t1 (c1 INTEGER NOT NULL);
CREATE TABLE t2 (c1 INTEGER NOT NULL);
CREATE TABLE t3 (c1 INTEGER NOT NULL);
CREATE TABLE t4 (c1 INTEGER NOT NULL);
CREATE TABLE t5 (c1 INTEGER NOT NULL);
CREATE TABLE t6 (c1 INTEGER NOT NULL);
INSERT INTO t1 (c1) VALUES(0),(1),(2),(3),(4),(5),(6),(7),(8),(9);
INSERT INTO t2 (c1) VALUES(0),(1),(2),(3),(4),(5),(6),(7),(8),(9);
INSERT INTO t3 (c1) VALUES(1),(3),(5),(7),(9);
INSERT INTO t4 (c1) VALUES(10);
INSERT INTO t5 (c1) VALUES(10),(11),(12),(13),(14);
SELECT t1.c1,t5.c1 FROM t1,t5 WHERE t1.c1 = t5.c1;
c1	c1
DROP TABLE t1,t2,t3,t4,t5,t6;
CREATE TABLE t1 (c1 BIGINT NOT NULL);
CREATE TABLE t2 (c1 BIGINT NOT NULL);
CREATE TABLE t3 (c1 BIGINT NOT NULL);
CREATE TABLE t4 (c1 BIGINT NOT NULL);
CREATE TABLE t5 (c1 BIGINT NOT NULL);
CREATE TABLE t6 (c1 BIGINT NOT NULL);
INSERT INTO t1 (c1) VALUES(0),(1),(2),(3),(4),(5),(6),(7),(8),(9);
INSERT INTO t2 (c1) VALUES(0),(1),(2),(3),(4),(5),(6),(7),(8),(9);
INSERT INTO t3 (c1) VALUES(1),(3),(5),(7),(9);
INSERT INTO t4 (c1) VALUES(10);
INSERT INTO t5 (c1) VALUES(10),(11),(12),(13),(14);
SELECT t1.c1,t5.c1 FROM t1,t5 WHERE t1.c1 = t5.c1;
c1	c1
DROP TABLE t1,t2,t3,t4,t5,t6;
CREATE TABLE t1 (c1 TINYINT NOT NULL);
CREATE TABLE t2 (c1 TINYINT NOT NULL);
CREATE TABLE t3 (c1 TINYINT NOT NULL);
CREATE TABLE t4 (c1 TINYINT NOT NULL);
CREATE TABLE t5 (c1 TINYINT NOT NULL);
CREATE TABLE t6 (c1 TINYINT NOT NULL);
INSERT INTO t1 (c1) VALUES(0),(1),(2),(3),(4),(5),(6),(7),(8),(9);
INSERT INTO t2 (c1) VALUES(0),(1),(2),(3),(4),(5),(6),(7),(8),(9);
INSERT INTO t3 (c1) VALUES(1),(3),(5),(7),(9);
INSERT INTO t4 (c1) VALUES(10);
INSERT INTO t5 (c1) VALUES(10),(11),(12),(13),(14);
SELECT t1.c1,t6.c1 FROM t1,t6 WHERE t1.c1 = t6.c1;
c1	c1
DROP TABLE t1,t2,t3,t4,t5,t6;
CREATE TABLE t1 (c1 SMALLINT NOT NULL);
CREATE TABLE t2 (c1 SMALLINT NOT NULL);
CREATE TABLE t3 (c1 SMALLINT NOT NULL);
CREATE TABLE t4 (c1 SMALLINT NOT NULL);
CREATE TABLE t5 (c1 SMALLINT NOT NULL);
CREATE TABLE t6 (c1 SMALLINT NOT NULL);
INSERT INTO t1 (c1) VALUES(0),(1),(2),(3),(4),(5),(6),(7),(8),(9);
INSERT INTO t2 (c1) VALUES(0),(1),(2),(3),(4),(5),(6),(7),(8),(9);
INSERT INTO t3 (c1) VALUES(1),(3),(5),(7),(9);
INSERT INTO t4 (c1) VALUES(10);
INSERT INTO t5 (c1) VALUES(10),(11),(12),(13),(14);
SELECT t1.c1,t6.c1 FROM t1,t6 WHERE t1.c1 = t6.c1;
c1	c1
DROP TABLE t1,t2,t3,t4,t5,t6;
CREATE TABLE t1 (c1 MEDIUMINT NOT NULL);
CREATE TABLE t2 (c1 MEDIUMINT NOT NULL);
CREATE TABLE t3 (c1 MEDIUMINT NOT NULL);
CREATE TABLE t4 (c1 MEDIUMINT NOT NULL);
CREATE TABLE t5 (c1 MEDIUMINT NOT NULL);
CREATE TABLE t6 (c1 MEDIUMINT NOT NULL);
INSERT INTO t1 (c1) VALUES(0),(1),(2),(3),(4),(5),(6),(7),(8),(9);
INSERT INTO t2 (c1) VALUES(0),(1),(2),(3),(4),(5),(6),(7),(8),(9);
INSERT INTO t3 (c1) VALUES(1),(3),(5),(7),(9);
INSERT INTO t4 (c1) VALUES(10);
INSERT INTO t5 (c1) VALUES(10),(11),(12),(13),(14);
SELECT t1.c1,t6.c1 FROM t1,t6 WHERE t1.c1 = t6.c1;
c1	c1
DROP TABLE t1,t2,t3,t4,t5,t6;
CREATE TABLE t1 (c1 INT NOT NULL);
CREATE TABLE t2 (c1 INT NOT NULL);
CREATE TABLE t3 (c1 INT NOT NULL);
CREATE TABLE t4 (c1 INT NOT NULL);
CREATE TABLE t5 (c1 INT NOT NULL);
CREATE TABLE t6 (c1 INT NOT NULL);
INSERT INTO t1 (c1) VALUES(0),(1),(2),(3),(4),(5),(6),(7),(8),(9);
INSERT INTO t2 (c1) VALUES(0),(1),(2),(3),(4),(5),(6),(7),(8),(9);
INSERT INTO t3 (c1) VALUES(1),(3),(5),(7),(9);
INSERT INTO t4 (c1) VALUES(10);
INSERT INTO t5 (c1) VALUES(10),(11),(12),(13),(14);
SELECT t1.c1,t6.c1 FROM t1,t6 WHERE t1.c1 = t6.c1;
c1	c1
DROP TABLE t1,t2,t3,t4,t5,t6;
CREATE TABLE t1 (c1 INTEGER NOT NULL);
CREATE TABLE t2 (c1 INTEGER NOT NULL);
CREATE TABLE t3 (c1 INTEGER NOT NULL);
CREATE TABLE t4 (c1 INTEGER NOT NULL);
CREATE TABLE t5 (c1 INTEGER NOT NULL);
CREATE TABLE t6 (c1 INTEGER NOT NULL);
INSERT INTO t1 (c1) VALUES(0),(1),(2),(3),(4),(5),(6),(7),(8),(9);
INSERT INTO t2 (c1) VALUES(0),(1),(2),(3),(4),(5),(6),(7),(8),(9);
INSERT INTO t3 (c1) VALUES(1),(3),(5),(7),(9);
INSERT INTO t4 (c1) VALUES(10);
INSERT INTO t5 (c1) VALUES(10),(11),(12),(13),(14);
SELECT t1.c1,t6.c1 FROM t1,t6 WHERE t1.c1 = t6.c1;
c1	c1
DROP TABLE t1,t2,t3,t4,t5,t6;
CREATE TABLE t1 (c1 BIGINT NOT NULL);
CREATE TABLE t2 (c1 BIGINT NOT NULL);
CREATE TABLE t3 (c1 BIGINT NOT NULL);
CREATE TABLE t4 (c1 BIGINT NOT NULL);
CREATE TABLE t5 (c1 BIGINT NOT NULL);
CREATE TABLE t6 (c1 BIGINT NOT NULL);
INSERT INTO t1 (c1) VALUES(0),(1),(2),(3),(4),(5),(6),(7),(8),(9);
INSERT INTO t2 (c1) VALUES(0),(1),(2),(3),(4),(5),(6),(7),(8),(9);
INSERT INTO t3 (c1) VALUES(1),(3),(5),(7),(9);
INSERT INTO t4 (c1) VALUES(10);
INSERT INTO t5 (c1) VALUES(10),(11),(12),(13),(14);
SELECT t1.c1,t6.c1 FROM t1,t6 WHERE t1.c1 = t6.c1;
c1	c1
DROP TABLE t1,t2,t3,t4,t5,t6;
CREATE TABLE t1 (c1 TINYINT NOT NULL);
CREATE TABLE t2 (c1 TINYINT NOT NULL);
CREATE TABLE t3 (c1 TINYINT NOT NULL);
CREATE TABLE t4 (c1 TINYINT NOT NULL);
CREATE TABLE t5 (c1 TINYINT NOT NULL);
CREATE TABLE t6 (c1 TINYINT NOT NULL);
INSERT INTO t1 (c1) VALUES(0),(1),(2),(3),(4),(5),(6),(7),(8),(9);
INSERT INTO t2 (c1) VALUES(0),(1),(2),(3),(4),(5),(6),(7),(8),(9);
INSERT INTO t3 (c1) VALUES(1),(3),(5),(7),(9);
INSERT INTO t4 (c1) VALUES(10);
INSERT INTO t5 (c1) VALUES(10),(11),(12),(13),(14);
SELECT t1.c1,t2.c1 FROM t1,t2 WHERE t1.c1 >= t2.c1;
c1	c1
0	0
1	0
2	0
3	0
4	0
5	0
6	0
7	0
8	0
9	0
1	1
2	1
3	1
4	1
5	1
6	1
7	1
8	1
9	1
2	2
3	2
4	2
5	2
6	2
7	2
8	2
9	2
3	3
4	3
5	3
6	3
7	3
8	3
9	3
4	4
5	4
6	4
7	4
8	4
9	4
5	5
6	5
7	5
8	5
9	5
6	6
7	6
8	6
9	6
7	7
8	7
9	7
8	8
9	8
9	9
DROP TABLE t1,t2,t3,t4,t5,t6;
CREATE TABLE t1 (c1 SMALLINT NOT NULL);
CREATE TABLE t2 (c1 SMALLINT NOT NULL);
CREATE TABLE t3 (c1 SMALLINT NOT NULL);
CREATE TABLE t4 (c1 SMALLINT NOT NULL);
CREATE TABLE t5 (c1 SMALLINT NOT NULL);
CREATE TABLE t6 (c1 SMALLINT NOT NULL);
INSERT INTO t1 (c1) VALUES(0),(1),(2),(3),(4),(5),(6),(7),(8),(9);
INSERT INTO t2 (c1) VALUES(0),(1),(2),(3),(4),(5),(6),(7),(8),(9);
INSERT INTO t3 (c1) VALUES(1),(3),(5),(7),(9);
INSERT INTO t4 (c1) VALUES(10);
INSERT INTO t5 (c1) VALUES(10),(11),(12),(13),(14);
SELECT t1.c1,t2.c1 FROM t1,t2 WHERE t1.c1 >= t2.c1;
c1	c1
0	0
1	0
2	0
3	0
4	0
5	0
6	0
7	0
8	0
9	0
1	1
2	1
3	1
4	1
5	1
6	1
7	1
8	1
9	1
2	2
3	2
4	2
5	2
6	2
7	2
8	2
9	2
3	3
4	3
5	3
6	3
7	3
8	3
9	3
4	4
5	4
6	4
7	4
8	4
9	4
5	5
6	5
7	5
8	5
9	5
6	6
7	6
8	6
9	6
7	7
8	7
9	7
8	8
9	8
9	9
DROP TABLE t1,t2,t3,t4,t5,t6;
CREATE TABLE t1 (c1 MEDIUMINT NOT NULL);
CREATE TABLE t2 (c1 MEDIUMINT NOT NULL);
CREATE TABLE t3 (c1 MEDIUMINT NOT NULL);
CREATE TABLE t4 (c1 MEDIUMINT NOT NULL);
CREATE TABLE t5 (c1 MEDIUMINT NOT NULL);
CREATE TABLE t6 (c1 MEDIUMINT NOT NULL);
INSERT INTO t1 (c1) VALUES(0),(1),(2),(3),(4),(5),(6),(7),(8),(9);
INSERT INTO t2 (c1) VALUES(0),(1),(2),(3),(4),(5),(6),(7),(8),(9);
INSERT INTO t3 (c1) VALUES(1),(3),(5),(7),(9);
INSERT INTO t4 (c1) VALUES(10);
INSERT INTO t5 (c1) VALUES(10),(11),(12),(13),(14);
SELECT t1.c1,t2.c1 FROM t1,t2 WHERE t1.c1 >= t2.c1;
c1	c1
0	0
1	0
2	0
3	0
4	0
5	0
6	0
7	0
8	0
9	0
1	1
2	1
3	1
4	1
5	1
6	1
7	1
8	1
9	1
2	2
3	2
4	2
5	2
6	2
7	2
8	2
9	2
3	3
4	3
5	3
6	3
7	3
8	3
9	3
4	4
5	4
6	4
7	4
8	4
9	4
5	5
6	5
7	5
8	5
9	5
6	6
7	6
8	6
9	6
7	7
8	7
9	7
8	8
9	8
9	9
DROP TABLE t1,t2,t3,t4,t5,t6;
CREATE TABLE t1 (c1 INT NOT NULL);
CREATE TABLE t2 (c1 INT NOT NULL);
CREATE TABLE t3 (c1 INT NOT NULL);
CREATE TABLE t4 (c1 INT NOT NULL);
CREATE TABLE t5 (c1 INT NOT NULL);
CREATE TABLE t6 (c1 INT NOT NULL);
INSERT INTO t1 (c1) VALUES(0),(1),(2),(3),(4),(5),(6),(7),(8),(9);
INSERT INTO t2 (c1) VALUES(0),(1),(2),(3),(4),(5),(6),(7),(8),(9);
INSERT INTO t3 (c1) VALUES(1),(3),(5),(7),(9);
INSERT INTO t4 (c1) VALUES(10);
INSERT INTO t5 (c1) VALUES(10),(11),(12),(13),(14);
SELECT t1.c1,t2.c1 FROM t1,t2 WHERE t1.c1 >= t2.c1;
c1	c1
0	0
1	0
2	0
3	0
4	0
5	0
6	0
7	0
8	0
9	0
1	1
2	1
3	1
4	1
5	1
6	1
7	1
8	1
9	1
2	2
3	2
4	2
5	2
6	2
7	2
8	2
9	2
3	3
4	3
5	3
6	3
7	3
8	3
9	3
4	4
5	4
6	4
7	4
8	4
9	4
5	5
6	5
7	5
8	5
9	5
6	6
7	6
8	6
9	6
7	7
8	7
9	7
8	8
9	8
9	9
DROP TABLE t1,t2,t3,t4,t5,t6;
CREATE TABLE t1 (c1 INTEGER NOT NULL);
CREATE TABLE t2 (c1 INTEGER NOT NULL);
CREATE TABLE t3 (c1 INTEGER NOT NULL);
CREATE TABLE t4 (c1 INTEGER NOT NULL);
CREATE TABLE t5 (c1 INTEGER NOT NULL);
CREATE TABLE t6 (c1 INTEGER NOT NULL);
INSERT INTO t1 (c1) VALUES(0),(1),(2),(3),(4),(5),(6),(7),(8),(9);
INSERT INTO t2 (c1) VALUES(0),(1),(2),(3),(4),(5),(6),(7),(8),(9);
INSERT INTO t3 (c1) VALUES(1),(3),(5),(7),(9);
INSERT INTO t4 (c1) VALUES(10);
INSERT INTO t5 (c1) VALUES(10),(11),(12),(13),(14);
SELECT t1.c1,t2.c1 FROM t1,t2 WHERE t1.c1 >= t2.c1;
c1	c1
0	0
1	0
2	0
3	0
4	0
5	0
6	0
7	0
8	0
9	0
1	1
2	1
3	1
4	1
5	1
6	1
7	1
8	1
9	1
2	2
3	2
4	2
5	2
6	2
7	2
8	2
9	2
3	3
4	3
5	3
6	3
7	3
8	3
9	3
4	4
5	4
6	4
7	4
8	4
9	4
5	5
6	5
7	5
8	5
9	5
6	6
7	6
8	6
9	6
7	7
8	7
9	7
8	8
9	8
9	9
DROP TABLE t1,t2,t3,t4,t5,t6;
CREATE TABLE t1 (c1 BIGINT NOT NULL);
CREATE TABLE t2 (c1 BIGINT NOT NULL);
CREATE TABLE t3 (c1 BIGINT NOT NULL);
CREATE TABLE t4 (c1 BIGINT NOT NULL);
CREATE TABLE t5 (c1 BIGINT NOT NULL);
CREATE TABLE t6 (c1 BIGINT NOT NULL);
INSERT INTO t1 (c1) VALUES(0),(1),(2),(3),(4),(5),(6),(7),(8),(9);
INSERT INTO t2 (c1) VALUES(0),(1),(2),(3),(4),(5),(6),(7),(8),(9);
INSERT INTO t3 (c1) VALUES(1),(3),(5),(7),(9);
INSERT INTO t4 (c1) VALUES(10);
INSERT INTO t5 (c1) VALUES(10),(11),(12),(13),(14);
SELECT t1.c1,t2.c1 FROM t1,t2 WHERE t1.c1 >= t2.c1;
c1	c1
0	0
1	0
2	0
3	0
4	0
5	0
6	0
7	0
8	0
9	0
1	1
2	1
3	1
4	1
5	1
6	1
7	1
8	1
9	1
2	2
3	2
4	2
5	2
6	2
7	2
8	2
9	2
3	3
4	3
5	3
6	3
7	3
8	3
9	3
4	4
5	4
6	4
7	4
8	4
9	4
5	5
6	5
7	5
8	5
9	5
6	6
7	6
8	6
9	6
7	7
8	7
9	7
8	8
9	8
9	9
DROP TABLE t1,t2,t3,t4,t5,t6;
CREATE TABLE t1 (c1 TINYINT NOT NULL);
CREATE TABLE t2 (c1 TINYINT NOT NULL);
CREATE TABLE t3 (c1 TINYINT NOT NULL);
CREATE TABLE t4 (c1 TINYINT NOT NULL);
CREATE TABLE t5 (c1 TINYINT NOT NULL);
CREATE TABLE t6 (c1 TINYINT NOT NULL);
INSERT INTO t1 (c1) VALUES(0),(1),(2),(3),(4),(5),(6),(7),(8),(9);
INSERT INTO t2 (c1) VALUES(0),(1),(2),(3),(4),(5),(6),(7),(8),(9);
INSERT INTO t3 (c1) VALUES(1),(3),(5),(7),(9);
INSERT INTO t4 (c1) VALUES(10);
INSERT INTO t5 (c1) VALUES(10),(11),(12),(13),(14);
SELECT t1.c1,t3.c1 FROM t1,t3 WHERE t1.c1 >= t3.c1;
c1	c1
1	1
2	1
3	1
3	3
4	1
4	3
5	1
5	3
5	5
6	1
6	3
6	5
7	1
7	3
7	5
7	7
8	1
8	3
8	5
8	7
9	1
9	3
9	5
9	7
9	9
DROP TABLE t1,t2,t3,t4,t5,t6;
CREATE TABLE t1 (c1 SMALLINT NOT NULL);
CREATE TABLE t2 (c1 SMALLINT NOT NULL);
CREATE TABLE t3 (c1 SMALLINT NOT NULL);
CREATE TABLE t4 (c1 SMALLINT NOT NULL);
CREATE TABLE t5 (c1 SMALLINT NOT NULL);
CREATE TABLE t6 (c1 SMALLINT NOT NULL);
INSERT INTO t1 (c1) VALUES(0),(1),(2),(3),(4),(5),(6),(7),(8),(9);
INSERT INTO t2 (c1) VALUES(0),(1),(2),(3),(4),(5),(6),(7),(8),(9);
INSERT INTO t3 (c1) VALUES(1),(3),(5),(7),(9);
INSERT INTO t4 (c1) VALUES(10);
INSERT INTO t5 (c1) VALUES(10),(11),(12),(13),(14);
SELECT t1.c1,t3.c1 FROM t1,t3 WHERE t1.c1 >= t3.c1;
c1	c1
1	1
2	1
3	1
3	3
4	1
4	3
5	1
5	3
5	5
6	1
6	3
6	5
7	1
7	3
7	5
7	7
8	1
8	3
8	5
8	7
9	1
9	3
9	5
9	7
9	9
DROP TABLE t1,t2,t3,t4,t5,t6;
CREATE TABLE t1 (c1 MEDIUMINT NOT NULL);
CREATE TABLE t2 (c1 MEDIUMINT NOT NULL);
CREATE TABLE t3 (c1 MEDIUMINT NOT NULL);
CREATE TABLE t4 (c1 MEDIUMINT NOT NULL);
CREATE TABLE t5 (c1 MEDIUMINT NOT NULL);
CREATE TABLE t6 (c1 MEDIUMINT NOT NULL);
INSERT INTO t1 (c1) VALUES(0),(1),(2),(3),(4),(5),(6),(7),(8),(9);
INSERT INTO t2 (c1) VALUES(0),(1),(2),(3),(4),(5),(6),(7),(8),(9);
INSERT INTO t3 (c1) VALUES(1),(3),(5),(7),(9);
INSERT INTO t4 (c1) VALUES(10);
INSERT INTO t5 (c1) VALUES(10),(11),(12),(13),(14);
SELECT t1.c1,t3.c1 FROM t1,t3 WHERE t1.c1 >= t3.c1;
c1	c1
1	1
2	1
3	1
3	3
4	1
4	3
5	1
5	3
5	5
6	1
6	3
6	5
7	1
7	3
7	5
7	7
8	1
8	3
8	5
8	7
9	1
9	3
9	5
9	7
9	9
DROP TABLE t1,t2,t3,t4,t5,t6;
CREATE TABLE t1 (c1 INT NOT NULL);
CREATE TABLE t2 (c1 INT NOT NULL);
CREATE TABLE t3 (c1 INT NOT NULL);
CREATE TABLE t4 (c1 INT NOT NULL);
CREATE TABLE t5 (c1 INT NOT NULL);
CREATE TABLE t6 (c1 INT NOT NULL);
INSERT INTO t1 (c1) VALUES(0),(1),(2),(3),(4),(5),(6),(7),(8),(9);
INSERT INTO t2 (c1) VALUES(0),(1),(2),(3),(4),(5),(6),(7),(8),(9);
INSERT INTO t3 (c1) VALUES(1),(3),(5),(7),(9);
INSERT INTO t4 (c1) VALUES(10);
INSERT INTO t5 (c1) VALUES(10),(11),(12),(13),(14);
SELECT t1.c1,t3.c1 FROM t1,t3 WHERE t1.c1 >= t3.c1;
c1	c1
1	1
2	1
3	1
3	3
4	1
4	3
5	1
5	3
5	5
6	1
6	3
6	5
7	1
7	3
7	5
7	7
8	1
8	3
8	5
8	7
9	1
9	3
9	5
9	7
9	9
DROP TABLE t1,t2,t3,t4,t5,t6;
CREATE TABLE t1 (c1 INTEGER NOT NULL);
CREATE TABLE t2 (c1 INTEGER NOT NULL);
CREATE TABLE t3 (c1 INTEGER NOT NULL);
CREATE TABLE t4 (c1 INTEGER NOT NULL);
CREATE TABLE t5 (c1 INTEGER NOT NULL);
CREATE TABLE t6 (c1 INTEGER NOT NULL);
INSERT INTO t1 (c1) VALUES(0),(1),(2),(3),(4),(5),(6),(7),(8),(9);
INSERT INTO t2 (c1) VALUES(0),(1),(2),(3),(4),(5),(6),(7),(8),(9);
INSERT INTO t3 (c1) VALUES(1),(3),(5),(7),(9);
INSERT INTO t4 (c1) VALUES(10);
INSERT INTO t5 (c1) VALUES(10),(11),(12),(13),(14);
SELECT t1.c1,t3.c1 FROM t1,t3 WHERE t1.c1 >= t3.c1;
c1	c1
1	1
2	1
3	1
3	3
4	1
4	3
5	1
5	3
5	5
6	1
6	3
6	5
7	1
7	3
7	5
7	7
8	1
8	3
8	5
8	7
9	1
9	3
9	5
9	7
9	9
DROP TABLE t1,t2,t3,t4,t5,t6;
CREATE TABLE t1 (c1 BIGINT NOT NULL);
CREATE TABLE t2 (c1 BIGINT NOT NULL);
CREATE TABLE t3 (c1 BIGINT NOT NULL);
CREATE TABLE t4 (c1 BIGINT NOT NULL);
CREATE TABLE t5 (c1 BIGINT NOT NULL);
CREATE TABLE t6 (c1 BIGINT NOT NULL);
INSERT INTO t1 (c1) VALUES(0),(1),(2),(3),(4),(5),(6),(7),(8),(9);
INSERT INTO t2 (c1) VALUES(0),(1),(2),(3),(4),(5),(6),(7),(8),(9);
INSERT INTO t3 (c1) VALUES(1),(3),(5),(7),(9);
INSERT INTO t4 (c1) VALUES(10);
INSERT INTO t5 (c1) VALUES(10),(11),(12),(13),(14);
SELECT t1.c1,t3.c1 FROM t1,t3 WHERE t1.c1 >= t3.c1;
c1	c1
1	1
2	1
3	1
3	3
4	1
4	3
5	1
5	3
5	5
6	1
6	3
6	5
7	1
7	3
7	5
7	7
8	1
8	3
8	5
8	7
9	1
9	3
9	5
9	7
9	9
DROP TABLE t1,t2,t3,t4,t5,t6;
CREATE TABLE t1 (c1 TINYINT NOT NULL);
CREATE TABLE t2 (c1 TINYINT NOT NULL);
CREATE TABLE t3 (c1 TINYINT NOT NULL);
CREATE TABLE t4 (c1 TINYINT NOT NULL);
CREATE TABLE t5 (c1 TINYINT NOT NULL);
CREATE TABLE t6 (c1 TINYINT NOT NULL);
INSERT INTO t1 (c1) VALUES(0),(1),(2),(3),(4),(5),(6),(7),(8),(9);
INSERT INTO t2 (c1) VALUES(0),(1),(2),(3),(4),(5),(6),(7),(8),(9);
INSERT INTO t3 (c1) VALUES(1),(3),(5),(7),(9);
INSERT INTO t4 (c1) VALUES(10);
INSERT INTO t5 (c1) VALUES(10),(11),(12),(13),(14);
SELECT t1.c1,t4.c1 FROM t1,t4 WHERE t1.c1 >= t4.c1;
c1	c1
DROP TABLE t1,t2,t3,t4,t5,t6;
CREATE TABLE t1 (c1 SMALLINT NOT NULL);
CREATE TABLE t2 (c1 SMALLINT NOT NULL);
CREATE TABLE t3 (c1 SMALLINT NOT NULL);
CREATE TABLE t4 (c1 SMALLINT NOT NULL);
CREATE TABLE t5 (c1 SMALLINT NOT NULL);
CREATE TABLE t6 (c1 SMALLINT NOT NULL);
INSERT INTO t1 (c1) VALUES(0),(1),(2),(3),(4),(5),(6),(7),(8),(9);
INSERT INTO t2 (c1) VALUES(0),(1),(2),(3),(4),(5),(6),(7),(8),(9);
INSERT INTO t3 (c1) VALUES(1),(3),(5),(7),(9);
INSERT INTO t4 (c1) VALUES(10);
INSERT INTO t5 (c1) VALUES(10),(11),(12),(13),(14);
SELECT t1.c1,t4.c1 FROM t1,t4 WHERE t1.c1 >= t4.c1;
c1	c1
DROP TABLE t1,t2,t3,t4,t5,t6;
CREATE TABLE t1 (c1 MEDIUMINT NOT NULL);
CREATE TABLE t2 (c1 MEDIUMINT NOT NULL);
CREATE TABLE t3 (c1 MEDIUMINT NOT NULL);
CREATE TABLE t4 (c1 MEDIUMINT NOT NULL);
CREATE TABLE t5 (c1 MEDIUMINT NOT NULL);
CREATE TABLE t6 (c1 MEDIUMINT NOT NULL);
INSERT INTO t1 (c1) VALUES(0),(1),(2),(3),(4),(5),(6),(7),(8),(9);
INSERT INTO t2 (c1) VALUES(0),(1),(2),(3),(4),(5),(6),(7),(8),(9);
INSERT INTO t3 (c1) VALUES(1),(3),(5),(7),(9);
INSERT INTO t4 (c1) VALUES(10);
INSERT INTO t5 (c1) VALUES(10),(11),(12),(13),(14);
SELECT t1.c1,t4.c1 FROM t1,t4 WHERE t1.c1 >= t4.c1;
c1	c1
DROP TABLE t1,t2,t3,t4,t5,t6;
CREATE TABLE t1 (c1 INT NOT NULL);
CREATE TABLE t2 (c1 INT NOT NULL);
CREATE TABLE t3 (c1 INT NOT NULL);
CREATE TABLE t4 (c1 INT NOT NULL);
CREATE TABLE t5 (c1 INT NOT NULL);
CREATE TABLE t6 (c1 INT NOT NULL);
INSERT INTO t1 (c1) VALUES(0),(1),(2),(3),(4),(5),(6),(7),(8),(9);
INSERT INTO t2 (c1) VALUES(0),(1),(2),(3),(4),(5),(6),(7),(8),(9);
INSERT INTO t3 (c1) VALUES(1),(3),(5),(7),(9);
INSERT INTO t4 (c1) VALUES(10);
INSERT INTO t5 (c1) VALUES(10),(11),(12),(13),(14);
SELECT t1.c1,t4.c1 FROM t1,t4 WHERE t1.c1 >= t4.c1;
c1	c1
DROP TABLE t1,t2,t3,t4,t5,t6;
CREATE TABLE t1 (c1 INTEGER NOT NULL);
CREATE TABLE t2 (c1 INTEGER NOT NULL);
CREATE TABLE t3 (c1 INTEGER NOT NULL);
CREATE TABLE t4 (c1 INTEGER NOT NULL);
CREATE TABLE t5 (c1 INTEGER NOT NULL);
CREATE TABLE t6 (c1 INTEGER NOT NULL);
INSERT INTO t1 (c1) VALUES(0),(1),(2),(3),(4),(5),(6),(7),(8),(9);
INSERT INTO t2 (c1) VALUES(0),(1),(2),(3),(4),(5),(6),(7),(8),(9);
INSERT INTO t3 (c1) VALUES(1),(3),(5),(7),(9);
INSERT INTO t4 (c1) VALUES(10);
INSERT INTO t5 (c1) VALUES(10),(11),(12),(13),(14);
SELECT t1.c1,t4.c1 FROM t1,t4 WHERE t1.c1 >= t4.c1;
c1	c1
DROP TABLE t1,t2,t3,t4,t5,t6;
CREATE TABLE t1 (c1 BIGINT NOT NULL);
CREATE TABLE t2 (c1 BIGINT NOT NULL);
CREATE TABLE t3 (c1 BIGINT NOT NULL);
CREATE TABLE t4 (c1 BIGINT NOT NULL);
CREATE TABLE t5 (c1 BIGINT NOT NULL);
CREATE TABLE t6 (c1 BIGINT NOT NULL);
INSERT INTO t1 (c1) VALUES(0),(1),(2),(3),(4),(5),(6),(7),(8),(9);
INSERT INTO t2 (c1) VALUES(0),(1),(2),(3),(4),(5),(6),(7),(8),(9);
INSERT INTO t3 (c1) VALUES(1),(3),(5),(7),(9);
INSERT INTO t4 (c1) VALUES(10);
INSERT INTO t5 (c1) VALUES(10),(11),(12),(13),(14);
SELECT t1.c1,t4.c1 FROM t1,t4 WHERE t1.c1 >= t4.c1;
c1	c1
DROP TABLE t1,t2,t3,t4,t5,t6;
CREATE TABLE t1 (c1 TINYINT NOT NULL);
CREATE TABLE t2 (c1 TINYINT NOT NULL);
CREATE TABLE t3 (c1 TINYINT NOT NULL);
CREATE TABLE t4 (c1 TINYINT NOT NULL);
CREATE TABLE t5 (c1 TINYINT NOT NULL);
CREATE TABLE t6 (c1 TINYINT NOT NULL);
INSERT INTO t1 (c1) VALUES(0),(1),(2),(3),(4),(5),(6),(7),(8),(9);
INSERT INTO t2 (c1) VALUES(0),(1),(2),(3),(4),(5),(6),(7),(8),(9);
INSERT INTO t3 (c1) VALUES(1),(3),(5),(7),(9);
INSERT INTO t4 (c1) VALUES(10);
INSERT INTO t5 (c1) VALUES(10),(11),(12),(13),(14);
SELECT t1.c1,t5.c1 FROM t1,t5 WHERE t1.c1 >= t5.c1;
c1	c1
DROP TABLE t1,t2,t3,t4,t5,t6;
CREATE TABLE t1 (c1 SMALLINT NOT NULL);
CREATE TABLE t2 (c1 SMALLINT NOT NULL);
CREATE TABLE t3 (c1 SMALLINT NOT NULL);
CREATE TABLE t4 (c1 SMALLINT NOT NULL);
CREATE TABLE t5 (c1 SMALLINT NOT NULL);
CREATE TABLE t6 (c1 SMALLINT NOT NULL);
INSERT INTO t1 (c1) VALUES(0),(1),(2),(3),(4),(5),(6),(7),(8),(9);
INSERT INTO t2 (c1) VALUES(0),(1),(2),(3),(4),(5),(6),(7),(8),(9);
INSERT INTO t3 (c1) VALUES(1),(3),(5),(7),(9);
INSERT INTO t4 (c1) VALUES(10);
INSERT INTO t5 (c1) VALUES(10),(11),(12),(13),(14);
SELECT t1.c1,t5.c1 FROM t1,t5 WHERE t1.c1 >= t5.c1;
c1	c1
DROP TABLE t1,t2,t3,t4,t5,t6;
CREATE TABLE t1 (c1 MEDIUMINT NOT NULL);
CREATE TABLE t2 (c1 MEDIUMINT NOT NULL);
CREATE TABLE t3 (c1 MEDIUMINT NOT NULL);
CREATE TABLE t4 (c1 MEDIUMINT NOT NULL);
CREATE TABLE t5 (c1 MEDIUMINT NOT NULL);
CREATE TABLE t6 (c1 MEDIUMINT NOT NULL);
INSERT INTO t1 (c1) VALUES(0),(1),(2),(3),(4),(5),(6),(7),(8),(9);
INSERT INTO t2 (c1) VALUES(0),(1),(2),(3),(4),(5),(6),(7),(8),(9);
INSERT INTO t3 (c1) VALUES(1),(3),(5),(7),(9);
INSERT INTO t4 (c1) VALUES(10);
INSERT INTO t5 (c1) VALUES(10),(11),(12),(13),(14);
SELECT t1.c1,t5.c1 FROM t1,t5 WHERE t1.c1 >= t5.c1;
c1	c1
DROP TABLE t1,t2,t3,t4,t5,t6;
CREATE TABLE t1 (c1 INT NOT NULL);
CREATE TABLE t2 (c1 INT NOT NULL);
CREATE TABLE t3 (c1 INT NOT NULL);
CREATE TABLE t4 (c1 INT NOT NULL);
CREATE TABLE t5 (c1 INT NOT NULL);
CREATE TABLE t6 (c1 INT NOT NULL);
INSERT INTO t1 (c1) VALUES(0),(1),(2),(3),(4),(5),(6),(7),(8),(9);
INSERT INTO t2 (c1) VALUES(0),(1),(2),(3),(4),(5),(6),(7),(8),(9);
INSERT INTO t3 (c1) VALUES(1),(3),(5),(7),(9);
INSERT INTO t4 (c1) VALUES(10);
INSERT INTO t5 (c1) VALUES(10),(11),(12),(13),(14);
SELECT t1.c1,t5.c1 FROM t1,t5 WHERE t1.c1 >= t5.c1;
c1	c1
DROP TABLE t1,t2,t3,t4,t5,t6;
CREATE TABLE t1 (c1 INTEGER NOT NULL);
CREATE TABLE t2 (c1 INTEGER NOT NULL);
CREATE TABLE t3 (c1 INTEGER NOT NULL);
CREATE TABLE t4 (c1 INTEGER NOT NULL);
CREATE TABLE t5 (c1 INTEGER NOT NULL);
CREATE TABLE t6 (c1 INTEGER NOT NULL);
INSERT INTO t1 (c1) VALUES(0),(1),(2),(3),(4),(5),(6),(7),(8),(9);
INSERT INTO t2 (c1) VALUES(0),(1),(2),(3),(4),(5),(6),(7),(8),(9);
INSERT INTO t3 (c1) VALUES(1),(3),(5),(7),(9);
INSERT INTO t4 (c1) VALUES(10);
INSERT INTO t5 (c1) VALUES(10),(11),(12),(13),(14);
SELECT t1.c1,t5.c1 FROM t1,t5 WHERE t1.c1 >= t5.c1;
c1	c1
DROP TABLE t1,t2,t3,t4,t5,t6;
CREATE TABLE t1 (c1 BIGINT NOT NULL);
CREATE TABLE t2 (c1 BIGINT NOT NULL);
CREATE TABLE t3 (c1 BIGINT NOT NULL);
CREATE TABLE t4 (c1 BIGINT NOT NULL);
CREATE TABLE t5 (c1 BIGINT NOT NULL);
CREATE TABLE t6 (c1 BIGINT NOT NULL);
INSERT INTO t1 (c1) VALUES(0),(1),(2),(3),(4),(5),(6),(7),(8),(9);
INSERT INTO t2 (c1) VALUES(0),(1),(2),(3),(4),(5),(6),(7),(8),(9);
INSERT INTO t3 (c1) VALUES(1),(3),(5),(7),(9);
INSERT INTO t4 (c1) VALUES(10);
INSERT INTO t5 (c1) VALUES(10),(11),(12),(13),(14);
SELECT t1.c1,t5.c1 FROM t1,t5 WHERE t1.c1 >= t5.c1;
c1	c1
DROP TABLE t1,t2,t3,t4,t5,t6;
CREATE TABLE t1 (c1 TINYINT NOT NULL);
CREATE TABLE t2 (c1 TINYINT NOT NULL);
CREATE TABLE t3 (c1 TINYINT NOT NULL);
CREATE TABLE t4 (c1 TINYINT NOT NULL);
CREATE TABLE t5 (c1 TINYINT NOT NULL);
CREATE TABLE t6 (c1 TINYINT NOT NULL);
INSERT INTO t1 (c1) VALUES(0),(1),(2),(3),(4),(5),(6),(7),(8),(9);
INSERT INTO t2 (c1) VALUES(0),(1),(2),(3),(4),(5),(6),(7),(8),(9);
INSERT INTO t3 (c1) VALUES(1),(3),(5),(7),(9);
INSERT INTO t4 (c1) VALUES(10);
INSERT INTO t5 (c1) VALUES(10),(11),(12),(13),(14);
SELECT t1.c1,t6.c1 FROM t1,t6 WHERE t1.c1 >= t6.c1;
c1	c1
DROP TABLE t1,t2,t3,t4,t5,t6;
CREATE TABLE t1 (c1 SMALLINT NOT NULL);
CREATE TABLE t2 (c1 SMALLINT NOT NULL);
CREATE TABLE t3 (c1 SMALLINT NOT NULL);
CREATE TABLE t4 (c1 SMALLINT NOT NULL);
CREATE TABLE t5 (c1 SMALLINT NOT NULL);
CREATE TABLE t6 (c1 SMALLINT NOT NULL);
INSERT INTO t1 (c1) VALUES(0),(1),(2),(3),(4),(5),(6),(7),(8),(9);
INSERT INTO t2 (c1) VALUES(0),(1),(2),(3),(4),(5),(6),(7),(8),(9);
INSERT INTO t3 (c1) VALUES(1),(3),(5),(7),(9);
INSERT INTO t4 (c1) VALUES(10);
INSERT INTO t5 (c1) VALUES(10),(11),(12),(13),(14);
SELECT t1.c1,t6.c1 FROM t1,t6 WHERE t1.c1 >= t6.c1;
c1	c1
DROP TABLE t1,t2,t3,t4,t5,t6;
CREATE TABLE t1 (c1 MEDIUMINT NOT NULL);
CREATE TABLE t2 (c1 MEDIUMINT NOT NULL);
CREATE TABLE t3 (c1 MEDIUMINT NOT NULL);
CREATE TABLE t4 (c1 MEDIUMINT NOT NULL);
CREATE TABLE t5 (c1 MEDIUMINT NOT NULL);
CREATE TABLE t6 (c1 MEDIUMINT NOT NULL);
INSERT INTO t1 (c1) VALUES(0),(1),(2),(3),(4),(5),(6),(7),(8),(9);
INSERT INTO t2 (c1) VALUES(0),(1),(2),(3),(4),(5),(6),(7),(8),(9);
INSERT INTO t3 (c1) VALUES(1),(3),(5),(7),(9);
INSERT INTO t4 (c1) VALUES(10);
INSERT INTO t5 (c1) VALUES(10),(11),(12),(13),(14);
SELECT t1.c1,t6.c1 FROM t1,t6 WHERE t1.c1 >= t6.c1;
c1	c1
DROP TABLE t1,t2,t3,t4,t5,t6;
CREATE TABLE t1 (c1 INT NOT NULL);
CREATE TABLE t2 (c1 INT NOT NULL);
CREATE TABLE t3 (c1 INT NOT NULL);
CREATE TABLE t4 (c1 INT NOT NULL);
CREATE TABLE t5 (c1 INT NOT NULL);
CREATE TABLE t6 (c1 INT NOT NULL);
INSERT INTO t1 (c1) VALUES(0),(1),(2),(3),(4),(5),(6),(7),(8),(9);
INSERT INTO t2 (c1) VALUES(0),(1),(2),(3),(4),(5),(6),(7),(8),(9);
INSERT INTO t3 (c1) VALUES(1),(3),(5),(7),(9);
INSERT INTO t4 (c1) VALUES(10);
INSERT INTO t5 (c1) VALUES(10),(11),(12),(13),(14);
SELECT t1.c1,t6.c1 FROM t1,t6 WHERE t1.c1 >= t6.c1;
c1	c1
DROP TABLE t1,t2,t3,t4,t5,t6;
CREATE TABLE t1 (c1 INTEGER NOT NULL);
CREATE TABLE t2 (c1 INTEGER NOT NULL);
CREATE TABLE t3 (c1 INTEGER NOT NULL);
CREATE TABLE t4 (c1 INTEGER NOT NULL);
CREATE TABLE t5 (c1 INTEGER NOT NULL);
CREATE TABLE t6 (c1 INTEGER NOT NULL);
INSERT INTO t1 (c1) VALUES(0),(1),(2),(3),(4),(5),(6),(7),(8),(9);
INSERT INTO t2 (c1) VALUES(0),(1),(2),(3),(4),(5),(6),(7),(8),(9);
INSERT INTO t3 (c1) VALUES(1),(3),(5),(7),(9);
INSERT INTO t4 (c1) VALUES(10);
INSERT INTO t5 (c1) VALUES(10),(11),(12),(13),(14);
SELECT t1.c1,t6.c1 FROM t1,t6 WHERE t1.c1 >= t6.c1;
c1	c1
DROP TABLE t1,t2,t3,t4,t5,t6;
CREATE TABLE t1 (c1 BIGINT NOT NULL);
CREATE TABLE t2 (c1 BIGINT NOT NULL);
CREATE TABLE t3 (c1 BIGINT NOT NULL);
CREATE TABLE t4 (c1 BIGINT NOT NULL);
CREATE TABLE t5 (c1 BIGINT NOT NULL);
CREATE TABLE t6 (c1 BIGINT NOT NULL);
INSERT INTO t1 (c1) VALUES(0),(1),(2),(3),(4),(5),(6),(7),(8),(9);
INSERT INTO t2 (c1) VALUES(0),(1),(2),(3),(4),(5),(6),(7),(8),(9);
INSERT INTO t3 (c1) VALUES(1),(3),(5),(7),(9);
INSERT INTO t4 (c1) VALUES(10);
INSERT INTO t5 (c1) VALUES(10),(11),(12),(13),(14);
SELECT t1.c1,t6.c1 FROM t1,t6 WHERE t1.c1 >= t6.c1;
c1	c1
DROP TABLE t1,t2,t3,t4,t5,t6;
CREATE TABLE t1 (c1 TINYINT NOT NULL);
CREATE TABLE t2 (c1 TINYINT NOT NULL);
CREATE TABLE t3 (c1 TINYINT NOT NULL);
CREATE TABLE t4 (c1 TINYINT NOT NULL);
CREATE TABLE t5 (c1 TINYINT NOT NULL);
CREATE TABLE t6 (c1 TINYINT NOT NULL);
INSERT INTO t1 (c1) VALUES(0),(1),(2),(3),(4),(5),(6),(7),(8),(9);
INSERT INTO t2 (c1) VALUES(0),(1),(2),(3),(4),(5),(6),(7),(8),(9);
INSERT INTO t3 (c1) VALUES(1),(3),(5),(7),(9);
INSERT INTO t4 (c1) VALUES(10);
INSERT INTO t5 (c1) VALUES(10),(11),(12),(13),(14);
SELECT t1.c1,t2.c1 FROM t1,t2 WHERE t1.c1 != t2.c1;
c1	c1
1	0
2	0
3	0
4	0
5	0
6	0
7	0
8	0
9	0
0	1
2	1
3	1
4	1
5	1
6	1
7	1
8	1
9	1
0	2
1	2
3	2
4	2
5	2
6	2
7	2
8	2
9	2
0	3
1	3
2	3
4	3
5	3
6	3
7	3
8	3
9	3
0	4
1	4
2	4
3	4
5	4
6	4
7	4
8	4
9	4
0	5
1	5
2	5
3	5
4	5
6	5
7	5
8	5
9	5
0	6
1	6
2	6
3	6
4	6
5	6
7	6
8	6
9	6
0	7
1	7
2	7
3	7
4	7
5	7
6	7
8	7
9	7
0	8
1	8
2	8
3	8
4	8
5	8
6	8
7	8
9	8
0	9
1	9
2	9
3	9
4	9
5	9
6	9
7	9
8	9
DROP TABLE t1,t2,t3,t4,t5,t6;
CREATE TABLE t1 (c1 SMALLINT NOT NULL);
CREATE TABLE t2 (c1 SMALLINT NOT NULL);
CREATE TABLE t3 (c1 SMALLINT NOT NULL);
CREATE TABLE t4 (c1 SMALLINT NOT NULL);
CREATE TABLE t5 (c1 SMALLINT NOT NULL);
CREATE TABLE t6 (c1 SMALLINT NOT NULL);
INSERT INTO t1 (c1) VALUES(0),(1),(2),(3),(4),(5),(6),(7),(8),(9);
INSERT INTO t2 (c1) VALUES(0),(1),(2),(3),(4),(5),(6),(7),(8),(9);
INSERT INTO t3 (c1) VALUES(1),(3),(5),(7),(9);
INSERT INTO t4 (c1) VALUES(10);
INSERT INTO t5 (c1) VALUES(10),(11),(12),(13),(14);
SELECT t1.c1,t2.c1 FROM t1,t2 WHERE t1.c1 != t2.c1;
c1	c1
1	0
2	0
3	0
4	0
5	0
6	0
7	0
8	0
9	0
0	1
2	1
3	1
4	1
5	1
6	1
7	1
8	1
9	1
0	2
1	2
3	2
4	2
5	2
6	2
7	2
8	2
9	2
0	3
1	3
2	3
4	3
5	3
6	3
7	3
8	3
9	3
0	4
1	4
2	4
3	4
5	4
6	4
7	4
8	4
9	4
0	5
1	5
2	5
3	5
4	5
6	5
7	5
8	5
9	5
0	6
1	6
2	6
3	6
4	6
5	6
7	6
8	6
9	6
0	7
1	7
2	7
3	7
4	7
5	7
6	7
8	7
9	7
0	8
1	8
2	8
3	8
4	8
5	8
6	8
7	8
9	8
0	9
1	9
2	9
3	9
4	9
5	9
6	9
7	9
8	9
DROP TABLE t1,t2,t3,t4,t5,t6;
CREATE TABLE t1 (c1 MEDIUMINT NOT NULL);
CREATE TABLE t2 (c1 MEDIUMINT NOT NULL);
CREATE TABLE t3 (c1 MEDIUMINT NOT NULL);
CREATE TABLE t4 (c1 MEDIUMINT NOT NULL);
CREATE TABLE t5 (c1 MEDIUMINT NOT NULL);
CREATE TABLE t6 (c1 MEDIUMINT NOT NULL);
INSERT INTO t1 (c1) VALUES(0),(1),(2),(3),(4),(5),(6),(7),(8),(9);
INSERT INTO t2 (c1) VALUES(0),(1),(2),(3),(4),(5),(6),(7),(8),(9);
INSERT INTO t3 (c1) VALUES(1),(3),(5),(7),(9);
INSERT INTO t4 (c1) VALUES(10);
INSERT INTO t5 (c1) VALUES(10),(11),(12),(13),(14);
SELECT t1.c1,t2.c1 FROM t1,t2 WHERE t1.c1 != t2.c1;
c1	c1
1	0
2	0
3	0
4	0
5	0
6	0
7	0
8	0
9	0
0	1
2	1
3	1
4	1
5	1
6	1
7	1
8	1
9	1
0	2
1	2
3	2
4	2
5	2
6	2
7	2
8	2
9	2
0	3
1	3
2	3
4	3
5	3
6	3
7	3
8	3
9	3
0	4
1	4
2	4
3	4
5	4
6	4
7	4
8	4
9	4
0	5
1	5
2	5
3	5
4	5
6	5
7	5
8	5
9	5
0	6
1	6
2	6
3	6
4	6
5	6
7	6
8	6
9	6
0	7
1	7
2	7
3	7
4	7
5	7
6	7
8	7
9	7
0	8
1	8
2	8
3	8
4	8
5	8
6	8
7	8
9	8
0	9
1	9
2	9
3	9
4	9
5	9
6	9
7	9
8	9
DROP TABLE t1,t2,t3,t4,t5,t6;
CREATE TABLE t1 (c1 INT NOT NULL);
CREATE TABLE t2 (c1 INT NOT NULL);
CREATE TABLE t3 (c1 INT NOT NULL);
CREATE TABLE t4 (c1 INT NOT NULL);
CREATE TABLE t5 (c1 INT NOT NULL);
CREATE TABLE t6 (c1 INT NOT NULL);
INSERT INTO t1 (c1) VALUES(0),(1),(2),(3),(4),(5),(6),(7),(8),(9);
INSERT INTO t2 (c1) VALUES(0),(1),(2),(3),(4),(5),(6),(7),(8),(9);
INSERT INTO t3 (c1) VALUES(1),(3),(5),(7),(9);
INSERT INTO t4 (c1) VALUES(10);
INSERT INTO t5 (c1) VALUES(10),(11),(12),(13),(14);
SELECT t1.c1,t2.c1 FROM t1,t2 WHERE t1.c1 != t2.c1;
c1	c1
1	0
2	0
3	0
4	0
5	0
6	0
7	0
8	0
9	0
0	1
2	1
3	1
4	1
5	1
6	1
7	1
8	1
9	1
0	2
1	2
3	2
4	2
5	2
6	2
7	2
8	2
9	2
0	3
1	3
2	3
4	3
5	3
6	3
7	3
8	3
9	3
0	4
1	4
2	4
3	4
5	4
6	4
7	4
8	4
9	4
0	5
1	5
2	5
3	5
4	5
6	5
7	5
8	5
9	5
0	6
1	6
2	6
3	6
4	6
5	6
7	6
8	6
9	6
0	7
1	7
2	7
3	7
4	7
5	7
6	7
8	7
9	7
0	8
1	8
2	8
3	8
4	8
5	8
6	8
7	8
9	8
0	9
1	9
2	9
3	9
4	9
5	9
6	9
7	9
8	9
DROP TABLE t1,t2,t3,t4,t5,t6;
CREATE TABLE t1 (c1 INTEGER NOT NULL);
CREATE TABLE t2 (c1 INTEGER NOT NULL);
CREATE TABLE t3 (c1 INTEGER NOT NULL);
CREATE TABLE t4 (c1 INTEGER NOT NULL);
CREATE TABLE t5 (c1 INTEGER NOT NULL);
CREATE TABLE t6 (c1 INTEGER NOT NULL);
INSERT INTO t1 (c1) VALUES(0),(1),(2),(3),(4),(5),(6),(7),(8),(9);
INSERT INTO t2 (c1) VALUES(0),(1),(2),(3),(4),(5),(6),(7),(8),(9);
INSERT INTO t3 (c1) VALUES(1),(3),(5),(7),(9);
INSERT INTO t4 (c1) VALUES(10);
INSERT INTO t5 (c1) VALUES(10),(11),(12),(13),(14);
SELECT t1.c1,t2.c1 FROM t1,t2 WHERE t1.c1 != t2.c1;
c1	c1
1	0
2	0
3	0
4	0
5	0
6	0
7	0
8	0
9	0
0	1
2	1
3	1
4	1
5	1
6	1
7	1
8	1
9	1
0	2
1	2
3	2
4	2
5	2
6	2
7	2
8	2
9	2
0	3
1	3
2	3
4	3
5	3
6	3
7	3
8	3
9	3
0	4
1	4
2	4
3	4
5	4
6	4
7	4
8	4
9	4
0	5
1	5
2	5
3	5
4	5
6	5
7	5
8	5
9	5
0	6
1	6
2	6
3	6
4	6
5	6
7	6
8	6
9	6
0	7
1	7
2	7
3	7
4	7
5	7
6	7
8	7
9	7
0	8
1	8
2	8
3	8
4	8
5	8
6	8
7	8
9	8
0	9
1	9
2	9
3	9
4	9
5	9
6	9
7	9
8	9
DROP TABLE t1,t2,t3,t4,t5,t6;
CREATE TABLE t1 (c1 BIGINT NOT NULL);
CREATE TABLE t2 (c1 BIGINT NOT NULL);
CREATE TABLE t3 (c1 BIGINT NOT NULL);
CREATE TABLE t4 (c1 BIGINT NOT NULL);
CREATE TABLE t5 (c1 BIGINT NOT NULL);
CREATE TABLE t6 (c1 BIGINT NOT NULL);
INSERT INTO t1 (c1) VALUES(0),(1),(2),(3),(4),(5),(6),(7),(8),(9);
INSERT INTO t2 (c1) VALUES(0),(1),(2),(3),(4),(5),(6),(7),(8),(9);
INSERT INTO t3 (c1) VALUES(1),(3),(5),(7),(9);
INSERT INTO t4 (c1) VALUES(10);
INSERT INTO t5 (c1) VALUES(10),(11),(12),(13),(14);
SELECT t1.c1,t2.c1 FROM t1,t2 WHERE t1.c1 != t2.c1;
c1	c1
1	0
2	0
3	0
4	0
5	0
6	0
7	0
8	0
9	0
0	1
2	1
3	1
4	1
5	1
6	1
7	1
8	1
9	1
0	2
1	2
3	2
4	2
5	2
6	2
7	2
8	2
9	2
0	3
1	3
2	3
4	3
5	3
6	3
7	3
8	3
9	3
0	4
1	4
2	4
3	4
5	4
6	4
7	4
8	4
9	4
0	5
1	5
2	5
3	5
4	5
6	5
7	5
8	5
9	5
0	6
1	6
2	6
3	6
4	6
5	6
7	6
8	6
9	6
0	7
1	7
2	7
3	7
4	7
5	7
6	7
8	7
9	7
0	8
1	8
2	8
3	8
4	8
5	8
6	8
7	8
9	8
0	9
1	9
2	9
3	9
4	9
5	9
6	9
7	9
8	9
DROP TABLE t1,t2,t3,t4,t5,t6;
CREATE TABLE t1 (c1 TINYINT NOT NULL);
CREATE TABLE t2 (c1 TINYINT NOT NULL);
CREATE TABLE t3 (c1 TINYINT NOT NULL);
CREATE TABLE t4 (c1 TINYINT NOT NULL);
CREATE TABLE t5 (c1 TINYINT NOT NULL);
CREATE TABLE t6 (c1 TINYINT NOT NULL);
INSERT INTO t1 (c1) VALUES(0),(1),(2),(3),(4),(5),(6),(7),(8),(9);
INSERT INTO t2 (c1) VALUES(0),(1),(2),(3),(4),(5),(6),(7),(8),(9);
INSERT INTO t3 (c1) VALUES(1),(3),(5),(7),(9);
INSERT INTO t4 (c1) VALUES(10);
INSERT INTO t5 (c1) VALUES(10),(11),(12),(13),(14);
SELECT t1.c1,t3.c1 FROM t1,t3 WHERE t1.c1 != t3.c1;
c1	c1
0	1
0	3
0	5
0	7
0	9
1	3
1	5
1	7
1	9
2	1
2	3
2	5
2	7
2	9
3	1
3	5
3	7
3	9
4	1
4	3
4	5
4	7
4	9
5	1
5	3
5	7
5	9
6	1
6	3
6	5
6	7
6	9
7	1
7	3
7	5
7	9
8	1
8	3
8	5
8	7
8	9
9	1
9	3
9	5
9	7
DROP TABLE t1,t2,t3,t4,t5,t6;
CREATE TABLE t1 (c1 SMALLINT NOT NULL);
CREATE TABLE t2 (c1 SMALLINT NOT NULL);
CREATE TABLE t3 (c1 SMALLINT NOT NULL);
CREATE TABLE t4 (c1 SMALLINT NOT NULL);
CREATE TABLE t5 (c1 SMALLINT NOT NULL);
CREATE TABLE t6 (c1 SMALLINT NOT NULL);
INSERT INTO t1 (c1) VALUES(0),(1),(2),(3),(4),(5),(6),(7),(8),(9);
INSERT INTO t2 (c1) VALUES(0),(1),(2),(3),(4),(5),(6),(7),(8),(9);
INSERT INTO t3 (c1) VALUES(1),(3),(5),(7),(9);
INSERT INTO t4 (c1) VALUES(10);
INSERT INTO t5 (c1) VALUES(10),(11),(12),(13),(14);
SELECT t1.c1,t3.c1 FROM t1,t3 WHERE t1.c1 != t3.c1;
c1	c1
0	1
0	3
0	5
0	7
0	9
1	3
1	5
1	7
1	9
2	1
2	3
2	5
2	7
2	9
3	1
3	5
3	7
3	9
4	1
4	3
4	5
4	7
4	9
5	1
5	3
5	7
5	9
6	1
6	3
6	5
6	7
6	9
7	1
7	3
7	5
7	9
8	1
8	3
8	5
8	7
8	9
9	1
9	3
9	5
9	7
DROP TABLE t1,t2,t3,t4,t5,t6;
CREATE TABLE t1 (c1 MEDIUMINT NOT NULL);
CREATE TABLE t2 (c1 MEDIUMINT NOT NULL);
CREATE TABLE t3 (c1 MEDIUMINT NOT NULL);
CREATE TABLE t4 (c1 MEDIUMINT NOT NULL);
CREATE TABLE t5 (c1 MEDIUMINT NOT NULL);
CREATE TABLE t6 (c1 MEDIUMINT NOT NULL);
INSERT INTO t1 (c1) VALUES(0),(1),(2),(3),(4),(5),(6),(7),(8),(9);
INSERT INTO t2 (c1) VALUES(0),(1),(2),(3),(4),(5),(6),(7),(8),(9);
INSERT INTO t3 (c1) VALUES(1),(3),(5),(7),(9);
INSERT INTO t4 (c1) VALUES(10);
INSERT INTO t5 (c1) VALUES(10),(11),(12),(13),(14);
SELECT t1.c1,t3.c1 FROM t1,t3 WHERE t1.c1 != t3.c1;
c1	c1
0	1
0	3
0	5
0	7
0	9
1	3
1	5
1	7
1	9
2	1
2	3
2	5
2	7
2	9
3	1
3	5
3	7
3	9
4	1
4	3
4	5
4	7
4	9
5	1
5	3
5	7
5	9
6	1
6	3
6	5
6	7
6	9
7	1
7	3
7	5
7	9
8	1
8	3
8	5
8	7
8	9
9	1
9	3
9	5
9	7
DROP TABLE t1,t2,t3,t4,t5,t6;
CREATE TABLE t1 (c1 INT NOT NULL);
CREATE TABLE t2 (c1 INT NOT NULL);
CREATE TABLE t3 (c1 INT NOT NULL);
CREATE TABLE t4 (c1 INT NOT NULL);
CREATE TABLE t5 (c1 INT NOT NULL);
CREATE TABLE t6 (c1 INT NOT NULL);
INSERT INTO t1 (c1) VALUES(0),(1),(2),(3),(4),(5),(6),(7),(8),(9);
INSERT INTO t2 (c1) VALUES(0),(1),(2),(3),(4),(5),(6),(7),(8),(9);
INSERT INTO t3 (c1) VALUES(1),(3),(5),(7),(9);
INSERT INTO t4 (c1) VALUES(10);
INSERT INTO t5 (c1) VALUES(10),(11),(12),(13),(14);
SELECT t1.c1,t3.c1 FROM t1,t3 WHERE t1.c1 != t3.c1;
c1	c1
0	1
0	3
0	5
0	7
0	9
1	3
1	5
1	7
1	9
2	1
2	3
2	5
2	7
2	9
3	1
3	5
3	7
3	9
4	1
4	3
4	5
4	7
4	9
5	1
5	3
5	7
5	9
6	1
6	3
6	5
6	7
6	9
7	1
7	3
7	5
7	9
8	1
8	3
8	5
8	7
8	9
9	1
9	3
9	5
9	7
DROP TABLE t1,t2,t3,t4,t5,t6;
CREATE TABLE t1 (c1 INTEGER NOT NULL);
CREATE TABLE t2 (c1 INTEGER NOT NULL);
CREATE TABLE t3 (c1 INTEGER NOT NULL);
CREATE TABLE t4 (c1 INTEGER NOT NULL);
CREATE TABLE t5 (c1 INTEGER NOT NULL);
CREATE TABLE t6 (c1 INTEGER NOT NULL);
INSERT INTO t1 (c1) VALUES(0),(1),(2),(3),(4),(5),(6),(7),(8),(9);
INSERT INTO t2 (c1) VALUES(0),(1),(2),(3),(4),(5),(6),(7),(8),(9);
INSERT INTO t3 (c1) VALUES(1),(3),(5),(7),(9);
INSERT INTO t4 (c1) VALUES(10);
INSERT INTO t5 (c1) VALUES(10),(11),(12),(13),(14);
SELECT t1.c1,t3.c1 FROM t1,t3 WHERE t1.c1 != t3.c1;
c1	c1
0	1
0	3
0	5
0	7
0	9
1	3
1	5
1	7
1	9
2	1
2	3
2	5
2	7
2	9
3	1
3	5
3	7
3	9
4	1
4	3
4	5
4	7
4	9
5	1
5	3
5	7
5	9
6	1
6	3
6	5
6	7
6	9
7	1
7	3
7	5
7	9
8	1
8	3
8	5
8	7
8	9
9	1
9	3
9	5
9	7
DROP TABLE t1,t2,t3,t4,t5,t6;
CREATE TABLE t1 (c1 BIGINT NOT NULL);
CREATE TABLE t2 (c1 BIGINT NOT NULL);
CREATE TABLE t3 (c1 BIGINT NOT NULL);
CREATE TABLE t4 (c1 BIGINT NOT NULL);
CREATE TABLE t5 (c1 BIGINT NOT NULL);
CREATE TABLE t6 (c1 BIGINT NOT NULL);
INSERT INTO t1 (c1) VALUES(0),(1),(2),(3),(4),(5),(6),(7),(8),(9);
INSERT INTO t2 (c1) VALUES(0),(1),(2),(3),(4),(5),(6),(7),(8),(9);
INSERT INTO t3 (c1) VALUES(1),(3),(5),(7),(9);
INSERT INTO t4 (c1) VALUES(10);
INSERT INTO t5 (c1) VALUES(10),(11),(12),(13),(14);
SELECT t1.c1,t3.c1 FROM t1,t3 WHERE t1.c1 != t3.c1;
c1	c1
0	1
0	3
0	5
0	7
0	9
1	3
1	5
1	7
1	9
2	1
2	3
2	5
2	7
2	9
3	1
3	5
3	7
3	9
4	1
4	3
4	5
4	7
4	9
5	1
5	3
5	7
5	9
6	1
6	3
6	5
6	7
6	9
7	1
7	3
7	5
7	9
8	1
8	3
8	5
8	7
8	9
9	1
9	3
9	5
9	7
DROP TABLE t1,t2,t3,t4,t5,t6;
CREATE TABLE t1 (c1 TINYINT NOT NULL);
CREATE TABLE t2 (c1 TINYINT NOT NULL);
CREATE TABLE t3 (c1 TINYINT NOT NULL);
CREATE TABLE t4 (c1 TINYINT NOT NULL);
CREATE TABLE t5 (c1 TINYINT NOT NULL);
CREATE TABLE t6 (c1 TINYINT NOT NULL);
INSERT INTO t1 (c1) VALUES(0),(1),(2),(3),(4),(5),(6),(7),(8),(9);
INSERT INTO t2 (c1) VALUES(0),(1),(2),(3),(4),(5),(6),(7),(8),(9);
INSERT INTO t3 (c1) VALUES(1),(3),(5),(7),(9);
INSERT INTO t4 (c1) VALUES(10);
INSERT INTO t5 (c1) VALUES(10),(11),(12),(13),(14);
SELECT t1.c1,t4.c1 FROM t1,t4 WHERE t1.c1 != t4.c1;
c1	c1
0	10
1	10
2	10
3	10
4	10
5	10
6	10
7	10
8	10
9	10
DROP TABLE t1,t2,t3,t4,t5,t6;
CREATE TABLE t1 (c1 SMALLINT NOT NULL);
CREATE TABLE t2 (c1 SMALLINT NOT NULL);
CREATE TABLE t3 (c1 SMALLINT NOT NULL);
CREATE TABLE t4 (c1 SMALLINT NOT NULL);
CREATE TABLE t5 (c1 SMALLINT NOT NULL);
CREATE TABLE t6 (c1 SMALLINT NOT NULL);
INSERT INTO t1 (c1) VALUES(0),(1),(2),(3),(4),(5),(6),(7),(8),(9);
INSERT INTO t2 (c1) VALUES(0),(1),(2),(3),(4),(5),(6),(7),(8),(9);
INSERT INTO t3 (c1) VALUES(1),(3),(5),(7),(9);
INSERT INTO t4 (c1) VALUES(10);
INSERT INTO t5 (c1) VALUES(10),(11),(12),(13),(14);
SELECT t1.c1,t4.c1 FROM t1,t4 WHERE t1.c1 != t4.c1;
c1	c1
0	10
1	10
2	10
3	10
4	10
5	10
6	10
7	10
8	10
9	10
DROP TABLE t1,t2,t3,t4,t5,t6;
CREATE TABLE t1 (c1 MEDIUMINT NOT NULL);
CREATE TABLE t2 (c1 MEDIUMINT NOT NULL);
CREATE TABLE t3 (c1 MEDIUMINT NOT NULL);
CREATE TABLE t4 (c1 MEDIUMINT NOT NULL);
CREATE TABLE t5 (c1 MEDIUMINT NOT NULL);
CREATE TABLE t6 (c1 MEDIUMINT NOT NULL);
INSERT INTO t1 (c1) VALUES(0),(1),(2),(3),(4),(5),(6),(7),(8),(9);
INSERT INTO t2 (c1) VALUES(0),(1),(2),(3),(4),(5),(6),(7),(8),(9);
INSERT INTO t3 (c1) VALUES(1),(3),(5),(7),(9);
INSERT INTO t4 (c1) VALUES(10);
INSERT INTO t5 (c1) VALUES(10),(11),(12),(13),(14);
SELECT t1.c1,t4.c1 FROM t1,t4 WHERE t1.c1 != t4.c1;
c1	c1
0	10
1	10
2	10
3	10
4	10
5	10
6	10
7	10
8	10
9	10
DROP TABLE t1,t2,t3,t4,t5,t6;
CREATE TABLE t1 (c1 INT NOT NULL);
CREATE TABLE t2 (c1 INT NOT NULL);
CREATE TABLE t3 (c1 INT NOT NULL);
CREATE TABLE t4 (c1 INT NOT NULL);
CREATE TABLE t5 (c1 INT NOT NULL);
CREATE TABLE t6 (c1 INT NOT NULL);
INSERT INTO t1 (c1) VALUES(0),(1),(2),(3),(4),(5),(6),(7),(8),(9);
INSERT INTO t2 (c1) VALUES(0),(1),(2),(3),(4),(5),(6),(7),(8),(9);
INSERT INTO t3 (c1) VALUES(1),(3),(5),(7),(9);
INSERT INTO t4 (c1) VALUES(10);
INSERT INTO t5 (c1) VALUES(10),(11),(12),(13),(14);
SELECT t1.c1,t4.c1 FROM t1,t4 WHERE t1.c1 != t4.c1;
c1	c1
0	10
1	10
2	10
3	10
4	10
5	10
6	10
7	10
8	10
9	10
DROP TABLE t1,t2,t3,t4,t5,t6;
CREATE TABLE t1 (c1 INTEGER NOT NULL);
CREATE TABLE t2 (c1 INTEGER NOT NULL);
CREATE TABLE t3 (c1 INTEGER NOT NULL);
CREATE TABLE t4 (c1 INTEGER NOT NULL);
CREATE TABLE t5 (c1 INTEGER NOT NULL);
CREATE TABLE t6 (c1 INTEGER NOT NULL);
INSERT INTO t1 (c1) VALUES(0),(1),(2),(3),(4),(5),(6),(7),(8),(9);
INSERT INTO t2 (c1) VALUES(0),(1),(2),(3),(4),(5),(6),(7),(8),(9);
INSERT INTO t3 (c1) VALUES(1),(3),(5),(7),(9);
INSERT INTO t4 (c1) VALUES(10);
INSERT INTO t5 (c1) VALUES(10),(11),(12),(13),(14);
SELECT t1.c1,t4.c1 FROM t1,t4 WHERE t1.c1 != t4.c1;
c1	c1
0	10
1	10
2	10
3	10
4	10
5	10
6	10
7	10
8	10
9	10
DROP TABLE t1,t2,t3,t4,t5,t6;
CREATE TABLE t1 (c1 BIGINT NOT NULL);
CREATE TABLE t2 (c1 BIGINT NOT NULL);
CREATE TABLE t3 (c1 BIGINT NOT NULL);
CREATE TABLE t4 (c1 BIGINT NOT NULL);
CREATE TABLE t5 (c1 BIGINT NOT NULL);
CREATE TABLE t6 (c1 BIGINT NOT NULL);
INSERT INTO t1 (c1) VALUES(0),(1),(2),(3),(4),(5),(6),(7),(8),(9);
INSERT INTO t2 (c1) VALUES(0),(1),(2),(3),(4),(5),(6),(7),(8),(9);
INSERT INTO t3 (c1) VALUES(1),(3),(5),(7),(9);
INSERT INTO t4 (c1) VALUES(10);
INSERT INTO t5 (c1) VALUES(10),(11),(12),(13),(14);
SELECT t1.c1,t4.c1 FROM t1,t4 WHERE t1.c1 != t4.c1;
c1	c1
0	10
1	10
2	10
3	10
4	10
5	10
6	10
7	10
8	10
9	10
DROP TABLE t1,t2,t3,t4,t5,t6;
CREATE TABLE t1 (c1 TINYINT NOT NULL);
CREATE TABLE t2 (c1 TINYINT NOT NULL);
CREATE TABLE t3 (c1 TINYINT NOT NULL);
CREATE TABLE t4 (c1 TINYINT NOT NULL);
CREATE TABLE t5 (c1 TINYINT NOT NULL);
CREATE TABLE t6 (c1 TINYINT NOT NULL);
INSERT INTO t1 (c1) VALUES(0),(1),(2),(3),(4),(5),(6),(7),(8),(9);
INSERT INTO t2 (c1) VALUES(0),(1),(2),(3),(4),(5),(6),(7),(8),(9);
INSERT INTO t3 (c1) VALUES(1),(3),(5),(7),(9);
INSERT INTO t4 (c1) VALUES(10);
INSERT INTO t5 (c1) VALUES(10),(11),(12),(13),(14);
SELECT t1.c1,t5.c1 FROM t1,t5 WHERE t1.c1 != t5.c1;
c1	c1
0	10
0	11
0	12
0	13
0	14
1	10
1	11
1	12
1	13
1	14
2	10
2	11
2	12
2	13
2	14
3	10
3	11
3	12
3	13
3	14
4	10
4	11
4	12
4	13
4	14
5	10
5	11
5	12
5	13
5	14
6	10
6	11
6	12
6	13
6	14
7	10
7	11
7	12
7	13
7	14
8	10
8	11
8	12
8	13
8	14
9	10
9	11
9	12
9	13
9	14
DROP TABLE t1,t2,t3,t4,t5,t6;
CREATE TABLE t1 (c1 SMALLINT NOT NULL);
CREATE TABLE t2 (c1 SMALLINT NOT NULL);
CREATE TABLE t3 (c1 SMALLINT NOT NULL);
CREATE TABLE t4 (c1 SMALLINT NOT NULL);
CREATE TABLE t5 (c1 SMALLINT NOT NULL);
CREATE TABLE t6 (c1 SMALLINT NOT NULL);
INSERT INTO t1 (c1) VALUES(0),(1),(2),(3),(4),(5),(6),(7),(8),(9);
INSERT INTO t2 (c1) VALUES(0),(1),(2),(3),(4),(5),(6),(7),(8),(9);
INSERT INTO t3 (c1) VALUES(1),(3),(5),(7),(9);
INSERT INTO t4 (c1) VALUES(10);
INSERT INTO t5 (c1) VALUES(10),(11),(12),(13),(14);
SELECT t1.c1,t5.c1 FROM t1,t5 WHERE t1.c1 != t5.c1;
c1	c1
0	10
0	11
0	12
0	13
0	14
1	10
1	11
1	12
1	13
1	14
2	10
2	11
2	12
2	13
2	14
3	10
3	11
3	12
3	13
3	14
4	10
4	11
4	12
4	13
4	14
5	10
5	11
5	12
5	13
5	14
6	10
6	11
6	12
6	13
6	14
7	10
7	11
7	12
7	13
7	14
8	10
8	11
8	12
8	13
8	14
9	10
9	11
9	12
9	13
9	14
DROP TABLE t1,t2,t3,t4,t5,t6;
CREATE TABLE t1 (c1 MEDIUMINT NOT NULL);
CREATE TABLE t2 (c1 MEDIUMINT NOT NULL);
CREATE TABLE t3 (c1 MEDIUMINT NOT NULL);
CREATE TABLE t4 (c1 MEDIUMINT NOT NULL);
CREATE TABLE t5 (c1 MEDIUMINT NOT NULL);
CREATE TABLE t6 (c1 MEDIUMINT NOT NULL);
INSERT INTO t1 (c1) VALUES(0),(1),(2),(3),(4),(5),(6),(7),(8),(9);
INSERT INTO t2 (c1) VALUES(0),(1),(2),(3),(4),(5),(6),(7),(8),(9);
INSERT INTO t3 (c1) VALUES(1),(3),(5),(7),(9);
INSERT INTO t4 (c1) VALUES(10);
INSERT INTO t5 (c1) VALUES(10),(11),(12),(13),(14);
SELECT t1.c1,t5.c1 FROM t1,t5 WHERE t1.c1 != t5.c1;
c1	c1
0	10
0	11
0	12
0	13
0	14
1	10
1	11
1	12
1	13
1	14
2	10
2	11
2	12
2	13
2	14
3	10
3	11
3	12
3	13
3	14
4	10
4	11
4	12
4	13
4	14
5	10
5	11
5	12
5	13
5	14
6	10
6	11
6	12
6	13
6	14
7	10
7	11
7	12
7	13
7	14
8	10
8	11
8	12
8	13
8	14
9	10
9	11
9	12
9	13
9	14
DROP TABLE t1,t2,t3,t4,t5,t6;
CREATE TABLE t1 (c1 INT NOT NULL);
CREATE TABLE t2 (c1 INT NOT NULL);
CREATE TABLE t3 (c1 INT NOT NULL);
CREATE TABLE t4 (c1 INT NOT NULL);
CREATE TABLE t5 (c1 INT NOT NULL);
CREATE TABLE t6 (c1 INT NOT NULL);
INSERT INTO t1 (c1) VALUES(0),(1),(2),(3),(4),(5),(6),(7),(8),(9);
INSERT INTO t2 (c1) VALUES(0),(1),(2),(3),(4),(5),(6),(7),(8),(9);
INSERT INTO t3 (c1) VALUES(1),(3),(5),(7),(9);
INSERT INTO t4 (c1) VALUES(10);
INSERT INTO t5 (c1) VALUES(10),(11),(12),(13),(14);
SELECT t1.c1,t5.c1 FROM t1,t5 WHERE t1.c1 != t5.c1;
c1	c1
0	10
0	11
0	12
0	13
0	14
1	10
1	11
1	12
1	13
1	14
2	10
2	11
2	12
2	13
2	14
3	10
3	11
3	12
3	13
3	14
4	10
4	11
4	12
4	13
4	14
5	10
5	11
5	12
5	13
5	14
6	10
6	11
6	12
6	13
6	14
7	10
7	11
7	12
7	13
7	14
8	10
8	11
8	12
8	13
8	14
9	10
9	11
9	12
9	13
9	14
DROP TABLE t1,t2,t3,t4,t5,t6;
CREATE TABLE t1 (c1 INTEGER NOT NULL);
CREATE TABLE t2 (c1 INTEGER NOT NULL);
CREATE TABLE t3 (c1 INTEGER NOT NULL);
CREATE TABLE t4 (c1 INTEGER NOT NULL);
CREATE TABLE t5 (c1 INTEGER NOT NULL);
CREATE TABLE t6 (c1 INTEGER NOT NULL);
INSERT INTO t1 (c1) VALUES(0),(1),(2),(3),(4),(5),(6),(7),(8),(9);
INSERT INTO t2 (c1) VALUES(0),(1),(2),(3),(4),(5),(6),(7),(8),(9);
INSERT INTO t3 (c1) VALUES(1),(3),(5),(7),(9);
INSERT INTO t4 (c1) VALUES(10);
INSERT INTO t5 (c1) VALUES(10),(11),(12),(13),(14);
SELECT t1.c1,t5.c1 FROM t1,t5 WHERE t1.c1 != t5.c1;
c1	c1
0	10
0	11
0	12
0	13
0	14
1	10
1	11
1	12
1	13
1	14
2	10
2	11
2	12
2	13
2	14
3	10
3	11
3	12
3	13
3	14
4	10
4	11
4	12
4	13
4	14
5	10
5	11
5	12
5	13
5	14
6	10
6	11
6	12
6	13
6	14
7	10
7	11
7	12
7	13
7	14
8	10
8	11
8	12
8	13
8	14
9	10
9	11
9	12
9	13
9	14
DROP TABLE t1,t2,t3,t4,t5,t6;
CREATE TABLE t1 (c1 BIGINT NOT NULL);
CREATE TABLE t2 (c1 BIGINT NOT NULL);
CREATE TABLE t3 (c1 BIGINT NOT NULL);
CREATE TABLE t4 (c1 BIGINT NOT NULL);
CREATE TABLE t5 (c1 BIGINT NOT NULL);
CREATE TABLE t6 (c1 BIGINT NOT NULL);
INSERT INTO t1 (c1) VALUES(0),(1),(2),(3),(4),(5),(6),(7),(8),(9);
INSERT INTO t2 (c1) VALUES(0),(1),(2),(3),(4),(5),(6),(7),(8),(9);
INSERT INTO t3 (c1) VALUES(1),(3),(5),(7),(9);
INSERT INTO t4 (c1) VALUES(10);
INSERT INTO t5 (c1) VALUES(10),(11),(12),(13),(14);
SELECT t1.c1,t5.c1 FROM t1,t5 WHERE t1.c1 != t5.c1;
c1	c1
0	10
0	11
0	12
0	13
0	14
1	10
1	11
1	12
1	13
1	14
2	10
2	11
2	12
2	13
2	14
3	10
3	11
3	12
3	13
3	14
4	10
4	11
4	12
4	13
4	14
5	10
5	11
5	12
5	13
5	14
6	10
6	11
6	12
6	13
6	14
7	10
7	11
7	12
7	13
7	14
8	10
8	11
8	12
8	13
8	14
9	10
9	11
9	12
9	13
9	14
DROP TABLE t1,t2,t3,t4,t5,t6;
CREATE TABLE t1 (c1 TINYINT NOT NULL);
CREATE TABLE t2 (c1 TINYINT NOT NULL);
CREATE TABLE t3 (c1 TINYINT NOT NULL);
CREATE TABLE t4 (c1 TINYINT NOT NULL);
CREATE TABLE t5 (c1 TINYINT NOT NULL);
CREATE TABLE t6 (c1 TINYINT NOT NULL);
INSERT INTO t1 (c1) VALUES(0),(1),(2),(3),(4),(5),(6),(7),(8),(9);
INSERT INTO t2 (c1) VALUES(0),(1),(2),(3),(4),(5),(6),(7),(8),(9);
INSERT INTO t3 (c1) VALUES(1),(3),(5),(7),(9);
INSERT INTO t4 (c1) VALUES(10);
INSERT INTO t5 (c1) VALUES(10),(11),(12),(13),(14);
SELECT t1.c1,t6.c1 FROM t1,t6 WHERE t1.c1 != t6.c1;
c1	c1
DROP TABLE t1,t2,t3,t4,t5,t6;
CREATE TABLE t1 (c1 SMALLINT NOT NULL);
CREATE TABLE t2 (c1 SMALLINT NOT NULL);
CREATE TABLE t3 (c1 SMALLINT NOT NULL);
CREATE TABLE t4 (c1 SMALLINT NOT NULL);
CREATE TABLE t5 (c1 SMALLINT NOT NULL);
CREATE TABLE t6 (c1 SMALLINT NOT NULL);
INSERT INTO t1 (c1) VALUES(0),(1),(2),(3),(4),(5),(6),(7),(8),(9);
INSERT INTO t2 (c1) VALUES(0),(1),(2),(3),(4),(5),(6),(7),(8),(9);
INSERT INTO t3 (c1) VALUES(1),(3),(5),(7),(9);
INSERT INTO t4 (c1) VALUES(10);
INSERT INTO t5 (c1) VALUES(10),(11),(12),(13),(14);
SELECT t1.c1,t6.c1 FROM t1,t6 WHERE t1.c1 != t6.c1;
c1	c1
DROP TABLE t1,t2,t3,t4,t5,t6;
CREATE TABLE t1 (c1 MEDIUMINT NOT NULL);
CREATE TABLE t2 (c1 MEDIUMINT NOT NULL);
CREATE TABLE t3 (c1 MEDIUMINT NOT NULL);
CREATE TABLE t4 (c1 MEDIUMINT NOT NULL);
CREATE TABLE t5 (c1 MEDIUMINT NOT NULL);
CREATE TABLE t6 (c1 MEDIUMINT NOT NULL);
INSERT INTO t1 (c1) VALUES(0),(1),(2),(3),(4),(5),(6),(7),(8),(9);
INSERT INTO t2 (c1) VALUES(0),(1),(2),(3),(4),(5),(6),(7),(8),(9);
INSERT INTO t3 (c1) VALUES(1),(3),(5),(7),(9);
INSERT INTO t4 (c1) VALUES(10);
INSERT INTO t5 (c1) VALUES(10),(11),(12),(13),(14);
SELECT t1.c1,t6.c1 FROM t1,t6 WHERE t1.c1 != t6.c1;
c1	c1
DROP TABLE t1,t2,t3,t4,t5,t6;
CREATE TABLE t1 (c1 INT NOT NULL);
CREATE TABLE t2 (c1 INT NOT NULL);
CREATE TABLE t3 (c1 INT NOT NULL);
CREATE TABLE t4 (c1 INT NOT NULL);
CREATE TABLE t5 (c1 INT NOT NULL);
CREATE TABLE t6 (c1 INT NOT NULL);
INSERT INTO t1 (c1) VALUES(0),(1),(2),(3),(4),(5),(6),(7),(8),(9);
INSERT INTO t2 (c1) VALUES(0),(1),(2),(3),(4),(5),(6),(7),(8),(9);
INSERT INTO t3 (c1) VALUES(1),(3),(5),(7),(9);
INSERT INTO t4 (c1) VALUES(10);
INSERT INTO t5 (c1) VALUES(10),(11),(12),(13),(14);
SELECT t1.c1,t6.c1 FROM t1,t6 WHERE t1.c1 != t6.c1;
c1	c1
DROP TABLE t1,t2,t3,t4,t5,t6;
CREATE TABLE t1 (c1 INTEGER NOT NULL);
CREATE TABLE t2 (c1 INTEGER NOT NULL);
CREATE TABLE t3 (c1 INTEGER NOT NULL);
CREATE TABLE t4 (c1 INTEGER NOT NULL);
CREATE TABLE t5 (c1 INTEGER NOT NULL);
CREATE TABLE t6 (c1 INTEGER NOT NULL);
INSERT INTO t1 (c1) VALUES(0),(1),(2),(3),(4),(5),(6),(7),(8),(9);
INSERT INTO t2 (c1) VALUES(0),(1),(2),(3),(4),(5),(6),(7),(8),(9);
INSERT INTO t3 (c1) VALUES(1),(3),(5),(7),(9);
INSERT INTO t4 (c1) VALUES(10);
INSERT INTO t5 (c1) VALUES(10),(11),(12),(13),(14);
SELECT t1.c1,t6.c1 FROM t1,t6 WHERE t1.c1 != t6.c1;
c1	c1
DROP TABLE t1,t2,t3,t4,t5,t6;
CREATE TABLE t1 (c1 BIGINT NOT NULL);
CREATE TABLE t2 (c1 BIGINT NOT NULL);
CREATE TABLE t3 (c1 BIGINT NOT NULL);
CREATE TABLE t4 (c1 BIGINT NOT NULL);
CREATE TABLE t5 (c1 BIGINT NOT NULL);
CREATE TABLE t6 (c1 BIGINT NOT NULL);
INSERT INTO t1 (c1) VALUES(0),(1),(2),(3),(4),(5),(6),(7),(8),(9);
INSERT INTO t2 (c1) VALUES(0),(1),(2),(3),(4),(5),(6),(7),(8),(9);
INSERT INTO t3 (c1) VALUES(1),(3),(5),(7),(9);
INSERT INTO t4 (c1) VALUES(10);
INSERT INTO t5 (c1) VALUES(10),(11),(12),(13),(14);
SELECT t1.c1,t6.c1 FROM t1,t6 WHERE t1.c1 != t6.c1;
c1	c1
DROP TABLE t1,t2,t3,t4,t5,t6;
CREATE TABLE t1 (c1 TINYINT NOT NULL);
CREATE TABLE t2 (c1 TINYINT NOT NULL);
CREATE TABLE t3 (c1 TINYINT NOT NULL);
CREATE TABLE t4 (c1 TINYINT NOT NULL);
CREATE TABLE t5 (c1 TINYINT NOT NULL);
CREATE TABLE t6 (c1 TINYINT NOT NULL);
INSERT INTO t1 (c1) VALUES(0),(1),(2),(3),(4),(5),(6),(7),(8),(9);
INSERT INTO t2 (c1) VALUES(0),(1),(2),(3),(4),(5),(6),(7),(8),(9);
INSERT INTO t3 (c1) VALUES(1),(3),(5),(7),(9);
INSERT INTO t4 (c1) VALUES(10);
INSERT INTO t5 (c1) VALUES(10),(11),(12),(13),(14);
SELECT t1.c1,t2.c1 FROM t1,t2 WHERE t1.c1 <> t2.c1;
c1	c1
1	0
2	0
3	0
4	0
5	0
6	0
7	0
8	0
9	0
0	1
2	1
3	1
4	1
5	1
6	1
7	1
8	1
9	1
0	2
1	2
3	2
4	2
5	2
6	2
7	2
8	2
9	2
0	3
1	3
2	3
4	3
5	3
6	3
7	3
8	3
9	3
0	4
1	4
2	4
3	4
5	4
6	4
7	4
8	4
9	4
0	5
1	5
2	5
3	5
4	5
6	5
7	5
8	5
9	5
0	6
1	6
2	6
3	6
4	6
5	6
7	6
8	6
9	6
0	7
1	7
2	7
3	7
4	7
5	7
6	7
8	7
9	7
0	8
1	8
2	8
3	8
4	8
5	8
6	8
7	8
9	8
0	9
1	9
2	9
3	9
4	9
5	9
6	9
7	9
8	9
DROP TABLE t1,t2,t3,t4,t5,t6;
CREATE TABLE t1 (c1 SMALLINT NOT NULL);
CREATE TABLE t2 (c1 SMALLINT NOT NULL);
CREATE TABLE t3 (c1 SMALLINT NOT NULL);
CREATE TABLE t4 (c1 SMALLINT NOT NULL);
CREATE TABLE t5 (c1 SMALLINT NOT NULL);
CREATE TABLE t6 (c1 SMALLINT NOT NULL);
INSERT INTO t1 (c1) VALUES(0),(1),(2),(3),(4),(5),(6),(7),(8),(9);
INSERT INTO t2 (c1) VALUES(0),(1),(2),(3),(4),(5),(6),(7),(8),(9);
INSERT INTO t3 (c1) VALUES(1),(3),(5),(7),(9);
INSERT INTO t4 (c1) VALUES(10);
INSERT INTO t5 (c1) VALUES(10),(11),(12),(13),(14);
SELECT t1.c1,t2.c1 FROM t1,t2 WHERE t1.c1 <> t2.c1;
c1	c1
1	0
2	0
3	0
4	0
5	0
6	0
7	0
8	0
9	0
0	1
2	1
3	1
4	1
5	1
6	1
7	1
8	1
9	1
0	2
1	2
3	2
4	2
5	2
6	2
7	2
8	2
9	2
0	3
1	3
2	3
4	3
5	3
6	3
7	3
8	3
9	3
0	4
1	4
2	4
3	4
5	4
6	4
7	4
8	4
9	4
0	5
1	5
2	5
3	5
4	5
6	5
7	5
8	5
9	5
0	6
1	6
2	6
3	6
4	6
5	6
7	6
8	6
9	6
0	7
1	7
2	7
3	7
4	7
5	7
6	7
8	7
9	7
0	8
1	8
2	8
3	8
4	8
5	8
6	8
7	8
9	8
0	9
1	9
2	9
3	9
4	9
5	9
6	9
7	9
8	9
DROP TABLE t1,t2,t3,t4,t5,t6;
CREATE TABLE t1 (c1 MEDIUMINT NOT NULL);
CREATE TABLE t2 (c1 MEDIUMINT NOT NULL);
CREATE TABLE t3 (c1 MEDIUMINT NOT NULL);
CREATE TABLE t4 (c1 MEDIUMINT NOT NULL);
CREATE TABLE t5 (c1 MEDIUMINT NOT NULL);
CREATE TABLE t6 (c1 MEDIUMINT NOT NULL);
INSERT INTO t1 (c1) VALUES(0),(1),(2),(3),(4),(5),(6),(7),(8),(9);
INSERT INTO t2 (c1) VALUES(0),(1),(2),(3),(4),(5),(6),(7),(8),(9);
INSERT INTO t3 (c1) VALUES(1),(3),(5),(7),(9);
INSERT INTO t4 (c1) VALUES(10);
INSERT INTO t5 (c1) VALUES(10),(11),(12),(13),(14);
SELECT t1.c1,t2.c1 FROM t1,t2 WHERE t1.c1 <> t2.c1;
c1	c1
1	0
2	0
3	0
4	0
5	0
6	0
7	0
8	0
9	0
0	1
2	1
3	1
4	1
5	1
6	1
7	1
8	1
9	1
0	2
1	2
3	2
4	2
5	2
6	2
7	2
8	2
9	2
0	3
1	3
2	3
4	3
5	3
6	3
7	3
8	3
9	3
0	4
1	4
2	4
3	4
5	4
6	4
7	4
8	4
9	4
0	5
1	5
2	5
3	5
4	5
6	5
7	5
8	5
9	5
0	6
1	6
2	6
3	6
4	6
5	6
7	6
8	6
9	6
0	7
1	7
2	7
3	7
4	7
5	7
6	7
8	7
9	7
0	8
1	8
2	8
3	8
4	8
5	8
6	8
7	8
9	8
0	9
1	9
2	9
3	9
4	9
5	9
6	9
7	9
8	9
DROP TABLE t1,t2,t3,t4,t5,t6;
CREATE TABLE t1 (c1 INT NOT NULL);
CREATE TABLE t2 (c1 INT NOT NULL);
CREATE TABLE t3 (c1 INT NOT NULL);
CREATE TABLE t4 (c1 INT NOT NULL);
CREATE TABLE t5 (c1 INT NOT NULL);
CREATE TABLE t6 (c1 INT NOT NULL);
INSERT INTO t1 (c1) VALUES(0),(1),(2),(3),(4),(5),(6),(7),(8),(9);
INSERT INTO t2 (c1) VALUES(0),(1),(2),(3),(4),(5),(6),(7),(8),(9);
INSERT INTO t3 (c1) VALUES(1),(3),(5),(7),(9);
INSERT INTO t4 (c1) VALUES(10);
INSERT INTO t5 (c1) VALUES(10),(11),(12),(13),(14);
SELECT t1.c1,t2.c1 FROM t1,t2 WHERE t1.c1 <> t2.c1;
c1	c1
1	0
2	0
3	0
4	0
5	0
6	0
7	0
8	0
9	0
0	1
2	1
3	1
4	1
5	1
6	1
7	1
8	1
9	1
0	2
1	2
3	2
4	2
5	2
6	2
7	2
8	2
9	2
0	3
1	3
2	3
4	3
5	3
6	3
7	3
8	3
9	3
0	4
1	4
2	4
3	4
5	4
6	4
7	4
8	4
9	4
0	5
1	5
2	5
3	5
4	5
6	5
7	5
8	5
9	5
0	6
1	6
2	6
3	6
4	6
5	6
7	6
8	6
9	6
0	7
1	7
2	7
3	7
4	7
5	7
6	7
8	7
9	7
0	8
1	8
2	8
3	8
4	8
5	8
6	8
7	8
9	8
0	9
1	9
2	9
3	9
4	9
5	9
6	9
7	9
8	9
DROP TABLE t1,t2,t3,t4,t5,t6;
CREATE TABLE t1 (c1 INTEGER NOT NULL);
CREATE TABLE t2 (c1 INTEGER NOT NULL);
CREATE TABLE t3 (c1 INTEGER NOT NULL);
CREATE TABLE t4 (c1 INTEGER NOT NULL);
CREATE TABLE t5 (c1 INTEGER NOT NULL);
CREATE TABLE t6 (c1 INTEGER NOT NULL);
INSERT INTO t1 (c1) VALUES(0),(1),(2),(3),(4),(5),(6),(7),(8),(9);
INSERT INTO t2 (c1) VALUES(0),(1),(2),(3),(4),(5),(6),(7),(8),(9);
INSERT INTO t3 (c1) VALUES(1),(3),(5),(7),(9);
INSERT INTO t4 (c1) VALUES(10);
INSERT INTO t5 (c1) VALUES(10),(11),(12),(13),(14);
SELECT t1.c1,t2.c1 FROM t1,t2 WHERE t1.c1 <> t2.c1;
c1	c1
1	0
2	0
3	0
4	0
5	0
6	0
7	0
8	0
9	0
0	1
2	1
3	1
4	1
5	1
6	1
7	1
8	1
9	1
0	2
1	2
3	2
4	2
5	2
6	2
7	2
8	2
9	2
0	3
1	3
2	3
4	3
5	3
6	3
7	3
8	3
9	3
0	4
1	4
2	4
3	4
5	4
6	4
7	4
8	4
9	4
0	5
1	5
2	5
3	5
4	5
6	5
7	5
8	5
9	5
0	6
1	6
2	6
3	6
4	6
5	6
7	6
8	6
9	6
0	7
1	7
2	7
3	7
4	7
5	7
6	7
8	7
9	7
0	8
1	8
2	8
3	8
4	8
5	8
6	8
7	8
9	8
0	9
1	9
2	9
3	9
4	9
5	9
6	9
7	9
8	9
DROP TABLE t1,t2,t3,t4,t5,t6;
CREATE TABLE t1 (c1 BIGINT NOT NULL);
CREATE TABLE t2 (c1 BIGINT NOT NULL);
CREATE TABLE t3 (c1 BIGINT NOT NULL);
CREATE TABLE t4 (c1 BIGINT NOT NULL);
CREATE TABLE t5 (c1 BIGINT NOT NULL);
CREATE TABLE t6 (c1 BIGINT NOT NULL);
INSERT INTO t1 (c1) VALUES(0),(1),(2),(3),(4),(5),(6),(7),(8),(9);
INSERT INTO t2 (c1) VALUES(0),(1),(2),(3),(4),(5),(6),(7),(8),(9);
INSERT INTO t3 (c1) VALUES(1),(3),(5),(7),(9);
INSERT INTO t4 (c1) VALUES(10);
INSERT INTO t5 (c1) VALUES(10),(11),(12),(13),(14);
SELECT t1.c1,t2.c1 FROM t1,t2 WHERE t1.c1 <> t2.c1;
c1	c1
1	0
2	0
3	0
4	0
5	0
6	0
7	0
8	0
9	0
0	1
2	1
3	1
4	1
5	1
6	1
7	1
8	1
9	1
0	2
1	2
3	2
4	2
5	2
6	2
7	2
8	2
9	2
0	3
1	3
2	3
4	3
5	3
6	3
7	3
8	3
9	3
0	4
1	4
2	4
3	4
5	4
6	4
7	4
8	4
9	4
0	5
1	5
2	5
3	5
4	5
6	5
7	5
8	5
9	5
0	6
1	6
2	6
3	6
4	6
5	6
7	6
8	6
9	6
0	7
1	7
2	7
3	7
4	7
5	7
6	7
8	7
9	7
0	8
1	8
2	8
3	8
4	8
5	8
6	8
7	8
9	8
0	9
1	9
2	9
3	9
4	9
5	9
6	9
7	9
8	9
DROP TABLE t1,t2,t3,t4,t5,t6;
CREATE TABLE t1 (c1 TINYINT NOT NULL);
CREATE TABLE t2 (c1 TINYINT NOT NULL);
CREATE TABLE t3 (c1 TINYINT NOT NULL);
CREATE TABLE t4 (c1 TINYINT NOT NULL);
CREATE TABLE t5 (c1 TINYINT NOT NULL);
CREATE TABLE t6 (c1 TINYINT NOT NULL);
INSERT INTO t1 (c1) VALUES(0),(1),(2),(3),(4),(5),(6),(7),(8),(9);
INSERT INTO t2 (c1) VALUES(0),(1),(2),(3),(4),(5),(6),(7),(8),(9);
INSERT INTO t3 (c1) VALUES(1),(3),(5),(7),(9);
INSERT INTO t4 (c1) VALUES(10);
INSERT INTO t5 (c1) VALUES(10),(11),(12),(13),(14);
SELECT t1.c1,t3.c1 FROM t1,t3 WHERE t1.c1 <> t3.c1;
c1	c1
0	1
0	3
0	5
0	7
0	9
1	3
1	5
1	7
1	9
2	1
2	3
2	5
2	7
2	9
3	1
3	5
3	7
3	9
4	1
4	3
4	5
4	7
4	9
5	1
5	3
5	7
5	9
6	1
6	3
6	5
6	7
6	9
7	1
7	3
7	5
7	9
8	1
8	3
8	5
8	7
8	9
9	1
9	3
9	5
9	7
DROP TABLE t1,t2,t3,t4,t5,t6;
CREATE TABLE t1 (c1 SMALLINT NOT NULL);
CREATE TABLE t2 (c1 SMALLINT NOT NULL);
CREATE TABLE t3 (c1 SMALLINT NOT NULL);
CREATE TABLE t4 (c1 SMALLINT NOT NULL);
CREATE TABLE t5 (c1 SMALLINT NOT NULL);
CREATE TABLE t6 (c1 SMALLINT NOT NULL);
INSERT INTO t1 (c1) VALUES(0),(1),(2),(3),(4),(5),(6),(7),(8),(9);
INSERT INTO t2 (c1) VALUES(0),(1),(2),(3),(4),(5),(6),(7),(8),(9);
INSERT INTO t3 (c1) VALUES(1),(3),(5),(7),(9);
INSERT INTO t4 (c1) VALUES(10);
INSERT INTO t5 (c1) VALUES(10),(11),(12),(13),(14);
SELECT t1.c1,t3.c1 FROM t1,t3 WHERE t1.c1 <> t3.c1;
c1	c1
0	1
0	3
0	5
0	7
0	9
1	3
1	5
1	7
1	9
2	1
2	3
2	5
2	7
2	9
3	1
3	5
3	7
3	9
4	1
4	3
4	5
4	7
4	9
5	1
5	3
5	7
5	9
6	1
6	3
6	5
6	7
6	9
7	1
7	3
7	5
7	9
8	1
8	3
8	5
8	7
8	9
9	1
9	3
9	5
9	7
DROP TABLE t1,t2,t3,t4,t5,t6;
CREATE TABLE t1 (c1 MEDIUMINT NOT NULL);
CREATE TABLE t2 (c1 MEDIUMINT NOT NULL);
CREATE TABLE t3 (c1 MEDIUMINT NOT NULL);
CREATE TABLE t4 (c1 MEDIUMINT NOT NULL);
CREATE TABLE t5 (c1 MEDIUMINT NOT NULL);
CREATE TABLE t6 (c1 MEDIUMINT NOT NULL);
INSERT INTO t1 (c1) VALUES(0),(1),(2),(3),(4),(5),(6),(7),(8),(9);
INSERT INTO t2 (c1) VALUES(0),(1),(2),(3),(4),(5),(6),(7),(8),(9);
INSERT INTO t3 (c1) VALUES(1),(3),(5),(7),(9);
INSERT INTO t4 (c1) VALUES(10);
INSERT INTO t5 (c1) VALUES(10),(11),(12),(13),(14);
SELECT t1.c1,t3.c1 FROM t1,t3 WHERE t1.c1 <> t3.c1;
c1	c1
0	1
0	3
0	5
0	7
0	9
1	3
1	5
1	7
1	9
2	1
2	3
2	5
2	7
2	9
3	1
3	5
3	7
3	9
4	1
4	3
4	5
4	7
4	9
5	1
5	3
5	7
5	9
6	1
6	3
6	5
6	7
6	9
7	1
7	3
7	5
7	9
8	1
8	3
8	5
8	7
8	9
9	1
9	3
9	5
9	7
DROP TABLE t1,t2,t3,t4,t5,t6;
CREATE TABLE t1 (c1 INT NOT NULL);
CREATE TABLE t2 (c1 INT NOT NULL);
CREATE TABLE t3 (c1 INT NOT NULL);
CREATE TABLE t4 (c1 INT NOT NULL);
CREATE TABLE t5 (c1 INT NOT NULL);
CREATE TABLE t6 (c1 INT NOT NULL);
INSERT INTO t1 (c1) VALUES(0),(1),(2),(3),(4),(5),(6),(7),(8),(9);
INSERT INTO t2 (c1) VALUES(0),(1),(2),(3),(4),(5),(6),(7),(8),(9);
INSERT INTO t3 (c1) VALUES(1),(3),(5),(7),(9);
INSERT INTO t4 (c1) VALUES(10);
INSERT INTO t5 (c1) VALUES(10),(11),(12),(13),(14);
SELECT t1.c1,t3.c1 FROM t1,t3 WHERE t1.c1 <> t3.c1;
c1	c1
0	1
0	3
0	5
0	7
0	9
1	3
1	5
1	7
1	9
2	1
2	3
2	5
2	7
2	9
3	1
3	5
3	7
3	9
4	1
4	3
4	5
4	7
4	9
5	1
5	3
5	7
5	9
6	1
6	3
6	5
6	7
6	9
7	1
7	3
7	5
7	9
8	1
8	3
8	5
8	7
8	9
9	1
9	3
9	5
9	7
DROP TABLE t1,t2,t3,t4,t5,t6;
CREATE TABLE t1 (c1 INTEGER NOT NULL);
CREATE TABLE t2 (c1 INTEGER NOT NULL);
CREATE TABLE t3 (c1 INTEGER NOT NULL);
CREATE TABLE t4 (c1 INTEGER NOT NULL);
CREATE TABLE t5 (c1 INTEGER NOT NULL);
CREATE TABLE t6 (c1 INTEGER NOT NULL);
INSERT INTO t1 (c1) VALUES(0),(1),(2),(3),(4),(5),(6),(7),(8),(9);
INSERT INTO t2 (c1) VALUES(0),(1),(2),(3),(4),(5),(6),(7),(8),(9);
INSERT INTO t3 (c1) VALUES(1),(3),(5),(7),(9);
INSERT INTO t4 (c1) VALUES(10);
INSERT INTO t5 (c1) VALUES(10),(11),(12),(13),(14);
SELECT t1.c1,t3.c1 FROM t1,t3 WHERE t1.c1 <> t3.c1;
c1	c1
0	1
0	3
0	5
0	7
0	9
1	3
1	5
1	7
1	9
2	1
2	3
2	5
2	7
2	9
3	1
3	5
3	7
3	9
4	1
4	3
4	5
4	7
4	9
5	1
5	3
5	7
5	9
6	1
6	3
6	5
6	7
6	9
7	1
7	3
7	5
7	9
8	1
8	3
8	5
8	7
8	9
9	1
9	3
9	5
9	7
DROP TABLE t1,t2,t3,t4,t5,t6;
CREATE TABLE t1 (c1 BIGINT NOT NULL);
CREATE TABLE t2 (c1 BIGINT NOT NULL);
CREATE TABLE t3 (c1 BIGINT NOT NULL);
CREATE TABLE t4 (c1 BIGINT NOT NULL);
CREATE TABLE t5 (c1 BIGINT NOT NULL);
CREATE TABLE t6 (c1 BIGINT NOT NULL);
INSERT INTO t1 (c1) VALUES(0),(1),(2),(3),(4),(5),(6),(7),(8),(9);
INSERT INTO t2 (c1) VALUES(0),(1),(2),(3),(4),(5),(6),(7),(8),(9);
INSERT INTO t3 (c1) VALUES(1),(3),(5),(7),(9);
INSERT INTO t4 (c1) VALUES(10);
INSERT INTO t5 (c1) VALUES(10),(11),(12),(13),(14);
SELECT t1.c1,t3.c1 FROM t1,t3 WHERE t1.c1 <> t3.c1;
c1	c1
0	1
0	3
0	5
0	7
0	9
1	3
1	5
1	7
1	9
2	1
2	3
2	5
2	7
2	9
3	1
3	5
3	7
3	9
4	1
4	3
4	5
4	7
4	9
5	1
5	3
5	7
5	9
6	1
6	3
6	5
6	7
6	9
7	1
7	3
7	5
7	9
8	1
8	3
8	5
8	7
8	9
9	1
9	3
9	5
9	7
DROP TABLE t1,t2,t3,t4,t5,t6;
CREATE TABLE t1 (c1 TINYINT NOT NULL);
CREATE TABLE t2 (c1 TINYINT NOT NULL);
CREATE TABLE t3 (c1 TINYINT NOT NULL);
CREATE TABLE t4 (c1 TINYINT NOT NULL);
CREATE TABLE t5 (c1 TINYINT NOT NULL);
CREATE TABLE t6 (c1 TINYINT NOT NULL);
INSERT INTO t1 (c1) VALUES(0),(1),(2),(3),(4),(5),(6),(7),(8),(9);
INSERT INTO t2 (c1) VALUES(0),(1),(2),(3),(4),(5),(6),(7),(8),(9);
INSERT INTO t3 (c1) VALUES(1),(3),(5),(7),(9);
INSERT INTO t4 (c1) VALUES(10);
INSERT INTO t5 (c1) VALUES(10),(11),(12),(13),(14);
SELECT t1.c1,t4.c1 FROM t1,t4 WHERE t1.c1 <> t4.c1;
c1	c1
0	10
1	10
2	10
3	10
4	10
5	10
6	10
7	10
8	10
9	10
DROP TABLE t1,t2,t3,t4,t5,t6;
CREATE TABLE t1 (c1 SMALLINT NOT NULL);
CREATE TABLE t2 (c1 SMALLINT NOT NULL);
CREATE TABLE t3 (c1 SMALLINT NOT NULL);
CREATE TABLE t4 (c1 SMALLINT NOT NULL);
CREATE TABLE t5 (c1 SMALLINT NOT NULL);
CREATE TABLE t6 (c1 SMALLINT NOT NULL);
INSERT INTO t1 (c1) VALUES(0),(1),(2),(3),(4),(5),(6),(7),(8),(9);
INSERT INTO t2 (c1) VALUES(0),(1),(2),(3),(4),(5),(6),(7),(8),(9);
INSERT INTO t3 (c1) VALUES(1),(3),(5),(7),(9);
INSERT INTO t4 (c1) VALUES(10);
INSERT INTO t5 (c1) VALUES(10),(11),(12),(13),(14);
SELECT t1.c1,t4.c1 FROM t1,t4 WHERE t1.c1 <> t4.c1;
c1	c1
0	10
1	10
2	10
3	10
4	10
5	10
6	10
7	10
8	10
9	10
DROP TABLE t1,t2,t3,t4,t5,t6;
CREATE TABLE t1 (c1 MEDIUMINT NOT NULL);
CREATE TABLE t2 (c1 MEDIUMINT NOT NULL);
CREATE TABLE t3 (c1 MEDIUMINT NOT NULL);
CREATE TABLE t4 (c1 MEDIUMINT NOT NULL);
CREATE TABLE t5 (c1 MEDIUMINT NOT NULL);
CREATE TABLE t6 (c1 MEDIUMINT NOT NULL);
INSERT INTO t1 (c1) VALUES(0),(1),(2),(3),(4),(5),(6),(7),(8),(9);
INSERT INTO t2 (c1) VALUES(0),(1),(2),(3),(4),(5),(6),(7),(8),(9);
INSERT INTO t3 (c1) VALUES(1),(3),(5),(7),(9);
INSERT INTO t4 (c1) VALUES(10);
INSERT INTO t5 (c1) VALUES(10),(11),(12),(13),(14);
SELECT t1.c1,t4.c1 FROM t1,t4 WHERE t1.c1 <> t4.c1;
c1	c1
0	10
1	10
2	10
3	10
4	10
5	10
6	10
7	10
8	10
9	10
DROP TABLE t1,t2,t3,t4,t5,t6;
CREATE TABLE t1 (c1 INT NOT NULL);
CREATE TABLE t2 (c1 INT NOT NULL);
CREATE TABLE t3 (c1 INT NOT NULL);
CREATE TABLE t4 (c1 INT NOT NULL);
CREATE TABLE t5 (c1 INT NOT NULL);
CREATE TABLE t6 (c1 INT NOT NULL);
INSERT INTO t1 (c1) VALUES(0),(1),(2),(3),(4),(5),(6),(7),(8),(9);
INSERT INTO t2 (c1) VALUES(0),(1),(2),(3),(4),(5),(6),(7),(8),(9);
INSERT INTO t3 (c1) VALUES(1),(3),(5),(7),(9);
INSERT INTO t4 (c1) VALUES(10);
INSERT INTO t5 (c1) VALUES(10),(11),(12),(13),(14);
SELECT t1.c1,t4.c1 FROM t1,t4 WHERE t1.c1 <> t4.c1;
c1	c1
0	10
1	10
2	10
3	10
4	10
5	10
6	10
7	10
8	10
9	10
DROP TABLE t1,t2,t3,t4,t5,t6;
CREATE TABLE t1 (c1 INTEGER NOT NULL);
CREATE TABLE t2 (c1 INTEGER NOT NULL);
CREATE TABLE t3 (c1 INTEGER NOT NULL);
CREATE TABLE t4 (c1 INTEGER NOT NULL);
CREATE TABLE t5 (c1 INTEGER NOT NULL);
CREATE TABLE t6 (c1 INTEGER NOT NULL);
INSERT INTO t1 (c1) VALUES(0),(1),(2),(3),(4),(5),(6),(7),(8),(9);
INSERT INTO t2 (c1) VALUES(0),(1),(2),(3),(4),(5),(6),(7),(8),(9);
INSERT INTO t3 (c1) VALUES(1),(3),(5),(7),(9);
INSERT INTO t4 (c1) VALUES(10);
INSERT INTO t5 (c1) VALUES(10),(11),(12),(13),(14);
SELECT t1.c1,t4.c1 FROM t1,t4 WHERE t1.c1 <> t4.c1;
c1	c1
0	10
1	10
2	10
3	10
4	10
5	10
6	10
7	10
8	10
9	10
DROP TABLE t1,t2,t3,t4,t5,t6;
CREATE TABLE t1 (c1 BIGINT NOT NULL);
CREATE TABLE t2 (c1 BIGINT NOT NULL);
CREATE TABLE t3 (c1 BIGINT NOT NULL);
CREATE TABLE t4 (c1 BIGINT NOT NULL);
CREATE TABLE t5 (c1 BIGINT NOT NULL);
CREATE TABLE t6 (c1 BIGINT NOT NULL);
INSERT INTO t1 (c1) VALUES(0),(1),(2),(3),(4),(5),(6),(7),(8),(9);
INSERT INTO t2 (c1) VALUES(0),(1),(2),(3),(4),(5),(6),(7),(8),(9);
INSERT INTO t3 (c1) VALUES(1),(3),(5),(7),(9);
INSERT INTO t4 (c1) VALUES(10);
INSERT INTO t5 (c1) VALUES(10),(11),(12),(13),(14);
SELECT t1.c1,t4.c1 FROM t1,t4 WHERE t1.c1 <> t4.c1;
c1	c1
0	10
1	10
2	10
3	10
4	10
5	10
6	10
7	10
8	10
9	10
DROP TABLE t1,t2,t3,t4,t5,t6;
CREATE TABLE t1 (c1 TINYINT NOT NULL);
CREATE TABLE t2 (c1 TINYINT NOT NULL);
CREATE TABLE t3 (c1 TINYINT NOT NULL);
CREATE TABLE t4 (c1 TINYINT NOT NULL);
CREATE TABLE t5 (c1 TINYINT NOT NULL);
CREATE TABLE t6 (c1 TINYINT NOT NULL);
INSERT INTO t1 (c1) VALUES(0),(1),(2),(3),(4),(5),(6),(7),(8),(9);
INSERT INTO t2 (c1) VALUES(0),(1),(2),(3),(4),(5),(6),(7),(8),(9);
INSERT INTO t3 (c1) VALUES(1),(3),(5),(7),(9);
INSERT INTO t4 (c1) VALUES(10);
INSERT INTO t5 (c1) VALUES(10),(11),(12),(13),(14);
SELECT t1.c1,t5.c1 FROM t1,t5 WHERE t1.c1 <> t5.c1;
c1	c1
0	10
0	11
0	12
0	13
0	14
1	10
1	11
1	12
1	13
1	14
2	10
2	11
2	12
2	13
2	14
3	10
3	11
3	12
3	13
3	14
4	10
4	11
4	12
4	13
4	14
5	10
5	11
5	12
5	13
5	14
6	10
6	11
6	12
6	13
6	14
7	10
7	11
7	12
7	13
7	14
8	10
8	11
8	12
8	13
8	14
9	10
9	11
9	12
9	13
9	14
DROP TABLE t1,t2,t3,t4,t5,t6;
CREATE TABLE t1 (c1 SMALLINT NOT NULL);
CREATE TABLE t2 (c1 SMALLINT NOT NULL);
CREATE TABLE t3 (c1 SMALLINT NOT NULL);
CREATE TABLE t4 (c1 SMALLINT NOT NULL);
CREATE TABLE t5 (c1 SMALLINT NOT NULL);
CREATE TABLE t6 (c1 SMALLINT NOT NULL);
INSERT INTO t1 (c1) VALUES(0),(1),(2),(3),(4),(5),(6),(7),(8),(9);
INSERT INTO t2 (c1) VALUES(0),(1),(2),(3),(4),(5),(6),(7),(8),(9);
INSERT INTO t3 (c1) VALUES(1),(3),(5),(7),(9);
INSERT INTO t4 (c1) VALUES(10);
INSERT INTO t5 (c1) VALUES(10),(11),(12),(13),(14);
SELECT t1.c1,t5.c1 FROM t1,t5 WHERE t1.c1 <> t5.c1;
c1	c1
0	10
0	11
0	12
0	13
0	14
1	10
1	11
1	12
1	13
1	14
2	10
2	11
2	12
2	13
2	14
3	10
3	11
3	12
3	13
3	14
4	10
4	11
4	12
4	13
4	14
5	10
5	11
5	12
5	13
5	14
6	10
6	11
6	12
6	13
6	14
7	10
7	11
7	12
7	13
7	14
8	10
8	11
8	12
8	13
8	14
9	10
9	11
9	12
9	13
9	14
DROP TABLE t1,t2,t3,t4,t5,t6;
CREATE TABLE t1 (c1 MEDIUMINT NOT NULL);
CREATE TABLE t2 (c1 MEDIUMINT NOT NULL);
CREATE TABLE t3 (c1 MEDIUMINT NOT NULL);
CREATE TABLE t4 (c1 MEDIUMINT NOT NULL);
CREATE TABLE t5 (c1 MEDIUMINT NOT NULL);
CREATE TABLE t6 (c1 MEDIUMINT NOT NULL);
INSERT INTO t1 (c1) VALUES(0),(1),(2),(3),(4),(5),(6),(7),(8),(9);
INSERT INTO t2 (c1) VALUES(0),(1),(2),(3),(4),(5),(6),(7),(8),(9);
INSERT INTO t3 (c1) VALUES(1),(3),(5),(7),(9);
INSERT INTO t4 (c1) VALUES(10);
INSERT INTO t5 (c1) VALUES(10),(11),(12),(13),(14);
SELECT t1.c1,t5.c1 FROM t1,t5 WHERE t1.c1 <> t5.c1;
c1	c1
0	10
0	11
0	12
0	13
0	14
1	10
1	11
1	12
1	13
1	14
2	10
2	11
2	12
2	13
2	14
3	10
3	11
3	12
3	13
3	14
4	10
4	11
4	12
4	13
4	14
5	10
5	11
5	12
5	13
5	14
6	10
6	11
6	12
6	13
6	14
7	10
7	11
7	12
7	13
7	14
8	10
8	11
8	12
8	13
8	14
9	10
9	11
9	12
9	13
9	14
DROP TABLE t1,t2,t3,t4,t5,t6;
CREATE TABLE t1 (c1 INT NOT NULL);
CREATE TABLE t2 (c1 INT NOT NULL);
CREATE TABLE t3 (c1 INT NOT NULL);
CREATE TABLE t4 (c1 INT NOT NULL);
CREATE TABLE t5 (c1 INT NOT NULL);
CREATE TABLE t6 (c1 INT NOT NULL);
INSERT INTO t1 (c1) VALUES(0),(1),(2),(3),(4),(5),(6),(7),(8),(9);
INSERT INTO t2 (c1) VALUES(0),(1),(2),(3),(4),(5),(6),(7),(8),(9);
INSERT INTO t3 (c1) VALUES(1),(3),(5),(7),(9);
INSERT INTO t4 (c1) VALUES(10);
INSERT INTO t5 (c1) VALUES(10),(11),(12),(13),(14);
SELECT t1.c1,t5.c1 FROM t1,t5 WHERE t1.c1 <> t5.c1;
c1	c1
0	10
0	11
0	12
0	13
0	14
1	10
1	11
1	12
1	13
1	14
2	10
2	11
2	12
2	13
2	14
3	10
3	11
3	12
3	13
3	14
4	10
4	11
4	12
4	13
4	14
5	10
5	11
5	12
5	13
5	14
6	10
6	11
6	12
6	13
6	14
7	10
7	11
7	12
7	13
7	14
8	10
8	11
8	12
8	13
8	14
9	10
9	11
9	12
9	13
9	14
DROP TABLE t1,t2,t3,t4,t5,t6;
CREATE TABLE t1 (c1 INTEGER NOT NULL);
CREATE TABLE t2 (c1 INTEGER NOT NULL);
CREATE TABLE t3 (c1 INTEGER NOT NULL);
CREATE TABLE t4 (c1 INTEGER NOT NULL);
CREATE TABLE t5 (c1 INTEGER NOT NULL);
CREATE TABLE t6 (c1 INTEGER NOT NULL);
INSERT INTO t1 (c1) VALUES(0),(1),(2),(3),(4),(5),(6),(7),(8),(9);
INSERT INTO t2 (c1) VALUES(0),(1),(2),(3),(4),(5),(6),(7),(8),(9);
INSERT INTO t3 (c1) VALUES(1),(3),(5),(7),(9);
INSERT INTO t4 (c1) VALUES(10);
INSERT INTO t5 (c1) VALUES(10),(11),(12),(13),(14);
SELECT t1.c1,t5.c1 FROM t1,t5 WHERE t1.c1 <> t5.c1;
c1	c1
0	10
0	11
0	12
0	13
0	14
1	10
1	11
1	12
1	13
1	14
2	10
2	11
2	12
2	13
2	14
3	10
3	11
3	12
3	13
3	14
4	10
4	11
4	12
4	13
4	14
5	10
5	11
5	12
5	13
5	14
6	10
6	11
6	12
6	13
6	14
7	10
7	11
7	12
7	13
7	14
8	10
8	11
8	12
8	13
8	14
9	10
9	11
9	12
9	13
9	14
DROP TABLE t1,t2,t3,t4,t5,t6;
CREATE TABLE t1 (c1 BIGINT NOT NULL);
CREATE TABLE t2 (c1 BIGINT NOT NULL);
CREATE TABLE t3 (c1 BIGINT NOT NULL);
CREATE TABLE t4 (c1 BIGINT NOT NULL);
CREATE TABLE t5 (c1 BIGINT NOT NULL);
CREATE TABLE t6 (c1 BIGINT NOT NULL);
INSERT INTO t1 (c1) VALUES(0),(1),(2),(3),(4),(5),(6),(7),(8),(9);
INSERT INTO t2 (c1) VALUES(0),(1),(2),(3),(4),(5),(6),(7),(8),(9);
INSERT INTO t3 (c1) VALUES(1),(3),(5),(7),(9);
INSERT INTO t4 (c1) VALUES(10);
INSERT INTO t5 (c1) VALUES(10),(11),(12),(13),(14);
SELECT t1.c1,t5.c1 FROM t1,t5 WHERE t1.c1 <> t5.c1;
c1	c1
0	10
0	11
0	12
0	13
0	14
1	10
1	11
1	12
1	13
1	14
2	10
2	11
2	12
2	13
2	14
3	10
3	11
3	12
3	13
3	14
4	10
4	11
4	12
4	13
4	14
5	10
5	11
5	12
5	13
5	14
6	10
6	11
6	12
6	13
6	14
7	10
7	11
7	12
7	13
7	14
8	10
8	11
8	12
8	13
8	14
9	10
9	11
9	12
9	13
9	14
DROP TABLE t1,t2,t3,t4,t5,t6;
CREATE TABLE t1 (c1 TINYINT NOT NULL);
CREATE TABLE t2 (c1 TINYINT NOT NULL);
CREATE TABLE t3 (c1 TINYINT NOT NULL);
CREATE TABLE t4 (c1 TINYINT NOT NULL);
CREATE TABLE t5 (c1 TINYINT NOT NULL);
CREATE TABLE t6 (c1 TINYINT NOT NULL);
INSERT INTO t1 (c1) VALUES(0),(1),(2),(3),(4),(5),(6),(7),(8),(9);
INSERT INTO t2 (c1) VALUES(0),(1),(2),(3),(4),(5),(6),(7),(8),(9);
INSERT INTO t3 (c1) VALUES(1),(3),(5),(7),(9);
INSERT INTO t4 (c1) VALUES(10);
INSERT INTO t5 (c1) VALUES(10),(11),(12),(13),(14);
SELECT t1.c1,t6.c1 FROM t1,t6 WHERE t1.c1 <> t6.c1;
c1	c1
DROP TABLE t1,t2,t3,t4,t5,t6;
CREATE TABLE t1 (c1 SMALLINT NOT NULL);
CREATE TABLE t2 (c1 SMALLINT NOT NULL);
CREATE TABLE t3 (c1 SMALLINT NOT NULL);
CREATE TABLE t4 (c1 SMALLINT NOT NULL);
CREATE TABLE t5 (c1 SMALLINT NOT NULL);
CREATE TABLE t6 (c1 SMALLINT NOT NULL);
INSERT INTO t1 (c1) VALUES(0),(1),(2),(3),(4),(5),(6),(7),(8),(9);
INSERT INTO t2 (c1) VALUES(0),(1),(2),(3),(4),(5),(6),(7),(8),(9);
INSERT INTO t3 (c1) VALUES(1),(3),(5),(7),(9);
INSERT INTO t4 (c1) VALUES(10);
INSERT INTO t5 (c1) VALUES(10),(11),(12),(13),(14);
SELECT t1.c1,t6.c1 FROM t1,t6 WHERE t1.c1 <> t6.c1;
c1	c1
DROP TABLE t1,t2,t3,t4,t5,t6;
CREATE TABLE t1 (c1 MEDIUMINT NOT NULL);
CREATE TABLE t2 (c1 MEDIUMINT NOT NULL);
CREATE TABLE t3 (c1 MEDIUMINT NOT NULL);
CREATE TABLE t4 (c1 MEDIUMINT NOT NULL);
CREATE TABLE t5 (c1 MEDIUMINT NOT NULL);
CREATE TABLE t6 (c1 MEDIUMINT NOT NULL);
INSERT INTO t1 (c1) VALUES(0),(1),(2),(3),(4),(5),(6),(7),(8),(9);
INSERT INTO t2 (c1) VALUES(0),(1),(2),(3),(4),(5),(6),(7),(8),(9);
INSERT INTO t3 (c1) VALUES(1),(3),(5),(7),(9);
INSERT INTO t4 (c1) VALUES(10);
INSERT INTO t5 (c1) VALUES(10),(11),(12),(13),(14);
SELECT t1.c1,t6.c1 FROM t1,t6 WHERE t1.c1 <> t6.c1;
c1	c1
DROP TABLE t1,t2,t3,t4,t5,t6;
CREATE TABLE t1 (c1 INT NOT NULL);
CREATE TABLE t2 (c1 INT NOT NULL);
CREATE TABLE t3 (c1 INT NOT NULL);
CREATE TABLE t4 (c1 INT NOT NULL);
CREATE TABLE t5 (c1 INT NOT NULL);
CREATE TABLE t6 (c1 INT NOT NULL);
INSERT INTO t1 (c1) VALUES(0),(1),(2),(3),(4),(5),(6),(7),(8),(9);
INSERT INTO t2 (c1) VALUES(0),(1),(2),(3),(4),(5),(6),(7),(8),(9);
INSERT INTO t3 (c1) VALUES(1),(3),(5),(7),(9);
INSERT INTO t4 (c1) VALUES(10);
INSERT INTO t5 (c1) VALUES(10),(11),(12),(13),(14);
SELECT t1.c1,t6.c1 FROM t1,t6 WHERE t1.c1 <> t6.c1;
c1	c1
DROP TABLE t1,t2,t3,t4,t5,t6;
CREATE TABLE t1 (c1 INTEGER NOT NULL);
CREATE TABLE t2 (c1 INTEGER NOT NULL);
CREATE TABLE t3 (c1 INTEGER NOT NULL);
CREATE TABLE t4 (c1 INTEGER NOT NULL);
CREATE TABLE t5 (c1 INTEGER NOT NULL);
CREATE TABLE t6 (c1 INTEGER NOT NULL);
INSERT INTO t1 (c1) VALUES(0),(1),(2),(3),(4),(5),(6),(7),(8),(9);
INSERT INTO t2 (c1) VALUES(0),(1),(2),(3),(4),(5),(6),(7),(8),(9);
INSERT INTO t3 (c1) VALUES(1),(3),(5),(7),(9);
INSERT INTO t4 (c1) VALUES(10);
INSERT INTO t5 (c1) VALUES(10),(11),(12),(13),(14);
SELECT t1.c1,t6.c1 FROM t1,t6 WHERE t1.c1 <> t6.c1;
c1	c1
DROP TABLE t1,t2,t3,t4,t5,t6;
CREATE TABLE t1 (c1 BIGINT NOT NULL);
CREATE TABLE t2 (c1 BIGINT NOT NULL);
CREATE TABLE t3 (c1 BIGINT NOT NULL);
CREATE TABLE t4 (c1 BIGINT NOT NULL);
CREATE TABLE t5 (c1 BIGINT NOT NULL);
CREATE TABLE t6 (c1 BIGINT NOT NULL);
INSERT INTO t1 (c1) VALUES(0),(1),(2),(3),(4),(5),(6),(7),(8),(9);
INSERT INTO t2 (c1) VALUES(0),(1),(2),(3),(4),(5),(6),(7),(8),(9);
INSERT INTO t3 (c1) VALUES(1),(3),(5),(7),(9);
INSERT INTO t4 (c1) VALUES(10);
INSERT INTO t5 (c1) VALUES(10),(11),(12),(13),(14);
SELECT t1.c1,t6.c1 FROM t1,t6 WHERE t1.c1 <> t6.c1;
c1	c1
DROP TABLE t1,t2,t3,t4,t5,t6;
CREATE TABLE t1 (c1 TINYINT NOT NULL);
CREATE TABLE t2 (c1 TINYINT NOT NULL);
CREATE TABLE t3 (c1 TINYINT NOT NULL);
CREATE TABLE t4 (c1 TINYINT NOT NULL);
CREATE TABLE t5 (c1 TINYINT NOT NULL);
CREATE TABLE t6 (c1 TINYINT NOT NULL);
INSERT INTO t1 (c1) VALUES(0),(1),(2),(3),(4),(5),(6),(7),(8),(9);
INSERT INTO t2 (c1) VALUES(0),(1),(2),(3),(4),(5),(6),(7),(8),(9);
INSERT INTO t3 (c1) VALUES(1),(3),(5),(7),(9);
INSERT INTO t4 (c1) VALUES(10);
INSERT INTO t5 (c1) VALUES(10),(11),(12),(13),(14);
SELECT t1.c1,t2.c1 FROM t1,t2 WHERE t1.c1 <=> t2.c1;
c1	c1
0	0
1	1
2	2
3	3
4	4
5	5
6	6
7	7
8	8
9	9
DROP TABLE t1,t2,t3,t4,t5,t6;
CREATE TABLE t1 (c1 SMALLINT NOT NULL);
CREATE TABLE t2 (c1 SMALLINT NOT NULL);
CREATE TABLE t3 (c1 SMALLINT NOT NULL);
CREATE TABLE t4 (c1 SMALLINT NOT NULL);
CREATE TABLE t5 (c1 SMALLINT NOT NULL);
CREATE TABLE t6 (c1 SMALLINT NOT NULL);
INSERT INTO t1 (c1) VALUES(0),(1),(2),(3),(4),(5),(6),(7),(8),(9);
INSERT INTO t2 (c1) VALUES(0),(1),(2),(3),(4),(5),(6),(7),(8),(9);
INSERT INTO t3 (c1) VALUES(1),(3),(5),(7),(9);
INSERT INTO t4 (c1) VALUES(10);
INSERT INTO t5 (c1) VALUES(10),(11),(12),(13),(14);
SELECT t1.c1,t2.c1 FROM t1,t2 WHERE t1.c1 <=> t2.c1;
c1	c1
0	0
1	1
2	2
3	3
4	4
5	5
6	6
7	7
8	8
9	9
DROP TABLE t1,t2,t3,t4,t5,t6;
CREATE TABLE t1 (c1 MEDIUMINT NOT NULL);
CREATE TABLE t2 (c1 MEDIUMINT NOT NULL);
CREATE TABLE t3 (c1 MEDIUMINT NOT NULL);
CREATE TABLE t4 (c1 MEDIUMINT NOT NULL);
CREATE TABLE t5 (c1 MEDIUMINT NOT NULL);
CREATE TABLE t6 (c1 MEDIUMINT NOT NULL);
INSERT INTO t1 (c1) VALUES(0),(1),(2),(3),(4),(5),(6),(7),(8),(9);
INSERT INTO t2 (c1) VALUES(0),(1),(2),(3),(4),(5),(6),(7),(8),(9);
INSERT INTO t3 (c1) VALUES(1),(3),(5),(7),(9);
INSERT INTO t4 (c1) VALUES(10);
INSERT INTO t5 (c1) VALUES(10),(11),(12),(13),(14);
SELECT t1.c1,t2.c1 FROM t1,t2 WHERE t1.c1 <=> t2.c1;
c1	c1
0	0
1	1
2	2
3	3
4	4
5	5
6	6
7	7
8	8
9	9
DROP TABLE t1,t2,t3,t4,t5,t6;
CREATE TABLE t1 (c1 INT NOT NULL);
CREATE TABLE t2 (c1 INT NOT NULL);
CREATE TABLE t3 (c1 INT NOT NULL);
CREATE TABLE t4 (c1 INT NOT NULL);
CREATE TABLE t5 (c1 INT NOT NULL);
CREATE TABLE t6 (c1 INT NOT NULL);
INSERT INTO t1 (c1) VALUES(0),(1),(2),(3),(4),(5),(6),(7),(8),(9);
INSERT INTO t2 (c1) VALUES(0),(1),(2),(3),(4),(5),(6),(7),(8),(9);
INSERT INTO t3 (c1) VALUES(1),(3),(5),(7),(9);
INSERT INTO t4 (c1) VALUES(10);
INSERT INTO t5 (c1) VALUES(10),(11),(12),(13),(14);
SELECT t1.c1,t2.c1 FROM t1,t2 WHERE t1.c1 <=> t2.c1;
c1	c1
0	0
1	1
2	2
3	3
4	4
5	5
6	6
7	7
8	8
9	9
DROP TABLE t1,t2,t3,t4,t5,t6;
CREATE TABLE t1 (c1 INTEGER NOT NULL);
CREATE TABLE t2 (c1 INTEGER NOT NULL);
CREATE TABLE t3 (c1 INTEGER NOT NULL);
CREATE TABLE t4 (c1 INTEGER NOT NULL);
CREATE TABLE t5 (c1 INTEGER NOT NULL);
CREATE TABLE t6 (c1 INTEGER NOT NULL);
INSERT INTO t1 (c1) VALUES(0),(1),(2),(3),(4),(5),(6),(7),(8),(9);
INSERT INTO t2 (c1) VALUES(0),(1),(2),(3),(4),(5),(6),(7),(8),(9);
INSERT INTO t3 (c1) VALUES(1),(3),(5),(7),(9);
INSERT INTO t4 (c1) VALUES(10);
INSERT INTO t5 (c1) VALUES(10),(11),(12),(13),(14);
SELECT t1.c1,t2.c1 FROM t1,t2 WHERE t1.c1 <=> t2.c1;
c1	c1
0	0
1	1
2	2
3	3
4	4
5	5
6	6
7	7
8	8
9	9
DROP TABLE t1,t2,t3,t4,t5,t6;
CREATE TABLE t1 (c1 BIGINT NOT NULL);
CREATE TABLE t2 (c1 BIGINT NOT NULL);
CREATE TABLE t3 (c1 BIGINT NOT NULL);
CREATE TABLE t4 (c1 BIGINT NOT NULL);
CREATE TABLE t5 (c1 BIGINT NOT NULL);
CREATE TABLE t6 (c1 BIGINT NOT NULL);
INSERT INTO t1 (c1) VALUES(0),(1),(2),(3),(4),(5),(6),(7),(8),(9);
INSERT INTO t2 (c1) VALUES(0),(1),(2),(3),(4),(5),(6),(7),(8),(9);
INSERT INTO t3 (c1) VALUES(1),(3),(5),(7),(9);
INSERT INTO t4 (c1) VALUES(10);
INSERT INTO t5 (c1) VALUES(10),(11),(12),(13),(14);
SELECT t1.c1,t2.c1 FROM t1,t2 WHERE t1.c1 <=> t2.c1;
c1	c1
0	0
1	1
2	2
3	3
4	4
5	5
6	6
7	7
8	8
9	9
DROP TABLE t1,t2,t3,t4,t5,t6;
CREATE TABLE t1 (c1 TINYINT NOT NULL);
CREATE TABLE t2 (c1 TINYINT NOT NULL);
CREATE TABLE t3 (c1 TINYINT NOT NULL);
CREATE TABLE t4 (c1 TINYINT NOT NULL);
CREATE TABLE t5 (c1 TINYINT NOT NULL);
CREATE TABLE t6 (c1 TINYINT NOT NULL);
INSERT INTO t1 (c1) VALUES(0),(1),(2),(3),(4),(5),(6),(7),(8),(9);
INSERT INTO t2 (c1) VALUES(0),(1),(2),(3),(4),(5),(6),(7),(8),(9);
INSERT INTO t3 (c1) VALUES(1),(3),(5),(7),(9);
INSERT INTO t4 (c1) VALUES(10);
INSERT INTO t5 (c1) VALUES(10),(11),(12),(13),(14);
SELECT t1.c1,t3.c1 FROM t1,t3 WHERE t1.c1 <=> t3.c1;
c1	c1
1	1
3	3
5	5
7	7
9	9
DROP TABLE t1,t2,t3,t4,t5,t6;
CREATE TABLE t1 (c1 SMALLINT NOT NULL);
CREATE TABLE t2 (c1 SMALLINT NOT NULL);
CREATE TABLE t3 (c1 SMALLINT NOT NULL);
CREATE TABLE t4 (c1 SMALLINT NOT NULL);
CREATE TABLE t5 (c1 SMALLINT NOT NULL);
CREATE TABLE t6 (c1 SMALLINT NOT NULL);
INSERT INTO t1 (c1) VALUES(0),(1),(2),(3),(4),(5),(6),(7),(8),(9);
INSERT INTO t2 (c1) VALUES(0),(1),(2),(3),(4),(5),(6),(7),(8),(9);
INSERT INTO t3 (c1) VALUES(1),(3),(5),(7),(9);
INSERT INTO t4 (c1) VALUES(10);
INSERT INTO t5 (c1) VALUES(10),(11),(12),(13),(14);
SELECT t1.c1,t3.c1 FROM t1,t3 WHERE t1.c1 <=> t3.c1;
c1	c1
1	1
3	3
5	5
7	7
9	9
DROP TABLE t1,t2,t3,t4,t5,t6;
CREATE TABLE t1 (c1 MEDIUMINT NOT NULL);
CREATE TABLE t2 (c1 MEDIUMINT NOT NULL);
CREATE TABLE t3 (c1 MEDIUMINT NOT NULL);
CREATE TABLE t4 (c1 MEDIUMINT NOT NULL);
CREATE TABLE t5 (c1 MEDIUMINT NOT NULL);
CREATE TABLE t6 (c1 MEDIUMINT NOT NULL);
INSERT INTO t1 (c1) VALUES(0),(1),(2),(3),(4),(5),(6),(7),(8),(9);
INSERT INTO t2 (c1) VALUES(0),(1),(2),(3),(4),(5),(6),(7),(8),(9);
INSERT INTO t3 (c1) VALUES(1),(3),(5),(7),(9);
INSERT INTO t4 (c1) VALUES(10);
INSERT INTO t5 (c1) VALUES(10),(11),(12),(13),(14);
SELECT t1.c1,t3.c1 FROM t1,t3 WHERE t1.c1 <=> t3.c1;
c1	c1
1	1
3	3
5	5
7	7
9	9
DROP TABLE t1,t2,t3,t4,t5,t6;
CREATE TABLE t1 (c1 INT NOT NULL);
CREATE TABLE t2 (c1 INT NOT NULL);
CREATE TABLE t3 (c1 INT NOT NULL);
CREATE TABLE t4 (c1 INT NOT NULL);
CREATE TABLE t5 (c1 INT NOT NULL);
CREATE TABLE t6 (c1 INT NOT NULL);
INSERT INTO t1 (c1) VALUES(0),(1),(2),(3),(4),(5),(6),(7),(8),(9);
INSERT INTO t2 (c1) VALUES(0),(1),(2),(3),(4),(5),(6),(7),(8),(9);
INSERT INTO t3 (c1) VALUES(1),(3),(5),(7),(9);
INSERT INTO t4 (c1) VALUES(10);
INSERT INTO t5 (c1) VALUES(10),(11),(12),(13),(14);
SELECT t1.c1,t3.c1 FROM t1,t3 WHERE t1.c1 <=> t3.c1;
c1	c1
1	1
3	3
5	5
7	7
9	9
DROP TABLE t1,t2,t3,t4,t5,t6;
CREATE TABLE t1 (c1 INTEGER NOT NULL);
CREATE TABLE t2 (c1 INTEGER NOT NULL);
CREATE TABLE t3 (c1 INTEGER NOT NULL);
CREATE TABLE t4 (c1 INTEGER NOT NULL);
CREATE TABLE t5 (c1 INTEGER NOT NULL);
CREATE TABLE t6 (c1 INTEGER NOT NULL);
INSERT INTO t1 (c1) VALUES(0),(1),(2),(3),(4),(5),(6),(7),(8),(9);
INSERT INTO t2 (c1) VALUES(0),(1),(2),(3),(4),(5),(6),(7),(8),(9);
INSERT INTO t3 (c1) VALUES(1),(3),(5),(7),(9);
INSERT INTO t4 (c1) VALUES(10);
INSERT INTO t5 (c1) VALUES(10),(11),(12),(13),(14);
SELECT t1.c1,t3.c1 FROM t1,t3 WHERE t1.c1 <=> t3.c1;
c1	c1
1	1
3	3
5	5
7	7
9	9
DROP TABLE t1,t2,t3,t4,t5,t6;
CREATE TABLE t1 (c1 BIGINT NOT NULL);
CREATE TABLE t2 (c1 BIGINT NOT NULL);
CREATE TABLE t3 (c1 BIGINT NOT NULL);
CREATE TABLE t4 (c1 BIGINT NOT NULL);
CREATE TABLE t5 (c1 BIGINT NOT NULL);
CREATE TABLE t6 (c1 BIGINT NOT NULL);
INSERT INTO t1 (c1) VALUES(0),(1),(2),(3),(4),(5),(6),(7),(8),(9);
INSERT INTO t2 (c1) VALUES(0),(1),(2),(3),(4),(5),(6),(7),(8),(9);
INSERT INTO t3 (c1) VALUES(1),(3),(5),(7),(9);
INSERT INTO t4 (c1) VALUES(10);
INSERT INTO t5 (c1) VALUES(10),(11),(12),(13),(14);
SELECT t1.c1,t3.c1 FROM t1,t3 WHERE t1.c1 <=> t3.c1;
c1	c1
1	1
3	3
5	5
7	7
9	9
DROP TABLE t1,t2,t3,t4,t5,t6;
CREATE TABLE t1 (c1 TINYINT NOT NULL);
CREATE TABLE t2 (c1 TINYINT NOT NULL);
CREATE TABLE t3 (c1 TINYINT NOT NULL);
CREATE TABLE t4 (c1 TINYINT NOT NULL);
CREATE TABLE t5 (c1 TINYINT NOT NULL);
CREATE TABLE t6 (c1 TINYINT NOT NULL);
INSERT INTO t1 (c1) VALUES(0),(1),(2),(3),(4),(5),(6),(7),(8),(9);
INSERT INTO t2 (c1) VALUES(0),(1),(2),(3),(4),(5),(6),(7),(8),(9);
INSERT INTO t3 (c1) VALUES(1),(3),(5),(7),(9);
INSERT INTO t4 (c1) VALUES(10);
INSERT INTO t5 (c1) VALUES(10),(11),(12),(13),(14);
SELECT t1.c1,t4.c1 FROM t1,t4 WHERE t1.c1 <=> t4.c1;
c1	c1
DROP TABLE t1,t2,t3,t4,t5,t6;
CREATE TABLE t1 (c1 SMALLINT NOT NULL);
CREATE TABLE t2 (c1 SMALLINT NOT NULL);
CREATE TABLE t3 (c1 SMALLINT NOT NULL);
CREATE TABLE t4 (c1 SMALLINT NOT NULL);
CREATE TABLE t5 (c1 SMALLINT NOT NULL);
CREATE TABLE t6 (c1 SMALLINT NOT NULL);
INSERT INTO t1 (c1) VALUES(0),(1),(2),(3),(4),(5),(6),(7),(8),(9);
INSERT INTO t2 (c1) VALUES(0),(1),(2),(3),(4),(5),(6),(7),(8),(9);
INSERT INTO t3 (c1) VALUES(1),(3),(5),(7),(9);
INSERT INTO t4 (c1) VALUES(10);
INSERT INTO t5 (c1) VALUES(10),(11),(12),(13),(14);
SELECT t1.c1,t4.c1 FROM t1,t4 WHERE t1.c1 <=> t4.c1;
c1	c1
DROP TABLE t1,t2,t3,t4,t5,t6;
CREATE TABLE t1 (c1 MEDIUMINT NOT NULL);
CREATE TABLE t2 (c1 MEDIUMINT NOT NULL);
CREATE TABLE t3 (c1 MEDIUMINT NOT NULL);
CREATE TABLE t4 (c1 MEDIUMINT NOT NULL);
CREATE TABLE t5 (c1 MEDIUMINT NOT NULL);
CREATE TABLE t6 (c1 MEDIUMINT NOT NULL);
INSERT INTO t1 (c1) VALUES(0),(1),(2),(3),(4),(5),(6),(7),(8),(9);
INSERT INTO t2 (c1) VALUES(0),(1),(2),(3),(4),(5),(6),(7),(8),(9);
INSERT INTO t3 (c1) VALUES(1),(3),(5),(7),(9);
INSERT INTO t4 (c1) VALUES(10);
INSERT INTO t5 (c1) VALUES(10),(11),(12),(13),(14);
SELECT t1.c1,t4.c1 FROM t1,t4 WHERE t1.c1 <=> t4.c1;
c1	c1
DROP TABLE t1,t2,t3,t4,t5,t6;
CREATE TABLE t1 (c1 INT NOT NULL);
CREATE TABLE t2 (c1 INT NOT NULL);
CREATE TABLE t3 (c1 INT NOT NULL);
CREATE TABLE t4 (c1 INT NOT NULL);
CREATE TABLE t5 (c1 INT NOT NULL);
CREATE TABLE t6 (c1 INT NOT NULL);
INSERT INTO t1 (c1) VALUES(0),(1),(2),(3),(4),(5),(6),(7),(8),(9);
INSERT INTO t2 (c1) VALUES(0),(1),(2),(3),(4),(5),(6),(7),(8),(9);
INSERT INTO t3 (c1) VALUES(1),(3),(5),(7),(9);
INSERT INTO t4 (c1) VALUES(10);
INSERT INTO t5 (c1) VALUES(10),(11),(12),(13),(14);
SELECT t1.c1,t4.c1 FROM t1,t4 WHERE t1.c1 <=> t4.c1;
c1	c1
DROP TABLE t1,t2,t3,t4,t5,t6;
CREATE TABLE t1 (c1 INTEGER NOT NULL);
CREATE TABLE t2 (c1 INTEGER NOT NULL);
CREATE TABLE t3 (c1 INTEGER NOT NULL);
CREATE TABLE t4 (c1 INTEGER NOT NULL);
CREATE TABLE t5 (c1 INTEGER NOT NULL);
CREATE TABLE t6 (c1 INTEGER NOT NULL);
INSERT INTO t1 (c1) VALUES(0),(1),(2),(3),(4),(5),(6),(7),(8),(9);
INSERT INTO t2 (c1) VALUES(0),(1),(2),(3),(4),(5),(6),(7),(8),(9);
INSERT INTO t3 (c1) VALUES(1),(3),(5),(7),(9);
INSERT INTO t4 (c1) VALUES(10);
INSERT INTO t5 (c1) VALUES(10),(11),(12),(13),(14);
SELECT t1.c1,t4.c1 FROM t1,t4 WHERE t1.c1 <=> t4.c1;
c1	c1
DROP TABLE t1,t2,t3,t4,t5,t6;
CREATE TABLE t1 (c1 BIGINT NOT NULL);
CREATE TABLE t2 (c1 BIGINT NOT NULL);
CREATE TABLE t3 (c1 BIGINT NOT NULL);
CREATE TABLE t4 (c1 BIGINT NOT NULL);
CREATE TABLE t5 (c1 BIGINT NOT NULL);
CREATE TABLE t6 (c1 BIGINT NOT NULL);
INSERT INTO t1 (c1) VALUES(0),(1),(2),(3),(4),(5),(6),(7),(8),(9);
INSERT INTO t2 (c1) VALUES(0),(1),(2),(3),(4),(5),(6),(7),(8),(9);
INSERT INTO t3 (c1) VALUES(1),(3),(5),(7),(9);
INSERT INTO t4 (c1) VALUES(10);
INSERT INTO t5 (c1) VALUES(10),(11),(12),(13),(14);
SELECT t1.c1,t4.c1 FROM t1,t4 WHERE t1.c1 <=> t4.c1;
c1	c1
DROP TABLE t1,t2,t3,t4,t5,t6;
CREATE TABLE t1 (c1 TINYINT NOT NULL);
CREATE TABLE t2 (c1 TINYINT NOT NULL);
CREATE TABLE t3 (c1 TINYINT NOT NULL);
CREATE TABLE t4 (c1 TINYINT NOT NULL);
CREATE TABLE t5 (c1 TINYINT NOT NULL);
CREATE TABLE t6 (c1 TINYINT NOT NULL);
INSERT INTO t1 (c1) VALUES(0),(1),(2),(3),(4),(5),(6),(7),(8),(9);
INSERT INTO t2 (c1) VALUES(0),(1),(2),(3),(4),(5),(6),(7),(8),(9);
INSERT INTO t3 (c1) VALUES(1),(3),(5),(7),(9);
INSERT INTO t4 (c1) VALUES(10);
INSERT INTO t5 (c1) VALUES(10),(11),(12),(13),(14);
SELECT t1.c1,t5.c1 FROM t1,t5 WHERE t1.c1 <=> t5.c1;
c1	c1
DROP TABLE t1,t2,t3,t4,t5,t6;
CREATE TABLE t1 (c1 SMALLINT NOT NULL);
CREATE TABLE t2 (c1 SMALLINT NOT NULL);
CREATE TABLE t3 (c1 SMALLINT NOT NULL);
CREATE TABLE t4 (c1 SMALLINT NOT NULL);
CREATE TABLE t5 (c1 SMALLINT NOT NULL);
CREATE TABLE t6 (c1 SMALLINT NOT NULL);
INSERT INTO t1 (c1) VALUES(0),(1),(2),(3),(4),(5),(6),(7),(8),(9);
INSERT INTO t2 (c1) VALUES(0),(1),(2),(3),(4),(5),(6),(7),(8),(9);
INSERT INTO t3 (c1) VALUES(1),(3),(5),(7),(9);
INSERT INTO t4 (c1) VALUES(10);
INSERT INTO t5 (c1) VALUES(10),(11),(12),(13),(14);
SELECT t1.c1,t5.c1 FROM t1,t5 WHERE t1.c1 <=> t5.c1;
c1	c1
DROP TABLE t1,t2,t3,t4,t5,t6;
CREATE TABLE t1 (c1 MEDIUMINT NOT NULL);
CREATE TABLE t2 (c1 MEDIUMINT NOT NULL);
CREATE TABLE t3 (c1 MEDIUMINT NOT NULL);
CREATE TABLE t4 (c1 MEDIUMINT NOT NULL);
CREATE TABLE t5 (c1 MEDIUMINT NOT NULL);
CREATE TABLE t6 (c1 MEDIUMINT NOT NULL);
INSERT INTO t1 (c1) VALUES(0),(1),(2),(3),(4),(5),(6),(7),(8),(9);
INSERT INTO t2 (c1) VALUES(0),(1),(2),(3),(4),(5),(6),(7),(8),(9);
INSERT INTO t3 (c1) VALUES(1),(3),(5),(7),(9);
INSERT INTO t4 (c1) VALUES(10);
INSERT INTO t5 (c1) VALUES(10),(11),(12),(13),(14);
SELECT t1.c1,t5.c1 FROM t1,t5 WHERE t1.c1 <=> t5.c1;
c1	c1
DROP TABLE t1,t2,t3,t4,t5,t6;
CREATE TABLE t1 (c1 INT NOT NULL);
CREATE TABLE t2 (c1 INT NOT NULL);
CREATE TABLE t3 (c1 INT NOT NULL);
CREATE TABLE t4 (c1 INT NOT NULL);
CREATE TABLE t5 (c1 INT NOT NULL);
CREATE TABLE t6 (c1 INT NOT NULL);
INSERT INTO t1 (c1) VALUES(0),(1),(2),(3),(4),(5),(6),(7),(8),(9);
INSERT INTO t2 (c1) VALUES(0),(1),(2),(3),(4),(5),(6),(7),(8),(9);
INSERT INTO t3 (c1) VALUES(1),(3),(5),(7),(9);
INSERT INTO t4 (c1) VALUES(10);
INSERT INTO t5 (c1) VALUES(10),(11),(12),(13),(14);
SELECT t1.c1,t5.c1 FROM t1,t5 WHERE t1.c1 <=> t5.c1;
c1	c1
DROP TABLE t1,t2,t3,t4,t5,t6;
CREATE TABLE t1 (c1 INTEGER NOT NULL);
CREATE TABLE t2 (c1 INTEGER NOT NULL);
CREATE TABLE t3 (c1 INTEGER NOT NULL);
CREATE TABLE t4 (c1 INTEGER NOT NULL);
CREATE TABLE t5 (c1 INTEGER NOT NULL);
CREATE TABLE t6 (c1 INTEGER NOT NULL);
INSERT INTO t1 (c1) VALUES(0),(1),(2),(3),(4),(5),(6),(7),(8),(9);
INSERT INTO t2 (c1) VALUES(0),(1),(2),(3),(4),(5),(6),(7),(8),(9);
INSERT INTO t3 (c1) VALUES(1),(3),(5),(7),(9);
INSERT INTO t4 (c1) VALUES(10);
INSERT INTO t5 (c1) VALUES(10),(11),(12),(13),(14);
SELECT t1.c1,t5.c1 FROM t1,t5 WHERE t1.c1 <=> t5.c1;
c1	c1
DROP TABLE t1,t2,t3,t4,t5,t6;
CREATE TABLE t1 (c1 BIGINT NOT NULL);
CREATE TABLE t2 (c1 BIGINT NOT NULL);
CREATE TABLE t3 (c1 BIGINT NOT NULL);
CREATE TABLE t4 (c1 BIGINT NOT NULL);
CREATE TABLE t5 (c1 BIGINT NOT NULL);
CREATE TABLE t6 (c1 BIGINT NOT NULL);
INSERT INTO t1 (c1) VALUES(0),(1),(2),(3),(4),(5),(6),(7),(8),(9);
INSERT INTO t2 (c1) VALUES(0),(1),(2),(3),(4),(5),(6),(7),(8),(9);
INSERT INTO t3 (c1) VALUES(1),(3),(5),(7),(9);
INSERT INTO t4 (c1) VALUES(10);
INSERT INTO t5 (c1) VALUES(10),(11),(12),(13),(14);
SELECT t1.c1,t5.c1 FROM t1,t5 WHERE t1.c1 <=> t5.c1;
c1	c1
DROP TABLE t1,t2,t3,t4,t5,t6;
CREATE TABLE t1 (c1 TINYINT NOT NULL);
CREATE TABLE t2 (c1 TINYINT NOT NULL);
CREATE TABLE t3 (c1 TINYINT NOT NULL);
CREATE TABLE t4 (c1 TINYINT NOT NULL);
CREATE TABLE t5 (c1 TINYINT NOT NULL);
CREATE TABLE t6 (c1 TINYINT NOT NULL);
INSERT INTO t1 (c1) VALUES(0),(1),(2),(3),(4),(5),(6),(7),(8),(9);
INSERT INTO t2 (c1) VALUES(0),(1),(2),(3),(4),(5),(6),(7),(8),(9);
INSERT INTO t3 (c1) VALUES(1),(3),(5),(7),(9);
INSERT INTO t4 (c1) VALUES(10);
INSERT INTO t5 (c1) VALUES(10),(11),(12),(13),(14);
SELECT t1.c1,t6.c1 FROM t1,t6 WHERE t1.c1 <=> t6.c1;
c1	c1
DROP TABLE t1,t2,t3,t4,t5,t6;
CREATE TABLE t1 (c1 SMALLINT NOT NULL);
CREATE TABLE t2 (c1 SMALLINT NOT NULL);
CREATE TABLE t3 (c1 SMALLINT NOT NULL);
CREATE TABLE t4 (c1 SMALLINT NOT NULL);
CREATE TABLE t5 (c1 SMALLINT NOT NULL);
CREATE TABLE t6 (c1 SMALLINT NOT NULL);
INSERT INTO t1 (c1) VALUES(0),(1),(2),(3),(4),(5),(6),(7),(8),(9);
INSERT INTO t2 (c1) VALUES(0),(1),(2),(3),(4),(5),(6),(7),(8),(9);
INSERT INTO t3 (c1) VALUES(1),(3),(5),(7),(9);
INSERT INTO t4 (c1) VALUES(10);
INSERT INTO t5 (c1) VALUES(10),(11),(12),(13),(14);
SELECT t1.c1,t6.c1 FROM t1,t6 WHERE t1.c1 <=> t6.c1;
c1	c1
DROP TABLE t1,t2,t3,t4,t5,t6;
CREATE TABLE t1 (c1 MEDIUMINT NOT NULL);
CREATE TABLE t2 (c1 MEDIUMINT NOT NULL);
CREATE TABLE t3 (c1 MEDIUMINT NOT NULL);
CREATE TABLE t4 (c1 MEDIUMINT NOT NULL);
CREATE TABLE t5 (c1 MEDIUMINT NOT NULL);
CREATE TABLE t6 (c1 MEDIUMINT NOT NULL);
INSERT INTO t1 (c1) VALUES(0),(1),(2),(3),(4),(5),(6),(7),(8),(9);
INSERT INTO t2 (c1) VALUES(0),(1),(2),(3),(4),(5),(6),(7),(8),(9);
INSERT INTO t3 (c1) VALUES(1),(3),(5),(7),(9);
INSERT INTO t4 (c1) VALUES(10);
INSERT INTO t5 (c1) VALUES(10),(11),(12),(13),(14);
SELECT t1.c1,t6.c1 FROM t1,t6 WHERE t1.c1 <=> t6.c1;
c1	c1
DROP TABLE t1,t2,t3,t4,t5,t6;
CREATE TABLE t1 (c1 INT NOT NULL);
CREATE TABLE t2 (c1 INT NOT NULL);
CREATE TABLE t3 (c1 INT NOT NULL);
CREATE TABLE t4 (c1 INT NOT NULL);
CREATE TABLE t5 (c1 INT NOT NULL);
CREATE TABLE t6 (c1 INT NOT NULL);
INSERT INTO t1 (c1) VALUES(0),(1),(2),(3),(4),(5),(6),(7),(8),(9);
INSERT INTO t2 (c1) VALUES(0),(1),(2),(3),(4),(5),(6),(7),(8),(9);
INSERT INTO t3 (c1) VALUES(1),(3),(5),(7),(9);
INSERT INTO t4 (c1) VALUES(10);
INSERT INTO t5 (c1) VALUES(10),(11),(12),(13),(14);
SELECT t1.c1,t6.c1 FROM t1,t6 WHERE t1.c1 <=> t6.c1;
c1	c1
DROP TABLE t1,t2,t3,t4,t5,t6;
CREATE TABLE t1 (c1 INTEGER NOT NULL);
CREATE TABLE t2 (c1 INTEGER NOT NULL);
CREATE TABLE t3 (c1 INTEGER NOT NULL);
CREATE TABLE t4 (c1 INTEGER NOT NULL);
CREATE TABLE t5 (c1 INTEGER NOT NULL);
CREATE TABLE t6 (c1 INTEGER NOT NULL);
INSERT INTO t1 (c1) VALUES(0),(1),(2),(3),(4),(5),(6),(7),(8),(9);
INSERT INTO t2 (c1) VALUES(0),(1),(2),(3),(4),(5),(6),(7),(8),(9);
INSERT INTO t3 (c1) VALUES(1),(3),(5),(7),(9);
INSERT INTO t4 (c1) VALUES(10);
INSERT INTO t5 (c1) VALUES(10),(11),(12),(13),(14);
SELECT t1.c1,t6.c1 FROM t1,t6 WHERE t1.c1 <=> t6.c1;
c1	c1
DROP TABLE t1,t2,t3,t4,t5,t6;
CREATE TABLE t1 (c1 BIGINT NOT NULL);
CREATE TABLE t2 (c1 BIGINT NOT NULL);
CREATE TABLE t3 (c1 BIGINT NOT NULL);
CREATE TABLE t4 (c1 BIGINT NOT NULL);
CREATE TABLE t5 (c1 BIGINT NOT NULL);
CREATE TABLE t6 (c1 BIGINT NOT NULL);
INSERT INTO t1 (c1) VALUES(0),(1),(2),(3),(4),(5),(6),(7),(8),(9);
INSERT INTO t2 (c1) VALUES(0),(1),(2),(3),(4),(5),(6),(7),(8),(9);
INSERT INTO t3 (c1) VALUES(1),(3),(5),(7),(9);
INSERT INTO t4 (c1) VALUES(10);
INSERT INTO t5 (c1) VALUES(10),(11),(12),(13),(14);
SELECT t1.c1,t6.c1 FROM t1,t6 WHERE t1.c1 <=> t6.c1;
c1	c1
DROP TABLE t1,t2,t3,t4,t5,t6;
