SELECT sys.extract_schema_from_file_name(NULL);
sys.extract_schema_from_file_name(NULL)
NULL
SELECT sys.extract_schema_from_file_name('/var/lib/mysql/employees/employee.ibd');
sys.extract_schema_from_file_name('/var/lib/mysql/employees/employee.ibd')
employees
