SET DEFAULT_STORAGE_ENGINE='tokudb';
DROP TABLE IF EXISTS foo,bar;
set session tokudb_disable_slow_alter=ON;
create table foo (a int, b bigint, c date, d tinyint) engine=TokuDB;
create table bar like foo;
alter table bar engine=MyISAM;
insert into foo values (NULL,NULL,NULL,NULL);
insert into foo values (-1,NULL,'2008-1-1',NULL);
insert into foo values (NULL,12345678987,NULL,1);
insert into foo values (2,20,'1999-11-11',0);
insert into bar select * from foo;
include/diff_tables.inc [test.foo, test.bar]
alter table foo add column added_1 bigint default NULL;
alter table bar add column added_1 bigint default NULL;
include/diff_tables.inc [test.foo, test.bar]
drop table foo;
drop table bar;
create table foo (a int, b bigint, c date, d tinyint) engine=TokuDB;
create table bar like foo;
alter table bar engine=MyISAM;
insert into foo values (NULL,NULL,NULL,NULL);
insert into foo values (-1,NULL,'2008-1-1',NULL);
insert into foo values (NULL,12345678987,NULL,1);
insert into foo values (2,20,'1999-11-11',0);
insert into bar select * from foo;
include/diff_tables.inc [test.foo, test.bar]
alter table foo add column added_2 bigint default -1;
alter table bar add column added_2 bigint default -1;
include/diff_tables.inc [test.foo, test.bar]
drop table foo;
drop table bar;
create table foo (a int, b bigint, c date, d tinyint) engine=TokuDB;
create table bar like foo;
alter table bar engine=MyISAM;
insert into foo values (NULL,NULL,NULL,NULL);
insert into foo values (-1,NULL,'2008-1-1',NULL);
insert into foo values (NULL,12345678987,NULL,1);
insert into foo values (2,20,'1999-11-11',0);
insert into bar select * from foo;
include/diff_tables.inc [test.foo, test.bar]
alter table foo add column added_3 bigint NOT NULL default -1;
alter table bar add column added_3 bigint NOT NULL default -1;
include/diff_tables.inc [test.foo, test.bar]
drop table foo;
drop table bar;
create table foo (a int, b bigint, c date, d tinyint) engine=TokuDB;
create table bar like foo;
alter table bar engine=MyISAM;
insert into foo values (NULL,NULL,NULL,NULL);
insert into foo values (-1,NULL,'2008-1-1',NULL);
insert into foo values (NULL,12345678987,NULL,1);
insert into foo values (2,20,'1999-11-11',0);
insert into bar select * from foo;
include/diff_tables.inc [test.foo, test.bar]
alter table foo add column added_4 varchar(10) default NULL;
alter table bar add column added_4 varchar(10) default NULL;
include/diff_tables.inc [test.foo, test.bar]
drop table foo;
drop table bar;
create table foo (a int, b bigint, c date, d tinyint) engine=TokuDB;
create table bar like foo;
alter table bar engine=MyISAM;
insert into foo values (NULL,NULL,NULL,NULL);
insert into foo values (-1,NULL,'2008-1-1',NULL);
insert into foo values (NULL,12345678987,NULL,1);
insert into foo values (2,20,'1999-11-11',0);
insert into bar select * from foo;
include/diff_tables.inc [test.foo, test.bar]
alter table foo add column added_5 varchar(10) default "qwerty";
alter table bar add column added_5 varchar(10) default "qwerty";
include/diff_tables.inc [test.foo, test.bar]
drop table foo;
drop table bar;
create table foo (a int, b bigint, c date, d tinyint) engine=TokuDB;
create table bar like foo;
alter table bar engine=MyISAM;
insert into foo values (NULL,NULL,NULL,NULL);
insert into foo values (-1,NULL,'2008-1-1',NULL);
insert into foo values (NULL,12345678987,NULL,1);
insert into foo values (2,20,'1999-11-11',0);
insert into bar select * from foo;
include/diff_tables.inc [test.foo, test.bar]
alter table foo add column added_6 varchar(10) NOT NULL default "ruyrtt";
alter table bar add column added_6 varchar(10) NOT NULL default "ruyrtt";
include/diff_tables.inc [test.foo, test.bar]
drop table foo;
drop table bar;
create table foo (a int, b bigint, c date, d tinyint) engine=TokuDB;
create table bar like foo;
alter table bar engine=MyISAM;
insert into foo values (NULL,NULL,NULL,NULL);
insert into foo values (-1,NULL,'2008-1-1',NULL);
insert into foo values (NULL,12345678987,NULL,1);
insert into foo values (2,20,'1999-11-11',0);
insert into bar select * from foo;
include/diff_tables.inc [test.foo, test.bar]
alter table foo add column added_7 text default NULL;
alter table bar add column added_7 text default NULL;
include/diff_tables.inc [test.foo, test.bar]
drop table foo;
drop table bar;
create table foo (a int, b bigint, c date, d tinyint) engine=TokuDB;
create table bar like foo;
alter table bar engine=MyISAM;
insert into foo values (NULL,NULL,NULL,NULL);
insert into foo values (-1,NULL,'2008-1-1',NULL);
insert into foo values (NULL,12345678987,NULL,1);
insert into foo values (2,20,'1999-11-11',0);
insert into bar select * from foo;
include/diff_tables.inc [test.foo, test.bar]
alter table foo add column added_8 mediumtext default NULL;
alter table bar add column added_8 mediumtext default NULL;
include/diff_tables.inc [test.foo, test.bar]
drop table foo;
drop table bar;
create table foo (a int, b bigint, c date, d tinyint) engine=TokuDB;
create table bar like foo;
alter table bar engine=MyISAM;
insert into foo values (NULL,NULL,NULL,NULL);
insert into foo values (-1,NULL,'2008-1-1',NULL);
insert into foo values (NULL,12345678987,NULL,1);
insert into foo values (2,20,'1999-11-11',0);
insert into bar select * from foo;
include/diff_tables.inc [test.foo, test.bar]
alter table foo add column added_1 bigint default NULL first;
alter table bar add column added_1 bigint default NULL first;
include/diff_tables.inc [test.foo, test.bar]
drop table foo;
drop table bar;
create table foo (a int, b bigint, c date, d tinyint) engine=TokuDB;
create table bar like foo;
alter table bar engine=MyISAM;
insert into foo values (NULL,NULL,NULL,NULL);
insert into foo values (-1,NULL,'2008-1-1',NULL);
insert into foo values (NULL,12345678987,NULL,1);
insert into foo values (2,20,'1999-11-11',0);
insert into bar select * from foo;
include/diff_tables.inc [test.foo, test.bar]
alter table foo add column added_2 bigint default -1 first;
alter table bar add column added_2 bigint default -1 first;
include/diff_tables.inc [test.foo, test.bar]
drop table foo;
drop table bar;
create table foo (a int, b bigint, c date, d tinyint) engine=TokuDB;
create table bar like foo;
alter table bar engine=MyISAM;
insert into foo values (NULL,NULL,NULL,NULL);
insert into foo values (-1,NULL,'2008-1-1',NULL);
insert into foo values (NULL,12345678987,NULL,1);
insert into foo values (2,20,'1999-11-11',0);
insert into bar select * from foo;
include/diff_tables.inc [test.foo, test.bar]
alter table foo add column added_3 bigint NOT NULL default -1 first;
alter table bar add column added_3 bigint NOT NULL default -1 first;
include/diff_tables.inc [test.foo, test.bar]
drop table foo;
drop table bar;
create table foo (a int, b bigint, c date, d tinyint) engine=TokuDB;
create table bar like foo;
alter table bar engine=MyISAM;
insert into foo values (NULL,NULL,NULL,NULL);
insert into foo values (-1,NULL,'2008-1-1',NULL);
insert into foo values (NULL,12345678987,NULL,1);
insert into foo values (2,20,'1999-11-11',0);
insert into bar select * from foo;
include/diff_tables.inc [test.foo, test.bar]
alter table foo add column added_4 varchar(10) default NULL first;
alter table bar add column added_4 varchar(10) default NULL first;
include/diff_tables.inc [test.foo, test.bar]
drop table foo;
drop table bar;
create table foo (a int, b bigint, c date, d tinyint) engine=TokuDB;
create table bar like foo;
alter table bar engine=MyISAM;
insert into foo values (NULL,NULL,NULL,NULL);
insert into foo values (-1,NULL,'2008-1-1',NULL);
insert into foo values (NULL,12345678987,NULL,1);
insert into foo values (2,20,'1999-11-11',0);
insert into bar select * from foo;
include/diff_tables.inc [test.foo, test.bar]
alter table foo add column added_5 varchar(10) default "qwerty" first;
alter table bar add column added_5 varchar(10) default "qwerty" first;
include/diff_tables.inc [test.foo, test.bar]
drop table foo;
drop table bar;
create table foo (a int, b bigint, c date, d tinyint) engine=TokuDB;
create table bar like foo;
alter table bar engine=MyISAM;
insert into foo values (NULL,NULL,NULL,NULL);
insert into foo values (-1,NULL,'2008-1-1',NULL);
insert into foo values (NULL,12345678987,NULL,1);
insert into foo values (2,20,'1999-11-11',0);
insert into bar select * from foo;
include/diff_tables.inc [test.foo, test.bar]
alter table foo add column added_6 varchar(10) NOT NULL default "ruyrtt" first;
alter table bar add column added_6 varchar(10) NOT NULL default "ruyrtt" first;
include/diff_tables.inc [test.foo, test.bar]
drop table foo;
drop table bar;
create table foo (a int, b bigint, c date, d tinyint) engine=TokuDB;
create table bar like foo;
alter table bar engine=MyISAM;
insert into foo values (NULL,NULL,NULL,NULL);
insert into foo values (-1,NULL,'2008-1-1',NULL);
insert into foo values (NULL,12345678987,NULL,1);
insert into foo values (2,20,'1999-11-11',0);
insert into bar select * from foo;
include/diff_tables.inc [test.foo, test.bar]
alter table foo add column added_7 text default NULL first;
alter table bar add column added_7 text default NULL first;
include/diff_tables.inc [test.foo, test.bar]
drop table foo;
drop table bar;
create table foo (a int, b bigint, c date, d tinyint) engine=TokuDB;
create table bar like foo;
alter table bar engine=MyISAM;
insert into foo values (NULL,NULL,NULL,NULL);
insert into foo values (-1,NULL,'2008-1-1',NULL);
insert into foo values (NULL,12345678987,NULL,1);
insert into foo values (2,20,'1999-11-11',0);
insert into bar select * from foo;
include/diff_tables.inc [test.foo, test.bar]
alter table foo add column added_8 mediumtext default NULL first;
alter table bar add column added_8 mediumtext default NULL first;
include/diff_tables.inc [test.foo, test.bar]
drop table foo;
drop table bar;
create table foo (a int, b bigint, c date, d tinyint) engine=TokuDB;
create table bar like foo;
alter table bar engine=MyISAM;
insert into foo values (NULL,NULL,NULL,NULL);
insert into foo values (-1,NULL,'2008-1-1',NULL);
insert into foo values (NULL,12345678987,NULL,1);
insert into foo values (2,20,'1999-11-11',0);
insert into bar select * from foo;
include/diff_tables.inc [test.foo, test.bar]
alter table foo add column added_1 bigint default NULL after b;
alter table bar add column added_1 bigint default NULL after b;
include/diff_tables.inc [test.foo, test.bar]
drop table foo;
drop table bar;
create table foo (a int, b bigint, c date, d tinyint) engine=TokuDB;
create table bar like foo;
alter table bar engine=MyISAM;
insert into foo values (NULL,NULL,NULL,NULL);
insert into foo values (-1,NULL,'2008-1-1',NULL);
insert into foo values (NULL,12345678987,NULL,1);
insert into foo values (2,20,'1999-11-11',0);
insert into bar select * from foo;
include/diff_tables.inc [test.foo, test.bar]
alter table foo add column added_2 bigint default -1 after b;
alter table bar add column added_2 bigint default -1 after b;
include/diff_tables.inc [test.foo, test.bar]
drop table foo;
drop table bar;
create table foo (a int, b bigint, c date, d tinyint) engine=TokuDB;
create table bar like foo;
alter table bar engine=MyISAM;
insert into foo values (NULL,NULL,NULL,NULL);
insert into foo values (-1,NULL,'2008-1-1',NULL);
insert into foo values (NULL,12345678987,NULL,1);
insert into foo values (2,20,'1999-11-11',0);
insert into bar select * from foo;
include/diff_tables.inc [test.foo, test.bar]
alter table foo add column added_3 bigint NOT NULL default -1 after b;
alter table bar add column added_3 bigint NOT NULL default -1 after b;
include/diff_tables.inc [test.foo, test.bar]
drop table foo;
drop table bar;
create table foo (a int, b bigint, c date, d tinyint) engine=TokuDB;
create table bar like foo;
alter table bar engine=MyISAM;
insert into foo values (NULL,NULL,NULL,NULL);
insert into foo values (-1,NULL,'2008-1-1',NULL);
insert into foo values (NULL,12345678987,NULL,1);
insert into foo values (2,20,'1999-11-11',0);
insert into bar select * from foo;
include/diff_tables.inc [test.foo, test.bar]
alter table foo add column added_4 varchar(10) default NULL after b;
alter table bar add column added_4 varchar(10) default NULL after b;
include/diff_tables.inc [test.foo, test.bar]
drop table foo;
drop table bar;
create table foo (a int, b bigint, c date, d tinyint) engine=TokuDB;
create table bar like foo;
alter table bar engine=MyISAM;
insert into foo values (NULL,NULL,NULL,NULL);
insert into foo values (-1,NULL,'2008-1-1',NULL);
insert into foo values (NULL,12345678987,NULL,1);
insert into foo values (2,20,'1999-11-11',0);
insert into bar select * from foo;
include/diff_tables.inc [test.foo, test.bar]
alter table foo add column added_5 varchar(10) default "qwerty" after b;
alter table bar add column added_5 varchar(10) default "qwerty" after b;
include/diff_tables.inc [test.foo, test.bar]
drop table foo;
drop table bar;
create table foo (a int, b bigint, c date, d tinyint) engine=TokuDB;
create table bar like foo;
alter table bar engine=MyISAM;
insert into foo values (NULL,NULL,NULL,NULL);
insert into foo values (-1,NULL,'2008-1-1',NULL);
insert into foo values (NULL,12345678987,NULL,1);
insert into foo values (2,20,'1999-11-11',0);
insert into bar select * from foo;
include/diff_tables.inc [test.foo, test.bar]
alter table foo add column added_6 varchar(10) NOT NULL default "ruyrtt" after b;
alter table bar add column added_6 varchar(10) NOT NULL default "ruyrtt" after b;
include/diff_tables.inc [test.foo, test.bar]
drop table foo;
drop table bar;
create table foo (a int, b bigint, c date, d tinyint) engine=TokuDB;
create table bar like foo;
alter table bar engine=MyISAM;
insert into foo values (NULL,NULL,NULL,NULL);
insert into foo values (-1,NULL,'2008-1-1',NULL);
insert into foo values (NULL,12345678987,NULL,1);
insert into foo values (2,20,'1999-11-11',0);
insert into bar select * from foo;
include/diff_tables.inc [test.foo, test.bar]
alter table foo add column added_7 text default NULL after b;
alter table bar add column added_7 text default NULL after b;
include/diff_tables.inc [test.foo, test.bar]
drop table foo;
drop table bar;
create table foo (a int, b bigint, c date, d tinyint) engine=TokuDB;
create table bar like foo;
alter table bar engine=MyISAM;
insert into foo values (NULL,NULL,NULL,NULL);
insert into foo values (-1,NULL,'2008-1-1',NULL);
insert into foo values (NULL,12345678987,NULL,1);
insert into foo values (2,20,'1999-11-11',0);
insert into bar select * from foo;
include/diff_tables.inc [test.foo, test.bar]
alter table foo add column added_8 mediumtext default NULL after b;
alter table bar add column added_8 mediumtext default NULL after b;
include/diff_tables.inc [test.foo, test.bar]
drop table foo;
drop table bar;
create table foo (a int, b bigint, c date, d tinyint) engine=TokuDB;
create table bar like foo;
alter table bar engine=MyISAM;
insert into foo values (NULL,NULL,NULL,NULL);
insert into foo values (-1,NULL,'2008-1-1',NULL);
insert into foo values (NULL,12345678987,NULL,1);
insert into foo values (2,20,'1999-11-11',0);
insert into bar select * from foo;
include/diff_tables.inc [test.foo, test.bar]
alter table foo add column added_1 bigint default NULL, add column added_11 bigint default NULL;
alter table bar add column added_1 bigint default NULL, add column added_11 bigint default NULL;
include/diff_tables.inc [test.foo, test.bar]
drop table foo;
drop table bar;
create table foo (a int, b bigint, c date, d tinyint) engine=TokuDB;
create table bar like foo;
alter table bar engine=MyISAM;
insert into foo values (NULL,NULL,NULL,NULL);
insert into foo values (-1,NULL,'2008-1-1',NULL);
insert into foo values (NULL,12345678987,NULL,1);
insert into foo values (2,20,'1999-11-11',0);
insert into bar select * from foo;
include/diff_tables.inc [test.foo, test.bar]
alter table foo add column added_1 bigint default NULL, add column added_21 bigint default 1234;
alter table bar add column added_1 bigint default NULL, add column added_21 bigint default 1234;
include/diff_tables.inc [test.foo, test.bar]
drop table foo;
drop table bar;
create table foo (a int, b bigint, c date, d tinyint) engine=TokuDB;
create table bar like foo;
alter table bar engine=MyISAM;
insert into foo values (NULL,NULL,NULL,NULL);
insert into foo values (-1,NULL,'2008-1-1',NULL);
insert into foo values (NULL,12345678987,NULL,1);
insert into foo values (2,20,'1999-11-11',0);
insert into bar select * from foo;
include/diff_tables.inc [test.foo, test.bar]
alter table foo add column added_1 bigint default NULL, add column added_31 bigint NOT NULL default 54;
alter table bar add column added_1 bigint default NULL, add column added_31 bigint NOT NULL default 54;
include/diff_tables.inc [test.foo, test.bar]
drop table foo;
drop table bar;
create table foo (a int, b bigint, c date, d tinyint) engine=TokuDB;
create table bar like foo;
alter table bar engine=MyISAM;
insert into foo values (NULL,NULL,NULL,NULL);
insert into foo values (-1,NULL,'2008-1-1',NULL);
insert into foo values (NULL,12345678987,NULL,1);
insert into foo values (2,20,'1999-11-11',0);
insert into bar select * from foo;
include/diff_tables.inc [test.foo, test.bar]
alter table foo add column added_1 bigint default NULL, add column added_41 varchar(10) default NULL;
alter table bar add column added_1 bigint default NULL, add column added_41 varchar(10) default NULL;
include/diff_tables.inc [test.foo, test.bar]
drop table foo;
drop table bar;
create table foo (a int, b bigint, c date, d tinyint) engine=TokuDB;
create table bar like foo;
alter table bar engine=MyISAM;
insert into foo values (NULL,NULL,NULL,NULL);
insert into foo values (-1,NULL,'2008-1-1',NULL);
insert into foo values (NULL,12345678987,NULL,1);
insert into foo values (2,20,'1999-11-11',0);
insert into bar select * from foo;
include/diff_tables.inc [test.foo, test.bar]
alter table foo add column added_1 bigint default NULL, add column added_51 varchar(10) default "abracadab";
alter table bar add column added_1 bigint default NULL, add column added_51 varchar(10) default "abracadab";
include/diff_tables.inc [test.foo, test.bar]
drop table foo;
drop table bar;
create table foo (a int, b bigint, c date, d tinyint) engine=TokuDB;
create table bar like foo;
alter table bar engine=MyISAM;
insert into foo values (NULL,NULL,NULL,NULL);
insert into foo values (-1,NULL,'2008-1-1',NULL);
insert into foo values (NULL,12345678987,NULL,1);
insert into foo values (2,20,'1999-11-11',0);
insert into bar select * from foo;
include/diff_tables.inc [test.foo, test.bar]
alter table foo add column added_1 bigint default NULL, add column added_61 varchar(10) NOT NULL default "abracadab";
alter table bar add column added_1 bigint default NULL, add column added_61 varchar(10) NOT NULL default "abracadab";
include/diff_tables.inc [test.foo, test.bar]
drop table foo;
drop table bar;
create table foo (a int, b bigint, c date, d tinyint) engine=TokuDB;
create table bar like foo;
alter table bar engine=MyISAM;
insert into foo values (NULL,NULL,NULL,NULL);
insert into foo values (-1,NULL,'2008-1-1',NULL);
insert into foo values (NULL,12345678987,NULL,1);
insert into foo values (2,20,'1999-11-11',0);
insert into bar select * from foo;
include/diff_tables.inc [test.foo, test.bar]
alter table foo add column added_1 bigint default NULL, add column added_71 text default NULL;
alter table bar add column added_1 bigint default NULL, add column added_71 text default NULL;
include/diff_tables.inc [test.foo, test.bar]
drop table foo;
drop table bar;
create table foo (a int, b bigint, c date, d tinyint) engine=TokuDB;
create table bar like foo;
alter table bar engine=MyISAM;
insert into foo values (NULL,NULL,NULL,NULL);
insert into foo values (-1,NULL,'2008-1-1',NULL);
insert into foo values (NULL,12345678987,NULL,1);
insert into foo values (2,20,'1999-11-11',0);
insert into bar select * from foo;
include/diff_tables.inc [test.foo, test.bar]
alter table foo add column added_1 bigint default NULL, add column added_81 mediumtext default NULL;
alter table bar add column added_1 bigint default NULL, add column added_81 mediumtext default NULL;
include/diff_tables.inc [test.foo, test.bar]
drop table foo;
drop table bar;
create table foo (a int, b bigint, c date, d tinyint) engine=TokuDB;
create table bar like foo;
alter table bar engine=MyISAM;
insert into foo values (NULL,NULL,NULL,NULL);
insert into foo values (-1,NULL,'2008-1-1',NULL);
insert into foo values (NULL,12345678987,NULL,1);
insert into foo values (2,20,'1999-11-11',0);
insert into bar select * from foo;
include/diff_tables.inc [test.foo, test.bar]
alter table foo add column added_2 bigint default -1, add column added_11 bigint default NULL;
alter table bar add column added_2 bigint default -1, add column added_11 bigint default NULL;
include/diff_tables.inc [test.foo, test.bar]
drop table foo;
drop table bar;
create table foo (a int, b bigint, c date, d tinyint) engine=TokuDB;
create table bar like foo;
alter table bar engine=MyISAM;
insert into foo values (NULL,NULL,NULL,NULL);
insert into foo values (-1,NULL,'2008-1-1',NULL);
insert into foo values (NULL,12345678987,NULL,1);
insert into foo values (2,20,'1999-11-11',0);
insert into bar select * from foo;
include/diff_tables.inc [test.foo, test.bar]
alter table foo add column added_2 bigint default -1, add column added_21 bigint default 1234;
alter table bar add column added_2 bigint default -1, add column added_21 bigint default 1234;
include/diff_tables.inc [test.foo, test.bar]
drop table foo;
drop table bar;
create table foo (a int, b bigint, c date, d tinyint) engine=TokuDB;
create table bar like foo;
alter table bar engine=MyISAM;
insert into foo values (NULL,NULL,NULL,NULL);
insert into foo values (-1,NULL,'2008-1-1',NULL);
insert into foo values (NULL,12345678987,NULL,1);
insert into foo values (2,20,'1999-11-11',0);
insert into bar select * from foo;
include/diff_tables.inc [test.foo, test.bar]
alter table foo add column added_2 bigint default -1, add column added_31 bigint NOT NULL default 54;
alter table bar add column added_2 bigint default -1, add column added_31 bigint NOT NULL default 54;
include/diff_tables.inc [test.foo, test.bar]
drop table foo;
drop table bar;
create table foo (a int, b bigint, c date, d tinyint) engine=TokuDB;
create table bar like foo;
alter table bar engine=MyISAM;
insert into foo values (NULL,NULL,NULL,NULL);
insert into foo values (-1,NULL,'2008-1-1',NULL);
insert into foo values (NULL,12345678987,NULL,1);
insert into foo values (2,20,'1999-11-11',0);
insert into bar select * from foo;
include/diff_tables.inc [test.foo, test.bar]
alter table foo add column added_2 bigint default -1, add column added_41 varchar(10) default NULL;
alter table bar add column added_2 bigint default -1, add column added_41 varchar(10) default NULL;
include/diff_tables.inc [test.foo, test.bar]
drop table foo;
drop table bar;
create table foo (a int, b bigint, c date, d tinyint) engine=TokuDB;
create table bar like foo;
alter table bar engine=MyISAM;
insert into foo values (NULL,NULL,NULL,NULL);
insert into foo values (-1,NULL,'2008-1-1',NULL);
insert into foo values (NULL,12345678987,NULL,1);
insert into foo values (2,20,'1999-11-11',0);
insert into bar select * from foo;
include/diff_tables.inc [test.foo, test.bar]
alter table foo add column added_2 bigint default -1, add column added_51 varchar(10) default "abracadab";
alter table bar add column added_2 bigint default -1, add column added_51 varchar(10) default "abracadab";
include/diff_tables.inc [test.foo, test.bar]
drop table foo;
drop table bar;
create table foo (a int, b bigint, c date, d tinyint) engine=TokuDB;
create table bar like foo;
alter table bar engine=MyISAM;
insert into foo values (NULL,NULL,NULL,NULL);
insert into foo values (-1,NULL,'2008-1-1',NULL);
insert into foo values (NULL,12345678987,NULL,1);
insert into foo values (2,20,'1999-11-11',0);
insert into bar select * from foo;
include/diff_tables.inc [test.foo, test.bar]
alter table foo add column added_2 bigint default -1, add column added_61 varchar(10) NOT NULL default "abracadab";
alter table bar add column added_2 bigint default -1, add column added_61 varchar(10) NOT NULL default "abracadab";
include/diff_tables.inc [test.foo, test.bar]
drop table foo;
drop table bar;
create table foo (a int, b bigint, c date, d tinyint) engine=TokuDB;
create table bar like foo;
alter table bar engine=MyISAM;
insert into foo values (NULL,NULL,NULL,NULL);
insert into foo values (-1,NULL,'2008-1-1',NULL);
insert into foo values (NULL,12345678987,NULL,1);
insert into foo values (2,20,'1999-11-11',0);
insert into bar select * from foo;
include/diff_tables.inc [test.foo, test.bar]
alter table foo add column added_2 bigint default -1, add column added_71 text default NULL;
alter table bar add column added_2 bigint default -1, add column added_71 text default NULL;
include/diff_tables.inc [test.foo, test.bar]
drop table foo;
drop table bar;
create table foo (a int, b bigint, c date, d tinyint) engine=TokuDB;
create table bar like foo;
alter table bar engine=MyISAM;
insert into foo values (NULL,NULL,NULL,NULL);
insert into foo values (-1,NULL,'2008-1-1',NULL);
insert into foo values (NULL,12345678987,NULL,1);
insert into foo values (2,20,'1999-11-11',0);
insert into bar select * from foo;
include/diff_tables.inc [test.foo, test.bar]
alter table foo add column added_2 bigint default -1, add column added_81 mediumtext default NULL;
alter table bar add column added_2 bigint default -1, add column added_81 mediumtext default NULL;
include/diff_tables.inc [test.foo, test.bar]
drop table foo;
drop table bar;
create table foo (a int, b bigint, c date, d tinyint) engine=TokuDB;
create table bar like foo;
alter table bar engine=MyISAM;
insert into foo values (NULL,NULL,NULL,NULL);
insert into foo values (-1,NULL,'2008-1-1',NULL);
insert into foo values (NULL,12345678987,NULL,1);
insert into foo values (2,20,'1999-11-11',0);
insert into bar select * from foo;
include/diff_tables.inc [test.foo, test.bar]
alter table foo add column added_3 bigint NOT NULL default -1, add column added_11 bigint default NULL;
alter table bar add column added_3 bigint NOT NULL default -1, add column added_11 bigint default NULL;
include/diff_tables.inc [test.foo, test.bar]
drop table foo;
drop table bar;
create table foo (a int, b bigint, c date, d tinyint) engine=TokuDB;
create table bar like foo;
alter table bar engine=MyISAM;
insert into foo values (NULL,NULL,NULL,NULL);
insert into foo values (-1,NULL,'2008-1-1',NULL);
insert into foo values (NULL,12345678987,NULL,1);
insert into foo values (2,20,'1999-11-11',0);
insert into bar select * from foo;
include/diff_tables.inc [test.foo, test.bar]
alter table foo add column added_3 bigint NOT NULL default -1, add column added_21 bigint default 1234;
alter table bar add column added_3 bigint NOT NULL default -1, add column added_21 bigint default 1234;
include/diff_tables.inc [test.foo, test.bar]
drop table foo;
drop table bar;
create table foo (a int, b bigint, c date, d tinyint) engine=TokuDB;
create table bar like foo;
alter table bar engine=MyISAM;
insert into foo values (NULL,NULL,NULL,NULL);
insert into foo values (-1,NULL,'2008-1-1',NULL);
insert into foo values (NULL,12345678987,NULL,1);
insert into foo values (2,20,'1999-11-11',0);
insert into bar select * from foo;
include/diff_tables.inc [test.foo, test.bar]
alter table foo add column added_3 bigint NOT NULL default -1, add column added_31 bigint NOT NULL default 54;
alter table bar add column added_3 bigint NOT NULL default -1, add column added_31 bigint NOT NULL default 54;
include/diff_tables.inc [test.foo, test.bar]
drop table foo;
drop table bar;
create table foo (a int, b bigint, c date, d tinyint) engine=TokuDB;
create table bar like foo;
alter table bar engine=MyISAM;
insert into foo values (NULL,NULL,NULL,NULL);
insert into foo values (-1,NULL,'2008-1-1',NULL);
insert into foo values (NULL,12345678987,NULL,1);
insert into foo values (2,20,'1999-11-11',0);
insert into bar select * from foo;
include/diff_tables.inc [test.foo, test.bar]
alter table foo add column added_3 bigint NOT NULL default -1, add column added_41 varchar(10) default NULL;
alter table bar add column added_3 bigint NOT NULL default -1, add column added_41 varchar(10) default NULL;
include/diff_tables.inc [test.foo, test.bar]
drop table foo;
drop table bar;
create table foo (a int, b bigint, c date, d tinyint) engine=TokuDB;
create table bar like foo;
alter table bar engine=MyISAM;
insert into foo values (NULL,NULL,NULL,NULL);
insert into foo values (-1,NULL,'2008-1-1',NULL);
insert into foo values (NULL,12345678987,NULL,1);
insert into foo values (2,20,'1999-11-11',0);
insert into bar select * from foo;
include/diff_tables.inc [test.foo, test.bar]
alter table foo add column added_3 bigint NOT NULL default -1, add column added_51 varchar(10) default "abracadab";
alter table bar add column added_3 bigint NOT NULL default -1, add column added_51 varchar(10) default "abracadab";
include/diff_tables.inc [test.foo, test.bar]
drop table foo;
drop table bar;
create table foo (a int, b bigint, c date, d tinyint) engine=TokuDB;
create table bar like foo;
alter table bar engine=MyISAM;
insert into foo values (NULL,NULL,NULL,NULL);
insert into foo values (-1,NULL,'2008-1-1',NULL);
insert into foo values (NULL,12345678987,NULL,1);
insert into foo values (2,20,'1999-11-11',0);
insert into bar select * from foo;
include/diff_tables.inc [test.foo, test.bar]
alter table foo add column added_3 bigint NOT NULL default -1, add column added_61 varchar(10) NOT NULL default "abracadab";
alter table bar add column added_3 bigint NOT NULL default -1, add column added_61 varchar(10) NOT NULL default "abracadab";
include/diff_tables.inc [test.foo, test.bar]
drop table foo;
drop table bar;
create table foo (a int, b bigint, c date, d tinyint) engine=TokuDB;
create table bar like foo;
alter table bar engine=MyISAM;
insert into foo values (NULL,NULL,NULL,NULL);
insert into foo values (-1,NULL,'2008-1-1',NULL);
insert into foo values (NULL,12345678987,NULL,1);
insert into foo values (2,20,'1999-11-11',0);
insert into bar select * from foo;
include/diff_tables.inc [test.foo, test.bar]
alter table foo add column added_3 bigint NOT NULL default -1, add column added_71 text default NULL;
alter table bar add column added_3 bigint NOT NULL default -1, add column added_71 text default NULL;
include/diff_tables.inc [test.foo, test.bar]
drop table foo;
drop table bar;
create table foo (a int, b bigint, c date, d tinyint) engine=TokuDB;
create table bar like foo;
alter table bar engine=MyISAM;
insert into foo values (NULL,NULL,NULL,NULL);
insert into foo values (-1,NULL,'2008-1-1',NULL);
insert into foo values (NULL,12345678987,NULL,1);
insert into foo values (2,20,'1999-11-11',0);
insert into bar select * from foo;
include/diff_tables.inc [test.foo, test.bar]
alter table foo add column added_3 bigint NOT NULL default -1, add column added_81 mediumtext default NULL;
alter table bar add column added_3 bigint NOT NULL default -1, add column added_81 mediumtext default NULL;
include/diff_tables.inc [test.foo, test.bar]
drop table foo;
drop table bar;
create table foo (a int, b bigint, c date, d tinyint) engine=TokuDB;
create table bar like foo;
alter table bar engine=MyISAM;
insert into foo values (NULL,NULL,NULL,NULL);
insert into foo values (-1,NULL,'2008-1-1',NULL);
insert into foo values (NULL,12345678987,NULL,1);
insert into foo values (2,20,'1999-11-11',0);
insert into bar select * from foo;
include/diff_tables.inc [test.foo, test.bar]
alter table foo add column added_4 varchar(10) default NULL, add column added_11 bigint default NULL;
alter table bar add column added_4 varchar(10) default NULL, add column added_11 bigint default NULL;
include/diff_tables.inc [test.foo, test.bar]
drop table foo;
drop table bar;
create table foo (a int, b bigint, c date, d tinyint) engine=TokuDB;
create table bar like foo;
alter table bar engine=MyISAM;
insert into foo values (NULL,NULL,NULL,NULL);
insert into foo values (-1,NULL,'2008-1-1',NULL);
insert into foo values (NULL,12345678987,NULL,1);
insert into foo values (2,20,'1999-11-11',0);
insert into bar select * from foo;
include/diff_tables.inc [test.foo, test.bar]
alter table foo add column added_4 varchar(10) default NULL, add column added_21 bigint default 1234;
alter table bar add column added_4 varchar(10) default NULL, add column added_21 bigint default 1234;
include/diff_tables.inc [test.foo, test.bar]
drop table foo;
drop table bar;
create table foo (a int, b bigint, c date, d tinyint) engine=TokuDB;
create table bar like foo;
alter table bar engine=MyISAM;
insert into foo values (NULL,NULL,NULL,NULL);
insert into foo values (-1,NULL,'2008-1-1',NULL);
insert into foo values (NULL,12345678987,NULL,1);
insert into foo values (2,20,'1999-11-11',0);
insert into bar select * from foo;
include/diff_tables.inc [test.foo, test.bar]
alter table foo add column added_4 varchar(10) default NULL, add column added_31 bigint NOT NULL default 54;
alter table bar add column added_4 varchar(10) default NULL, add column added_31 bigint NOT NULL default 54;
include/diff_tables.inc [test.foo, test.bar]
drop table foo;
drop table bar;
create table foo (a int, b bigint, c date, d tinyint) engine=TokuDB;
create table bar like foo;
alter table bar engine=MyISAM;
insert into foo values (NULL,NULL,NULL,NULL);
insert into foo values (-1,NULL,'2008-1-1',NULL);
insert into foo values (NULL,12345678987,NULL,1);
insert into foo values (2,20,'1999-11-11',0);
insert into bar select * from foo;
include/diff_tables.inc [test.foo, test.bar]
alter table foo add column added_4 varchar(10) default NULL, add column added_41 varchar(10) default NULL;
alter table bar add column added_4 varchar(10) default NULL, add column added_41 varchar(10) default NULL;
include/diff_tables.inc [test.foo, test.bar]
drop table foo;
drop table bar;
create table foo (a int, b bigint, c date, d tinyint) engine=TokuDB;
create table bar like foo;
alter table bar engine=MyISAM;
insert into foo values (NULL,NULL,NULL,NULL);
insert into foo values (-1,NULL,'2008-1-1',NULL);
insert into foo values (NULL,12345678987,NULL,1);
insert into foo values (2,20,'1999-11-11',0);
insert into bar select * from foo;
include/diff_tables.inc [test.foo, test.bar]
alter table foo add column added_4 varchar(10) default NULL, add column added_51 varchar(10) default "abracadab";
alter table bar add column added_4 varchar(10) default NULL, add column added_51 varchar(10) default "abracadab";
include/diff_tables.inc [test.foo, test.bar]
drop table foo;
drop table bar;
create table foo (a int, b bigint, c date, d tinyint) engine=TokuDB;
create table bar like foo;
alter table bar engine=MyISAM;
insert into foo values (NULL,NULL,NULL,NULL);
insert into foo values (-1,NULL,'2008-1-1',NULL);
insert into foo values (NULL,12345678987,NULL,1);
insert into foo values (2,20,'1999-11-11',0);
insert into bar select * from foo;
include/diff_tables.inc [test.foo, test.bar]
alter table foo add column added_4 varchar(10) default NULL, add column added_61 varchar(10) NOT NULL default "abracadab";
alter table bar add column added_4 varchar(10) default NULL, add column added_61 varchar(10) NOT NULL default "abracadab";
include/diff_tables.inc [test.foo, test.bar]
drop table foo;
drop table bar;
create table foo (a int, b bigint, c date, d tinyint) engine=TokuDB;
create table bar like foo;
alter table bar engine=MyISAM;
insert into foo values (NULL,NULL,NULL,NULL);
insert into foo values (-1,NULL,'2008-1-1',NULL);
insert into foo values (NULL,12345678987,NULL,1);
insert into foo values (2,20,'1999-11-11',0);
insert into bar select * from foo;
include/diff_tables.inc [test.foo, test.bar]
alter table foo add column added_4 varchar(10) default NULL, add column added_71 text default NULL;
alter table bar add column added_4 varchar(10) default NULL, add column added_71 text default NULL;
include/diff_tables.inc [test.foo, test.bar]
drop table foo;
drop table bar;
create table foo (a int, b bigint, c date, d tinyint) engine=TokuDB;
create table bar like foo;
alter table bar engine=MyISAM;
insert into foo values (NULL,NULL,NULL,NULL);
insert into foo values (-1,NULL,'2008-1-1',NULL);
insert into foo values (NULL,12345678987,NULL,1);
insert into foo values (2,20,'1999-11-11',0);
insert into bar select * from foo;
include/diff_tables.inc [test.foo, test.bar]
alter table foo add column added_4 varchar(10) default NULL, add column added_81 mediumtext default NULL;
alter table bar add column added_4 varchar(10) default NULL, add column added_81 mediumtext default NULL;
include/diff_tables.inc [test.foo, test.bar]
drop table foo;
drop table bar;
create table foo (a int, b bigint, c date, d tinyint) engine=TokuDB;
create table bar like foo;
alter table bar engine=MyISAM;
insert into foo values (NULL,NULL,NULL,NULL);
insert into foo values (-1,NULL,'2008-1-1',NULL);
insert into foo values (NULL,12345678987,NULL,1);
insert into foo values (2,20,'1999-11-11',0);
insert into bar select * from foo;
include/diff_tables.inc [test.foo, test.bar]
alter table foo add column added_5 varchar(10) default "qwerty", add column added_11 bigint default NULL;
alter table bar add column added_5 varchar(10) default "qwerty", add column added_11 bigint default NULL;
include/diff_tables.inc [test.foo, test.bar]
drop table foo;
drop table bar;
create table foo (a int, b bigint, c date, d tinyint) engine=TokuDB;
create table bar like foo;
alter table bar engine=MyISAM;
insert into foo values (NULL,NULL,NULL,NULL);
insert into foo values (-1,NULL,'2008-1-1',NULL);
insert into foo values (NULL,12345678987,NULL,1);
insert into foo values (2,20,'1999-11-11',0);
insert into bar select * from foo;
include/diff_tables.inc [test.foo, test.bar]
alter table foo add column added_5 varchar(10) default "qwerty", add column added_21 bigint default 1234;
alter table bar add column added_5 varchar(10) default "qwerty", add column added_21 bigint default 1234;
include/diff_tables.inc [test.foo, test.bar]
drop table foo;
drop table bar;
create table foo (a int, b bigint, c date, d tinyint) engine=TokuDB;
create table bar like foo;
alter table bar engine=MyISAM;
insert into foo values (NULL,NULL,NULL,NULL);
insert into foo values (-1,NULL,'2008-1-1',NULL);
insert into foo values (NULL,12345678987,NULL,1);
insert into foo values (2,20,'1999-11-11',0);
insert into bar select * from foo;
include/diff_tables.inc [test.foo, test.bar]
alter table foo add column added_5 varchar(10) default "qwerty", add column added_31 bigint NOT NULL default 54;
alter table bar add column added_5 varchar(10) default "qwerty", add column added_31 bigint NOT NULL default 54;
include/diff_tables.inc [test.foo, test.bar]
drop table foo;
drop table bar;
create table foo (a int, b bigint, c date, d tinyint) engine=TokuDB;
create table bar like foo;
alter table bar engine=MyISAM;
insert into foo values (NULL,NULL,NULL,NULL);
insert into foo values (-1,NULL,'2008-1-1',NULL);
insert into foo values (NULL,12345678987,NULL,1);
insert into foo values (2,20,'1999-11-11',0);
insert into bar select * from foo;
include/diff_tables.inc [test.foo, test.bar]
alter table foo add column added_5 varchar(10) default "qwerty", add column added_41 varchar(10) default NULL;
alter table bar add column added_5 varchar(10) default "qwerty", add column added_41 varchar(10) default NULL;
include/diff_tables.inc [test.foo, test.bar]
drop table foo;
drop table bar;
create table foo (a int, b bigint, c date, d tinyint) engine=TokuDB;
create table bar like foo;
alter table bar engine=MyISAM;
insert into foo values (NULL,NULL,NULL,NULL);
insert into foo values (-1,NULL,'2008-1-1',NULL);
insert into foo values (NULL,12345678987,NULL,1);
insert into foo values (2,20,'1999-11-11',0);
insert into bar select * from foo;
include/diff_tables.inc [test.foo, test.bar]
alter table foo add column added_5 varchar(10) default "qwerty", add column added_51 varchar(10) default "abracadab";
alter table bar add column added_5 varchar(10) default "qwerty", add column added_51 varchar(10) default "abracadab";
include/diff_tables.inc [test.foo, test.bar]
drop table foo;
drop table bar;
create table foo (a int, b bigint, c date, d tinyint) engine=TokuDB;
create table bar like foo;
alter table bar engine=MyISAM;
insert into foo values (NULL,NULL,NULL,NULL);
insert into foo values (-1,NULL,'2008-1-1',NULL);
insert into foo values (NULL,12345678987,NULL,1);
insert into foo values (2,20,'1999-11-11',0);
insert into bar select * from foo;
include/diff_tables.inc [test.foo, test.bar]
alter table foo add column added_5 varchar(10) default "qwerty", add column added_61 varchar(10) NOT NULL default "abracadab";
alter table bar add column added_5 varchar(10) default "qwerty", add column added_61 varchar(10) NOT NULL default "abracadab";
include/diff_tables.inc [test.foo, test.bar]
drop table foo;
drop table bar;
create table foo (a int, b bigint, c date, d tinyint) engine=TokuDB;
create table bar like foo;
alter table bar engine=MyISAM;
insert into foo values (NULL,NULL,NULL,NULL);
insert into foo values (-1,NULL,'2008-1-1',NULL);
insert into foo values (NULL,12345678987,NULL,1);
insert into foo values (2,20,'1999-11-11',0);
insert into bar select * from foo;
include/diff_tables.inc [test.foo, test.bar]
alter table foo add column added_5 varchar(10) default "qwerty", add column added_71 text default NULL;
alter table bar add column added_5 varchar(10) default "qwerty", add column added_71 text default NULL;
include/diff_tables.inc [test.foo, test.bar]
drop table foo;
drop table bar;
create table foo (a int, b bigint, c date, d tinyint) engine=TokuDB;
create table bar like foo;
alter table bar engine=MyISAM;
insert into foo values (NULL,NULL,NULL,NULL);
insert into foo values (-1,NULL,'2008-1-1',NULL);
insert into foo values (NULL,12345678987,NULL,1);
insert into foo values (2,20,'1999-11-11',0);
insert into bar select * from foo;
include/diff_tables.inc [test.foo, test.bar]
alter table foo add column added_5 varchar(10) default "qwerty", add column added_81 mediumtext default NULL;
alter table bar add column added_5 varchar(10) default "qwerty", add column added_81 mediumtext default NULL;
include/diff_tables.inc [test.foo, test.bar]
drop table foo;
drop table bar;
create table foo (a int, b bigint, c date, d tinyint) engine=TokuDB;
create table bar like foo;
alter table bar engine=MyISAM;
insert into foo values (NULL,NULL,NULL,NULL);
insert into foo values (-1,NULL,'2008-1-1',NULL);
insert into foo values (NULL,12345678987,NULL,1);
insert into foo values (2,20,'1999-11-11',0);
insert into bar select * from foo;
include/diff_tables.inc [test.foo, test.bar]
alter table foo add column added_6 varchar(10) NOT NULL default "ruyrtt", add column added_11 bigint default NULL;
alter table bar add column added_6 varchar(10) NOT NULL default "ruyrtt", add column added_11 bigint default NULL;
include/diff_tables.inc [test.foo, test.bar]
drop table foo;
drop table bar;
create table foo (a int, b bigint, c date, d tinyint) engine=TokuDB;
create table bar like foo;
alter table bar engine=MyISAM;
insert into foo values (NULL,NULL,NULL,NULL);
insert into foo values (-1,NULL,'2008-1-1',NULL);
insert into foo values (NULL,12345678987,NULL,1);
insert into foo values (2,20,'1999-11-11',0);
insert into bar select * from foo;
include/diff_tables.inc [test.foo, test.bar]
alter table foo add column added_6 varchar(10) NOT NULL default "ruyrtt", add column added_21 bigint default 1234;
alter table bar add column added_6 varchar(10) NOT NULL default "ruyrtt", add column added_21 bigint default 1234;
include/diff_tables.inc [test.foo, test.bar]
drop table foo;
drop table bar;
create table foo (a int, b bigint, c date, d tinyint) engine=TokuDB;
create table bar like foo;
alter table bar engine=MyISAM;
insert into foo values (NULL,NULL,NULL,NULL);
insert into foo values (-1,NULL,'2008-1-1',NULL);
insert into foo values (NULL,12345678987,NULL,1);
insert into foo values (2,20,'1999-11-11',0);
insert into bar select * from foo;
include/diff_tables.inc [test.foo, test.bar]
alter table foo add column added_6 varchar(10) NOT NULL default "ruyrtt", add column added_31 bigint NOT NULL default 54;
alter table bar add column added_6 varchar(10) NOT NULL default "ruyrtt", add column added_31 bigint NOT NULL default 54;
include/diff_tables.inc [test.foo, test.bar]
drop table foo;
drop table bar;
create table foo (a int, b bigint, c date, d tinyint) engine=TokuDB;
create table bar like foo;
alter table bar engine=MyISAM;
insert into foo values (NULL,NULL,NULL,NULL);
insert into foo values (-1,NULL,'2008-1-1',NULL);
insert into foo values (NULL,12345678987,NULL,1);
insert into foo values (2,20,'1999-11-11',0);
insert into bar select * from foo;
include/diff_tables.inc [test.foo, test.bar]
alter table foo add column added_6 varchar(10) NOT NULL default "ruyrtt", add column added_41 varchar(10) default NULL;
alter table bar add column added_6 varchar(10) NOT NULL default "ruyrtt", add column added_41 varchar(10) default NULL;
include/diff_tables.inc [test.foo, test.bar]
drop table foo;
drop table bar;
create table foo (a int, b bigint, c date, d tinyint) engine=TokuDB;
create table bar like foo;
alter table bar engine=MyISAM;
insert into foo values (NULL,NULL,NULL,NULL);
insert into foo values (-1,NULL,'2008-1-1',NULL);
insert into foo values (NULL,12345678987,NULL,1);
insert into foo values (2,20,'1999-11-11',0);
insert into bar select * from foo;
include/diff_tables.inc [test.foo, test.bar]
alter table foo add column added_6 varchar(10) NOT NULL default "ruyrtt", add column added_51 varchar(10) default "abracadab";
alter table bar add column added_6 varchar(10) NOT NULL default "ruyrtt", add column added_51 varchar(10) default "abracadab";
include/diff_tables.inc [test.foo, test.bar]
drop table foo;
drop table bar;
create table foo (a int, b bigint, c date, d tinyint) engine=TokuDB;
create table bar like foo;
alter table bar engine=MyISAM;
insert into foo values (NULL,NULL,NULL,NULL);
insert into foo values (-1,NULL,'2008-1-1',NULL);
insert into foo values (NULL,12345678987,NULL,1);
insert into foo values (2,20,'1999-11-11',0);
insert into bar select * from foo;
include/diff_tables.inc [test.foo, test.bar]
alter table foo add column added_6 varchar(10) NOT NULL default "ruyrtt", add column added_61 varchar(10) NOT NULL default "abracadab";
alter table bar add column added_6 varchar(10) NOT NULL default "ruyrtt", add column added_61 varchar(10) NOT NULL default "abracadab";
include/diff_tables.inc [test.foo, test.bar]
drop table foo;
drop table bar;
create table foo (a int, b bigint, c date, d tinyint) engine=TokuDB;
create table bar like foo;
alter table bar engine=MyISAM;
insert into foo values (NULL,NULL,NULL,NULL);
insert into foo values (-1,NULL,'2008-1-1',NULL);
insert into foo values (NULL,12345678987,NULL,1);
insert into foo values (2,20,'1999-11-11',0);
insert into bar select * from foo;
include/diff_tables.inc [test.foo, test.bar]
alter table foo add column added_6 varchar(10) NOT NULL default "ruyrtt", add column added_71 text default NULL;
alter table bar add column added_6 varchar(10) NOT NULL default "ruyrtt", add column added_71 text default NULL;
include/diff_tables.inc [test.foo, test.bar]
drop table foo;
drop table bar;
create table foo (a int, b bigint, c date, d tinyint) engine=TokuDB;
create table bar like foo;
alter table bar engine=MyISAM;
insert into foo values (NULL,NULL,NULL,NULL);
insert into foo values (-1,NULL,'2008-1-1',NULL);
insert into foo values (NULL,12345678987,NULL,1);
insert into foo values (2,20,'1999-11-11',0);
insert into bar select * from foo;
include/diff_tables.inc [test.foo, test.bar]
alter table foo add column added_6 varchar(10) NOT NULL default "ruyrtt", add column added_81 mediumtext default NULL;
alter table bar add column added_6 varchar(10) NOT NULL default "ruyrtt", add column added_81 mediumtext default NULL;
include/diff_tables.inc [test.foo, test.bar]
drop table foo;
drop table bar;
create table foo (a int, b bigint, c date, d tinyint) engine=TokuDB;
create table bar like foo;
alter table bar engine=MyISAM;
insert into foo values (NULL,NULL,NULL,NULL);
insert into foo values (-1,NULL,'2008-1-1',NULL);
insert into foo values (NULL,12345678987,NULL,1);
insert into foo values (2,20,'1999-11-11',0);
insert into bar select * from foo;
include/diff_tables.inc [test.foo, test.bar]
alter table foo add column added_7 text default NULL, add column added_11 bigint default NULL;
alter table bar add column added_7 text default NULL, add column added_11 bigint default NULL;
include/diff_tables.inc [test.foo, test.bar]
drop table foo;
drop table bar;
create table foo (a int, b bigint, c date, d tinyint) engine=TokuDB;
create table bar like foo;
alter table bar engine=MyISAM;
insert into foo values (NULL,NULL,NULL,NULL);
insert into foo values (-1,NULL,'2008-1-1',NULL);
insert into foo values (NULL,12345678987,NULL,1);
insert into foo values (2,20,'1999-11-11',0);
insert into bar select * from foo;
include/diff_tables.inc [test.foo, test.bar]
alter table foo add column added_7 text default NULL, add column added_21 bigint default 1234;
alter table bar add column added_7 text default NULL, add column added_21 bigint default 1234;
include/diff_tables.inc [test.foo, test.bar]
drop table foo;
drop table bar;
create table foo (a int, b bigint, c date, d tinyint) engine=TokuDB;
create table bar like foo;
alter table bar engine=MyISAM;
insert into foo values (NULL,NULL,NULL,NULL);
insert into foo values (-1,NULL,'2008-1-1',NULL);
insert into foo values (NULL,12345678987,NULL,1);
insert into foo values (2,20,'1999-11-11',0);
insert into bar select * from foo;
include/diff_tables.inc [test.foo, test.bar]
alter table foo add column added_7 text default NULL, add column added_31 bigint NOT NULL default 54;
alter table bar add column added_7 text default NULL, add column added_31 bigint NOT NULL default 54;
include/diff_tables.inc [test.foo, test.bar]
drop table foo;
drop table bar;
create table foo (a int, b bigint, c date, d tinyint) engine=TokuDB;
create table bar like foo;
alter table bar engine=MyISAM;
insert into foo values (NULL,NULL,NULL,NULL);
insert into foo values (-1,NULL,'2008-1-1',NULL);
insert into foo values (NULL,12345678987,NULL,1);
insert into foo values (2,20,'1999-11-11',0);
insert into bar select * from foo;
include/diff_tables.inc [test.foo, test.bar]
alter table foo add column added_7 text default NULL, add column added_41 varchar(10) default NULL;
alter table bar add column added_7 text default NULL, add column added_41 varchar(10) default NULL;
include/diff_tables.inc [test.foo, test.bar]
drop table foo;
drop table bar;
create table foo (a int, b bigint, c date, d tinyint) engine=TokuDB;
create table bar like foo;
alter table bar engine=MyISAM;
insert into foo values (NULL,NULL,NULL,NULL);
insert into foo values (-1,NULL,'2008-1-1',NULL);
insert into foo values (NULL,12345678987,NULL,1);
insert into foo values (2,20,'1999-11-11',0);
insert into bar select * from foo;
include/diff_tables.inc [test.foo, test.bar]
alter table foo add column added_7 text default NULL, add column added_51 varchar(10) default "abracadab";
alter table bar add column added_7 text default NULL, add column added_51 varchar(10) default "abracadab";
include/diff_tables.inc [test.foo, test.bar]
drop table foo;
drop table bar;
create table foo (a int, b bigint, c date, d tinyint) engine=TokuDB;
create table bar like foo;
alter table bar engine=MyISAM;
insert into foo values (NULL,NULL,NULL,NULL);
insert into foo values (-1,NULL,'2008-1-1',NULL);
insert into foo values (NULL,12345678987,NULL,1);
insert into foo values (2,20,'1999-11-11',0);
insert into bar select * from foo;
include/diff_tables.inc [test.foo, test.bar]
alter table foo add column added_7 text default NULL, add column added_61 varchar(10) NOT NULL default "abracadab";
alter table bar add column added_7 text default NULL, add column added_61 varchar(10) NOT NULL default "abracadab";
include/diff_tables.inc [test.foo, test.bar]
drop table foo;
drop table bar;
create table foo (a int, b bigint, c date, d tinyint) engine=TokuDB;
create table bar like foo;
alter table bar engine=MyISAM;
insert into foo values (NULL,NULL,NULL,NULL);
insert into foo values (-1,NULL,'2008-1-1',NULL);
insert into foo values (NULL,12345678987,NULL,1);
insert into foo values (2,20,'1999-11-11',0);
insert into bar select * from foo;
include/diff_tables.inc [test.foo, test.bar]
alter table foo add column added_7 text default NULL, add column added_71 text default NULL;
alter table bar add column added_7 text default NULL, add column added_71 text default NULL;
include/diff_tables.inc [test.foo, test.bar]
drop table foo;
drop table bar;
create table foo (a int, b bigint, c date, d tinyint) engine=TokuDB;
create table bar like foo;
alter table bar engine=MyISAM;
insert into foo values (NULL,NULL,NULL,NULL);
insert into foo values (-1,NULL,'2008-1-1',NULL);
insert into foo values (NULL,12345678987,NULL,1);
insert into foo values (2,20,'1999-11-11',0);
insert into bar select * from foo;
include/diff_tables.inc [test.foo, test.bar]
alter table foo add column added_7 text default NULL, add column added_81 mediumtext default NULL;
alter table bar add column added_7 text default NULL, add column added_81 mediumtext default NULL;
include/diff_tables.inc [test.foo, test.bar]
drop table foo;
drop table bar;
create table foo (a int, b bigint, c date, d tinyint) engine=TokuDB;
create table bar like foo;
alter table bar engine=MyISAM;
insert into foo values (NULL,NULL,NULL,NULL);
insert into foo values (-1,NULL,'2008-1-1',NULL);
insert into foo values (NULL,12345678987,NULL,1);
insert into foo values (2,20,'1999-11-11',0);
insert into bar select * from foo;
include/diff_tables.inc [test.foo, test.bar]
alter table foo add column added_8 mediumtext default NULL, add column added_11 bigint default NULL;
alter table bar add column added_8 mediumtext default NULL, add column added_11 bigint default NULL;
include/diff_tables.inc [test.foo, test.bar]
drop table foo;
drop table bar;
create table foo (a int, b bigint, c date, d tinyint) engine=TokuDB;
create table bar like foo;
alter table bar engine=MyISAM;
insert into foo values (NULL,NULL,NULL,NULL);
insert into foo values (-1,NULL,'2008-1-1',NULL);
insert into foo values (NULL,12345678987,NULL,1);
insert into foo values (2,20,'1999-11-11',0);
insert into bar select * from foo;
include/diff_tables.inc [test.foo, test.bar]
alter table foo add column added_8 mediumtext default NULL, add column added_21 bigint default 1234;
alter table bar add column added_8 mediumtext default NULL, add column added_21 bigint default 1234;
include/diff_tables.inc [test.foo, test.bar]
drop table foo;
drop table bar;
create table foo (a int, b bigint, c date, d tinyint) engine=TokuDB;
create table bar like foo;
alter table bar engine=MyISAM;
insert into foo values (NULL,NULL,NULL,NULL);
insert into foo values (-1,NULL,'2008-1-1',NULL);
insert into foo values (NULL,12345678987,NULL,1);
insert into foo values (2,20,'1999-11-11',0);
insert into bar select * from foo;
include/diff_tables.inc [test.foo, test.bar]
alter table foo add column added_8 mediumtext default NULL, add column added_31 bigint NOT NULL default 54;
alter table bar add column added_8 mediumtext default NULL, add column added_31 bigint NOT NULL default 54;
include/diff_tables.inc [test.foo, test.bar]
drop table foo;
drop table bar;
create table foo (a int, b bigint, c date, d tinyint) engine=TokuDB;
create table bar like foo;
alter table bar engine=MyISAM;
insert into foo values (NULL,NULL,NULL,NULL);
insert into foo values (-1,NULL,'2008-1-1',NULL);
insert into foo values (NULL,12345678987,NULL,1);
insert into foo values (2,20,'1999-11-11',0);
insert into bar select * from foo;
include/diff_tables.inc [test.foo, test.bar]
alter table foo add column added_8 mediumtext default NULL, add column added_41 varchar(10) default NULL;
alter table bar add column added_8 mediumtext default NULL, add column added_41 varchar(10) default NULL;
include/diff_tables.inc [test.foo, test.bar]
drop table foo;
drop table bar;
create table foo (a int, b bigint, c date, d tinyint) engine=TokuDB;
create table bar like foo;
alter table bar engine=MyISAM;
insert into foo values (NULL,NULL,NULL,NULL);
insert into foo values (-1,NULL,'2008-1-1',NULL);
insert into foo values (NULL,12345678987,NULL,1);
insert into foo values (2,20,'1999-11-11',0);
insert into bar select * from foo;
include/diff_tables.inc [test.foo, test.bar]
alter table foo add column added_8 mediumtext default NULL, add column added_51 varchar(10) default "abracadab";
alter table bar add column added_8 mediumtext default NULL, add column added_51 varchar(10) default "abracadab";
include/diff_tables.inc [test.foo, test.bar]
drop table foo;
drop table bar;
create table foo (a int, b bigint, c date, d tinyint) engine=TokuDB;
create table bar like foo;
alter table bar engine=MyISAM;
insert into foo values (NULL,NULL,NULL,NULL);
insert into foo values (-1,NULL,'2008-1-1',NULL);
insert into foo values (NULL,12345678987,NULL,1);
insert into foo values (2,20,'1999-11-11',0);
insert into bar select * from foo;
include/diff_tables.inc [test.foo, test.bar]
alter table foo add column added_8 mediumtext default NULL, add column added_61 varchar(10) NOT NULL default "abracadab";
alter table bar add column added_8 mediumtext default NULL, add column added_61 varchar(10) NOT NULL default "abracadab";
include/diff_tables.inc [test.foo, test.bar]
drop table foo;
drop table bar;
create table foo (a int, b bigint, c date, d tinyint) engine=TokuDB;
create table bar like foo;
alter table bar engine=MyISAM;
insert into foo values (NULL,NULL,NULL,NULL);
insert into foo values (-1,NULL,'2008-1-1',NULL);
insert into foo values (NULL,12345678987,NULL,1);
insert into foo values (2,20,'1999-11-11',0);
insert into bar select * from foo;
include/diff_tables.inc [test.foo, test.bar]
alter table foo add column added_8 mediumtext default NULL, add column added_71 text default NULL;
alter table bar add column added_8 mediumtext default NULL, add column added_71 text default NULL;
include/diff_tables.inc [test.foo, test.bar]
drop table foo;
drop table bar;
create table foo (a int, b bigint, c date, d tinyint) engine=TokuDB;
create table bar like foo;
alter table bar engine=MyISAM;
insert into foo values (NULL,NULL,NULL,NULL);
insert into foo values (-1,NULL,'2008-1-1',NULL);
insert into foo values (NULL,12345678987,NULL,1);
insert into foo values (2,20,'1999-11-11',0);
insert into bar select * from foo;
include/diff_tables.inc [test.foo, test.bar]
alter table foo add column added_8 mediumtext default NULL, add column added_81 mediumtext default NULL;
alter table bar add column added_8 mediumtext default NULL, add column added_81 mediumtext default NULL;
include/diff_tables.inc [test.foo, test.bar]
drop table foo;
drop table bar;
create table foo (a int, b bigint, c date, d tinyint) engine=TokuDB;
create table bar like foo;
alter table bar engine=MyISAM;
insert into foo values (NULL,NULL,NULL,NULL);
insert into foo values (-1,NULL,'2008-1-1',NULL);
insert into foo values (NULL,12345678987,NULL,1);
insert into foo values (2,20,'1999-11-11',0);
insert into bar select * from foo;
include/diff_tables.inc [test.foo, test.bar]
alter table foo add column added_1 bigint default NULL first, add column added_11 bigint default NULL;
alter table bar add column added_1 bigint default NULL first, add column added_11 bigint default NULL;
include/diff_tables.inc [test.foo, test.bar]
drop table foo;
drop table bar;
create table foo (a int, b bigint, c date, d tinyint) engine=TokuDB;
create table bar like foo;
alter table bar engine=MyISAM;
insert into foo values (NULL,NULL,NULL,NULL);
insert into foo values (-1,NULL,'2008-1-1',NULL);
insert into foo values (NULL,12345678987,NULL,1);
insert into foo values (2,20,'1999-11-11',0);
insert into bar select * from foo;
include/diff_tables.inc [test.foo, test.bar]
alter table foo add column added_1 bigint default NULL first, add column added_21 bigint default 1234;
alter table bar add column added_1 bigint default NULL first, add column added_21 bigint default 1234;
include/diff_tables.inc [test.foo, test.bar]
drop table foo;
drop table bar;
create table foo (a int, b bigint, c date, d tinyint) engine=TokuDB;
create table bar like foo;
alter table bar engine=MyISAM;
insert into foo values (NULL,NULL,NULL,NULL);
insert into foo values (-1,NULL,'2008-1-1',NULL);
insert into foo values (NULL,12345678987,NULL,1);
insert into foo values (2,20,'1999-11-11',0);
insert into bar select * from foo;
include/diff_tables.inc [test.foo, test.bar]
alter table foo add column added_1 bigint default NULL first, add column added_31 bigint NOT NULL default 54;
alter table bar add column added_1 bigint default NULL first, add column added_31 bigint NOT NULL default 54;
include/diff_tables.inc [test.foo, test.bar]
drop table foo;
drop table bar;
create table foo (a int, b bigint, c date, d tinyint) engine=TokuDB;
create table bar like foo;
alter table bar engine=MyISAM;
insert into foo values (NULL,NULL,NULL,NULL);
insert into foo values (-1,NULL,'2008-1-1',NULL);
insert into foo values (NULL,12345678987,NULL,1);
insert into foo values (2,20,'1999-11-11',0);
insert into bar select * from foo;
include/diff_tables.inc [test.foo, test.bar]
alter table foo add column added_1 bigint default NULL first, add column added_41 varchar(10) default NULL;
alter table bar add column added_1 bigint default NULL first, add column added_41 varchar(10) default NULL;
include/diff_tables.inc [test.foo, test.bar]
drop table foo;
drop table bar;
create table foo (a int, b bigint, c date, d tinyint) engine=TokuDB;
create table bar like foo;
alter table bar engine=MyISAM;
insert into foo values (NULL,NULL,NULL,NULL);
insert into foo values (-1,NULL,'2008-1-1',NULL);
insert into foo values (NULL,12345678987,NULL,1);
insert into foo values (2,20,'1999-11-11',0);
insert into bar select * from foo;
include/diff_tables.inc [test.foo, test.bar]
alter table foo add column added_1 bigint default NULL first, add column added_51 varchar(10) default "abracadab";
alter table bar add column added_1 bigint default NULL first, add column added_51 varchar(10) default "abracadab";
include/diff_tables.inc [test.foo, test.bar]
drop table foo;
drop table bar;
create table foo (a int, b bigint, c date, d tinyint) engine=TokuDB;
create table bar like foo;
alter table bar engine=MyISAM;
insert into foo values (NULL,NULL,NULL,NULL);
insert into foo values (-1,NULL,'2008-1-1',NULL);
insert into foo values (NULL,12345678987,NULL,1);
insert into foo values (2,20,'1999-11-11',0);
insert into bar select * from foo;
include/diff_tables.inc [test.foo, test.bar]
alter table foo add column added_1 bigint default NULL first, add column added_61 varchar(10) NOT NULL default "abracadab";
alter table bar add column added_1 bigint default NULL first, add column added_61 varchar(10) NOT NULL default "abracadab";
include/diff_tables.inc [test.foo, test.bar]
drop table foo;
drop table bar;
create table foo (a int, b bigint, c date, d tinyint) engine=TokuDB;
create table bar like foo;
alter table bar engine=MyISAM;
insert into foo values (NULL,NULL,NULL,NULL);
insert into foo values (-1,NULL,'2008-1-1',NULL);
insert into foo values (NULL,12345678987,NULL,1);
insert into foo values (2,20,'1999-11-11',0);
insert into bar select * from foo;
include/diff_tables.inc [test.foo, test.bar]
alter table foo add column added_1 bigint default NULL first, add column added_71 text default NULL;
alter table bar add column added_1 bigint default NULL first, add column added_71 text default NULL;
include/diff_tables.inc [test.foo, test.bar]
drop table foo;
drop table bar;
create table foo (a int, b bigint, c date, d tinyint) engine=TokuDB;
create table bar like foo;
alter table bar engine=MyISAM;
insert into foo values (NULL,NULL,NULL,NULL);
insert into foo values (-1,NULL,'2008-1-1',NULL);
insert into foo values (NULL,12345678987,NULL,1);
insert into foo values (2,20,'1999-11-11',0);
insert into bar select * from foo;
include/diff_tables.inc [test.foo, test.bar]
alter table foo add column added_1 bigint default NULL first, add column added_81 mediumtext default NULL;
alter table bar add column added_1 bigint default NULL first, add column added_81 mediumtext default NULL;
include/diff_tables.inc [test.foo, test.bar]
drop table foo;
drop table bar;
create table foo (a int, b bigint, c date, d tinyint) engine=TokuDB;
create table bar like foo;
alter table bar engine=MyISAM;
insert into foo values (NULL,NULL,NULL,NULL);
insert into foo values (-1,NULL,'2008-1-1',NULL);
insert into foo values (NULL,12345678987,NULL,1);
insert into foo values (2,20,'1999-11-11',0);
insert into bar select * from foo;
include/diff_tables.inc [test.foo, test.bar]
alter table foo add column added_2 bigint default -1 first, add column added_11 bigint default NULL;
alter table bar add column added_2 bigint default -1 first, add column added_11 bigint default NULL;
include/diff_tables.inc [test.foo, test.bar]
drop table foo;
drop table bar;
create table foo (a int, b bigint, c date, d tinyint) engine=TokuDB;
create table bar like foo;
alter table bar engine=MyISAM;
insert into foo values (NULL,NULL,NULL,NULL);
insert into foo values (-1,NULL,'2008-1-1',NULL);
insert into foo values (NULL,12345678987,NULL,1);
insert into foo values (2,20,'1999-11-11',0);
insert into bar select * from foo;
include/diff_tables.inc [test.foo, test.bar]
alter table foo add column added_2 bigint default -1 first, add column added_21 bigint default 1234;
alter table bar add column added_2 bigint default -1 first, add column added_21 bigint default 1234;
include/diff_tables.inc [test.foo, test.bar]
drop table foo;
drop table bar;
create table foo (a int, b bigint, c date, d tinyint) engine=TokuDB;
create table bar like foo;
alter table bar engine=MyISAM;
insert into foo values (NULL,NULL,NULL,NULL);
insert into foo values (-1,NULL,'2008-1-1',NULL);
insert into foo values (NULL,12345678987,NULL,1);
insert into foo values (2,20,'1999-11-11',0);
insert into bar select * from foo;
include/diff_tables.inc [test.foo, test.bar]
alter table foo add column added_2 bigint default -1 first, add column added_31 bigint NOT NULL default 54;
alter table bar add column added_2 bigint default -1 first, add column added_31 bigint NOT NULL default 54;
include/diff_tables.inc [test.foo, test.bar]
drop table foo;
drop table bar;
create table foo (a int, b bigint, c date, d tinyint) engine=TokuDB;
create table bar like foo;
alter table bar engine=MyISAM;
insert into foo values (NULL,NULL,NULL,NULL);
insert into foo values (-1,NULL,'2008-1-1',NULL);
insert into foo values (NULL,12345678987,NULL,1);
insert into foo values (2,20,'1999-11-11',0);
insert into bar select * from foo;
include/diff_tables.inc [test.foo, test.bar]
alter table foo add column added_2 bigint default -1 first, add column added_41 varchar(10) default NULL;
alter table bar add column added_2 bigint default -1 first, add column added_41 varchar(10) default NULL;
include/diff_tables.inc [test.foo, test.bar]
drop table foo;
drop table bar;
create table foo (a int, b bigint, c date, d tinyint) engine=TokuDB;
create table bar like foo;
alter table bar engine=MyISAM;
insert into foo values (NULL,NULL,NULL,NULL);
insert into foo values (-1,NULL,'2008-1-1',NULL);
insert into foo values (NULL,12345678987,NULL,1);
insert into foo values (2,20,'1999-11-11',0);
insert into bar select * from foo;
include/diff_tables.inc [test.foo, test.bar]
alter table foo add column added_2 bigint default -1 first, add column added_51 varchar(10) default "abracadab";
alter table bar add column added_2 bigint default -1 first, add column added_51 varchar(10) default "abracadab";
include/diff_tables.inc [test.foo, test.bar]
drop table foo;
drop table bar;
create table foo (a int, b bigint, c date, d tinyint) engine=TokuDB;
create table bar like foo;
alter table bar engine=MyISAM;
insert into foo values (NULL,NULL,NULL,NULL);
insert into foo values (-1,NULL,'2008-1-1',NULL);
insert into foo values (NULL,12345678987,NULL,1);
insert into foo values (2,20,'1999-11-11',0);
insert into bar select * from foo;
include/diff_tables.inc [test.foo, test.bar]
alter table foo add column added_2 bigint default -1 first, add column added_61 varchar(10) NOT NULL default "abracadab";
alter table bar add column added_2 bigint default -1 first, add column added_61 varchar(10) NOT NULL default "abracadab";
include/diff_tables.inc [test.foo, test.bar]
drop table foo;
drop table bar;
create table foo (a int, b bigint, c date, d tinyint) engine=TokuDB;
create table bar like foo;
alter table bar engine=MyISAM;
insert into foo values (NULL,NULL,NULL,NULL);
insert into foo values (-1,NULL,'2008-1-1',NULL);
insert into foo values (NULL,12345678987,NULL,1);
insert into foo values (2,20,'1999-11-11',0);
insert into bar select * from foo;
include/diff_tables.inc [test.foo, test.bar]
alter table foo add column added_2 bigint default -1 first, add column added_71 text default NULL;
alter table bar add column added_2 bigint default -1 first, add column added_71 text default NULL;
include/diff_tables.inc [test.foo, test.bar]
drop table foo;
drop table bar;
create table foo (a int, b bigint, c date, d tinyint) engine=TokuDB;
create table bar like foo;
alter table bar engine=MyISAM;
insert into foo values (NULL,NULL,NULL,NULL);
insert into foo values (-1,NULL,'2008-1-1',NULL);
insert into foo values (NULL,12345678987,NULL,1);
insert into foo values (2,20,'1999-11-11',0);
insert into bar select * from foo;
include/diff_tables.inc [test.foo, test.bar]
alter table foo add column added_2 bigint default -1 first, add column added_81 mediumtext default NULL;
alter table bar add column added_2 bigint default -1 first, add column added_81 mediumtext default NULL;
include/diff_tables.inc [test.foo, test.bar]
drop table foo;
drop table bar;
create table foo (a int, b bigint, c date, d tinyint) engine=TokuDB;
create table bar like foo;
alter table bar engine=MyISAM;
insert into foo values (NULL,NULL,NULL,NULL);
insert into foo values (-1,NULL,'2008-1-1',NULL);
insert into foo values (NULL,12345678987,NULL,1);
insert into foo values (2,20,'1999-11-11',0);
insert into bar select * from foo;
include/diff_tables.inc [test.foo, test.bar]
alter table foo add column added_3 bigint NOT NULL default -1 first, add column added_11 bigint default NULL;
alter table bar add column added_3 bigint NOT NULL default -1 first, add column added_11 bigint default NULL;
include/diff_tables.inc [test.foo, test.bar]
drop table foo;
drop table bar;
create table foo (a int, b bigint, c date, d tinyint) engine=TokuDB;
create table bar like foo;
alter table bar engine=MyISAM;
insert into foo values (NULL,NULL,NULL,NULL);
insert into foo values (-1,NULL,'2008-1-1',NULL);
insert into foo values (NULL,12345678987,NULL,1);
insert into foo values (2,20,'1999-11-11',0);
insert into bar select * from foo;
include/diff_tables.inc [test.foo, test.bar]
alter table foo add column added_3 bigint NOT NULL default -1 first, add column added_21 bigint default 1234;
alter table bar add column added_3 bigint NOT NULL default -1 first, add column added_21 bigint default 1234;
include/diff_tables.inc [test.foo, test.bar]
drop table foo;
drop table bar;
create table foo (a int, b bigint, c date, d tinyint) engine=TokuDB;
create table bar like foo;
alter table bar engine=MyISAM;
insert into foo values (NULL,NULL,NULL,NULL);
insert into foo values (-1,NULL,'2008-1-1',NULL);
insert into foo values (NULL,12345678987,NULL,1);
insert into foo values (2,20,'1999-11-11',0);
insert into bar select * from foo;
include/diff_tables.inc [test.foo, test.bar]
alter table foo add column added_3 bigint NOT NULL default -1 first, add column added_31 bigint NOT NULL default 54;
alter table bar add column added_3 bigint NOT NULL default -1 first, add column added_31 bigint NOT NULL default 54;
include/diff_tables.inc [test.foo, test.bar]
drop table foo;
drop table bar;
create table foo (a int, b bigint, c date, d tinyint) engine=TokuDB;
create table bar like foo;
alter table bar engine=MyISAM;
insert into foo values (NULL,NULL,NULL,NULL);
insert into foo values (-1,NULL,'2008-1-1',NULL);
insert into foo values (NULL,12345678987,NULL,1);
insert into foo values (2,20,'1999-11-11',0);
insert into bar select * from foo;
include/diff_tables.inc [test.foo, test.bar]
alter table foo add column added_3 bigint NOT NULL default -1 first, add column added_41 varchar(10) default NULL;
alter table bar add column added_3 bigint NOT NULL default -1 first, add column added_41 varchar(10) default NULL;
include/diff_tables.inc [test.foo, test.bar]
drop table foo;
drop table bar;
create table foo (a int, b bigint, c date, d tinyint) engine=TokuDB;
create table bar like foo;
alter table bar engine=MyISAM;
insert into foo values (NULL,NULL,NULL,NULL);
insert into foo values (-1,NULL,'2008-1-1',NULL);
insert into foo values (NULL,12345678987,NULL,1);
insert into foo values (2,20,'1999-11-11',0);
insert into bar select * from foo;
include/diff_tables.inc [test.foo, test.bar]
alter table foo add column added_3 bigint NOT NULL default -1 first, add column added_51 varchar(10) default "abracadab";
alter table bar add column added_3 bigint NOT NULL default -1 first, add column added_51 varchar(10) default "abracadab";
include/diff_tables.inc [test.foo, test.bar]
drop table foo;
drop table bar;
create table foo (a int, b bigint, c date, d tinyint) engine=TokuDB;
create table bar like foo;
alter table bar engine=MyISAM;
insert into foo values (NULL,NULL,NULL,NULL);
insert into foo values (-1,NULL,'2008-1-1',NULL);
insert into foo values (NULL,12345678987,NULL,1);
insert into foo values (2,20,'1999-11-11',0);
insert into bar select * from foo;
include/diff_tables.inc [test.foo, test.bar]
alter table foo add column added_3 bigint NOT NULL default -1 first, add column added_61 varchar(10) NOT NULL default "abracadab";
alter table bar add column added_3 bigint NOT NULL default -1 first, add column added_61 varchar(10) NOT NULL default "abracadab";
include/diff_tables.inc [test.foo, test.bar]
drop table foo;
drop table bar;
create table foo (a int, b bigint, c date, d tinyint) engine=TokuDB;
create table bar like foo;
alter table bar engine=MyISAM;
insert into foo values (NULL,NULL,NULL,NULL);
insert into foo values (-1,NULL,'2008-1-1',NULL);
insert into foo values (NULL,12345678987,NULL,1);
insert into foo values (2,20,'1999-11-11',0);
insert into bar select * from foo;
include/diff_tables.inc [test.foo, test.bar]
alter table foo add column added_3 bigint NOT NULL default -1 first, add column added_71 text default NULL;
alter table bar add column added_3 bigint NOT NULL default -1 first, add column added_71 text default NULL;
include/diff_tables.inc [test.foo, test.bar]
drop table foo;
drop table bar;
create table foo (a int, b bigint, c date, d tinyint) engine=TokuDB;
create table bar like foo;
alter table bar engine=MyISAM;
insert into foo values (NULL,NULL,NULL,NULL);
insert into foo values (-1,NULL,'2008-1-1',NULL);
insert into foo values (NULL,12345678987,NULL,1);
insert into foo values (2,20,'1999-11-11',0);
insert into bar select * from foo;
include/diff_tables.inc [test.foo, test.bar]
alter table foo add column added_3 bigint NOT NULL default -1 first, add column added_81 mediumtext default NULL;
alter table bar add column added_3 bigint NOT NULL default -1 first, add column added_81 mediumtext default NULL;
include/diff_tables.inc [test.foo, test.bar]
drop table foo;
drop table bar;
create table foo (a int, b bigint, c date, d tinyint) engine=TokuDB;
create table bar like foo;
alter table bar engine=MyISAM;
insert into foo values (NULL,NULL,NULL,NULL);
insert into foo values (-1,NULL,'2008-1-1',NULL);
insert into foo values (NULL,12345678987,NULL,1);
insert into foo values (2,20,'1999-11-11',0);
insert into bar select * from foo;
include/diff_tables.inc [test.foo, test.bar]
alter table foo add column added_4 varchar(10) default NULL first, add column added_11 bigint default NULL;
alter table bar add column added_4 varchar(10) default NULL first, add column added_11 bigint default NULL;
include/diff_tables.inc [test.foo, test.bar]
drop table foo;
drop table bar;
create table foo (a int, b bigint, c date, d tinyint) engine=TokuDB;
create table bar like foo;
alter table bar engine=MyISAM;
insert into foo values (NULL,NULL,NULL,NULL);
insert into foo values (-1,NULL,'2008-1-1',NULL);
insert into foo values (NULL,12345678987,NULL,1);
insert into foo values (2,20,'1999-11-11',0);
insert into bar select * from foo;
include/diff_tables.inc [test.foo, test.bar]
alter table foo add column added_4 varchar(10) default NULL first, add column added_21 bigint default 1234;
alter table bar add column added_4 varchar(10) default NULL first, add column added_21 bigint default 1234;
include/diff_tables.inc [test.foo, test.bar]
drop table foo;
drop table bar;
create table foo (a int, b bigint, c date, d tinyint) engine=TokuDB;
create table bar like foo;
alter table bar engine=MyISAM;
insert into foo values (NULL,NULL,NULL,NULL);
insert into foo values (-1,NULL,'2008-1-1',NULL);
insert into foo values (NULL,12345678987,NULL,1);
insert into foo values (2,20,'1999-11-11',0);
insert into bar select * from foo;
include/diff_tables.inc [test.foo, test.bar]
alter table foo add column added_4 varchar(10) default NULL first, add column added_31 bigint NOT NULL default 54;
alter table bar add column added_4 varchar(10) default NULL first, add column added_31 bigint NOT NULL default 54;
include/diff_tables.inc [test.foo, test.bar]
drop table foo;
drop table bar;
create table foo (a int, b bigint, c date, d tinyint) engine=TokuDB;
create table bar like foo;
alter table bar engine=MyISAM;
insert into foo values (NULL,NULL,NULL,NULL);
insert into foo values (-1,NULL,'2008-1-1',NULL);
insert into foo values (NULL,12345678987,NULL,1);
insert into foo values (2,20,'1999-11-11',0);
insert into bar select * from foo;
include/diff_tables.inc [test.foo, test.bar]
alter table foo add column added_4 varchar(10) default NULL first, add column added_41 varchar(10) default NULL;
alter table bar add column added_4 varchar(10) default NULL first, add column added_41 varchar(10) default NULL;
include/diff_tables.inc [test.foo, test.bar]
drop table foo;
drop table bar;
create table foo (a int, b bigint, c date, d tinyint) engine=TokuDB;
create table bar like foo;
alter table bar engine=MyISAM;
insert into foo values (NULL,NULL,NULL,NULL);
insert into foo values (-1,NULL,'2008-1-1',NULL);
insert into foo values (NULL,12345678987,NULL,1);
insert into foo values (2,20,'1999-11-11',0);
insert into bar select * from foo;
include/diff_tables.inc [test.foo, test.bar]
alter table foo add column added_4 varchar(10) default NULL first, add column added_51 varchar(10) default "abracadab";
alter table bar add column added_4 varchar(10) default NULL first, add column added_51 varchar(10) default "abracadab";
include/diff_tables.inc [test.foo, test.bar]
drop table foo;
drop table bar;
create table foo (a int, b bigint, c date, d tinyint) engine=TokuDB;
create table bar like foo;
alter table bar engine=MyISAM;
insert into foo values (NULL,NULL,NULL,NULL);
insert into foo values (-1,NULL,'2008-1-1',NULL);
insert into foo values (NULL,12345678987,NULL,1);
insert into foo values (2,20,'1999-11-11',0);
insert into bar select * from foo;
include/diff_tables.inc [test.foo, test.bar]
alter table foo add column added_4 varchar(10) default NULL first, add column added_61 varchar(10) NOT NULL default "abracadab";
alter table bar add column added_4 varchar(10) default NULL first, add column added_61 varchar(10) NOT NULL default "abracadab";
include/diff_tables.inc [test.foo, test.bar]
drop table foo;
drop table bar;
create table foo (a int, b bigint, c date, d tinyint) engine=TokuDB;
create table bar like foo;
alter table bar engine=MyISAM;
insert into foo values (NULL,NULL,NULL,NULL);
insert into foo values (-1,NULL,'2008-1-1',NULL);
insert into foo values (NULL,12345678987,NULL,1);
insert into foo values (2,20,'1999-11-11',0);
insert into bar select * from foo;
include/diff_tables.inc [test.foo, test.bar]
alter table foo add column added_4 varchar(10) default NULL first, add column added_71 text default NULL;
alter table bar add column added_4 varchar(10) default NULL first, add column added_71 text default NULL;
include/diff_tables.inc [test.foo, test.bar]
drop table foo;
drop table bar;
create table foo (a int, b bigint, c date, d tinyint) engine=TokuDB;
create table bar like foo;
alter table bar engine=MyISAM;
insert into foo values (NULL,NULL,NULL,NULL);
insert into foo values (-1,NULL,'2008-1-1',NULL);
insert into foo values (NULL,12345678987,NULL,1);
insert into foo values (2,20,'1999-11-11',0);
insert into bar select * from foo;
include/diff_tables.inc [test.foo, test.bar]
alter table foo add column added_4 varchar(10) default NULL first, add column added_81 mediumtext default NULL;
alter table bar add column added_4 varchar(10) default NULL first, add column added_81 mediumtext default NULL;
include/diff_tables.inc [test.foo, test.bar]
drop table foo;
drop table bar;
create table foo (a int, b bigint, c date, d tinyint) engine=TokuDB;
create table bar like foo;
alter table bar engine=MyISAM;
insert into foo values (NULL,NULL,NULL,NULL);
insert into foo values (-1,NULL,'2008-1-1',NULL);
insert into foo values (NULL,12345678987,NULL,1);
insert into foo values (2,20,'1999-11-11',0);
insert into bar select * from foo;
include/diff_tables.inc [test.foo, test.bar]
alter table foo add column added_5 varchar(10) default "qwerty" first, add column added_11 bigint default NULL;
alter table bar add column added_5 varchar(10) default "qwerty" first, add column added_11 bigint default NULL;
include/diff_tables.inc [test.foo, test.bar]
drop table foo;
drop table bar;
create table foo (a int, b bigint, c date, d tinyint) engine=TokuDB;
create table bar like foo;
alter table bar engine=MyISAM;
insert into foo values (NULL,NULL,NULL,NULL);
insert into foo values (-1,NULL,'2008-1-1',NULL);
insert into foo values (NULL,12345678987,NULL,1);
insert into foo values (2,20,'1999-11-11',0);
insert into bar select * from foo;
include/diff_tables.inc [test.foo, test.bar]
alter table foo add column added_5 varchar(10) default "qwerty" first, add column added_21 bigint default 1234;
alter table bar add column added_5 varchar(10) default "qwerty" first, add column added_21 bigint default 1234;
include/diff_tables.inc [test.foo, test.bar]
drop table foo;
drop table bar;
create table foo (a int, b bigint, c date, d tinyint) engine=TokuDB;
create table bar like foo;
alter table bar engine=MyISAM;
insert into foo values (NULL,NULL,NULL,NULL);
insert into foo values (-1,NULL,'2008-1-1',NULL);
insert into foo values (NULL,12345678987,NULL,1);
insert into foo values (2,20,'1999-11-11',0);
insert into bar select * from foo;
include/diff_tables.inc [test.foo, test.bar]
alter table foo add column added_5 varchar(10) default "qwerty" first, add column added_31 bigint NOT NULL default 54;
alter table bar add column added_5 varchar(10) default "qwerty" first, add column added_31 bigint NOT NULL default 54;
include/diff_tables.inc [test.foo, test.bar]
drop table foo;
drop table bar;
create table foo (a int, b bigint, c date, d tinyint) engine=TokuDB;
create table bar like foo;
alter table bar engine=MyISAM;
insert into foo values (NULL,NULL,NULL,NULL);
insert into foo values (-1,NULL,'2008-1-1',NULL);
insert into foo values (NULL,12345678987,NULL,1);
insert into foo values (2,20,'1999-11-11',0);
insert into bar select * from foo;
include/diff_tables.inc [test.foo, test.bar]
alter table foo add column added_5 varchar(10) default "qwerty" first, add column added_41 varchar(10) default NULL;
alter table bar add column added_5 varchar(10) default "qwerty" first, add column added_41 varchar(10) default NULL;
include/diff_tables.inc [test.foo, test.bar]
drop table foo;
drop table bar;
create table foo (a int, b bigint, c date, d tinyint) engine=TokuDB;
create table bar like foo;
alter table bar engine=MyISAM;
insert into foo values (NULL,NULL,NULL,NULL);
insert into foo values (-1,NULL,'2008-1-1',NULL);
insert into foo values (NULL,12345678987,NULL,1);
insert into foo values (2,20,'1999-11-11',0);
insert into bar select * from foo;
include/diff_tables.inc [test.foo, test.bar]
alter table foo add column added_5 varchar(10) default "qwerty" first, add column added_51 varchar(10) default "abracadab";
alter table bar add column added_5 varchar(10) default "qwerty" first, add column added_51 varchar(10) default "abracadab";
include/diff_tables.inc [test.foo, test.bar]
drop table foo;
drop table bar;
create table foo (a int, b bigint, c date, d tinyint) engine=TokuDB;
create table bar like foo;
alter table bar engine=MyISAM;
insert into foo values (NULL,NULL,NULL,NULL);
insert into foo values (-1,NULL,'2008-1-1',NULL);
insert into foo values (NULL,12345678987,NULL,1);
insert into foo values (2,20,'1999-11-11',0);
insert into bar select * from foo;
include/diff_tables.inc [test.foo, test.bar]
alter table foo add column added_5 varchar(10) default "qwerty" first, add column added_61 varchar(10) NOT NULL default "abracadab";
alter table bar add column added_5 varchar(10) default "qwerty" first, add column added_61 varchar(10) NOT NULL default "abracadab";
include/diff_tables.inc [test.foo, test.bar]
drop table foo;
drop table bar;
create table foo (a int, b bigint, c date, d tinyint) engine=TokuDB;
create table bar like foo;
alter table bar engine=MyISAM;
insert into foo values (NULL,NULL,NULL,NULL);
insert into foo values (-1,NULL,'2008-1-1',NULL);
insert into foo values (NULL,12345678987,NULL,1);
insert into foo values (2,20,'1999-11-11',0);
insert into bar select * from foo;
include/diff_tables.inc [test.foo, test.bar]
alter table foo add column added_5 varchar(10) default "qwerty" first, add column added_71 text default NULL;
alter table bar add column added_5 varchar(10) default "qwerty" first, add column added_71 text default NULL;
include/diff_tables.inc [test.foo, test.bar]
drop table foo;
drop table bar;
create table foo (a int, b bigint, c date, d tinyint) engine=TokuDB;
create table bar like foo;
alter table bar engine=MyISAM;
insert into foo values (NULL,NULL,NULL,NULL);
insert into foo values (-1,NULL,'2008-1-1',NULL);
insert into foo values (NULL,12345678987,NULL,1);
insert into foo values (2,20,'1999-11-11',0);
insert into bar select * from foo;
include/diff_tables.inc [test.foo, test.bar]
alter table foo add column added_5 varchar(10) default "qwerty" first, add column added_81 mediumtext default NULL;
alter table bar add column added_5 varchar(10) default "qwerty" first, add column added_81 mediumtext default NULL;
include/diff_tables.inc [test.foo, test.bar]
drop table foo;
drop table bar;
create table foo (a int, b bigint, c date, d tinyint) engine=TokuDB;
create table bar like foo;
alter table bar engine=MyISAM;
insert into foo values (NULL,NULL,NULL,NULL);
insert into foo values (-1,NULL,'2008-1-1',NULL);
insert into foo values (NULL,12345678987,NULL,1);
insert into foo values (2,20,'1999-11-11',0);
insert into bar select * from foo;
include/diff_tables.inc [test.foo, test.bar]
alter table foo add column added_6 varchar(10) NOT NULL default "ruyrtt" first, add column added_11 bigint default NULL;
alter table bar add column added_6 varchar(10) NOT NULL default "ruyrtt" first, add column added_11 bigint default NULL;
include/diff_tables.inc [test.foo, test.bar]
drop table foo;
drop table bar;
create table foo (a int, b bigint, c date, d tinyint) engine=TokuDB;
create table bar like foo;
alter table bar engine=MyISAM;
insert into foo values (NULL,NULL,NULL,NULL);
insert into foo values (-1,NULL,'2008-1-1',NULL);
insert into foo values (NULL,12345678987,NULL,1);
insert into foo values (2,20,'1999-11-11',0);
insert into bar select * from foo;
include/diff_tables.inc [test.foo, test.bar]
alter table foo add column added_6 varchar(10) NOT NULL default "ruyrtt" first, add column added_21 bigint default 1234;
alter table bar add column added_6 varchar(10) NOT NULL default "ruyrtt" first, add column added_21 bigint default 1234;
include/diff_tables.inc [test.foo, test.bar]
drop table foo;
drop table bar;
create table foo (a int, b bigint, c date, d tinyint) engine=TokuDB;
create table bar like foo;
alter table bar engine=MyISAM;
insert into foo values (NULL,NULL,NULL,NULL);
insert into foo values (-1,NULL,'2008-1-1',NULL);
insert into foo values (NULL,12345678987,NULL,1);
insert into foo values (2,20,'1999-11-11',0);
insert into bar select * from foo;
include/diff_tables.inc [test.foo, test.bar]
alter table foo add column added_6 varchar(10) NOT NULL default "ruyrtt" first, add column added_31 bigint NOT NULL default 54;
alter table bar add column added_6 varchar(10) NOT NULL default "ruyrtt" first, add column added_31 bigint NOT NULL default 54;
include/diff_tables.inc [test.foo, test.bar]
drop table foo;
drop table bar;
create table foo (a int, b bigint, c date, d tinyint) engine=TokuDB;
create table bar like foo;
alter table bar engine=MyISAM;
insert into foo values (NULL,NULL,NULL,NULL);
insert into foo values (-1,NULL,'2008-1-1',NULL);
insert into foo values (NULL,12345678987,NULL,1);
insert into foo values (2,20,'1999-11-11',0);
insert into bar select * from foo;
include/diff_tables.inc [test.foo, test.bar]
alter table foo add column added_6 varchar(10) NOT NULL default "ruyrtt" first, add column added_41 varchar(10) default NULL;
alter table bar add column added_6 varchar(10) NOT NULL default "ruyrtt" first, add column added_41 varchar(10) default NULL;
include/diff_tables.inc [test.foo, test.bar]
drop table foo;
drop table bar;
create table foo (a int, b bigint, c date, d tinyint) engine=TokuDB;
create table bar like foo;
alter table bar engine=MyISAM;
insert into foo values (NULL,NULL,NULL,NULL);
insert into foo values (-1,NULL,'2008-1-1',NULL);
insert into foo values (NULL,12345678987,NULL,1);
insert into foo values (2,20,'1999-11-11',0);
insert into bar select * from foo;
include/diff_tables.inc [test.foo, test.bar]
alter table foo add column added_6 varchar(10) NOT NULL default "ruyrtt" first, add column added_51 varchar(10) default "abracadab";
alter table bar add column added_6 varchar(10) NOT NULL default "ruyrtt" first, add column added_51 varchar(10) default "abracadab";
include/diff_tables.inc [test.foo, test.bar]
drop table foo;
drop table bar;
create table foo (a int, b bigint, c date, d tinyint) engine=TokuDB;
create table bar like foo;
alter table bar engine=MyISAM;
insert into foo values (NULL,NULL,NULL,NULL);
insert into foo values (-1,NULL,'2008-1-1',NULL);
insert into foo values (NULL,12345678987,NULL,1);
insert into foo values (2,20,'1999-11-11',0);
insert into bar select * from foo;
include/diff_tables.inc [test.foo, test.bar]
alter table foo add column added_6 varchar(10) NOT NULL default "ruyrtt" first, add column added_61 varchar(10) NOT NULL default "abracadab";
alter table bar add column added_6 varchar(10) NOT NULL default "ruyrtt" first, add column added_61 varchar(10) NOT NULL default "abracadab";
include/diff_tables.inc [test.foo, test.bar]
drop table foo;
drop table bar;
create table foo (a int, b bigint, c date, d tinyint) engine=TokuDB;
create table bar like foo;
alter table bar engine=MyISAM;
insert into foo values (NULL,NULL,NULL,NULL);
insert into foo values (-1,NULL,'2008-1-1',NULL);
insert into foo values (NULL,12345678987,NULL,1);
insert into foo values (2,20,'1999-11-11',0);
insert into bar select * from foo;
include/diff_tables.inc [test.foo, test.bar]
alter table foo add column added_6 varchar(10) NOT NULL default "ruyrtt" first, add column added_71 text default NULL;
alter table bar add column added_6 varchar(10) NOT NULL default "ruyrtt" first, add column added_71 text default NULL;
include/diff_tables.inc [test.foo, test.bar]
drop table foo;
drop table bar;
create table foo (a int, b bigint, c date, d tinyint) engine=TokuDB;
create table bar like foo;
alter table bar engine=MyISAM;
insert into foo values (NULL,NULL,NULL,NULL);
insert into foo values (-1,NULL,'2008-1-1',NULL);
insert into foo values (NULL,12345678987,NULL,1);
insert into foo values (2,20,'1999-11-11',0);
insert into bar select * from foo;
include/diff_tables.inc [test.foo, test.bar]
alter table foo add column added_6 varchar(10) NOT NULL default "ruyrtt" first, add column added_81 mediumtext default NULL;
alter table bar add column added_6 varchar(10) NOT NULL default "ruyrtt" first, add column added_81 mediumtext default NULL;
include/diff_tables.inc [test.foo, test.bar]
drop table foo;
drop table bar;
create table foo (a int, b bigint, c date, d tinyint) engine=TokuDB;
create table bar like foo;
alter table bar engine=MyISAM;
insert into foo values (NULL,NULL,NULL,NULL);
insert into foo values (-1,NULL,'2008-1-1',NULL);
insert into foo values (NULL,12345678987,NULL,1);
insert into foo values (2,20,'1999-11-11',0);
insert into bar select * from foo;
include/diff_tables.inc [test.foo, test.bar]
alter table foo add column added_7 text default NULL first, add column added_11 bigint default NULL;
alter table bar add column added_7 text default NULL first, add column added_11 bigint default NULL;
include/diff_tables.inc [test.foo, test.bar]
drop table foo;
drop table bar;
create table foo (a int, b bigint, c date, d tinyint) engine=TokuDB;
create table bar like foo;
alter table bar engine=MyISAM;
insert into foo values (NULL,NULL,NULL,NULL);
insert into foo values (-1,NULL,'2008-1-1',NULL);
insert into foo values (NULL,12345678987,NULL,1);
insert into foo values (2,20,'1999-11-11',0);
insert into bar select * from foo;
include/diff_tables.inc [test.foo, test.bar]
alter table foo add column added_7 text default NULL first, add column added_21 bigint default 1234;
alter table bar add column added_7 text default NULL first, add column added_21 bigint default 1234;
include/diff_tables.inc [test.foo, test.bar]
drop table foo;
drop table bar;
create table foo (a int, b bigint, c date, d tinyint) engine=TokuDB;
create table bar like foo;
alter table bar engine=MyISAM;
insert into foo values (NULL,NULL,NULL,NULL);
insert into foo values (-1,NULL,'2008-1-1',NULL);
insert into foo values (NULL,12345678987,NULL,1);
insert into foo values (2,20,'1999-11-11',0);
insert into bar select * from foo;
include/diff_tables.inc [test.foo, test.bar]
alter table foo add column added_7 text default NULL first, add column added_31 bigint NOT NULL default 54;
alter table bar add column added_7 text default NULL first, add column added_31 bigint NOT NULL default 54;
include/diff_tables.inc [test.foo, test.bar]
drop table foo;
drop table bar;
create table foo (a int, b bigint, c date, d tinyint) engine=TokuDB;
create table bar like foo;
alter table bar engine=MyISAM;
insert into foo values (NULL,NULL,NULL,NULL);
insert into foo values (-1,NULL,'2008-1-1',NULL);
insert into foo values (NULL,12345678987,NULL,1);
insert into foo values (2,20,'1999-11-11',0);
insert into bar select * from foo;
include/diff_tables.inc [test.foo, test.bar]
alter table foo add column added_7 text default NULL first, add column added_41 varchar(10) default NULL;
alter table bar add column added_7 text default NULL first, add column added_41 varchar(10) default NULL;
include/diff_tables.inc [test.foo, test.bar]
drop table foo;
drop table bar;
create table foo (a int, b bigint, c date, d tinyint) engine=TokuDB;
create table bar like foo;
alter table bar engine=MyISAM;
insert into foo values (NULL,NULL,NULL,NULL);
insert into foo values (-1,NULL,'2008-1-1',NULL);
insert into foo values (NULL,12345678987,NULL,1);
insert into foo values (2,20,'1999-11-11',0);
insert into bar select * from foo;
include/diff_tables.inc [test.foo, test.bar]
alter table foo add column added_7 text default NULL first, add column added_51 varchar(10) default "abracadab";
alter table bar add column added_7 text default NULL first, add column added_51 varchar(10) default "abracadab";
include/diff_tables.inc [test.foo, test.bar]
drop table foo;
drop table bar;
create table foo (a int, b bigint, c date, d tinyint) engine=TokuDB;
create table bar like foo;
alter table bar engine=MyISAM;
insert into foo values (NULL,NULL,NULL,NULL);
insert into foo values (-1,NULL,'2008-1-1',NULL);
insert into foo values (NULL,12345678987,NULL,1);
insert into foo values (2,20,'1999-11-11',0);
insert into bar select * from foo;
include/diff_tables.inc [test.foo, test.bar]
alter table foo add column added_7 text default NULL first, add column added_61 varchar(10) NOT NULL default "abracadab";
alter table bar add column added_7 text default NULL first, add column added_61 varchar(10) NOT NULL default "abracadab";
include/diff_tables.inc [test.foo, test.bar]
drop table foo;
drop table bar;
create table foo (a int, b bigint, c date, d tinyint) engine=TokuDB;
create table bar like foo;
alter table bar engine=MyISAM;
insert into foo values (NULL,NULL,NULL,NULL);
insert into foo values (-1,NULL,'2008-1-1',NULL);
insert into foo values (NULL,12345678987,NULL,1);
insert into foo values (2,20,'1999-11-11',0);
insert into bar select * from foo;
include/diff_tables.inc [test.foo, test.bar]
alter table foo add column added_7 text default NULL first, add column added_71 text default NULL;
alter table bar add column added_7 text default NULL first, add column added_71 text default NULL;
include/diff_tables.inc [test.foo, test.bar]
drop table foo;
drop table bar;
create table foo (a int, b bigint, c date, d tinyint) engine=TokuDB;
create table bar like foo;
alter table bar engine=MyISAM;
insert into foo values (NULL,NULL,NULL,NULL);
insert into foo values (-1,NULL,'2008-1-1',NULL);
insert into foo values (NULL,12345678987,NULL,1);
insert into foo values (2,20,'1999-11-11',0);
insert into bar select * from foo;
include/diff_tables.inc [test.foo, test.bar]
alter table foo add column added_7 text default NULL first, add column added_81 mediumtext default NULL;
alter table bar add column added_7 text default NULL first, add column added_81 mediumtext default NULL;
include/diff_tables.inc [test.foo, test.bar]
drop table foo;
drop table bar;
create table foo (a int, b bigint, c date, d tinyint) engine=TokuDB;
create table bar like foo;
alter table bar engine=MyISAM;
insert into foo values (NULL,NULL,NULL,NULL);
insert into foo values (-1,NULL,'2008-1-1',NULL);
insert into foo values (NULL,12345678987,NULL,1);
insert into foo values (2,20,'1999-11-11',0);
insert into bar select * from foo;
include/diff_tables.inc [test.foo, test.bar]
alter table foo add column added_8 mediumtext default NULL first, add column added_11 bigint default NULL;
alter table bar add column added_8 mediumtext default NULL first, add column added_11 bigint default NULL;
include/diff_tables.inc [test.foo, test.bar]
drop table foo;
drop table bar;
create table foo (a int, b bigint, c date, d tinyint) engine=TokuDB;
create table bar like foo;
alter table bar engine=MyISAM;
insert into foo values (NULL,NULL,NULL,NULL);
insert into foo values (-1,NULL,'2008-1-1',NULL);
insert into foo values (NULL,12345678987,NULL,1);
insert into foo values (2,20,'1999-11-11',0);
insert into bar select * from foo;
include/diff_tables.inc [test.foo, test.bar]
alter table foo add column added_8 mediumtext default NULL first, add column added_21 bigint default 1234;
alter table bar add column added_8 mediumtext default NULL first, add column added_21 bigint default 1234;
include/diff_tables.inc [test.foo, test.bar]
drop table foo;
drop table bar;
create table foo (a int, b bigint, c date, d tinyint) engine=TokuDB;
create table bar like foo;
alter table bar engine=MyISAM;
insert into foo values (NULL,NULL,NULL,NULL);
insert into foo values (-1,NULL,'2008-1-1',NULL);
insert into foo values (NULL,12345678987,NULL,1);
insert into foo values (2,20,'1999-11-11',0);
insert into bar select * from foo;
include/diff_tables.inc [test.foo, test.bar]
alter table foo add column added_8 mediumtext default NULL first, add column added_31 bigint NOT NULL default 54;
alter table bar add column added_8 mediumtext default NULL first, add column added_31 bigint NOT NULL default 54;
include/diff_tables.inc [test.foo, test.bar]
drop table foo;
drop table bar;
create table foo (a int, b bigint, c date, d tinyint) engine=TokuDB;
create table bar like foo;
alter table bar engine=MyISAM;
insert into foo values (NULL,NULL,NULL,NULL);
insert into foo values (-1,NULL,'2008-1-1',NULL);
insert into foo values (NULL,12345678987,NULL,1);
insert into foo values (2,20,'1999-11-11',0);
insert into bar select * from foo;
include/diff_tables.inc [test.foo, test.bar]
alter table foo add column added_8 mediumtext default NULL first, add column added_41 varchar(10) default NULL;
alter table bar add column added_8 mediumtext default NULL first, add column added_41 varchar(10) default NULL;
include/diff_tables.inc [test.foo, test.bar]
drop table foo;
drop table bar;
create table foo (a int, b bigint, c date, d tinyint) engine=TokuDB;
create table bar like foo;
alter table bar engine=MyISAM;
insert into foo values (NULL,NULL,NULL,NULL);
insert into foo values (-1,NULL,'2008-1-1',NULL);
insert into foo values (NULL,12345678987,NULL,1);
insert into foo values (2,20,'1999-11-11',0);
insert into bar select * from foo;
include/diff_tables.inc [test.foo, test.bar]
alter table foo add column added_8 mediumtext default NULL first, add column added_51 varchar(10) default "abracadab";
alter table bar add column added_8 mediumtext default NULL first, add column added_51 varchar(10) default "abracadab";
include/diff_tables.inc [test.foo, test.bar]
drop table foo;
drop table bar;
create table foo (a int, b bigint, c date, d tinyint) engine=TokuDB;
create table bar like foo;
alter table bar engine=MyISAM;
insert into foo values (NULL,NULL,NULL,NULL);
insert into foo values (-1,NULL,'2008-1-1',NULL);
insert into foo values (NULL,12345678987,NULL,1);
insert into foo values (2,20,'1999-11-11',0);
insert into bar select * from foo;
include/diff_tables.inc [test.foo, test.bar]
alter table foo add column added_8 mediumtext default NULL first, add column added_61 varchar(10) NOT NULL default "abracadab";
alter table bar add column added_8 mediumtext default NULL first, add column added_61 varchar(10) NOT NULL default "abracadab";
include/diff_tables.inc [test.foo, test.bar]
drop table foo;
drop table bar;
create table foo (a int, b bigint, c date, d tinyint) engine=TokuDB;
create table bar like foo;
alter table bar engine=MyISAM;
insert into foo values (NULL,NULL,NULL,NULL);
insert into foo values (-1,NULL,'2008-1-1',NULL);
insert into foo values (NULL,12345678987,NULL,1);
insert into foo values (2,20,'1999-11-11',0);
insert into bar select * from foo;
include/diff_tables.inc [test.foo, test.bar]
alter table foo add column added_8 mediumtext default NULL first, add column added_71 text default NULL;
alter table bar add column added_8 mediumtext default NULL first, add column added_71 text default NULL;
include/diff_tables.inc [test.foo, test.bar]
drop table foo;
drop table bar;
create table foo (a int, b bigint, c date, d tinyint) engine=TokuDB;
create table bar like foo;
alter table bar engine=MyISAM;
insert into foo values (NULL,NULL,NULL,NULL);
insert into foo values (-1,NULL,'2008-1-1',NULL);
insert into foo values (NULL,12345678987,NULL,1);
insert into foo values (2,20,'1999-11-11',0);
insert into bar select * from foo;
include/diff_tables.inc [test.foo, test.bar]
alter table foo add column added_8 mediumtext default NULL first, add column added_81 mediumtext default NULL;
alter table bar add column added_8 mediumtext default NULL first, add column added_81 mediumtext default NULL;
include/diff_tables.inc [test.foo, test.bar]
drop table foo;
drop table bar;
create table foo (a int, b bigint, c date, d tinyint) engine=TokuDB;
create table bar like foo;
alter table bar engine=MyISAM;
insert into foo values (NULL,NULL,NULL,NULL);
insert into foo values (-1,NULL,'2008-1-1',NULL);
insert into foo values (NULL,12345678987,NULL,1);
insert into foo values (2,20,'1999-11-11',0);
insert into bar select * from foo;
include/diff_tables.inc [test.foo, test.bar]
alter table foo add column added_1 bigint default NULL after b, add column added_11 bigint default NULL after b;
alter table bar add column added_1 bigint default NULL after b, add column added_11 bigint default NULL after b;
include/diff_tables.inc [test.foo, test.bar]
drop table foo;
drop table bar;
create table foo (a int, b bigint, c date, d tinyint) engine=TokuDB;
create table bar like foo;
alter table bar engine=MyISAM;
insert into foo values (NULL,NULL,NULL,NULL);
insert into foo values (-1,NULL,'2008-1-1',NULL);
insert into foo values (NULL,12345678987,NULL,1);
insert into foo values (2,20,'1999-11-11',0);
insert into bar select * from foo;
include/diff_tables.inc [test.foo, test.bar]
alter table foo add column added_1 bigint default NULL after b, add column added_21 bigint default 1234 after b;
alter table bar add column added_1 bigint default NULL after b, add column added_21 bigint default 1234 after b;
include/diff_tables.inc [test.foo, test.bar]
drop table foo;
drop table bar;
create table foo (a int, b bigint, c date, d tinyint) engine=TokuDB;
create table bar like foo;
alter table bar engine=MyISAM;
insert into foo values (NULL,NULL,NULL,NULL);
insert into foo values (-1,NULL,'2008-1-1',NULL);
insert into foo values (NULL,12345678987,NULL,1);
insert into foo values (2,20,'1999-11-11',0);
insert into bar select * from foo;
include/diff_tables.inc [test.foo, test.bar]
alter table foo add column added_1 bigint default NULL after b, add column added_31 bigint NOT NULL default 54 after b;
alter table bar add column added_1 bigint default NULL after b, add column added_31 bigint NOT NULL default 54 after b;
include/diff_tables.inc [test.foo, test.bar]
drop table foo;
drop table bar;
create table foo (a int, b bigint, c date, d tinyint) engine=TokuDB;
create table bar like foo;
alter table bar engine=MyISAM;
insert into foo values (NULL,NULL,NULL,NULL);
insert into foo values (-1,NULL,'2008-1-1',NULL);
insert into foo values (NULL,12345678987,NULL,1);
insert into foo values (2,20,'1999-11-11',0);
insert into bar select * from foo;
include/diff_tables.inc [test.foo, test.bar]
alter table foo add column added_1 bigint default NULL after b, add column added_41 varchar(10) default NULL after b;
alter table bar add column added_1 bigint default NULL after b, add column added_41 varchar(10) default NULL after b;
include/diff_tables.inc [test.foo, test.bar]
drop table foo;
drop table bar;
create table foo (a int, b bigint, c date, d tinyint) engine=TokuDB;
create table bar like foo;
alter table bar engine=MyISAM;
insert into foo values (NULL,NULL,NULL,NULL);
insert into foo values (-1,NULL,'2008-1-1',NULL);
insert into foo values (NULL,12345678987,NULL,1);
insert into foo values (2,20,'1999-11-11',0);
insert into bar select * from foo;
include/diff_tables.inc [test.foo, test.bar]
alter table foo add column added_1 bigint default NULL after b, add column added_51 varchar(10) default "abracadab" after b;
alter table bar add column added_1 bigint default NULL after b, add column added_51 varchar(10) default "abracadab" after b;
include/diff_tables.inc [test.foo, test.bar]
drop table foo;
drop table bar;
create table foo (a int, b bigint, c date, d tinyint) engine=TokuDB;
create table bar like foo;
alter table bar engine=MyISAM;
insert into foo values (NULL,NULL,NULL,NULL);
insert into foo values (-1,NULL,'2008-1-1',NULL);
insert into foo values (NULL,12345678987,NULL,1);
insert into foo values (2,20,'1999-11-11',0);
insert into bar select * from foo;
include/diff_tables.inc [test.foo, test.bar]
alter table foo add column added_1 bigint default NULL after b, add column added_61 varchar(10) NOT NULL default "abracadab" after b;
alter table bar add column added_1 bigint default NULL after b, add column added_61 varchar(10) NOT NULL default "abracadab" after b;
include/diff_tables.inc [test.foo, test.bar]
drop table foo;
drop table bar;
create table foo (a int, b bigint, c date, d tinyint) engine=TokuDB;
create table bar like foo;
alter table bar engine=MyISAM;
insert into foo values (NULL,NULL,NULL,NULL);
insert into foo values (-1,NULL,'2008-1-1',NULL);
insert into foo values (NULL,12345678987,NULL,1);
insert into foo values (2,20,'1999-11-11',0);
insert into bar select * from foo;
include/diff_tables.inc [test.foo, test.bar]
alter table foo add column added_1 bigint default NULL after b, add column added_71 text default NULL after b;
alter table bar add column added_1 bigint default NULL after b, add column added_71 text default NULL after b;
include/diff_tables.inc [test.foo, test.bar]
drop table foo;
drop table bar;
create table foo (a int, b bigint, c date, d tinyint) engine=TokuDB;
create table bar like foo;
alter table bar engine=MyISAM;
insert into foo values (NULL,NULL,NULL,NULL);
insert into foo values (-1,NULL,'2008-1-1',NULL);
insert into foo values (NULL,12345678987,NULL,1);
insert into foo values (2,20,'1999-11-11',0);
insert into bar select * from foo;
include/diff_tables.inc [test.foo, test.bar]
alter table foo add column added_1 bigint default NULL after b, add column added_81 mediumtext default NULL after b;
alter table bar add column added_1 bigint default NULL after b, add column added_81 mediumtext default NULL after b;
include/diff_tables.inc [test.foo, test.bar]
drop table foo;
drop table bar;
create table foo (a int, b bigint, c date, d tinyint) engine=TokuDB;
create table bar like foo;
alter table bar engine=MyISAM;
insert into foo values (NULL,NULL,NULL,NULL);
insert into foo values (-1,NULL,'2008-1-1',NULL);
insert into foo values (NULL,12345678987,NULL,1);
insert into foo values (2,20,'1999-11-11',0);
insert into bar select * from foo;
include/diff_tables.inc [test.foo, test.bar]
alter table foo add column added_2 bigint default -1 after b, add column added_11 bigint default NULL after b;
alter table bar add column added_2 bigint default -1 after b, add column added_11 bigint default NULL after b;
include/diff_tables.inc [test.foo, test.bar]
drop table foo;
drop table bar;
create table foo (a int, b bigint, c date, d tinyint) engine=TokuDB;
create table bar like foo;
alter table bar engine=MyISAM;
insert into foo values (NULL,NULL,NULL,NULL);
insert into foo values (-1,NULL,'2008-1-1',NULL);
insert into foo values (NULL,12345678987,NULL,1);
insert into foo values (2,20,'1999-11-11',0);
insert into bar select * from foo;
include/diff_tables.inc [test.foo, test.bar]
alter table foo add column added_2 bigint default -1 after b, add column added_21 bigint default 1234 after b;
alter table bar add column added_2 bigint default -1 after b, add column added_21 bigint default 1234 after b;
include/diff_tables.inc [test.foo, test.bar]
drop table foo;
drop table bar;
create table foo (a int, b bigint, c date, d tinyint) engine=TokuDB;
create table bar like foo;
alter table bar engine=MyISAM;
insert into foo values (NULL,NULL,NULL,NULL);
insert into foo values (-1,NULL,'2008-1-1',NULL);
insert into foo values (NULL,12345678987,NULL,1);
insert into foo values (2,20,'1999-11-11',0);
insert into bar select * from foo;
include/diff_tables.inc [test.foo, test.bar]
alter table foo add column added_2 bigint default -1 after b, add column added_31 bigint NOT NULL default 54 after b;
alter table bar add column added_2 bigint default -1 after b, add column added_31 bigint NOT NULL default 54 after b;
include/diff_tables.inc [test.foo, test.bar]
drop table foo;
drop table bar;
create table foo (a int, b bigint, c date, d tinyint) engine=TokuDB;
create table bar like foo;
alter table bar engine=MyISAM;
insert into foo values (NULL,NULL,NULL,NULL);
insert into foo values (-1,NULL,'2008-1-1',NULL);
insert into foo values (NULL,12345678987,NULL,1);
insert into foo values (2,20,'1999-11-11',0);
insert into bar select * from foo;
include/diff_tables.inc [test.foo, test.bar]
alter table foo add column added_2 bigint default -1 after b, add column added_41 varchar(10) default NULL after b;
alter table bar add column added_2 bigint default -1 after b, add column added_41 varchar(10) default NULL after b;
include/diff_tables.inc [test.foo, test.bar]
drop table foo;
drop table bar;
create table foo (a int, b bigint, c date, d tinyint) engine=TokuDB;
create table bar like foo;
alter table bar engine=MyISAM;
insert into foo values (NULL,NULL,NULL,NULL);
insert into foo values (-1,NULL,'2008-1-1',NULL);
insert into foo values (NULL,12345678987,NULL,1);
insert into foo values (2,20,'1999-11-11',0);
insert into bar select * from foo;
include/diff_tables.inc [test.foo, test.bar]
alter table foo add column added_2 bigint default -1 after b, add column added_51 varchar(10) default "abracadab" after b;
alter table bar add column added_2 bigint default -1 after b, add column added_51 varchar(10) default "abracadab" after b;
include/diff_tables.inc [test.foo, test.bar]
drop table foo;
drop table bar;
create table foo (a int, b bigint, c date, d tinyint) engine=TokuDB;
create table bar like foo;
alter table bar engine=MyISAM;
insert into foo values (NULL,NULL,NULL,NULL);
insert into foo values (-1,NULL,'2008-1-1',NULL);
insert into foo values (NULL,12345678987,NULL,1);
insert into foo values (2,20,'1999-11-11',0);
insert into bar select * from foo;
include/diff_tables.inc [test.foo, test.bar]
alter table foo add column added_2 bigint default -1 after b, add column added_61 varchar(10) NOT NULL default "abracadab" after b;
alter table bar add column added_2 bigint default -1 after b, add column added_61 varchar(10) NOT NULL default "abracadab" after b;
include/diff_tables.inc [test.foo, test.bar]
drop table foo;
drop table bar;
create table foo (a int, b bigint, c date, d tinyint) engine=TokuDB;
create table bar like foo;
alter table bar engine=MyISAM;
insert into foo values (NULL,NULL,NULL,NULL);
insert into foo values (-1,NULL,'2008-1-1',NULL);
insert into foo values (NULL,12345678987,NULL,1);
insert into foo values (2,20,'1999-11-11',0);
insert into bar select * from foo;
include/diff_tables.inc [test.foo, test.bar]
alter table foo add column added_2 bigint default -1 after b, add column added_71 text default NULL after b;
alter table bar add column added_2 bigint default -1 after b, add column added_71 text default NULL after b;
include/diff_tables.inc [test.foo, test.bar]
drop table foo;
drop table bar;
create table foo (a int, b bigint, c date, d tinyint) engine=TokuDB;
create table bar like foo;
alter table bar engine=MyISAM;
insert into foo values (NULL,NULL,NULL,NULL);
insert into foo values (-1,NULL,'2008-1-1',NULL);
insert into foo values (NULL,12345678987,NULL,1);
insert into foo values (2,20,'1999-11-11',0);
insert into bar select * from foo;
include/diff_tables.inc [test.foo, test.bar]
alter table foo add column added_2 bigint default -1 after b, add column added_81 mediumtext default NULL after b;
alter table bar add column added_2 bigint default -1 after b, add column added_81 mediumtext default NULL after b;
include/diff_tables.inc [test.foo, test.bar]
drop table foo;
drop table bar;
create table foo (a int, b bigint, c date, d tinyint) engine=TokuDB;
create table bar like foo;
alter table bar engine=MyISAM;
insert into foo values (NULL,NULL,NULL,NULL);
insert into foo values (-1,NULL,'2008-1-1',NULL);
insert into foo values (NULL,12345678987,NULL,1);
insert into foo values (2,20,'1999-11-11',0);
insert into bar select * from foo;
include/diff_tables.inc [test.foo, test.bar]
alter table foo add column added_3 bigint NOT NULL default -1 after b, add column added_11 bigint default NULL after b;
alter table bar add column added_3 bigint NOT NULL default -1 after b, add column added_11 bigint default NULL after b;
include/diff_tables.inc [test.foo, test.bar]
drop table foo;
drop table bar;
create table foo (a int, b bigint, c date, d tinyint) engine=TokuDB;
create table bar like foo;
alter table bar engine=MyISAM;
insert into foo values (NULL,NULL,NULL,NULL);
insert into foo values (-1,NULL,'2008-1-1',NULL);
insert into foo values (NULL,12345678987,NULL,1);
insert into foo values (2,20,'1999-11-11',0);
insert into bar select * from foo;
include/diff_tables.inc [test.foo, test.bar]
alter table foo add column added_3 bigint NOT NULL default -1 after b, add column added_21 bigint default 1234 after b;
alter table bar add column added_3 bigint NOT NULL default -1 after b, add column added_21 bigint default 1234 after b;
include/diff_tables.inc [test.foo, test.bar]
drop table foo;
drop table bar;
create table foo (a int, b bigint, c date, d tinyint) engine=TokuDB;
create table bar like foo;
alter table bar engine=MyISAM;
insert into foo values (NULL,NULL,NULL,NULL);
insert into foo values (-1,NULL,'2008-1-1',NULL);
insert into foo values (NULL,12345678987,NULL,1);
insert into foo values (2,20,'1999-11-11',0);
insert into bar select * from foo;
include/diff_tables.inc [test.foo, test.bar]
alter table foo add column added_3 bigint NOT NULL default -1 after b, add column added_31 bigint NOT NULL default 54 after b;
alter table bar add column added_3 bigint NOT NULL default -1 after b, add column added_31 bigint NOT NULL default 54 after b;
include/diff_tables.inc [test.foo, test.bar]
drop table foo;
drop table bar;
create table foo (a int, b bigint, c date, d tinyint) engine=TokuDB;
create table bar like foo;
alter table bar engine=MyISAM;
insert into foo values (NULL,NULL,NULL,NULL);
insert into foo values (-1,NULL,'2008-1-1',NULL);
insert into foo values (NULL,12345678987,NULL,1);
insert into foo values (2,20,'1999-11-11',0);
insert into bar select * from foo;
include/diff_tables.inc [test.foo, test.bar]
alter table foo add column added_3 bigint NOT NULL default -1 after b, add column added_41 varchar(10) default NULL after b;
alter table bar add column added_3 bigint NOT NULL default -1 after b, add column added_41 varchar(10) default NULL after b;
include/diff_tables.inc [test.foo, test.bar]
drop table foo;
drop table bar;
create table foo (a int, b bigint, c date, d tinyint) engine=TokuDB;
create table bar like foo;
alter table bar engine=MyISAM;
insert into foo values (NULL,NULL,NULL,NULL);
insert into foo values (-1,NULL,'2008-1-1',NULL);
insert into foo values (NULL,12345678987,NULL,1);
insert into foo values (2,20,'1999-11-11',0);
insert into bar select * from foo;
include/diff_tables.inc [test.foo, test.bar]
alter table foo add column added_3 bigint NOT NULL default -1 after b, add column added_51 varchar(10) default "abracadab" after b;
alter table bar add column added_3 bigint NOT NULL default -1 after b, add column added_51 varchar(10) default "abracadab" after b;
include/diff_tables.inc [test.foo, test.bar]
drop table foo;
drop table bar;
create table foo (a int, b bigint, c date, d tinyint) engine=TokuDB;
create table bar like foo;
alter table bar engine=MyISAM;
insert into foo values (NULL,NULL,NULL,NULL);
insert into foo values (-1,NULL,'2008-1-1',NULL);
insert into foo values (NULL,12345678987,NULL,1);
insert into foo values (2,20,'1999-11-11',0);
insert into bar select * from foo;
include/diff_tables.inc [test.foo, test.bar]
alter table foo add column added_3 bigint NOT NULL default -1 after b, add column added_61 varchar(10) NOT NULL default "abracadab" after b;
alter table bar add column added_3 bigint NOT NULL default -1 after b, add column added_61 varchar(10) NOT NULL default "abracadab" after b;
include/diff_tables.inc [test.foo, test.bar]
drop table foo;
drop table bar;
create table foo (a int, b bigint, c date, d tinyint) engine=TokuDB;
create table bar like foo;
alter table bar engine=MyISAM;
insert into foo values (NULL,NULL,NULL,NULL);
insert into foo values (-1,NULL,'2008-1-1',NULL);
insert into foo values (NULL,12345678987,NULL,1);
insert into foo values (2,20,'1999-11-11',0);
insert into bar select * from foo;
include/diff_tables.inc [test.foo, test.bar]
alter table foo add column added_3 bigint NOT NULL default -1 after b, add column added_71 text default NULL after b;
alter table bar add column added_3 bigint NOT NULL default -1 after b, add column added_71 text default NULL after b;
include/diff_tables.inc [test.foo, test.bar]
drop table foo;
drop table bar;
create table foo (a int, b bigint, c date, d tinyint) engine=TokuDB;
create table bar like foo;
alter table bar engine=MyISAM;
insert into foo values (NULL,NULL,NULL,NULL);
insert into foo values (-1,NULL,'2008-1-1',NULL);
insert into foo values (NULL,12345678987,NULL,1);
insert into foo values (2,20,'1999-11-11',0);
insert into bar select * from foo;
include/diff_tables.inc [test.foo, test.bar]
alter table foo add column added_3 bigint NOT NULL default -1 after b, add column added_81 mediumtext default NULL after b;
alter table bar add column added_3 bigint NOT NULL default -1 after b, add column added_81 mediumtext default NULL after b;
include/diff_tables.inc [test.foo, test.bar]
drop table foo;
drop table bar;
create table foo (a int, b bigint, c date, d tinyint) engine=TokuDB;
create table bar like foo;
alter table bar engine=MyISAM;
insert into foo values (NULL,NULL,NULL,NULL);
insert into foo values (-1,NULL,'2008-1-1',NULL);
insert into foo values (NULL,12345678987,NULL,1);
insert into foo values (2,20,'1999-11-11',0);
insert into bar select * from foo;
include/diff_tables.inc [test.foo, test.bar]
alter table foo add column added_4 varchar(10) default NULL after b, add column added_11 bigint default NULL after b;
alter table bar add column added_4 varchar(10) default NULL after b, add column added_11 bigint default NULL after b;
include/diff_tables.inc [test.foo, test.bar]
drop table foo;
drop table bar;
create table foo (a int, b bigint, c date, d tinyint) engine=TokuDB;
create table bar like foo;
alter table bar engine=MyISAM;
insert into foo values (NULL,NULL,NULL,NULL);
insert into foo values (-1,NULL,'2008-1-1',NULL);
insert into foo values (NULL,12345678987,NULL,1);
insert into foo values (2,20,'1999-11-11',0);
insert into bar select * from foo;
include/diff_tables.inc [test.foo, test.bar]
alter table foo add column added_4 varchar(10) default NULL after b, add column added_21 bigint default 1234 after b;
alter table bar add column added_4 varchar(10) default NULL after b, add column added_21 bigint default 1234 after b;
include/diff_tables.inc [test.foo, test.bar]
drop table foo;
drop table bar;
create table foo (a int, b bigint, c date, d tinyint) engine=TokuDB;
create table bar like foo;
alter table bar engine=MyISAM;
insert into foo values (NULL,NULL,NULL,NULL);
insert into foo values (-1,NULL,'2008-1-1',NULL);
insert into foo values (NULL,12345678987,NULL,1);
insert into foo values (2,20,'1999-11-11',0);
insert into bar select * from foo;
include/diff_tables.inc [test.foo, test.bar]
alter table foo add column added_4 varchar(10) default NULL after b, add column added_31 bigint NOT NULL default 54 after b;
alter table bar add column added_4 varchar(10) default NULL after b, add column added_31 bigint NOT NULL default 54 after b;
include/diff_tables.inc [test.foo, test.bar]
drop table foo;
drop table bar;
create table foo (a int, b bigint, c date, d tinyint) engine=TokuDB;
create table bar like foo;
alter table bar engine=MyISAM;
insert into foo values (NULL,NULL,NULL,NULL);
insert into foo values (-1,NULL,'2008-1-1',NULL);
insert into foo values (NULL,12345678987,NULL,1);
insert into foo values (2,20,'1999-11-11',0);
insert into bar select * from foo;
include/diff_tables.inc [test.foo, test.bar]
alter table foo add column added_4 varchar(10) default NULL after b, add column added_41 varchar(10) default NULL after b;
alter table bar add column added_4 varchar(10) default NULL after b, add column added_41 varchar(10) default NULL after b;
include/diff_tables.inc [test.foo, test.bar]
drop table foo;
drop table bar;
create table foo (a int, b bigint, c date, d tinyint) engine=TokuDB;
create table bar like foo;
alter table bar engine=MyISAM;
insert into foo values (NULL,NULL,NULL,NULL);
insert into foo values (-1,NULL,'2008-1-1',NULL);
insert into foo values (NULL,12345678987,NULL,1);
insert into foo values (2,20,'1999-11-11',0);
insert into bar select * from foo;
include/diff_tables.inc [test.foo, test.bar]
alter table foo add column added_4 varchar(10) default NULL after b, add column added_51 varchar(10) default "abracadab" after b;
alter table bar add column added_4 varchar(10) default NULL after b, add column added_51 varchar(10) default "abracadab" after b;
include/diff_tables.inc [test.foo, test.bar]
drop table foo;
drop table bar;
create table foo (a int, b bigint, c date, d tinyint) engine=TokuDB;
create table bar like foo;
alter table bar engine=MyISAM;
insert into foo values (NULL,NULL,NULL,NULL);
insert into foo values (-1,NULL,'2008-1-1',NULL);
insert into foo values (NULL,12345678987,NULL,1);
insert into foo values (2,20,'1999-11-11',0);
insert into bar select * from foo;
include/diff_tables.inc [test.foo, test.bar]
alter table foo add column added_4 varchar(10) default NULL after b, add column added_61 varchar(10) NOT NULL default "abracadab" after b;
alter table bar add column added_4 varchar(10) default NULL after b, add column added_61 varchar(10) NOT NULL default "abracadab" after b;
include/diff_tables.inc [test.foo, test.bar]
drop table foo;
drop table bar;
create table foo (a int, b bigint, c date, d tinyint) engine=TokuDB;
create table bar like foo;
alter table bar engine=MyISAM;
insert into foo values (NULL,NULL,NULL,NULL);
insert into foo values (-1,NULL,'2008-1-1',NULL);
insert into foo values (NULL,12345678987,NULL,1);
insert into foo values (2,20,'1999-11-11',0);
insert into bar select * from foo;
include/diff_tables.inc [test.foo, test.bar]
alter table foo add column added_4 varchar(10) default NULL after b, add column added_71 text default NULL after b;
alter table bar add column added_4 varchar(10) default NULL after b, add column added_71 text default NULL after b;
include/diff_tables.inc [test.foo, test.bar]
drop table foo;
drop table bar;
create table foo (a int, b bigint, c date, d tinyint) engine=TokuDB;
create table bar like foo;
alter table bar engine=MyISAM;
insert into foo values (NULL,NULL,NULL,NULL);
insert into foo values (-1,NULL,'2008-1-1',NULL);
insert into foo values (NULL,12345678987,NULL,1);
insert into foo values (2,20,'1999-11-11',0);
insert into bar select * from foo;
include/diff_tables.inc [test.foo, test.bar]
alter table foo add column added_4 varchar(10) default NULL after b, add column added_81 mediumtext default NULL after b;
alter table bar add column added_4 varchar(10) default NULL after b, add column added_81 mediumtext default NULL after b;
include/diff_tables.inc [test.foo, test.bar]
drop table foo;
drop table bar;
create table foo (a int, b bigint, c date, d tinyint) engine=TokuDB;
create table bar like foo;
alter table bar engine=MyISAM;
insert into foo values (NULL,NULL,NULL,NULL);
insert into foo values (-1,NULL,'2008-1-1',NULL);
insert into foo values (NULL,12345678987,NULL,1);
insert into foo values (2,20,'1999-11-11',0);
insert into bar select * from foo;
include/diff_tables.inc [test.foo, test.bar]
alter table foo add column added_5 varchar(10) default "qwerty" after b, add column added_11 bigint default NULL after b;
alter table bar add column added_5 varchar(10) default "qwerty" after b, add column added_11 bigint default NULL after b;
include/diff_tables.inc [test.foo, test.bar]
drop table foo;
drop table bar;
create table foo (a int, b bigint, c date, d tinyint) engine=TokuDB;
create table bar like foo;
alter table bar engine=MyISAM;
insert into foo values (NULL,NULL,NULL,NULL);
insert into foo values (-1,NULL,'2008-1-1',NULL);
insert into foo values (NULL,12345678987,NULL,1);
insert into foo values (2,20,'1999-11-11',0);
insert into bar select * from foo;
include/diff_tables.inc [test.foo, test.bar]
alter table foo add column added_5 varchar(10) default "qwerty" after b, add column added_21 bigint default 1234 after b;
alter table bar add column added_5 varchar(10) default "qwerty" after b, add column added_21 bigint default 1234 after b;
include/diff_tables.inc [test.foo, test.bar]
drop table foo;
drop table bar;
create table foo (a int, b bigint, c date, d tinyint) engine=TokuDB;
create table bar like foo;
alter table bar engine=MyISAM;
insert into foo values (NULL,NULL,NULL,NULL);
insert into foo values (-1,NULL,'2008-1-1',NULL);
insert into foo values (NULL,12345678987,NULL,1);
insert into foo values (2,20,'1999-11-11',0);
insert into bar select * from foo;
include/diff_tables.inc [test.foo, test.bar]
alter table foo add column added_5 varchar(10) default "qwerty" after b, add column added_31 bigint NOT NULL default 54 after b;
alter table bar add column added_5 varchar(10) default "qwerty" after b, add column added_31 bigint NOT NULL default 54 after b;
include/diff_tables.inc [test.foo, test.bar]
drop table foo;
drop table bar;
create table foo (a int, b bigint, c date, d tinyint) engine=TokuDB;
create table bar like foo;
alter table bar engine=MyISAM;
insert into foo values (NULL,NULL,NULL,NULL);
insert into foo values (-1,NULL,'2008-1-1',NULL);
insert into foo values (NULL,12345678987,NULL,1);
insert into foo values (2,20,'1999-11-11',0);
insert into bar select * from foo;
include/diff_tables.inc [test.foo, test.bar]
alter table foo add column added_5 varchar(10) default "qwerty" after b, add column added_41 varchar(10) default NULL after b;
alter table bar add column added_5 varchar(10) default "qwerty" after b, add column added_41 varchar(10) default NULL after b;
include/diff_tables.inc [test.foo, test.bar]
drop table foo;
drop table bar;
create table foo (a int, b bigint, c date, d tinyint) engine=TokuDB;
create table bar like foo;
alter table bar engine=MyISAM;
insert into foo values (NULL,NULL,NULL,NULL);
insert into foo values (-1,NULL,'2008-1-1',NULL);
insert into foo values (NULL,12345678987,NULL,1);
insert into foo values (2,20,'1999-11-11',0);
insert into bar select * from foo;
include/diff_tables.inc [test.foo, test.bar]
alter table foo add column added_5 varchar(10) default "qwerty" after b, add column added_51 varchar(10) default "abracadab" after b;
alter table bar add column added_5 varchar(10) default "qwerty" after b, add column added_51 varchar(10) default "abracadab" after b;
include/diff_tables.inc [test.foo, test.bar]
drop table foo;
drop table bar;
create table foo (a int, b bigint, c date, d tinyint) engine=TokuDB;
create table bar like foo;
alter table bar engine=MyISAM;
insert into foo values (NULL,NULL,NULL,NULL);
insert into foo values (-1,NULL,'2008-1-1',NULL);
insert into foo values (NULL,12345678987,NULL,1);
insert into foo values (2,20,'1999-11-11',0);
insert into bar select * from foo;
include/diff_tables.inc [test.foo, test.bar]
alter table foo add column added_5 varchar(10) default "qwerty" after b, add column added_61 varchar(10) NOT NULL default "abracadab" after b;
alter table bar add column added_5 varchar(10) default "qwerty" after b, add column added_61 varchar(10) NOT NULL default "abracadab" after b;
include/diff_tables.inc [test.foo, test.bar]
drop table foo;
drop table bar;
create table foo (a int, b bigint, c date, d tinyint) engine=TokuDB;
create table bar like foo;
alter table bar engine=MyISAM;
insert into foo values (NULL,NULL,NULL,NULL);
insert into foo values (-1,NULL,'2008-1-1',NULL);
insert into foo values (NULL,12345678987,NULL,1);
insert into foo values (2,20,'1999-11-11',0);
insert into bar select * from foo;
include/diff_tables.inc [test.foo, test.bar]
alter table foo add column added_5 varchar(10) default "qwerty" after b, add column added_71 text default NULL after b;
alter table bar add column added_5 varchar(10) default "qwerty" after b, add column added_71 text default NULL after b;
include/diff_tables.inc [test.foo, test.bar]
drop table foo;
drop table bar;
create table foo (a int, b bigint, c date, d tinyint) engine=TokuDB;
create table bar like foo;
alter table bar engine=MyISAM;
insert into foo values (NULL,NULL,NULL,NULL);
insert into foo values (-1,NULL,'2008-1-1',NULL);
insert into foo values (NULL,12345678987,NULL,1);
insert into foo values (2,20,'1999-11-11',0);
insert into bar select * from foo;
include/diff_tables.inc [test.foo, test.bar]
alter table foo add column added_5 varchar(10) default "qwerty" after b, add column added_81 mediumtext default NULL after b;
alter table bar add column added_5 varchar(10) default "qwerty" after b, add column added_81 mediumtext default NULL after b;
include/diff_tables.inc [test.foo, test.bar]
drop table foo;
drop table bar;
create table foo (a int, b bigint, c date, d tinyint) engine=TokuDB;
create table bar like foo;
alter table bar engine=MyISAM;
insert into foo values (NULL,NULL,NULL,NULL);
insert into foo values (-1,NULL,'2008-1-1',NULL);
insert into foo values (NULL,12345678987,NULL,1);
insert into foo values (2,20,'1999-11-11',0);
insert into bar select * from foo;
include/diff_tables.inc [test.foo, test.bar]
alter table foo add column added_6 varchar(10) NOT NULL default "ruyrtt" after b, add column added_11 bigint default NULL after b;
alter table bar add column added_6 varchar(10) NOT NULL default "ruyrtt" after b, add column added_11 bigint default NULL after b;
include/diff_tables.inc [test.foo, test.bar]
drop table foo;
drop table bar;
create table foo (a int, b bigint, c date, d tinyint) engine=TokuDB;
create table bar like foo;
alter table bar engine=MyISAM;
insert into foo values (NULL,NULL,NULL,NULL);
insert into foo values (-1,NULL,'2008-1-1',NULL);
insert into foo values (NULL,12345678987,NULL,1);
insert into foo values (2,20,'1999-11-11',0);
insert into bar select * from foo;
include/diff_tables.inc [test.foo, test.bar]
alter table foo add column added_6 varchar(10) NOT NULL default "ruyrtt" after b, add column added_21 bigint default 1234 after b;
alter table bar add column added_6 varchar(10) NOT NULL default "ruyrtt" after b, add column added_21 bigint default 1234 after b;
include/diff_tables.inc [test.foo, test.bar]
drop table foo;
drop table bar;
create table foo (a int, b bigint, c date, d tinyint) engine=TokuDB;
create table bar like foo;
alter table bar engine=MyISAM;
insert into foo values (NULL,NULL,NULL,NULL);
insert into foo values (-1,NULL,'2008-1-1',NULL);
insert into foo values (NULL,12345678987,NULL,1);
insert into foo values (2,20,'1999-11-11',0);
insert into bar select * from foo;
include/diff_tables.inc [test.foo, test.bar]
alter table foo add column added_6 varchar(10) NOT NULL default "ruyrtt" after b, add column added_31 bigint NOT NULL default 54 after b;
alter table bar add column added_6 varchar(10) NOT NULL default "ruyrtt" after b, add column added_31 bigint NOT NULL default 54 after b;
include/diff_tables.inc [test.foo, test.bar]
drop table foo;
drop table bar;
create table foo (a int, b bigint, c date, d tinyint) engine=TokuDB;
create table bar like foo;
alter table bar engine=MyISAM;
insert into foo values (NULL,NULL,NULL,NULL);
insert into foo values (-1,NULL,'2008-1-1',NULL);
insert into foo values (NULL,12345678987,NULL,1);
insert into foo values (2,20,'1999-11-11',0);
insert into bar select * from foo;
include/diff_tables.inc [test.foo, test.bar]
alter table foo add column added_6 varchar(10) NOT NULL default "ruyrtt" after b, add column added_41 varchar(10) default NULL after b;
alter table bar add column added_6 varchar(10) NOT NULL default "ruyrtt" after b, add column added_41 varchar(10) default NULL after b;
include/diff_tables.inc [test.foo, test.bar]
drop table foo;
drop table bar;
create table foo (a int, b bigint, c date, d tinyint) engine=TokuDB;
create table bar like foo;
alter table bar engine=MyISAM;
insert into foo values (NULL,NULL,NULL,NULL);
insert into foo values (-1,NULL,'2008-1-1',NULL);
insert into foo values (NULL,12345678987,NULL,1);
insert into foo values (2,20,'1999-11-11',0);
insert into bar select * from foo;
include/diff_tables.inc [test.foo, test.bar]
alter table foo add column added_6 varchar(10) NOT NULL default "ruyrtt" after b, add column added_51 varchar(10) default "abracadab" after b;
alter table bar add column added_6 varchar(10) NOT NULL default "ruyrtt" after b, add column added_51 varchar(10) default "abracadab" after b;
include/diff_tables.inc [test.foo, test.bar]
drop table foo;
drop table bar;
create table foo (a int, b bigint, c date, d tinyint) engine=TokuDB;
create table bar like foo;
alter table bar engine=MyISAM;
insert into foo values (NULL,NULL,NULL,NULL);
insert into foo values (-1,NULL,'2008-1-1',NULL);
insert into foo values (NULL,12345678987,NULL,1);
insert into foo values (2,20,'1999-11-11',0);
insert into bar select * from foo;
include/diff_tables.inc [test.foo, test.bar]
alter table foo add column added_6 varchar(10) NOT NULL default "ruyrtt" after b, add column added_61 varchar(10) NOT NULL default "abracadab" after b;
alter table bar add column added_6 varchar(10) NOT NULL default "ruyrtt" after b, add column added_61 varchar(10) NOT NULL default "abracadab" after b;
include/diff_tables.inc [test.foo, test.bar]
drop table foo;
drop table bar;
create table foo (a int, b bigint, c date, d tinyint) engine=TokuDB;
create table bar like foo;
alter table bar engine=MyISAM;
insert into foo values (NULL,NULL,NULL,NULL);
insert into foo values (-1,NULL,'2008-1-1',NULL);
insert into foo values (NULL,12345678987,NULL,1);
insert into foo values (2,20,'1999-11-11',0);
insert into bar select * from foo;
include/diff_tables.inc [test.foo, test.bar]
alter table foo add column added_6 varchar(10) NOT NULL default "ruyrtt" after b, add column added_71 text default NULL after b;
alter table bar add column added_6 varchar(10) NOT NULL default "ruyrtt" after b, add column added_71 text default NULL after b;
include/diff_tables.inc [test.foo, test.bar]
drop table foo;
drop table bar;
create table foo (a int, b bigint, c date, d tinyint) engine=TokuDB;
create table bar like foo;
alter table bar engine=MyISAM;
insert into foo values (NULL,NULL,NULL,NULL);
insert into foo values (-1,NULL,'2008-1-1',NULL);
insert into foo values (NULL,12345678987,NULL,1);
insert into foo values (2,20,'1999-11-11',0);
insert into bar select * from foo;
include/diff_tables.inc [test.foo, test.bar]
alter table foo add column added_6 varchar(10) NOT NULL default "ruyrtt" after b, add column added_81 mediumtext default NULL after b;
alter table bar add column added_6 varchar(10) NOT NULL default "ruyrtt" after b, add column added_81 mediumtext default NULL after b;
include/diff_tables.inc [test.foo, test.bar]
drop table foo;
drop table bar;
create table foo (a int, b bigint, c date, d tinyint) engine=TokuDB;
create table bar like foo;
alter table bar engine=MyISAM;
insert into foo values (NULL,NULL,NULL,NULL);
insert into foo values (-1,NULL,'2008-1-1',NULL);
insert into foo values (NULL,12345678987,NULL,1);
insert into foo values (2,20,'1999-11-11',0);
insert into bar select * from foo;
include/diff_tables.inc [test.foo, test.bar]
alter table foo add column added_7 text default NULL after b, add column added_11 bigint default NULL after b;
alter table bar add column added_7 text default NULL after b, add column added_11 bigint default NULL after b;
include/diff_tables.inc [test.foo, test.bar]
drop table foo;
drop table bar;
create table foo (a int, b bigint, c date, d tinyint) engine=TokuDB;
create table bar like foo;
alter table bar engine=MyISAM;
insert into foo values (NULL,NULL,NULL,NULL);
insert into foo values (-1,NULL,'2008-1-1',NULL);
insert into foo values (NULL,12345678987,NULL,1);
insert into foo values (2,20,'1999-11-11',0);
insert into bar select * from foo;
include/diff_tables.inc [test.foo, test.bar]
alter table foo add column added_7 text default NULL after b, add column added_21 bigint default 1234 after b;
alter table bar add column added_7 text default NULL after b, add column added_21 bigint default 1234 after b;
include/diff_tables.inc [test.foo, test.bar]
drop table foo;
drop table bar;
create table foo (a int, b bigint, c date, d tinyint) engine=TokuDB;
create table bar like foo;
alter table bar engine=MyISAM;
insert into foo values (NULL,NULL,NULL,NULL);
insert into foo values (-1,NULL,'2008-1-1',NULL);
insert into foo values (NULL,12345678987,NULL,1);
insert into foo values (2,20,'1999-11-11',0);
insert into bar select * from foo;
include/diff_tables.inc [test.foo, test.bar]
alter table foo add column added_7 text default NULL after b, add column added_31 bigint NOT NULL default 54 after b;
alter table bar add column added_7 text default NULL after b, add column added_31 bigint NOT NULL default 54 after b;
include/diff_tables.inc [test.foo, test.bar]
drop table foo;
drop table bar;
create table foo (a int, b bigint, c date, d tinyint) engine=TokuDB;
create table bar like foo;
alter table bar engine=MyISAM;
insert into foo values (NULL,NULL,NULL,NULL);
insert into foo values (-1,NULL,'2008-1-1',NULL);
insert into foo values (NULL,12345678987,NULL,1);
insert into foo values (2,20,'1999-11-11',0);
insert into bar select * from foo;
include/diff_tables.inc [test.foo, test.bar]
alter table foo add column added_7 text default NULL after b, add column added_41 varchar(10) default NULL after b;
alter table bar add column added_7 text default NULL after b, add column added_41 varchar(10) default NULL after b;
include/diff_tables.inc [test.foo, test.bar]
drop table foo;
drop table bar;
create table foo (a int, b bigint, c date, d tinyint) engine=TokuDB;
create table bar like foo;
alter table bar engine=MyISAM;
insert into foo values (NULL,NULL,NULL,NULL);
insert into foo values (-1,NULL,'2008-1-1',NULL);
insert into foo values (NULL,12345678987,NULL,1);
insert into foo values (2,20,'1999-11-11',0);
insert into bar select * from foo;
include/diff_tables.inc [test.foo, test.bar]
alter table foo add column added_7 text default NULL after b, add column added_51 varchar(10) default "abracadab" after b;
alter table bar add column added_7 text default NULL after b, add column added_51 varchar(10) default "abracadab" after b;
include/diff_tables.inc [test.foo, test.bar]
drop table foo;
drop table bar;
create table foo (a int, b bigint, c date, d tinyint) engine=TokuDB;
create table bar like foo;
alter table bar engine=MyISAM;
insert into foo values (NULL,NULL,NULL,NULL);
insert into foo values (-1,NULL,'2008-1-1',NULL);
insert into foo values (NULL,12345678987,NULL,1);
insert into foo values (2,20,'1999-11-11',0);
insert into bar select * from foo;
include/diff_tables.inc [test.foo, test.bar]
alter table foo add column added_7 text default NULL after b, add column added_61 varchar(10) NOT NULL default "abracadab" after b;
alter table bar add column added_7 text default NULL after b, add column added_61 varchar(10) NOT NULL default "abracadab" after b;
include/diff_tables.inc [test.foo, test.bar]
drop table foo;
drop table bar;
create table foo (a int, b bigint, c date, d tinyint) engine=TokuDB;
create table bar like foo;
alter table bar engine=MyISAM;
insert into foo values (NULL,NULL,NULL,NULL);
insert into foo values (-1,NULL,'2008-1-1',NULL);
insert into foo values (NULL,12345678987,NULL,1);
insert into foo values (2,20,'1999-11-11',0);
insert into bar select * from foo;
include/diff_tables.inc [test.foo, test.bar]
alter table foo add column added_7 text default NULL after b, add column added_71 text default NULL after b;
alter table bar add column added_7 text default NULL after b, add column added_71 text default NULL after b;
include/diff_tables.inc [test.foo, test.bar]
drop table foo;
drop table bar;
create table foo (a int, b bigint, c date, d tinyint) engine=TokuDB;
create table bar like foo;
alter table bar engine=MyISAM;
insert into foo values (NULL,NULL,NULL,NULL);
insert into foo values (-1,NULL,'2008-1-1',NULL);
insert into foo values (NULL,12345678987,NULL,1);
insert into foo values (2,20,'1999-11-11',0);
insert into bar select * from foo;
include/diff_tables.inc [test.foo, test.bar]
alter table foo add column added_7 text default NULL after b, add column added_81 mediumtext default NULL after b;
alter table bar add column added_7 text default NULL after b, add column added_81 mediumtext default NULL after b;
include/diff_tables.inc [test.foo, test.bar]
drop table foo;
drop table bar;
create table foo (a int, b bigint, c date, d tinyint) engine=TokuDB;
create table bar like foo;
alter table bar engine=MyISAM;
insert into foo values (NULL,NULL,NULL,NULL);
insert into foo values (-1,NULL,'2008-1-1',NULL);
insert into foo values (NULL,12345678987,NULL,1);
insert into foo values (2,20,'1999-11-11',0);
insert into bar select * from foo;
include/diff_tables.inc [test.foo, test.bar]
alter table foo add column added_8 mediumtext default NULL after b, add column added_11 bigint default NULL after b;
alter table bar add column added_8 mediumtext default NULL after b, add column added_11 bigint default NULL after b;
include/diff_tables.inc [test.foo, test.bar]
drop table foo;
drop table bar;
create table foo (a int, b bigint, c date, d tinyint) engine=TokuDB;
create table bar like foo;
alter table bar engine=MyISAM;
insert into foo values (NULL,NULL,NULL,NULL);
insert into foo values (-1,NULL,'2008-1-1',NULL);
insert into foo values (NULL,12345678987,NULL,1);
insert into foo values (2,20,'1999-11-11',0);
insert into bar select * from foo;
include/diff_tables.inc [test.foo, test.bar]
alter table foo add column added_8 mediumtext default NULL after b, add column added_21 bigint default 1234 after b;
alter table bar add column added_8 mediumtext default NULL after b, add column added_21 bigint default 1234 after b;
include/diff_tables.inc [test.foo, test.bar]
drop table foo;
drop table bar;
create table foo (a int, b bigint, c date, d tinyint) engine=TokuDB;
create table bar like foo;
alter table bar engine=MyISAM;
insert into foo values (NULL,NULL,NULL,NULL);
insert into foo values (-1,NULL,'2008-1-1',NULL);
insert into foo values (NULL,12345678987,NULL,1);
insert into foo values (2,20,'1999-11-11',0);
insert into bar select * from foo;
include/diff_tables.inc [test.foo, test.bar]
alter table foo add column added_8 mediumtext default NULL after b, add column added_31 bigint NOT NULL default 54 after b;
alter table bar add column added_8 mediumtext default NULL after b, add column added_31 bigint NOT NULL default 54 after b;
include/diff_tables.inc [test.foo, test.bar]
drop table foo;
drop table bar;
create table foo (a int, b bigint, c date, d tinyint) engine=TokuDB;
create table bar like foo;
alter table bar engine=MyISAM;
insert into foo values (NULL,NULL,NULL,NULL);
insert into foo values (-1,NULL,'2008-1-1',NULL);
insert into foo values (NULL,12345678987,NULL,1);
insert into foo values (2,20,'1999-11-11',0);
insert into bar select * from foo;
include/diff_tables.inc [test.foo, test.bar]
alter table foo add column added_8 mediumtext default NULL after b, add column added_41 varchar(10) default NULL after b;
alter table bar add column added_8 mediumtext default NULL after b, add column added_41 varchar(10) default NULL after b;
include/diff_tables.inc [test.foo, test.bar]
drop table foo;
drop table bar;
create table foo (a int, b bigint, c date, d tinyint) engine=TokuDB;
create table bar like foo;
alter table bar engine=MyISAM;
insert into foo values (NULL,NULL,NULL,NULL);
insert into foo values (-1,NULL,'2008-1-1',NULL);
insert into foo values (NULL,12345678987,NULL,1);
insert into foo values (2,20,'1999-11-11',0);
insert into bar select * from foo;
include/diff_tables.inc [test.foo, test.bar]
alter table foo add column added_8 mediumtext default NULL after b, add column added_51 varchar(10) default "abracadab" after b;
alter table bar add column added_8 mediumtext default NULL after b, add column added_51 varchar(10) default "abracadab" after b;
include/diff_tables.inc [test.foo, test.bar]
drop table foo;
drop table bar;
create table foo (a int, b bigint, c date, d tinyint) engine=TokuDB;
create table bar like foo;
alter table bar engine=MyISAM;
insert into foo values (NULL,NULL,NULL,NULL);
insert into foo values (-1,NULL,'2008-1-1',NULL);
insert into foo values (NULL,12345678987,NULL,1);
insert into foo values (2,20,'1999-11-11',0);
insert into bar select * from foo;
include/diff_tables.inc [test.foo, test.bar]
alter table foo add column added_8 mediumtext default NULL after b, add column added_61 varchar(10) NOT NULL default "abracadab" after b;
alter table bar add column added_8 mediumtext default NULL after b, add column added_61 varchar(10) NOT NULL default "abracadab" after b;
include/diff_tables.inc [test.foo, test.bar]
drop table foo;
drop table bar;
create table foo (a int, b bigint, c date, d tinyint) engine=TokuDB;
create table bar like foo;
alter table bar engine=MyISAM;
insert into foo values (NULL,NULL,NULL,NULL);
insert into foo values (-1,NULL,'2008-1-1',NULL);
insert into foo values (NULL,12345678987,NULL,1);
insert into foo values (2,20,'1999-11-11',0);
insert into bar select * from foo;
include/diff_tables.inc [test.foo, test.bar]
alter table foo add column added_8 mediumtext default NULL after b, add column added_71 text default NULL after b;
alter table bar add column added_8 mediumtext default NULL after b, add column added_71 text default NULL after b;
include/diff_tables.inc [test.foo, test.bar]
drop table foo;
drop table bar;
create table foo (a int, b bigint, c date, d tinyint) engine=TokuDB;
create table bar like foo;
alter table bar engine=MyISAM;
insert into foo values (NULL,NULL,NULL,NULL);
insert into foo values (-1,NULL,'2008-1-1',NULL);
insert into foo values (NULL,12345678987,NULL,1);
insert into foo values (2,20,'1999-11-11',0);
insert into bar select * from foo;
include/diff_tables.inc [test.foo, test.bar]
alter table foo add column added_8 mediumtext default NULL after b, add column added_81 mediumtext default NULL after b;
alter table bar add column added_8 mediumtext default NULL after b, add column added_81 mediumtext default NULL after b;
include/diff_tables.inc [test.foo, test.bar]
drop table foo;
drop table bar;
create table foo (a int, b bigint, c date, d tinyint) engine=TokuDB;
create table bar like foo;
alter table bar engine=MyISAM;
insert into foo values (NULL,NULL,NULL,NULL);
insert into foo values (-1,NULL,'2008-1-1',NULL);
insert into foo values (NULL,12345678987,NULL,1);
insert into foo values (2,20,'1999-11-11',0);
insert into bar select * from foo;
include/diff_tables.inc [test.foo, test.bar]
alter table foo add column added_1 bigint default NULL, add column added_2 bigint default -1 after b, add column added_3 bigint NOT NULL default -1;
alter table bar add column added_1 bigint default NULL, add column added_2 bigint default -1 after b, add column added_3 bigint NOT NULL default -1;
include/diff_tables.inc [test.foo, test.bar]
drop table foo;
drop table bar;
