SET autocommit = 0;
START TRANSACTION;
*** Running query: SELECT COUNT(*) FROM t1
SELECT COUNT(*) FROM t1 WHERE `pk` MOD 5 = 0 AND `pk` BETWEEN 1 AND 1000;
COUNT(*)
200
SELECT COUNT(*) FROM t1 WHERE `pk` MOD 5 = 0 AND `pk` BETWEEN 1 AND 1000;
COUNT(*)
200
COMMIT;
