include/master-slave.inc
Warnings:
Note	####	Sending passwords in plain text without SSL/TLS is extremely insecure.
Note	####	Storing MySQL user name or password information in the master info repository is not secure and is therefore not recommended. Please consider using the USER and PASSWORD connection options for START SLAVE; see the 'START SLAVE Syntax' in the MySQL Manual for more information.
[connection master]
drop table if exists t11;
drop table if exists t11;
create table t2 (n int);
insert into t2 values(4);
create table t2 (s char(20));
load data infile '../../std_data/words.dat' into table t2;
insert into t2 values('five');
create table t1 (m int);
insert into t1 values(15),(16),(17);
update t1 set m=20 where m=16;
delete from t1 where m=17;
create table t11 select * from t1;
include/sync_slave_sql_with_master.inc
select * from t1 ORDER BY m;
m
15
20
select * from t2;
n
4
select * from t11;
ERROR 42S02: Table 'test.t11' doesn't exist
drop table if exists t1,t2,t11;
include/sync_slave_sql_with_master.inc
Warnings:
Warning	3090	Changing sql mode 'NO_AUTO_CREATE_USER' is deprecated. It will be removed in a future release.
Replicate_Do_Table = 'test.t1'
Warnings:
Warning	3090	Changing sql mode 'NO_AUTO_CREATE_USER' is deprecated. It will be removed in a future release.
*** master ***
create table t1 (a int, b int);
create trigger trg1 before insert on t1 for each row set new.b=2;
create table t2 (a int, b int);
create trigger trg2 before insert on t2 for each row set new.b=2;
show tables;
Tables_in_test
t1
t2
show triggers;
Trigger	Event	Table	Statement	Timing	Created	sql_mode	Definer	character_set_client	collation_connection	Database Collation
trg1	INSERT	t1	set new.b=2	BEFORE	#	ONLY_FULL_GROUP_BY,STRICT_TRANS_TABLES,NO_ZERO_IN_DATE,NO_ZERO_DATE,ERROR_FOR_DIVISION_BY_ZERO,NO_AUTO_CREATE_USER,NO_ENGINE_SUBSTITUTION	root@localhost	latin1	latin1_swedish_ci	latin1_swedish_ci
trg2	INSERT	t2	set new.b=2	BEFORE	#	ONLY_FULL_GROUP_BY,STRICT_TRANS_TABLES,NO_ZERO_IN_DATE,NO_ZERO_DATE,ERROR_FOR_DIVISION_BY_ZERO,NO_AUTO_CREATE_USER,NO_ENGINE_SUBSTITUTION	root@localhost	latin1	latin1_swedish_ci	latin1_swedish_ci
include/sync_slave_sql_with_master.inc
*** slave ***
show tables;
Tables_in_test
t1
show triggers;
Trigger	Event	Table	Statement	Timing	Created	sql_mode	Definer	character_set_client	collation_connection	Database Collation
trg1	INSERT	t1	set new.b=2	BEFORE	#	ONLY_FULL_GROUP_BY,STRICT_TRANS_TABLES,NO_ZERO_IN_DATE,NO_ZERO_DATE,ERROR_FOR_DIVISION_BY_ZERO,NO_AUTO_CREATE_USER,NO_ENGINE_SUBSTITUTION	root@localhost	latin1	latin1_swedish_ci	latin1_swedish_ci
*** master ***
drop trigger trg1;
drop trigger trg2;
show triggers;
Trigger	Event	Table	Statement	Timing	Created	sql_mode	Definer	character_set_client	collation_connection	Database Collation
include/sync_slave_sql_with_master.inc
*** slave ***
show tables;
Tables_in_test
t1
show triggers;
Trigger	Event	Table	Statement	Timing	Created	sql_mode	Definer	character_set_client	collation_connection	Database Collation
*** master ***
drop table t1;
drop table t2;
include/sync_slave_sql_with_master.inc
include/rpl_end.inc
