#
# Bug #21950756 INNODB: FAILING ASSERTION: !(&DICT_SYS->MUTEX)
# ->IS_OWNED() IN DICT0STATS.CC 3049
#
SET @saved_innodb_strict_mode=@@SESSION.innodb_strict_mode;
SET SESSION innodb_strict_mode=OFF;
CREATE TABLE t1(
c0 INT(1),
c1 INT(1),
c2 INT(4),
c3 DATE,
c4 TIME,
c5 SET('test1','test2','test3'),
c6 TIME,
c7 TEXT,
c8 DECIMAL(0,0),
c9 SET('test1','test2','test3'),
c10 FLOAT,
c11 DOUBLE,
c12 ENUM('test1','test2','test3'),
c13 BLOB,
c14 YEAR,
c15 SET('test1','test2','test3'),
c16 DECIMAL(0,0),
c17 DECIMAL(0,0),
c18 BLOB,
c19 DATE,
c20 DOUBLE,
c21 DECIMAL(0,0),
c22 DATE,
c23 DECIMAL(0,0),
c24 DECIMAL(0,0),
c25 TEXT,
c26 BLOB,
c27 TIME,
c28 BLOB,
c29 ENUM('test1','test2','test3'),
c30 INT(6),
c31 DOUBLE,
c32 FLOAT,
c33 char(175),
c34 TEXT,
c35 TEXT,
c36 BLOB,
c37 BLOB,
c38 TEXT,
c39 BLOB,
c40 TIMESTAMP,
c41 DOUBLE,
c42 INT(6),
c43 BLOB,
c44 VARCHAR(80),
c45 TEXT,
c46 DECIMAL(0,0),
c47 INT(20),
c48 DATE,
c49 BLOB,
c50 DATE,
c51 INT(1),
c52 INT(9),
c53 FLOAT,
c54 BLOB,
c55 TEXT,
c56 INT(6),
c57 ENUM('test1','test2','test3'),
c58 DATE,
c59 TEXT,
c60 VARCHAR(232),
c61 DECIMAL(0,0),
c62 YEAR,
c63 INT(6),
c64 TIMESTAMP DEFAULT '0000-00-00 00:00:00',
c65 BLOB,
c66 BLOB,
c67 INT(11),
c68 TEXT,
c69 ENUM('test1','test2','test3'),
c70 INT(11),
c71 TIME,
c72 TIMESTAMP DEFAULT '0000-00-00 00:00:00',
c73 TIMESTAMP DEFAULT '0000-00-00 00:00:00',
c74 VARCHAR(170),
c75 SET('test1','test2','test3'),
c76 BLOB,
c77 INT(20),
c78 DECIMAL(0,0),
c79 DATE,
c80 YEAR,
c81 DECIMAL(0,0),
c82 BLOB,
c83 TEXT,
c84 char(83),
c85 DECIMAL(0,0),
c86 FLOAT,
c87 INT(11),
c88 VARCHAR(145),
c89 DATE,
c90 DECIMAL(0,0),
c91 DECIMAL(0,0),
c92 BLOB,
c93 TIME,
KEY idx0 (c69,c90,c8),
KEY idx1 (c60),
KEY idx2 (c60,c70,c74),
KEY idx3 (c22,c32,c72,c30),
KEY idx4 (c29),
KEY idx5 (c19,c45(143)),
KEY idx6 (c46,c48,c5,c39(118)),
KEY idx7 (c48,c61),
KEY idx8 (c93),
KEY idx9 (c31),
KEY idx10 (c30,c21),
KEY idx11 (c67),
KEY idx12 (c44,c6,c8,c38(226)),
KEY idx13 (c71,c41,c15,c49(88)),
KEY idx14 (c78),
KEY idx15 (c63,c67,c64),
KEY idx16 (c17,c86),
KEY idx17 (c77,c56,c10,c55(24)),
KEY idx18 (c62),
KEY idx19 (c31,c57,c56,c53),
KEY idx20 (c46),
KEY idx21 (c83(54)),
KEY idx22 (c51,c7(120)),
KEY idx23 (c7(163),c31,c71,c14))
ENGINE=InnoDB DEFAULT CHARSET=latin1
ROW_FORMAT=COMPRESSED KEY_BLOCK_SIZE=2;
SET @@session.max_heap_table_size=16384;
SELECT @@session.max_heap_table_size;
@@session.max_heap_table_size
16384
SELECT database_name,table_name,index_name,compress_ops,compress_ops_ok,
uncompress_ops FROM information_schema.innodb_cmp_per_index;
database_name	table_name	index_name	compress_ops	compress_ops_ok	uncompress_ops
test	t1	GEN_CLUST_INDEX	1	1	0
test	t1	idx0	1	1	0
test	t1	idx1	1	1	0
test	t1	idx2	1	1	0
test	t1	idx3	1	1	0
test	t1	idx4	1	1	0
test	t1	idx5	1	1	0
test	t1	idx6	1	1	0
test	t1	idx7	1	1	0
test	t1	idx8	1	1	0
test	t1	idx9	1	1	0
test	t1	idx10	1	1	0
test	t1	idx11	1	1	0
test	t1	idx12	1	1	0
test	t1	idx13	1	1	0
test	t1	idx14	1	1	0
test	t1	idx15	1	1	0
test	t1	idx16	1	1	0
test	t1	idx17	1	1	0
test	t1	idx18	1	1	0
test	t1	idx19	1	1	0
test	t1	idx20	1	1	0
test	t1	idx21	1	1	0
test	t1	idx22	1	1	0
test	t1	idx23	1	1	0
DROP TABLE t1;
SET SESSION innodb_strict_mode=@saved_innodb_strict_mode;
