TABLE_ID	NAME	FLAG	N_COLS	SPACE	FILE_FORMAT	ROW_FORMAT	ZIP_PAGE_SIZE	SPACE_TYPE
11	SYS_FOREIGN	0	7	0	Antelope	Redundant	0	System
12	SYS_FOREIGN_COLS	0	7	0	Antelope	Redundant	0	System
13	SYS_TABLESPACES	0	6	0	Antelope	Redundant	0	System
14	SYS_DATAFILES	0	5	0	Antelope	Redundant	0	System
15	mysql/plugin	1	5	2	Antelope	Compact	0	Single
16	mysql/servers	1	12	3	Antelope	Compact	0	Single
17	mysql/help_topic	1	9	4	Antelope	Compact	0	Single
18	mysql/help_category	1	7	5	Antelope	Compact	0	Single
19	mysql/help_relation	1	5	6	Antelope	Compact	0	Single
20	mysql/help_keyword	1	5	7	Antelope	Compact	0	Single
21	mysql/time_zone_name	1	5	8	Antelope	Compact	0	Single
22	mysql/time_zone	1	5	9	Antelope	Compact	0	Single
23	mysql/time_zone_transition	1	6	10	Antelope	Compact	0	Single
24	mysql/time_zone_transition_type	1	8	11	Antelope	Compact	0	Single
25	mysql/time_zone_leap_second	1	5	12	Antelope	Compact	0	Single
31	mysql/gtid_executed	1	6	18	Antelope	Compact	0	Single
32	mysql/server_cost	1	7	19	Antelope	Compact	0	Single
33	mysql/engine_cost	1	9	20	Antelope	Compact	0	Single
table_id	pos	mtype	prtype	len	name
11	0	1	524292	0	ID
11	1	1	524292	0	FOR_NAME
11	2	1	524292	0	REF_NAME
11	3	6	0	4	N_COLS
12	0	1	524292	0	ID
12	1	6	0	4	POS
12	2	1	524292	0	FOR_COL_NAME
12	3	1	524292	0	REF_COL_NAME
13	0	6	0	4	SPACE
13	1	1	524292	0	NAME
13	2	6	0	4	FLAGS
14	0	6	0	4	SPACE
14	1	1	524292	0	PATH
15	0	12	2162959	192	name
15	1	12	2167055	384	dl
16	0	13	2163198	192	Server_name
16	1	13	2163198	192	Host
16	2	13	2163198	192	Db
16	3	13	2163198	192	Username
16	4	13	2163198	192	Password
16	5	6	1283	4	Port
16	6	13	2163198	192	Socket
16	7	13	2163198	192	Wrapper
16	8	13	2163198	192	Owner
17	0	6	1795	4	help_topic_id
17	1	13	2163198	192	name
17	2	6	1794	2	help_category_id
17	3	5	2163196	10	description
17	4	5	2163196	10	example
17	5	5	2163196	10	url
18	0	6	1794	2	help_category_id
18	1	13	2163198	192	name
18	2	6	1538	2	parent_category_id
18	3	5	2163196	10	url
19	0	6	1795	4	help_topic_id
19	1	6	1795	4	help_keyword_id
20	0	6	1795	4	help_keyword_id
20	1	13	2163198	192	name
21	0	13	2163198	192	Name
21	1	6	1795	4	Time_zone_id
22	0	6	1795	4	Time_zone_id
22	1	6	1022	1	Use_leap_seconds
23	0	6	1795	4	Time_zone_id
23	1	6	1288	8	Transition_time
23	2	6	1795	4	Transition_type_id
24	0	6	1795	4	Time_zone_id
24	1	6	1795	4	Transition_type_id
24	2	6	1283	4	Offset
24	3	6	1793	1	Is_DST
24	4	13	2163198	24	Abbreviation
25	0	6	1288	8	Transition_time
25	1	6	1283	4	Correction
31	0	2	524798	36	source_uuid
31	1	6	1288	8	interval_start
31	2	6	1288	8	interval_end
32	0	12	2162959	192	cost_name
32	1	9	1028	4	cost_value
32	2	3	525575	4	last_update
32	3	12	2166799	3072	comment
33	0	12	2162959	192	engine_name
33	1	6	1283	4	device_type
33	2	12	2162959	192	cost_name
33	3	9	1028	4	cost_value
33	4	3	525575	4	last_update
33	5	12	2166799	3072	comment
index_id	table_id	type	n_fields	space	name
11	11	3	1	0	ID_IND
12	11	0	1	0	FOR_IND
13	11	0	1	0	REF_IND
14	12	3	2	0	ID_IND
15	13	3	1	0	SYS_TABLESPACES_SPACE
16	14	3	1	0	SYS_DATAFILES_SPACE
17	15	3	1	2	PRIMARY
18	16	3	1	3	PRIMARY
19	17	3	1	4	PRIMARY
20	17	2	1	4	name
21	18	3	1	5	PRIMARY
22	18	2	1	5	name
23	19	3	2	6	PRIMARY
24	20	3	1	7	PRIMARY
25	20	2	1	7	name
26	21	3	1	8	PRIMARY
27	22	3	1	9	PRIMARY
28	23	3	2	10	PRIMARY
29	24	3	2	11	PRIMARY
30	25	3	1	12	PRIMARY
36	31	3	2	18	PRIMARY
37	32	3	1	19	PRIMARY
38	33	3	3	20	PRIMARY
SELECT index_id,pos,name FROM INFORMATION_SCHEMA.INNODB_SYS_FIELDS
WHERE name NOT IN ('database_name', 'table_name', 'index_name', 'stat_name', 'id', 'host', 'port')
ORDER BY index_id, pos;
index_id	pos	name
12	0	FOR_NAME
13	0	REF_NAME
14	1	POS
15	0	SPACE
16	0	SPACE
17	0	name
18	0	Server_name
19	0	help_topic_id
20	0	name
21	0	help_category_id
22	0	name
23	0	help_keyword_id
23	1	help_topic_id
24	0	help_keyword_id
25	0	name
26	0	Name
27	0	Time_zone_id
28	0	Time_zone_id
28	1	Transition_time
29	0	Time_zone_id
29	1	Transition_type_id
30	0	Transition_time
33	0	Channel_name
34	0	Channel_name
35	0	Channel_name
36	0	source_uuid
36	1	interval_start
37	0	cost_name
38	0	cost_name
38	1	engine_name
38	2	device_type
SELECT * FROM INFORMATION_SCHEMA.INNODB_SYS_FOREIGN;
ID	FOR_NAME	REF_NAME	N_COLS	TYPE
SELECT * FROM INFORMATION_SCHEMA.INNODB_SYS_FOREIGN_COLS;
ID	FOR_COL_NAME	REF_COL_NAME	POS
DROP TABLE IF EXISTS t_redundant, t_compact, t_compressed, t_dynamic;
CREATE TABLE t_redundant (a INT KEY, b TEXT) ROW_FORMAT=REDUNDANT ENGINE=innodb;
CREATE TABLE t_compact (a INT KEY, b TEXT) ROW_FORMAT=COMPACT ENGINE=innodb;
CREATE TABLE t_compressed (a INT KEY, b TEXT) ROW_FORMAT=COMPRESSED ENGINE=innodb;
CREATE TABLE t_dynamic (a INT KEY, b TEXT) ROW_FORMAT=DYNAMIC ENGINE=innodb;
=== information_schema.innodb_sys_tables  and innodb_sys_tablespaces ===
Table Name	Tablespace	Table Flags	Columns	File Format	Row Format	Zip Size	Space Type
test/t_compact	test/t_compact	1	5	Antelope	Compact	0	Single
test/t_compressed	test/t_compressed	41	5	Barracuda	Compressed	8192	Single
test/t_dynamic	test/t_dynamic	33	5	Barracuda	Dynamic	0	Single
test/t_redundant	test/t_redundant	0	5	Antelope	Redundant	0	Single
=== information_schema.innodb_sys_tablespaces and innodb_sys_datafiles ===
Space Name	Path	Page Size	Zip Size	Formats Permitted	Space Type
innodb_system	MYSQLD_DATADIR/ibdata1	DEFAULT	0	Compact or Redundant	System
test/t_redundant	MYSQLD_DATADIR/test/t_redundant.ibd	DEFAULT	0	Compact or Redundant	Single
test/t_compact	MYSQLD_DATADIR/test/t_compact.ibd	DEFAULT	0	Compact or Redundant	Single
test/t_compressed	MYSQLD_DATADIR/test/t_compressed.ibd	DEFAULT	8192	Compressed	Single
test/t_dynamic	MYSQLD_DATADIR/test/t_dynamic.ibd	DEFAULT	0	Dynamic	Single
DROP TABLE t_redundant, t_compact, t_compressed, t_dynamic;
SELECT count(*) FROM INFORMATION_SCHEMA.INNODB_SYS_TABLESTATS;
count(*)
23
CREATE TABLE parent (id INT NOT NULL,
PRIMARY KEY (id)) ENGINE=INNODB;
CREATE TABLE child (id INT, parent_id INT,
INDEX par_ind (parent_id),
CONSTRAINT constraint_test
FOREIGN KEY (parent_id) REFERENCES parent(id)
ON DELETE CASCADE) ENGINE=INNODB;
SELECT * FROM INFORMATION_SCHEMA.INNODB_SYS_FOREIGN;
ID	FOR_NAME	REF_NAME	N_COLS	TYPE
test/constraint_test	test/child	test/parent	1	1
SELECT * FROM INFORMATION_SCHEMA.INNODB_SYS_FOREIGN_COLS;
ID	FOR_COL_NAME	REF_COL_NAME	POS
test/constraint_test	parent_id	id	0
INSERT INTO parent VALUES(1);
SELECT name, num_rows, ref_count
FROM INFORMATION_SCHEMA.INNODB_SYS_TABLESTATS
WHERE name LIKE "%parent";
name	num_rows	ref_count
test/parent	1	1
SELECT NAME, FLAG, N_COLS FROM INFORMATION_SCHEMA.INNODB_SYS_TABLES;
NAME	FLAG	N_COLS
SYS_DATAFILES	0	5
SYS_FOREIGN	0	7
SYS_FOREIGN_COLS	0	7
SYS_TABLESPACES	0	6
mysql/engine_cost	1	9
mysql/gtid_executed	1	6
mysql/help_category	1	7
mysql/help_keyword	1	5
mysql/help_relation	1	5
mysql/help_topic	1	9
mysql/innodb_index_stats	1	11
mysql/innodb_table_stats	1	9
mysql/plugin	1	5
mysql/server_cost	1	7
mysql/servers	1	12
mysql/slave_master_info	1	27
mysql/slave_relay_log_info	1	12
mysql/slave_worker_info	1	16
mysql/time_zone	1	5
mysql/time_zone_leap_second	1	5
mysql/time_zone_name	1	5
mysql/time_zone_transition	1	6
mysql/time_zone_transition_type	1	8
test/child	1	5
test/parent	1	4
SELECT name, n_fields
from INFORMATION_SCHEMA.INNODB_SYS_INDEXES
WHERE table_id In (SELECT table_id from
INFORMATION_SCHEMA.INNODB_SYS_TABLES
WHERE name LIKE "%parent%");
name	n_fields
PRIMARY	1
SELECT name, n_fields
from INFORMATION_SCHEMA.INNODB_SYS_INDEXES
WHERE table_id In (SELECT table_id from
INFORMATION_SCHEMA.INNODB_SYS_TABLES
WHERE name LIKE "%child%");
name	n_fields
GEN_CLUST_INDEX	0
par_ind	1
SELECT name, pos, mtype, len
from INFORMATION_SCHEMA.INNODB_SYS_COLUMNS
WHERE table_id In (SELECT table_id from
INFORMATION_SCHEMA.INNODB_SYS_TABLES
WHERE name LIKE "%child%");
name	pos	mtype	len
id	0	6	4
parent_id	1	6	4
DROP TABLE child;
DROP TABLE parent;
CREATE TABLE parent (id INT NOT NULL, newid INT NOT NULL,
PRIMARY KEY (id, newid)) ENGINE=INNODB;
CREATE TABLE child (id INT, parent_id INT,
INDEX par_ind (parent_id),
CONSTRAINT constraint_test
FOREIGN KEY (id, parent_id) REFERENCES parent(id, newid)
ON DELETE CASCADE) ENGINE=INNODB;
SELECT * FROM INFORMATION_SCHEMA.INNODB_SYS_FOREIGN;
ID	FOR_NAME	REF_NAME	N_COLS	TYPE
test/constraint_test	test/child	test/parent	2	1
SELECT * FROM INFORMATION_SCHEMA.INNODB_SYS_FOREIGN_COLS;
ID	FOR_COL_NAME	REF_COL_NAME	POS
test/constraint_test	id	id	0
test/constraint_test	parent_id	newid	1
INSERT INTO parent VALUES(1, 9);
SELECT * FROM parent WHERE id IN (SELECT id FROM parent);
id	newid
1	9
SELECT name, num_rows, ref_count
FROM INFORMATION_SCHEMA.INNODB_SYS_TABLESTATS
WHERE name LIKE "%parent";
name	num_rows	ref_count
test/parent	1	2
DROP TABLE child;
DROP TABLE parent;
