SET default_storage_engine=InnoDB;
#
# Test when tablespaces can be found at multiple places
# SYS_DATAFILES will refer to the file at alt_dir.
# Link File will refer to the file at new_dir.
#  Tablename   Default   SYS_DATAFILES    Link_File
#      yyy       Yes          Yes            Yes
#      nyy       No           Yes            Yes
#      yny       Yes          No             Yes
#      yyn       Yes          Yes            No
#      nyw       No           Yes            WrongFile
#      nwy       No           WrongFile      Yes
#      wny       WrongFile    No             Yes
#      ynw       Yes          No             WrongFile
#      wyn       WrongFile    Yes            No
#      ywn       Yes          WrongFile      No
#      nnn       No           No             No
#      www       WrongFile    WrongFile      WrongFile
#   nolink       No           Yes, No ISL    No
#
CREATE TABLE yyy (c1 INT KEY, c2 TEXT) ENGINE=InnoDB  DATA DIRECTORY='MYSQL_TMP_DIR/alt_dir';
INSERT INTO yyy VALUES (1, 'yyy');
CREATE TABLE nyy (c1 INT KEY, c2 TEXT) ENGINE=InnoDB  DATA DIRECTORY='MYSQL_TMP_DIR/alt_dir';
INSERT INTO nyy VALUES (1, 'nyy');
CREATE TABLE yny (c1 INT KEY, c2 TEXT) ENGINE=InnoDB  DATA DIRECTORY='MYSQL_TMP_DIR/alt_dir';
INSERT INTO yny VALUES (1, 'yny');
CREATE TABLE yyn (c1 INT KEY, c2 TEXT) ENGINE=InnoDB  DATA DIRECTORY='MYSQL_TMP_DIR/alt_dir';
INSERT INTO yyn VALUES (1, 'yyn');
CREATE TABLE nyw (c1 INT KEY, c2 TEXT) ENGINE=InnoDB  DATA DIRECTORY='MYSQL_TMP_DIR/alt_dir';
INSERT INTO nyw VALUES (1, 'nyw');
CREATE TABLE nwy (c1 INT KEY, c2 TEXT) ENGINE=InnoDB  DATA DIRECTORY='MYSQL_TMP_DIR/alt_dir';
INSERT INTO nwy VALUES (1, 'nwy');
CREATE TABLE wny (c1 INT KEY, c2 TEXT) ENGINE=InnoDB  DATA DIRECTORY='MYSQL_TMP_DIR/alt_dir';
INSERT INTO wny VALUES (1, 'wny');
CREATE TABLE ynw (c1 INT KEY, c2 TEXT) ENGINE=InnoDB  DATA DIRECTORY='MYSQL_TMP_DIR/alt_dir';
INSERT INTO ynw VALUES (1, 'ynw');
CREATE TABLE wyn (c1 INT KEY, c2 TEXT) ENGINE=InnoDB  DATA DIRECTORY='MYSQL_TMP_DIR/alt_dir';
INSERT INTO wyn VALUES (1, 'wyn');
CREATE TABLE ywn (c1 INT KEY, c2 TEXT) ENGINE=InnoDB  DATA DIRECTORY='MYSQL_TMP_DIR/alt_dir';
INSERT INTO ywn VALUES (1, 'ywn');
CREATE TABLE nnn (c1 INT KEY, c2 TEXT) ENGINE=InnoDB  DATA DIRECTORY='MYSQL_TMP_DIR/alt_dir';
INSERT INTO nnn VALUES (1, 'nnn');
CREATE TABLE www (c1 INT KEY, c2 TEXT) ENGINE=InnoDB  DATA DIRECTORY='MYSQL_TMP_DIR/alt_dir';
INSERT INTO www VALUES (1, 'www');
CREATE TABLE nolink (c1 INT KEY, c2 TEXT) ENGINE=InnoDB  DATA DIRECTORY='MYSQL_TMP_DIR/alt_dir';
INSERT INTO nolink VALUES (1, 'no link file');
#
# Shutdown the server, copy and remove files.
#
---- MYSQLD_DATADIR/test
nnn.frm
nnn.isl
nolink.frm
nolink.isl
nwy.frm
nwy.isl
nyw.frm
nyw.isl
nyy.frm
nyy.isl
wny.frm
wny.isl
www.frm
www.isl
wyn.frm
wyn.isl
ynw.frm
ynw.isl
yny.frm
yny.isl
ywn.frm
ywn.isl
yyn.frm
yyn.isl
yyy.frm
yyy.isl
---- MYSQL_TMP_DIR/alt_dir/test
nnn.ibd
nolink.ibd
nwy.ibd
nyw.ibd
nyy.ibd
wny.ibd
www.ibd
wyn.ibd
ynw.ibd
yny.ibd
ywn.ibd
yyn.ibd
yyy.ibd
---- MYSQL_TMP_DIR/new_dir/test
# YYY; Tablespace found in 3 places
# NYY; Tablespace found in alt_dir and new_dir
# YNY; Tablespace found in default and new_dir
# YYN; Tablespace found in default and alt_dir
# NYW; Copy the wrong file to new_dir
# NWY; Move the wrong file to alt_dir, good one to new_dir.
# WNY; Move the wrong file to default, good one to new_dir, delete it form alt_dir
# YNW; Move the file to default, wrong one to new_dir, delete it form alt_dir
# WYN; Copy the wrong file to default
# YWN; Move the file to default, wrong one to alt_dir
# NNN; Delete the tablespace and ISL
# WWW; Put the wrong file in all three locations
# NOLINK; Delete the ISL file Since remote location is still in SYS_DATAFILES,
# it should still be found. And the ISL file should be re-created.
# Make a backup of this tablespace to use later.
---- MYSQLD_DATADIR/test
nnn.frm
nolink.frm
nwy.frm
nwy.isl
nyw.frm
nyw.isl
nyy.frm
nyy.isl
wny.frm
wny.ibd
wny.isl
www.frm
www.ibd
www.isl
wyn.frm
wyn.ibd
wyn.isl
ynw.frm
ynw.ibd
ynw.isl
yny.frm
yny.ibd
yny.isl
ywn.frm
ywn.ibd
ywn.isl
yyn.frm
yyn.ibd
yyn.isl
yyy.frm
yyy.ibd
yyy.isl
---- MYSQL_TMP_DIR/alt_dir/test
nolink.ibd
nolink.ibd.bak
nwy.ibd
nyw.ibd
nyy.ibd
www.ibd
wyn.ibd
ywn.ibd
yyn.ibd
yyy.ibd
---- MYSQL_TMP_DIR/new_dir/test
nwy.ibd
nyw.ibd
nyy.ibd
wny.ibd
www.ibd
ynw.ibd
yny.ibd
yyy.ibd
#
# Start the server and show the tablespaces.
#
# restart
=== information_schema.innodb_sys_tablespaces and innodb_sys_datafiles ===
Space Name	Path	Page Size	Zip Size	Formats Permitted	Space Type
test/yyy	MYSQL_TMP_DIR/alt_dir/test/yyy.ibd	DEFAULT	0	Compact or Redundant	Single
test/nyy	MYSQL_TMP_DIR/alt_dir/test/nyy.ibd	DEFAULT	0	Compact or Redundant	Single
test/yny	MYSQL_TMP_DIR/alt_dir/test/yny.ibd	DEFAULT	0	Compact or Redundant	Single
test/yyn	MYSQL_TMP_DIR/alt_dir/test/yyn.ibd	DEFAULT	0	Compact or Redundant	Single
test/nyw	MYSQL_TMP_DIR/alt_dir/test/nyw.ibd	DEFAULT	0	Compact or Redundant	Single
test/nwy	MYSQL_TMP_DIR/new_dir/test/nwy.ibd	DEFAULT	0	Compact or Redundant	Single
test/wny	MYSQL_TMP_DIR/new_dir/test/wny.ibd	DEFAULT	0	Compact or Redundant	Single
test/ynw	MYSQLD_DATADIR/test/ynw.ibd	DEFAULT	0	Compact or Redundant	Single
test/wyn	MYSQL_TMP_DIR/alt_dir/test/wyn.ibd	DEFAULT	0	Compact or Redundant	Single
test/ywn	MYSQLD_DATADIR/test/ywn.ibd	DEFAULT	0	Compact or Redundant	Single
test/nnn	MYSQL_TMP_DIR/alt_dir/test/nnn.ibd	DEFAULT	0	Compact or Redundant	Single
test/www	MYSQL_TMP_DIR/alt_dir/test/www.ibd	DEFAULT	0	Compact or Redundant	Single
test/nolink	MYSQL_TMP_DIR/alt_dir/test/nolink.ibd	DEFAULT	0	Compact or Redundant	Single
SELECT * FROM yyy;
ERROR HY000: Tablespace is missing for table `test`.`yyy`.
SELECT * FROM nyy;
ERROR HY000: Tablespace is missing for table `test`.`nyy`.
SELECT * FROM yny;
ERROR HY000: Tablespace is missing for table `test`.`yny`.
SELECT * FROM yyn;
ERROR HY000: Tablespace is missing for table `test`.`yyn`.
SELECT * FROM nyw;
c1	c2
1	nyw
SELECT * FROM nwy;
c1	c2
1	nwy
SELECT * FROM wny;
c1	c2
1	wny
SELECT * FROM ynw;
c1	c2
1	ynw
SELECT * FROM wyn;
c1	c2
1	wyn
SELECT * FROM ywn;
c1	c2
1	ywn
SELECT * FROM nnn;
ERROR HY000: Tablespace is missing for table `test`.`nnn`.
SELECT * FROM www;
ERROR HY000: Tablespace is missing for table `test`.`www`.
SELECT * FROM nolink;
c1	c2
1	no link file
SHOW CREATE TABLE yyy;
ERROR HY000: Tablespace is missing for table `test`.`yyy`.
SHOW CREATE TABLE nyy;
ERROR HY000: Tablespace is missing for table `test`.`nyy`.
SHOW CREATE TABLE yny;
ERROR HY000: Tablespace is missing for table `test`.`yny`.
SHOW CREATE TABLE yyn;
ERROR HY000: Tablespace is missing for table `test`.`yyn`.
SHOW CREATE TABLE nyw;
Table	Create Table
nyw	CREATE TABLE `nyw` (
  `c1` int(11) NOT NULL,
  `c2` text,
  PRIMARY KEY (`c1`)
) ENGINE=InnoDB DEFAULT CHARSET=latin1 DATA DIRECTORY='MYSQL_TMP_DIR/alt_dir/'
SHOW CREATE TABLE nwy;
Table	Create Table
nwy	CREATE TABLE `nwy` (
  `c1` int(11) NOT NULL,
  `c2` text,
  PRIMARY KEY (`c1`)
) ENGINE=InnoDB DEFAULT CHARSET=latin1 DATA DIRECTORY='MYSQL_TMP_DIR/new_dir/'
SHOW CREATE TABLE wny;
Table	Create Table
wny	CREATE TABLE `wny` (
  `c1` int(11) NOT NULL,
  `c2` text,
  PRIMARY KEY (`c1`)
) ENGINE=InnoDB DEFAULT CHARSET=latin1 DATA DIRECTORY='MYSQL_TMP_DIR/new_dir/'
SHOW CREATE TABLE ynw;
Table	Create Table
ynw	CREATE TABLE `ynw` (
  `c1` int(11) NOT NULL,
  `c2` text,
  PRIMARY KEY (`c1`)
) ENGINE=InnoDB DEFAULT CHARSET=latin1
SHOW CREATE TABLE wyn;
Table	Create Table
wyn	CREATE TABLE `wyn` (
  `c1` int(11) NOT NULL,
  `c2` text,
  PRIMARY KEY (`c1`)
) ENGINE=InnoDB DEFAULT CHARSET=latin1 DATA DIRECTORY='MYSQL_TMP_DIR/alt_dir/'
SHOW CREATE TABLE ywn;
Table	Create Table
ywn	CREATE TABLE `ywn` (
  `c1` int(11) NOT NULL,
  `c2` text,
  PRIMARY KEY (`c1`)
) ENGINE=InnoDB DEFAULT CHARSET=latin1
SHOW CREATE TABLE nnn;
ERROR HY000: Tablespace is missing for table `test`.`nnn`.
SHOW CREATE TABLE www;
ERROR HY000: Tablespace is missing for table `test`.`www`.
SHOW CREATE TABLE nolink;
Table	Create Table
nolink	CREATE TABLE `nolink` (
  `c1` int(11) NOT NULL,
  `c2` text,
  PRIMARY KEY (`c1`)
) ENGINE=InnoDB DEFAULT CHARSET=latin1 DATA DIRECTORY='MYSQL_TMP_DIR/alt_dir/'
#
# List of files before DROP TABLES
#
---- MYSQLD_DATADIR/test
nnn.frm
nolink.frm
nolink.isl
nwy.frm
nwy.isl
nyw.frm
nyw.isl
nyy.frm
nyy.isl
wny.frm
wny.ibd
wny.isl
www.frm
www.ibd
www.isl
wyn.frm
wyn.ibd
wyn.isl
ynw.frm
ynw.ibd
yny.frm
yny.ibd
yny.isl
ywn.frm
ywn.ibd
ywn.isl
yyn.frm
yyn.ibd
yyn.isl
yyy.frm
yyy.ibd
yyy.isl
---- MYSQL_TMP_DIR/alt_dir/test
nolink.ibd
nolink.ibd.bak
nwy.ibd
nyw.ibd
nyy.ibd
www.ibd
wyn.ibd
ywn.ibd
yyn.ibd
yyy.ibd
---- MYSQL_TMP_DIR/new_dir/test
nwy.ibd
nyw.ibd
nyy.ibd
wny.ibd
www.ibd
ynw.ibd
yny.ibd
yyy.ibd
#
# Restart the server and DROP the tablespaces.
#
# restart
DROP TABLE yyy;
DROP TABLE nyy;
DROP TABLE yny;
DROP TABLE yyn;
DROP TABLE nyw;
DROP TABLE nwy;
DROP TABLE wny;
DROP TABLE ynw;
DROP TABLE wyn;
DROP TABLE ywn;
DROP TABLE nnn;
DROP TABLE www;
DROP TABLE nolink;
#
# List of files not deleted by the DROP TABLES
#
---- MYSQLD_DATADIR/test
wny.ibd
www.ibd
wyn.ibd
yny.ibd
yyn.ibd
yyy.ibd
---- MYSQL_TMP_DIR/alt_dir/test
nolink.ibd.bak
nwy.ibd
nyy.ibd
www.ibd
ywn.ibd
yyn.ibd
yyy.ibd
---- MYSQL_TMP_DIR/new_dir/test
nyw.ibd
nyy.ibd
www.ibd
ynw.ibd
yny.ibd
yyy.ibd
#
# List of files after removing leftover files
#
---- MYSQLD_DATADIR/test
---- MYSQL_TMP_DIR/alt_dir/test
nolink.ibd.bak
---- MYSQL_TMP_DIR/new_dir/test
#
# Create some tables again and this time, crash instead of shutdown
# InnoDB recovery does not have the ability at this time to query
# the data dictionary in order to determine if the table it is
# openeing is the correct one, or to find the previous location
# of a tablespace from SYS_DATAFILES.  It must rely on the ISL file
# to tell the truth. But it can compare the current linked location
# with a tablespace found in the default location and use the most
# recent.
#
# Test recovery when tablespaces can be found at multiple places.
# SYS_DATAFILES is unavailable during recovery.
# Link File will refer to the file at alt_dir.
# In each case except the control tablespace, the Link file will
# exist with a file name in alt_dir.  'fnolink.ibd.bak' is the
# source of the 'wrong' tablespaces.
#
# Tablename   Default_Tablespace  Remote_Tablespace
#    ny              No                  Yes
#    wy              Wrong               Yes
#    yn              Yes                 No
#    yw              Yes                 Wrong
#    yy              Yes                 Yes  (both the same file)
#
CREATE TABLE ny (c1 INT KEY, c2 TEXT) ENGINE=InnoDB  DATA DIRECTORY='MYSQL_TMP_DIR/alt_dir';
INSERT INTO ny VALUES (1, 'ny');
CREATE TABLE wy (c1 INT KEY, c2 TEXT) ENGINE=InnoDB  DATA DIRECTORY='MYSQL_TMP_DIR/alt_dir';
INSERT INTO wy VALUES (1, 'wy');
CREATE TABLE yn (c1 INT KEY, c2 TEXT) ENGINE=InnoDB  DATA DIRECTORY='MYSQL_TMP_DIR/alt_dir';
INSERT INTO yn VALUES (1, 'yn');
CREATE TABLE yw (c1 INT KEY, c2 TEXT) ENGINE=InnoDB  DATA DIRECTORY='MYSQL_TMP_DIR/alt_dir';
INSERT INTO yw VALUES (1, 'yw');
CREATE TABLE yy (c1 INT KEY, c2 TEXT) ENGINE=InnoDB  DATA DIRECTORY='MYSQL_TMP_DIR/alt_dir';
INSERT INTO yy VALUES (1, 'yy');
#
# Crash the server, copy and remove files.
#
BEGIN;
INSERT INTO ny VALUES (2, 'ny');
INSERT INTO wy VALUES (2, 'wy');
INSERT INTO yn VALUES (2, 'yn');
INSERT INTO yw VALUES (2, 'yw');
INSERT INTO yy VALUES (2, 'yy');
SELECT * FROM ny;
c1	c2
1	ny
2	ny
SELECT * FROM wy;
c1	c2
1	wy
2	wy
SELECT * FROM yn;
c1	c2
1	yn
2	yn
SELECT * FROM yw;
c1	c2
1	yw
2	yw
SELECT * FROM yy;
c1	c2
1	yy
2	yy
# Kill the server
#
# Now that the engine is not running, move files around to test various scenarios.
#
# NY; Tablespace found in alt_dir but not the default directory.
# WY; The wrong tablespace is found in the default directory
#     and the correct one in alt_dir.
# YW; Tablespace is found in the default directory but the wrong file in alt_dir.
# YN; Tablespace found the default directory but not in alt_dir.
# YY; Found in both default directory and alt-dir.
---- MYSQLD_DATADIR/test
ny.frm
ny.isl
wy.frm
wy.ibd
wy.isl
yn.frm
yn.ibd
yn.isl
yw.frm
yw.ibd
yw.isl
yy.frm
yy.ibd
yy.isl
---- MYSQL_TMP_DIR/alt_dir/test
nolink.ibd.bak
ny.ibd
wy.ibd
yw.ibd
yy.ibd
# restoring yn.ibd, yw.ibd
# restart
SELECT * FROM ny;
c1	c2
1	ny
SELECT * FROM wy;
c1	c2
1	wy
SELECT * FROM yn;
c1	c2
1	yn
SELECT * FROM yw;
c1	c2
1	yw
SELECT * FROM yy;
c1	c2
1	yy
SHOW CREATE TABLE ny;
Table	Create Table
ny	CREATE TABLE `ny` (
  `c1` int(11) NOT NULL,
  `c2` text,
  PRIMARY KEY (`c1`)
) ENGINE=InnoDB DEFAULT CHARSET=latin1 DATA DIRECTORY='MYSQL_TMP_DIR/alt_dir/'
SHOW CREATE TABLE wy;
Table	Create Table
wy	CREATE TABLE `wy` (
  `c1` int(11) NOT NULL,
  `c2` text,
  PRIMARY KEY (`c1`)
) ENGINE=InnoDB DEFAULT CHARSET=latin1 DATA DIRECTORY='MYSQL_TMP_DIR/alt_dir/'
SHOW CREATE TABLE yn;
Table	Create Table
yn	CREATE TABLE `yn` (
  `c1` int(11) NOT NULL,
  `c2` text,
  PRIMARY KEY (`c1`)
) ENGINE=InnoDB DEFAULT CHARSET=latin1 DATA DIRECTORY='MYSQL_TMP_DIR/alt_dir/'
SHOW CREATE TABLE yw;
Table	Create Table
yw	CREATE TABLE `yw` (
  `c1` int(11) NOT NULL,
  `c2` text,
  PRIMARY KEY (`c1`)
) ENGINE=InnoDB DEFAULT CHARSET=latin1 DATA DIRECTORY='MYSQL_TMP_DIR/alt_dir/'
SHOW CREATE TABLE yy;
Table	Create Table
yy	CREATE TABLE `yy` (
  `c1` int(11) NOT NULL,
  `c2` text,
  PRIMARY KEY (`c1`)
) ENGINE=InnoDB DEFAULT CHARSET=latin1 DATA DIRECTORY='MYSQL_TMP_DIR/alt_dir/'
=== information_schema.innodb_sys_tablespaces and innodb_sys_datafiles ===
Space Name	Path	Page Size	Zip Size	Formats Permitted	Space Type
test/ny	MYSQL_TMP_DIR/alt_dir/test/ny.ibd	DEFAULT	0	Compact or Redundant	Single
test/wy	MYSQL_TMP_DIR/alt_dir/test/wy.ibd	DEFAULT	0	Compact or Redundant	Single
test/yn	MYSQL_TMP_DIR/alt_dir/test/yn.ibd	DEFAULT	0	Compact or Redundant	Single
test/yw	MYSQL_TMP_DIR/alt_dir/test/yw.ibd	DEFAULT	0	Compact or Redundant	Single
test/yy	MYSQL_TMP_DIR/alt_dir/test/yy.ibd	DEFAULT	0	Compact or Redundant	Single
#
# List of files before removing unused files
#
DROP TABLE ny;
DROP TABLE wy;
DROP TABLE yn;
DROP TABLE yw;
DROP TABLE yy;
---- MYSQLD_DATADIR/test
wy.ibd
yy.ibd
---- MYSQL_TMP_DIR/alt_dir/test
nolink.ibd.bak
#
# List of files after DROP TABLES
#
---- MYSQLD_DATADIR/test
wy.ibd
yy.ibd
---- MYSQL_TMP_DIR/alt_dir/test
nolink.ibd.bak
