set global innodb_adaptive_hash_index=ON;
select @@innodb_buffer_pool_size;
@@innodb_buffer_pool_size
8388608
set global innodb_buffer_pool_size = 10485760;
Warnings:
Warning	1292	Truncated incorrect innodb_buffer_pool_size value: '10485760'
select @@innodb_buffer_pool_size;
@@innodb_buffer_pool_size
16777216
create table t1 (id int not null, val int not null default '0', primary key (id)) ENGINE=InnoDB ROW_FORMAT=COMPRESSED;
create or replace view view0 as select 1 union all select 1;
set @`v_id` := 0;
set @`v_val` := 0;
replace into t1 select (@`v_id` := (@`v_id` + 4) mod 4294967296) as id, (@`v_val` := (@`v_val` + 4) mod 4294967296) as val from view0 v0, view0 v1, view0 v2, view0 v3, view0 v4, view0 v5, view0 v6, view0 v7, view0 v8, view0 v9, view0 v10, view0 v11, view0 v12, view0 v13, view0 v14, view0 v15, view0 v16, view0 v17;
Warnings:
Warning	1287	Setting user variables within expressions is deprecated and will be removed in a future release. Please set variables in separate statements instead.
Warning	1287	Setting user variables within expressions is deprecated and will be removed in a future release. Please set variables in separate statements instead.
set global innodb_buffer_pool_size = 7340032;
Warnings:
Warning	1292	Truncated incorrect innodb_buffer_pool_size value: '7340032'
select @@innodb_buffer_pool_size;
@@innodb_buffer_pool_size
8388608
select count(val) from t1;
count(val)
262144
set global innodb_adaptive_hash_index=OFF;
set global innodb_buffer_pool_size = 25165824;
select @@innodb_buffer_pool_size;
@@innodb_buffer_pool_size
25165824
select count(val) from t1;
count(val)
262144
drop table t1;
drop view view0;
