### Build infrastructure required for the current test ------------ START
SET SQL_MODE = 'traditional';
SET GLOBAL innodb_log_checkpoint_now = ON;
CREATE SCHEMA db_test_a;
CREATE TABLESPACE ts1 ADD DATAFILE 'ts1.ibd' Engine = InnoDB;
CREATE TABLE db_test_a.t_aux (col1 INT, col2 VARCHAR(100)) Engine = InnoDB;
CREATE TABLE db_test_a.t_aux_10 (col1 INT)
Engine = InnoDB TABLESPACE = ts1;
INSERT INTO db_test_a.t_aux
SET col2 = CONCAT('0-', REPEAT('z', 90)), col1 = 10;
CREATE TABLE db_test_a.t_aux_9 (col1 INT)
Engine = InnoDB TABLESPACE = ts1;
INSERT INTO db_test_a.t_aux
SET col2 = CONCAT('0-', REPEAT('z', 90)), col1 = 9;
CREATE TABLE db_test_a.t_aux_8 (col1 INT)
Engine = InnoDB TABLESPACE = ts1;
INSERT INTO db_test_a.t_aux
SET col2 = CONCAT('0-', REPEAT('z', 90)), col1 = 8;
CREATE TABLE db_test_a.t_aux_7 (col1 INT)
Engine = InnoDB TABLESPACE = ts1;
INSERT INTO db_test_a.t_aux
SET col2 = CONCAT('0-', REPEAT('z', 90)), col1 = 7;
CREATE TABLE db_test_a.t_aux_6 (col1 INT)
Engine = InnoDB TABLESPACE = ts1;
INSERT INTO db_test_a.t_aux
SET col2 = CONCAT('0-', REPEAT('z', 90)), col1 = 6;
CREATE TABLE db_test_a.t_aux_5 (col1 INT)
Engine = InnoDB TABLESPACE = ts1;
INSERT INTO db_test_a.t_aux
SET col2 = CONCAT('0-', REPEAT('z', 90)), col1 = 5;
CREATE TABLE db_test_a.t_aux_4 (col1 INT)
Engine = InnoDB TABLESPACE = ts1;
INSERT INTO db_test_a.t_aux
SET col2 = CONCAT('0-', REPEAT('z', 90)), col1 = 4;
CREATE TABLE db_test_a.t_aux_3 (col1 INT)
Engine = InnoDB TABLESPACE = ts1;
INSERT INTO db_test_a.t_aux
SET col2 = CONCAT('0-', REPEAT('z', 90)), col1 = 3;
CREATE TABLE db_test_a.t_aux_2 (col1 INT)
Engine = InnoDB TABLESPACE = ts1;
INSERT INTO db_test_a.t_aux
SET col2 = CONCAT('0-', REPEAT('z', 90)), col1 = 2;
CREATE TABLE db_test_a.t_aux_1 (col1 INT)
Engine = InnoDB TABLESPACE = ts1;
INSERT INTO db_test_a.t_aux
SET col2 = CONCAT('0-', REPEAT('z', 90)), col1 = 1;
SHOW CREATE TABLE db_test_a.t_aux_10;
Table	Create Table
t_aux_10	CREATE TABLE `t_aux_10` (
  `col1` int(11) DEFAULT NULL
) /*!50100 TABLESPACE `ts1` */ ENGINE=InnoDB DEFAULT CHARSET=utf8mb4
CALL mtr.add_suppression("InnoDB: File '.*tablespaces.open..*' size is .* Must be at least");
CALL mtr.add_suppression("InnoDB: File '.*tablespaces.open..*' size is .* should be at least");
CALL mtr.add_suppression("InnoDB: No space ID to filename mapping file found");
CALL mtr.add_suppression("InnoDB: Cannot load table db_test_a");
# Make backups of the existing tablespaces.open.* files.
# We will use these files later.
# Generate entries in tablespaces.open.* files and also log by running DDL+DML. The printing of statements is disabled.
# restart
SHOW CREATE TABLE db_test_a.t_aux_10;
Table	Create Table
t_aux_10	CREATE TABLE `t_aux_10` (
  `col1` int(11) DEFAULT NULL
) /*!50100 TABLESPACE `innodb_file_per_table` */ ENGINE=InnoDB DEFAULT CHARSET=utf8mb4
### Build infrastructure required for the current test -------------- END
# ========================================================
# Restart after previous smooth shutdown.
#    There is no valid tablespaces.open.*
#    If we find one we use that to verify the location of the UNDO
#    tablespaces. If we don't find one we don't verify the location
#    of the undo tablespaces.
# The server just comes up without error messages mentioning that state.
#    No crash -> no look for tablespaces.open.* files
# restart
Pattern ".* \[Note\] InnoDB: Starting crash recovery." not found
Pattern ".* \[Note\] InnoDB: Unable to read from '.*tablespaces.open.*', the space ID to filename mapping file" found
Pattern ".* \[ERROR\] InnoDB: No space ID to filename mapping file found" found
# ========================================================
# Restart after previous
#    1. Have no open transaction
#    2. Enforce making an InnnoDB checkpoint
#    3. Kill of server
#    There is no valid tablespaces.open.* file at all but we need none.
# The server just comes up without error messages mentioning that state.
#    The impact of crash is so minimal that InnoDB does detect it at all.
#    -> no look for tablespaces.open.* files
SET GLOBAL innodb_log_checkpoint_now = ON;
# Kill the server
# restart
Pattern ".* \[Note\] InnoDB: Starting crash recovery." not found
Pattern ".* \[Note\] InnoDB: Unable to read from '.*tablespaces.open.*', the space ID to filename mapping file" found
Pattern ".* \[ERROR\] InnoDB: No space ID to filename mapping file found" found
# ========================================================
# Restart with crash recovery
#    There is no tablespaces.open.* file but we need at least one valid.
#    A simple restart without extra options fails.
SET GLOBAL innodb_checkpoint_disabled = 1;
# Generate entries in tablespaces.open.* files and also log by running DDL+DML. The printing of statements is disabled.
# Kill the server
# The restart attempt has failed like expected.
Pattern ".* \[Note\] InnoDB: Starting crash recovery." found
Pattern ".* \[Note\] InnoDB: Unable to read from '.*tablespaces.open.*', the space ID to filename mapping file" found
Pattern ".* \[ERROR\] InnoDB: No space ID to filename mapping file found" found
# restart:--innodb-scan-directories=<MYSQLD_DATADIR>
SHOW CREATE TABLE db_test_a.t_aux_10;
Table	Create Table
t_aux_10	CREATE TABLE `t_aux_10` (
  `col1` int(11) DEFAULT NULL
) /*!50100 TABLESPACE `ts1` */ ENGINE=InnoDB DEFAULT CHARSET=utf8mb4
# ========================================================
# Restart with crash recovery
#    There is no tablespaces.open.* file but a restart with
#       "--innodb-scan-directories=<MYSQLD_DATADIR>"
#    reports that bad state and passes because it does not rely
#    on at least one valid tablespaces.open.* file.
SET GLOBAL innodb_log_checkpoint_now = ON;
SET GLOBAL innodb_checkpoint_disabled = 1;
# Generate entries in tablespaces.open.* files and also log by running DDL+DML. The printing of statements is disabled.
# Kill the server
# restart:--innodb-scan-directories=<MYSQLD_DATADIR>
Pattern ".* \[Note\] InnoDB: Starting crash recovery." found
Pattern ".* \[Note\] InnoDB: Unable to read from '.*tablespaces.open.*', the space ID to filename mapping file" found
Pattern ".* \[ERROR\] InnoDB: No space ID to filename mapping file found" found
SHOW CREATE TABLE db_test_a.t_aux_10;
Table	Create Table
t_aux_10	CREATE TABLE `t_aux_10` (
  `col1` int(11) DEFAULT NULL
) /*!50100 TABLESPACE `innodb_file_per_table` */ ENGINE=InnoDB DEFAULT CHARSET=utf8mb4
# ========================================================
# Restart with crash recovery
#    One of the tablespaces.open.* with complete rotten entry.
SET GLOBAL innodb_log_checkpoint_now = ON;
SET GLOBAL innodb_checkpoint_disabled = 1;
# Generate entries in tablespaces.open.* files and also log by running DDL+DML. The printing of statements is disabled.
CREATE TABLE db_test_a . t1 (col1 INT NOT NULL)
ENGINE = 'InnoDB' TABLESPACE = innodb_file_per_table;
SET SESSION DEBUG = "+d,ib_tablespace_open_write_corrupt_0";
ALTER TABLE db_test_a . t1 TABLESPACE = ts1;
ERROR HY000: Lost connection to MySQL server during query
# The restart attempt has failed like expected.
# So even one valid '.*tablespaces.open.*' is not sufficient for success.
Pattern ".* \[Note\] InnoDB: Starting crash recovery." not found
Pattern ".* \[ERROR\] InnoDB: Unsupported file format .* found in tablespace ID to filename mapping file: '.*tablespaces.open.*'. You can use --innodb-scan-directories to recover .*" found
Pattern ".* \[ERROR\] \[FATAL\] InnoDB: Unable to read the space ID to filename mapping file\(s\)." found
Pattern ".* \[ERROR\] InnoDB: Assertion failure: ut0ut.cc:" found
# The crash recovery fails even if
#    "--innodb-scan-directories=<MYSQLD_DATADIR>"
# is assigned as long as the tablespaces.open.* file with complete
# rotten entry exists. So we delete all tablespaces.open.*.
# restart:--innodb-scan-directories=<MYSQLD_DATADIR>
DROP TABLE db_test_a . t1;
SHOW CREATE TABLE db_test_a.t_aux_10;
Table	Create Table
t_aux_10	CREATE TABLE `t_aux_10` (
  `col1` int(11) DEFAULT NULL
) /*!50100 TABLESPACE `ts1` */ ENGINE=InnoDB DEFAULT CHARSET=utf8mb4
# ========================================================
# Restart with crash recovery
#    One of the tablespaces.open.* with incomplete header
# Generate entries in tablespaces.open.* files and also log by running DDL+DML. The printing of statements is disabled.
CREATE TABLE db_test_a . t1 (col1 INT NOT NULL)
ENGINE = 'InnoDB' TABLESPACE = innodb_file_per_table;
SET SESSION DEBUG = "+d,ib_tablespace_open_write_corrupt_1";
ALTER TABLE db_test_a . t1 TABLESPACE = ts1;
ERROR HY000: Lost connection to MySQL server during query
# restart
# InnoDB warning about too small tablespaces.open.* file found in
# server error log.
SHOW CREATE TABLE db_test_a . t1;
Table	Create Table
t1	CREATE TABLE `t1` (
  `col1` int(11) NOT NULL
) /*!50100 TABLESPACE `innodb_file_per_table` */ ENGINE=InnoDB DEFAULT CHARSET=utf8mb4
DROP TABLE db_test_a . t1;
SHOW CREATE TABLE db_test_a.t_aux_10;
Table	Create Table
t_aux_10	CREATE TABLE `t_aux_10` (
  `col1` int(11) DEFAULT NULL
) /*!50100 TABLESPACE `innodb_file_per_table` */ ENGINE=InnoDB DEFAULT CHARSET=utf8mb4
# ========================================================
# Restart with crash recovery
#   One of the tablespaces.open.* with incomplete data part
# Generate entries in tablespaces.open.* files and also log by running DDL+DML. The printing of statements is disabled.
CREATE TABLE db_test_a . t1 (col1 INT NOT NULL)
ENGINE = 'InnoDB' TABLESPACE = innodb_file_per_table;
SET SESSION DEBUG = "+d,ib_tablespace_open_write_corrupt_2";
ALTER TABLE db_test_a . t1 TABLESPACE = ts1;
ERROR HY000: Lost connection to MySQL server during query
# restart
# InnoDB warning about too small tablespaces.open.* file found in
# server error log.
SHOW CREATE TABLE db_test_a . t1;
Table	Create Table
t1	CREATE TABLE `t1` (
  `col1` int(11) NOT NULL
) /*!50100 TABLESPACE `innodb_file_per_table` */ ENGINE=InnoDB DEFAULT CHARSET=utf8mb4
DROP TABLE db_test_a . t1;
SHOW CREATE TABLE db_test_a.t_aux_10;
Table	Create Table
t_aux_10	CREATE TABLE `t_aux_10` (
  `col1` int(11) DEFAULT NULL
) /*!50100 TABLESPACE `ts1` */ ENGINE=InnoDB DEFAULT CHARSET=utf8mb4
# ========================================================
# Restart with crash recovery
#   Both tablespaces.open.* files are outdated.
# Generate entries in tablespaces.open.* files and also log by running DDL+DML. The printing of statements is disabled.
CREATE TABLE db_test_a . t1 (col1 INT NOT NULL)
ENGINE = 'InnoDB' TABLESPACE = innodb_file_per_table;
ALTER TABLE db_test_a . t1 TABLESPACE = ts1;
# Kill the server
# restart
SHOW CREATE TABLE db_test_a . t1;
Table	Create Table
t1	CREATE TABLE `t1` (
  `col1` int(11) NOT NULL
) /*!50100 TABLESPACE `ts1` */ ENGINE=InnoDB DEFAULT CHARSET=utf8mb4
DROP TABLE db_test_a . t1;
SHOW CREATE TABLE db_test_a.t_aux_10;
Table	Create Table
t_aux_10	CREATE TABLE `t_aux_10` (
  `col1` int(11) DEFAULT NULL
) /*!50100 TABLESPACE `innodb_file_per_table` */ ENGINE=InnoDB DEFAULT CHARSET=utf8mb4
# ========================================================
#    Shutdown smooth
#    Delete all tablespaces.open.* files.
#    Restart with --innodb-scan-directories
# restart:--innodb-scan-directories=<MYSQLD_DATADIR>
# Generate entries in tablespaces.open.* files and also log by running DDL+DML. The printing of statements is disabled.
SHOW CREATE TABLE db_test_a.t_aux_10;
Table	Create Table
t_aux_10	CREATE TABLE `t_aux_10` (
  `col1` int(11) DEFAULT NULL
) /*!50100 TABLESPACE `ts1` */ ENGINE=InnoDB DEFAULT CHARSET=utf8mb4
# We should have now one tablespaces.open.* file without defects.
# Let's try the server crash just before tablespaces.open.* write.
CREATE TABLE db_test_a . t1 (col1 INT NOT NULL)
ENGINE = 'InnoDB' TABLESPACE = innodb_file_per_table;
SET SESSION DEBUG = "+d,ib_tablespace_open_crash_before_write";
ALTER TABLE db_test_a . t1 TABLESPACE = ts1;
ERROR HY000: Lost connection to MySQL server during query
# restart
SHOW CREATE TABLE db_test_a . t1;
Table	Create Table
t1	CREATE TABLE `t1` (
  `col1` int(11) NOT NULL
) /*!50100 TABLESPACE `innodb_file_per_table` */ ENGINE=InnoDB DEFAULT CHARSET=utf8mb4
ALTER TABLE db_test_a . t1 TABLESPACE = ts1;
SHOW CREATE TABLE db_test_a . t1;
Table	Create Table
t1	CREATE TABLE `t1` (
  `col1` int(11) NOT NULL
) /*!50100 TABLESPACE `ts1` */ ENGINE=InnoDB DEFAULT CHARSET=utf8mb4
# We should have now two tablespaces.open.* files without defects.
DROP TABLE db_test_a . t1;
SHOW CREATE TABLE db_test_a.t_aux_10;
Table	Create Table
t_aux_10	CREATE TABLE `t_aux_10` (
  `col1` int(11) DEFAULT NULL
) /*!50100 TABLESPACE `ts1` */ ENGINE=InnoDB DEFAULT CHARSET=utf8mb4
SELECT COUNT(*) = 9 AS 'expect_1' FROM db_test_a.t_aux
WHERE col2 = CONCAT('8-', REPEAT('z', 90));
expect_1
1
SELECT COUNT(*) = 1 AS 'expect_1' FROM db_test_a.t_aux
WHERE col2 = CONCAT('0-', REPEAT('z', 90)) AND col1 = 1;
expect_1
1
SELECT 't_aux_10	CREATE TABLE `t_aux_10` (
  `col1` int(11) DEFAULT NULL
) /*!50100 TABLESPACE `ts1` */ ENGINE=InnoDB DEFAULT CHARSET=utf8mb4' LIKE '%ts1%' AS "expect_1";
expect_1
1
DROP SCHEMA db_test_a;
DROP TABLESPACE ts1;
