SET default_storage_engine=InnoDB;
#
# Test when tablespaces can be found at multiple places
# SYS_DATAFILES will refer to the file at alt_dir.
# Link File will refer to the file at new_dir.
#  Tablename   Default   SYS_DATAFILES    Link_File
#      yyy       Yes          Yes            Yes
#      nyy       No           Yes            Yes
#      yny       Yes          No             Yes
#      yyn       Yes          Yes            No
#      nyw       No           Yes            WrongFile
#      nwy       No           WrongFile      Yes
#      wny       WrongFile    No             Yes
#      ynw       Yes          No             WrongFile
#      wyn       WrongFile    Yes            No
#      ywn       Yes          WrongFile      No
#      nnn       No           No             No
#      www       WrongFile    WrongFile      WrongFile
#
CREATE TABLE yyy (c1 INT KEY, c2 TEXT) ENGINE=InnoDB  DATA DIRECTORY='MYSQL_TMP_DIR/alt_dir';
INSERT INTO yyy VALUES (1, 'yyy');
CREATE TABLE nyy (c1 INT KEY, c2 TEXT) ENGINE=InnoDB  DATA DIRECTORY='MYSQL_TMP_DIR/alt_dir';
INSERT INTO nyy VALUES (1, 'nyy');
CREATE TABLE yny (c1 INT KEY, c2 TEXT) ENGINE=InnoDB  DATA DIRECTORY='MYSQL_TMP_DIR/alt_dir';
INSERT INTO yny VALUES (1, 'yny');
CREATE TABLE yyn (c1 INT KEY, c2 TEXT) ENGINE=InnoDB  DATA DIRECTORY='MYSQL_TMP_DIR/alt_dir';
INSERT INTO yyn VALUES (1, 'yyn');
CREATE TABLE nyw (c1 INT KEY, c2 TEXT) ENGINE=InnoDB  DATA DIRECTORY='MYSQL_TMP_DIR/alt_dir';
INSERT INTO nyw VALUES (1, 'nyw');
CREATE TABLE nwy (c1 INT KEY, c2 TEXT) ENGINE=InnoDB  DATA DIRECTORY='MYSQL_TMP_DIR/alt_dir';
INSERT INTO nwy VALUES (1, 'nwy');
CREATE TABLE wny (c1 INT KEY, c2 TEXT) ENGINE=InnoDB  DATA DIRECTORY='MYSQL_TMP_DIR/alt_dir';
INSERT INTO wny VALUES (1, 'wny');
CREATE TABLE ynw (c1 INT KEY, c2 TEXT) ENGINE=InnoDB  DATA DIRECTORY='MYSQL_TMP_DIR/alt_dir';
INSERT INTO ynw VALUES (1, 'ynw');
CREATE TABLE wyn (c1 INT KEY, c2 TEXT) ENGINE=InnoDB  DATA DIRECTORY='MYSQL_TMP_DIR/alt_dir';
INSERT INTO wyn VALUES (1, 'wyn');
CREATE TABLE ywn (c1 INT KEY, c2 TEXT) ENGINE=InnoDB  DATA DIRECTORY='MYSQL_TMP_DIR/alt_dir';
INSERT INTO ywn VALUES (1, 'ywn');
CREATE TABLE nnn (c1 INT KEY, c2 TEXT) ENGINE=InnoDB  DATA DIRECTORY='MYSQL_TMP_DIR/alt_dir';
INSERT INTO nnn VALUES (1, 'nnn');
CREATE TABLE www (c1 INT KEY, c2 TEXT) ENGINE=InnoDB  DATA DIRECTORY='MYSQL_TMP_DIR/alt_dir';
INSERT INTO www VALUES (1, 'www');
CREATE TABLE nolink (c1 INT KEY, c2 TEXT) ENGINE=InnoDB  DATA DIRECTORY='MYSQL_TMP_DIR/alt_dir';
INSERT INTO nolink VALUES (1, 'no link file');
#
# Shutdown the server, copy and remove files.
#
---- MYSQLD_DATADIR/test
---- MYSQL_TMP_DIR/alt_dir/test
nnn.ibd
nolink.ibd
nwy.ibd
nyw.ibd
nyy.ibd
wny.ibd
www.ibd
wyn.ibd
ynw.ibd
yny.ibd
ywn.ibd
yyn.ibd
yyy.ibd
---- MYSQL_TMP_DIR/new_dir/test
# YYY; Tablespace found in 3 places
# NYY; Tablespace found in alt_dir and new_dir
# YNY; Tablespace found in default and new_dir
# YYN; Tablespace found in default and alt_dir
# NYW; Copy the wrong file to new_dir
# NWY; Move the wrong file to alt_dir, good one to new_dir.
# WNY; Move the wrong file to default, good one to new_dir, delete it form alt_dir
# YNW; Move the file to default, wrong one to new_dir, delete it form alt_dir
# WYN; Copy the wrong file to default
# YWN; Move the file to default, wrong one to alt_dir
# NNN; Delete the tablespace
# WWW; Put the wrong file in all three locations
# Make a backup of this tablespace to use later.
---- MYSQLD_DATADIR/test
wny.ibd
wyn.ibd
ynw.ibd
yny.ibd
ywn.ibd
yyn.ibd
yyy.ibd
---- MYSQL_TMP_DIR/alt_dir/test
nolink.ibd
nolink.ibd.bak
nyw.ibd
nyy.ibd
wyn.ibd
yyn.ibd
yyy.ibd
---- MYSQL_TMP_DIR/new_dir/test
nwy.ibd
nyw.ibd
nyy.ibd
wny.ibd
ynw.ibd
yny.ibd
yyy.ibd
#
# Start the server and show the tablespaces.
#
# restart
=== information_schema.innodb_sys_tablespaces and innodb_sys_datafiles ===
Space_Name	Space_Type	Page_Size	Zip_Size	Formats_Permitted	Path
innodb_file_per_table.##	SINGLE	0	0	Dynamic	MYSQL_TMP_DIR/alt_dir/test/yyy.ibd
innodb_file_per_table.##	SINGLE	0	0	Dynamic	MYSQL_TMP_DIR/alt_dir/test/nyy.ibd
innodb_file_per_table.##	SINGLE	0	0	Dynamic	MYSQL_TMP_DIR/alt_dir/test/yny.ibd
innodb_file_per_table.##	SINGLE	0	0	Dynamic	MYSQL_TMP_DIR/alt_dir/test/yyn.ibd
innodb_file_per_table.##	SINGLE	0	0	Dynamic	MYSQL_TMP_DIR/alt_dir/test/nyw.ibd
innodb_file_per_table.##	SINGLE	0	0	Dynamic	MYSQL_TMP_DIR/alt_dir/test/nwy.ibd
innodb_file_per_table.##	SINGLE	0	0	Dynamic	MYSQL_TMP_DIR/alt_dir/test/wny.ibd
innodb_file_per_table.##	SINGLE	0	0	Dynamic	MYSQL_TMP_DIR/alt_dir/test/ynw.ibd
innodb_file_per_table.##	SINGLE	0	0	Dynamic	MYSQL_TMP_DIR/alt_dir/test/wyn.ibd
innodb_file_per_table.##	SINGLE	0	0	Dynamic	MYSQL_TMP_DIR/alt_dir/test/ywn.ibd
innodb_file_per_table.##	SINGLE	0	0	Dynamic	MYSQL_TMP_DIR/alt_dir/test/nnn.ibd
innodb_file_per_table.##	SINGLE	0	0	Dynamic	MYSQL_TMP_DIR/alt_dir/test/www.ibd
innodb_file_per_table.##	SINGLE	0	0	Dynamic	MYSQL_TMP_DIR/alt_dir/test/nolink.ibd
=== information_schema.files ===
Space_Name	File_Type	Engine	Status	Tablespace_Name	Path
innodb_file_per_table.##	TABLESPACE	InnoDB	NORMAL	innodb_file_per_table.##	MYSQL_TMP_DIR/alt_dir/test/yyy.ibd
innodb_file_per_table.##	TABLESPACE	InnoDB	NORMAL	innodb_file_per_table.##	MYSQL_TMP_DIR/alt_dir/test/nyy.ibd
innodb_file_per_table.##	TABLESPACE	InnoDB	NORMAL	innodb_file_per_table.##	MYSQL_TMP_DIR/alt_dir/test/yyn.ibd
innodb_file_per_table.##	TABLESPACE	InnoDB	NORMAL	innodb_file_per_table.##	MYSQL_TMP_DIR/alt_dir/test/nyw.ibd
innodb_file_per_table.##	TABLESPACE	InnoDB	NORMAL	innodb_file_per_table.##	MYSQL_TMP_DIR/alt_dir/test/wyn.ibd
innodb_file_per_table.##	TABLESPACE	InnoDB	NORMAL	innodb_file_per_table.##	MYSQL_TMP_DIR/alt_dir/test/nolink.ibd
SELECT * FROM yyy;
c1	c2
1	yyy
SELECT * FROM nyy;
c1	c2
1	nyy
SELECT * FROM yny;
ERROR HY000: Tablespace is missing for table `test`.`yny`.
SELECT * FROM yyn;
c1	c2
1	yyn
SELECT * FROM nyw;
c1	c2
1	nyw
SELECT * FROM nwy;
ERROR HY000: Tablespace is missing for table `test`.`nwy`.
SELECT * FROM wny;
ERROR HY000: Tablespace is missing for table `test`.`wny`.
SELECT * FROM ynw;
ERROR HY000: Tablespace is missing for table `test`.`ynw`.
SELECT * FROM wyn;
c1	c2
1	wyn
SELECT * FROM ywn;
ERROR HY000: Tablespace is missing for table `test`.`ywn`.
SELECT * FROM nnn;
ERROR HY000: Tablespace is missing for table `test`.`nnn`.
SELECT * FROM www;
ERROR HY000: Tablespace is missing for table `test`.`www`.
SELECT * FROM nolink;
c1	c2
1	no link file
SHOW CREATE TABLE yyy;
Table	Create Table
yyy	CREATE TABLE `yyy` (
  `c1` int(11) NOT NULL,
  `c2` text,
  PRIMARY KEY (`c1`)
) ENGINE=InnoDB DEFAULT CHARSET=latin1 DATA DIRECTORY='MYSQL_TMP_DIR/alt_dir/'
SHOW CREATE TABLE nyy;
Table	Create Table
nyy	CREATE TABLE `nyy` (
  `c1` int(11) NOT NULL,
  `c2` text,
  PRIMARY KEY (`c1`)
) ENGINE=InnoDB DEFAULT CHARSET=latin1 DATA DIRECTORY='MYSQL_TMP_DIR/alt_dir/'
SHOW CREATE TABLE yny;
ERROR HY000: Tablespace is missing for table `test`.`yny`.
SHOW CREATE TABLE yyn;
Table	Create Table
yyn	CREATE TABLE `yyn` (
  `c1` int(11) NOT NULL,
  `c2` text,
  PRIMARY KEY (`c1`)
) ENGINE=InnoDB DEFAULT CHARSET=latin1 DATA DIRECTORY='MYSQL_TMP_DIR/alt_dir/'
SHOW CREATE TABLE nyw;
Table	Create Table
nyw	CREATE TABLE `nyw` (
  `c1` int(11) NOT NULL,
  `c2` text,
  PRIMARY KEY (`c1`)
) ENGINE=InnoDB DEFAULT CHARSET=latin1 DATA DIRECTORY='MYSQL_TMP_DIR/alt_dir/'
SHOW CREATE TABLE nwy;
ERROR HY000: Tablespace is missing for table `test`.`nwy`.
SHOW CREATE TABLE wny;
ERROR HY000: Tablespace is missing for table `test`.`wny`.
SHOW CREATE TABLE ynw;
ERROR HY000: Tablespace is missing for table `test`.`ynw`.
SHOW CREATE TABLE wyn;
Table	Create Table
wyn	CREATE TABLE `wyn` (
  `c1` int(11) NOT NULL,
  `c2` text,
  PRIMARY KEY (`c1`)
) ENGINE=InnoDB DEFAULT CHARSET=latin1 DATA DIRECTORY='MYSQL_TMP_DIR/alt_dir/'
SHOW CREATE TABLE ywn;
ERROR HY000: Tablespace is missing for table `test`.`ywn`.
SHOW CREATE TABLE nnn;
ERROR HY000: Tablespace is missing for table `test`.`nnn`.
SHOW CREATE TABLE www;
ERROR HY000: Tablespace is missing for table `test`.`www`.
SHOW CREATE TABLE nolink;
Table	Create Table
nolink	CREATE TABLE `nolink` (
  `c1` int(11) NOT NULL,
  `c2` text,
  PRIMARY KEY (`c1`)
) ENGINE=InnoDB DEFAULT CHARSET=latin1 DATA DIRECTORY='MYSQL_TMP_DIR/alt_dir/'
#
# List of files before DROP TABLES
#
---- MYSQLD_DATADIR/test
wny.ibd
wyn.ibd
ynw.ibd
yny.ibd
ywn.ibd
yyn.ibd
yyy.ibd
---- MYSQL_TMP_DIR/alt_dir/test
nolink.ibd
nolink.ibd.bak
nyw.ibd
nyy.ibd
wyn.ibd
yyn.ibd
yyy.ibd
---- MYSQL_TMP_DIR/new_dir/test
nwy.ibd
nyw.ibd
nyy.ibd
wny.ibd
ynw.ibd
yny.ibd
yyy.ibd
#
# Restart the server and DROP the tablespaces.
#
# restart
DROP TABLE yyy;
DROP TABLE nyy;
DROP TABLE yny;
DROP TABLE yyn;
DROP TABLE nyw;
DROP TABLE nwy;
DROP TABLE wny;
DROP TABLE ynw;
DROP TABLE wyn;
DROP TABLE ywn;
DROP TABLE nnn;
DROP TABLE www;
DROP TABLE nolink;
#
# List of files not deleted by the DROP TABLES
#
---- MYSQLD_DATADIR/test
wny.ibd
wyn.ibd
ynw.ibd
yny.ibd
ywn.ibd
yyn.ibd
yyy.ibd
---- MYSQL_TMP_DIR/alt_dir/test
nolink.ibd.bak
---- MYSQL_TMP_DIR/new_dir/test
nwy.ibd
nyw.ibd
nyy.ibd
wny.ibd
ynw.ibd
yny.ibd
yyy.ibd
#
# List of files after removing leftover files
#
---- MYSQLD_DATADIR/test
ynw.ibd
ywn.ibd
---- MYSQL_TMP_DIR/alt_dir/test
nolink.ibd.bak
---- MYSQL_TMP_DIR/new_dir/test
#
# Create some tables again and this time, crash instead of shutdown
#
# Test recovery when tablespaces can be found at multiple places.
# The data dictionary is unavailable during recovery.
# 'nolink.ibd.bak' is the source of the 'wrong' tablespaces.
#
# Tablename   Default_Tablespace  Remote_Tablespace
#    ny              No                  Yes
#    wy              Wrong               Yes
#    yn              Yes                 No
#    yw              Yes                 Wrong
#    yy              Yes                 Yes  (both the same file)
#
CREATE TABLE ny (c1 INT KEY, c2 TEXT) ENGINE=InnoDB  DATA DIRECTORY='MYSQL_TMP_DIR/alt_dir';
INSERT INTO ny VALUES (1, 'ny');
CREATE TABLE wy (c1 INT KEY, c2 TEXT) ENGINE=InnoDB  DATA DIRECTORY='MYSQL_TMP_DIR/alt_dir';
INSERT INTO wy VALUES (1, 'wy');
CREATE TABLE yn (c1 INT KEY, c2 TEXT) ENGINE=InnoDB  DATA DIRECTORY='MYSQL_TMP_DIR/alt_dir';
INSERT INTO yn VALUES (1, 'yn');
CREATE TABLE yw (c1 INT KEY, c2 TEXT) ENGINE=InnoDB  DATA DIRECTORY='MYSQL_TMP_DIR/alt_dir';
INSERT INTO yw VALUES (1, 'yw');
CREATE TABLE yy (c1 INT KEY, c2 TEXT) ENGINE=InnoDB  DATA DIRECTORY='MYSQL_TMP_DIR/alt_dir';
INSERT INTO yy VALUES (1, 'yy');
#
# Crash the server, copy and remove files.
#
SET GLOBAL innodb_master_thread_disabled_debug=1;
BEGIN;
INSERT INTO ny VALUES (2, 'ny');
INSERT INTO wy VALUES (2, 'wy');
INSERT INTO yn VALUES (2, 'yn');
INSERT INTO yw VALUES (2, 'yw');
INSERT INTO yy VALUES (2, 'yy');
SELECT * FROM ny;
c1	c2
1	ny
2	ny
SELECT * FROM wy;
c1	c2
1	wy
2	wy
SELECT * FROM yn;
c1	c2
1	yn
2	yn
SELECT * FROM yw;
c1	c2
1	yw
2	yw
SELECT * FROM yy;
c1	c2
1	yy
2	yy
# Kill the server
#
# Now that the engine is not running, move files around to test various scenarios.
#
# NY; Tablespace found in alt_dir but not the default directory.
# WY; The wrong tablespace is found in the default directory
#     and the correct one in alt_dir.
# YW; Tablespace is found in the default directory but the wrong file in alt_dir.
# YN; Tablespace found the default directory but not in alt_dir.
# YY; Found in both default directory and alt-dir.
---- MYSQLD_DATADIR/test
wy.ibd
yn.ibd
ynw.ibd
yw.ibd
ywn.ibd
yy.ibd
---- MYSQL_TMP_DIR/alt_dir/test
nolink.ibd.bak
ny.ibd
wy.ibd
yw.ibd
yy.ibd
# restoring yn.ibd, yw.ibd
# restart
SELECT * FROM ny;
c1	c2
1	ny
SELECT * FROM wy;
c1	c2
1	wy
SELECT * FROM yn;
c1	c2
1	yn
SELECT * FROM yw;
c1	c2
1	yw
SELECT * FROM yy;
c1	c2
1	yy
SHOW CREATE TABLE ny;
Table	Create Table
ny	CREATE TABLE `ny` (
  `c1` int(11) NOT NULL,
  `c2` text,
  PRIMARY KEY (`c1`)
) ENGINE=InnoDB DEFAULT CHARSET=latin1 DATA DIRECTORY='MYSQL_TMP_DIR/alt_dir/'
SHOW CREATE TABLE wy;
Table	Create Table
wy	CREATE TABLE `wy` (
  `c1` int(11) NOT NULL,
  `c2` text,
  PRIMARY KEY (`c1`)
) ENGINE=InnoDB DEFAULT CHARSET=latin1 DATA DIRECTORY='MYSQL_TMP_DIR/alt_dir/'
SHOW CREATE TABLE yn;
Table	Create Table
yn	CREATE TABLE `yn` (
  `c1` int(11) NOT NULL,
  `c2` text,
  PRIMARY KEY (`c1`)
) ENGINE=InnoDB DEFAULT CHARSET=latin1 DATA DIRECTORY='MYSQL_TMP_DIR/alt_dir/'
SHOW CREATE TABLE yw;
Table	Create Table
yw	CREATE TABLE `yw` (
  `c1` int(11) NOT NULL,
  `c2` text,
  PRIMARY KEY (`c1`)
) ENGINE=InnoDB DEFAULT CHARSET=latin1 DATA DIRECTORY='MYSQL_TMP_DIR/alt_dir/'
SHOW CREATE TABLE yy;
Table	Create Table
yy	CREATE TABLE `yy` (
  `c1` int(11) NOT NULL,
  `c2` text,
  PRIMARY KEY (`c1`)
) ENGINE=InnoDB DEFAULT CHARSET=latin1 DATA DIRECTORY='MYSQL_TMP_DIR/alt_dir/'
=== information_schema.innodb_sys_tablespaces and innodb_sys_datafiles ===
Space_Name	Space_Type	Page_Size	Zip_Size	Formats_Permitted	Path
innodb_file_per_table.##	SINGLE	0	0	Dynamic	MYSQL_TMP_DIR/alt_dir/test/ny.ibd
innodb_file_per_table.##	SINGLE	0	0	Dynamic	MYSQL_TMP_DIR/alt_dir/test/wy.ibd
innodb_file_per_table.##	SINGLE	0	0	Dynamic	MYSQL_TMP_DIR/alt_dir/test/yn.ibd
innodb_file_per_table.##	SINGLE	0	0	Dynamic	MYSQL_TMP_DIR/alt_dir/test/yw.ibd
innodb_file_per_table.##	SINGLE	0	0	Dynamic	MYSQL_TMP_DIR/alt_dir/test/yy.ibd
=== information_schema.files ===
Space_Name	File_Type	Engine	Status	Tablespace_Name	Path
innodb_file_per_table.##	TABLESPACE	InnoDB	NORMAL	innodb_file_per_table.##	MYSQL_TMP_DIR/alt_dir/test/ny.ibd
innodb_file_per_table.##	TABLESPACE	InnoDB	NORMAL	innodb_file_per_table.##	MYSQL_TMP_DIR/alt_dir/test/wy.ibd
innodb_file_per_table.##	TABLESPACE	InnoDB	NORMAL	innodb_file_per_table.##	MYSQL_TMP_DIR/alt_dir/test/yn.ibd
innodb_file_per_table.##	TABLESPACE	InnoDB	NORMAL	innodb_file_per_table.##	MYSQL_TMP_DIR/alt_dir/test/yw.ibd
innodb_file_per_table.##	TABLESPACE	InnoDB	NORMAL	innodb_file_per_table.##	MYSQL_TMP_DIR/alt_dir/test/yy.ibd
#
# List of files before removing unused files
#
DROP TABLE ny;
DROP TABLE wy;
DROP TABLE yn;
DROP TABLE yw;
DROP TABLE yy;
#
# List of files after DROP TABLES
#
---- MYSQLD_DATADIR/test
wy.ibd
ynw.ibd
ywn.ibd
yy.ibd
---- MYSQL_TMP_DIR/alt_dir/test
nolink.ibd.bak
