CREATE TABLE bug59733(a INT AUTO_INCREMENT PRIMARY KEY,b CHAR(1)) ENGINE=InnoDB
STATS_PERSISTENT=0;
INSERT INTO bug59733 VALUES(0,'x');
INSERT INTO bug59733 SELECT 0,b FROM bug59733;
INSERT INTO bug59733 SELECT 0,b FROM bug59733;
INSERT INTO bug59733 SELECT 0,b FROM bug59733;
INSERT INTO bug59733 SELECT 0,b FROM bug59733;
INSERT INTO bug59733 SELECT 0,b FROM bug59733;
INSERT INTO bug59733 SELECT 0,b FROM bug59733;
INSERT INTO bug59733 SELECT 0,b FROM bug59733;
INSERT INTO bug59733 SELECT 0,b FROM bug59733;
INSERT INTO bug59733 SELECT 0,b FROM bug59733;
INSERT INTO bug59733 SELECT 0,b FROM bug59733;
INSERT INTO bug59733 SELECT 0,b FROM bug59733;
CREATE INDEX b ON bug59733 (b);
DELETE FROM bug59733 WHERE (a%100)=0;
DROP INDEX b ON bug59733;
CREATE INDEX b ON bug59733 (b);
DROP TABLE bug59733;
