SET GLOBAL innodb_file_per_table=ON;
SET GLOBAL innodb_master_thread_disabled_debug=1;
CREATE TABLE t1(a INT PRIMARY KEY) ENGINE=InnoDB;
CREATE TABLE t3(a INT PRIMARY KEY) ENGINE=InnoDB;
BEGIN;
INSERT INTO t3 VALUES (33101),(347);
INSERT INTO t1 VALUES (42),(9),(101);
RENAME TABLE t1 TO t2;
UPDATE t2 SET a=347 where a=42;
COMMIT;
# Kill the server
# Fault 0 (no real fault): Orphan file with duplicate space_id.
# Fault 1: Two dirty files with the same space_id.
# Fault 2: Wrong space_id in a dirty file, and a missing file.
# Fault 3: Wrong space_id in a dirty file, and no missing file.
# Fault 4: Missing data file
# Fault 5: Wrong type of data file
# restart
SELECT * FROM t2;
a
9
101
347
SELECT * FROM t3;
a
347
33101
SHOW TABLES;
Tables_in_test
t2
t3
DROP TABLE t2,t3;
CREATE TABLE t0(a INT PRIMARY KEY) ENGINE=InnoDB;
ERROR HY000: Tablespace '`test`.`t0`' exists.
CREATE TABLE t0(a INT PRIMARY KEY) ENGINE=InnoDB;
DROP TABLE t0;
SET GLOBAL innodb_master_thread_disabled_debug=1;
CREATE TABLE u1(a INT PRIMARY KEY) ENGINE=InnoDB;
CREATE TABLE u2(a INT PRIMARY KEY) ENGINE=InnoDB;
CREATE TABLE u3(a INT PRIMARY KEY) ENGINE=InnoDB;
CREATE TABLE u4(a INT PRIMARY KEY) ENGINE=InnoDB;
INSERT INTO u4 VALUES(1);
RENAME TABLE u4 TO u5;
RENAME TABLE u5 TO u6;
INSERT INTO u6 VALUES(2);
# Kill the server
# Fault 6: All-zero data file and innodb_force_recovery
# Fault 7: Missing or wrong data file and innodb_force_recovery
# restart
DROP TABLE u1,u2,u3,u6;
# List of files:
SHOW TABLES;
Tables_in_test
SELECT * FROM INFORMATION_SCHEMA.INNODB_SYS_TABLES
WHERE NAME NOT LIKE 'SYS_%' AND NAME NOT LIKE 'mysql/%';
TABLE_ID	NAME	FLAG	N_COLS	SPACE	ROW_FORMAT	ZIP_PAGE_SIZE	SPACE_TYPE
