use test;
SELECT * FROM t_10;
a	b
1	One
3	Three
5	Five
9	Nine
SELECT * FROM t_100;
a	b
11	Eleven
13	Thirdteen
15	Fifeteen
19	Nineteen
91	Ninety-one
93	Ninety-three
95	Ninety-five
99	Ninety-nine
SELECT * FROM t_1000;
a	b
111	Hundred elven
113	Hundred thirdteen
115	Hundred fiveteen
119	Hundred nineteen
131	Hundred thirty-one
133	Hundred thirty-three
135	Hundred thirty-five
139	Hundred thirty-nine
151	Hundred fifty-one
153	Hundred fifty-three
155	Hundred fity-five
159	Hundred fifty-nine
191	Hundred ninety-one
193	Hundred ninety-three
195	Hundred ninety-five
199	Hundred ninety-nine
SELECT * FROM tp;
a	b
112	Hundred twelve
114	Hundred fourteen
116	Hundred sixteen
118	Hundred eightteen
12	twelve
122	Hundred twenty-two
124	Hundred twenty-four
126	Hundred twenty-six
128	Hundred twenty-eight
14	Fourteen
16	Sixteen
162	Hundred sixty-two
164	Hundred sixty-four
166	Hundred sixty-six
168	Hundred sixty-eight
18	Eightteen
182	Hundred eighty-two
184	Hundred eighty-four
186	Hundred eighty-six
188	Hundred eighty-eight
2	Two
4	Four
6	Six
8	Eight
SELECT * FROM tsp;
a	b
112	Hundred twelve
114	Hundred fourteen
116	Hundred sixteen
118	Hundred eightteen
12	twelve
122	Hundred twenty-two
124	Hundred twenty-four
126	Hundred twenty-six
128	Hundred twenty-eight
14	Fourteen
16	Sixteen
162	Hundred sixty-two
164	Hundred sixty-four
166	Hundred sixty-six
168	Hundred sixty-eight
18	Eightteen
182	Hundred eight-two
184	Hundred eighty-four
186	Hundred eighty-six
188	Hundred eighty-eight
2	Two
4	Four
6	Six
8	Eight
SELECT * FROM tsp_00;
a	b
5	Five
SELECT * FROM tsp_01;
a	b
1	One
SELECT * FROM tsp_02;
a	b
SELECT * FROM tsp_03;
a	b
3	Three
SELECT * FROM tsp_04;
a	b
9	Nine
CREATE TABLE t_11(a INT,b VARCHAR(55)) SELECT * FROM t_10;
ALTER TABLE tp EXCHANGE PARTITION p0 WITH TABLE t_11;
ERROR HY000: Tables have different definitions
DROP TABLE IF EXISTS t_11;
CREATE TABLE t_11(a INT,b CHAR(55),PRIMARY KEY(a)) ENGINE= InnoDB SELECT * FROM t_10;
ALTER TABLE tp EXCHANGE PARTITION p0 WITH TABLE t_11;
ERROR HY000: Tables have different definitions
DROP TABLE IF EXISTS t_11;
CREATE TABLE t_11(a INT,b VARCHAR(55),PRIMARY KEY(a)) ENGINE= MEMORY SELECT * FROM t_10;
ALTER TABLE tp EXCHANGE PARTITION p0 WITH TABLE t_11;
ERROR HY000: The mix of handlers in the partitions is not allowed in this version of MySQL
DROP TABLE IF EXISTS t_11;
CREATE TABLE t_11(a INT,b CHAR(55),PRIMARY KEY(a)) ENGINE= InnoDB 
PARTITION BY KEY() AS SELECT * FROM t_10;
ALTER TABLE tp EXCHANGE PARTITION p0 WITH TABLE t_11;
ERROR HY000: Table to exchange with partition is partitioned: 't_11'
DROP TABLE IF EXISTS t_11;
ALTER TABLE tp EXCHANGE PARTITION p0 WITH TABLE tsp;
ERROR HY000: Table to exchange with partition is partitioned: 'tsp'
ALTER TABLE tsp EXCHANGE PARTITION p0 WITH TABLE t_10;
ERROR HY000: Subpartitioned table, use subpartition instead of partition
ALTER TABLE tp EXCHANGE PARTITION p0 WITH TABLE t_100;
ERROR HY000: Found a row that does not match the partition
ALTER TABLE tp EXCHANGE PARTITION p2 WITH TABLE t_10;
ERROR HY000: Found a row that does not match the partition
DROP TABLE IF EXISTS t_10;
DROP TABLE IF EXISTS t_100;
DROP TABLE IF EXISTS t_1000;
DROP TABLE IF EXISTS tp;
DROP TABLE IF EXISTS tsp;
DROP TABLE IF EXISTS tsp_00;
DROP TABLE IF EXISTS tsp_01;
DROP TABLE IF EXISTS tsp_02;
DROP TABLE IF EXISTS tsp_03;
DROP TABLE IF EXISTS tsp_04;
DROP TABLE IF EXISTS t_empty;
DROP TABLE IF EXISTS t_null;
