DROP TABLE IF EXISTS t1;
# test without partitioning for reference
CREATE TABLE t1 (
c1 INT NOT NULL AUTO_INCREMENT,
PRIMARY KEY (c1))
ENGINE='Archive';
SHOW CREATE TABLE t1;
Table	Create Table
t1	CREATE TABLE `t1` (
  `c1` int(11) NOT NULL AUTO_INCREMENT,
  PRIMARY KEY (`c1`)
) ENGINE=ARCHIVE DEFAULT CHARSET=latin1
SELECT AUTO_INCREMENT FROM INFORMATION_SCHEMA.TABLES WHERE TABLE_SCHEMA='test'
AND TABLE_NAME='t1';
AUTO_INCREMENT
1
INSERT INTO t1 VALUES (2);
INSERT INTO t1 VALUES (4);
INSERT INTO t1 VALUES (NULL);
SELECT AUTO_INCREMENT FROM INFORMATION_SCHEMA.TABLES WHERE TABLE_SCHEMA='test'
AND TABLE_NAME='t1';
AUTO_INCREMENT
6
SELECT AUTO_INCREMENT FROM INFORMATION_SCHEMA.TABLES WHERE TABLE_SCHEMA='test'
AND TABLE_NAME='t1';
AUTO_INCREMENT
6
INSERT INTO t1 VALUES (0);
INSERT INTO t1 VALUES (5), (16);
INSERT INTO t1 VALUES (17);
INSERT INTO t1 VALUES (19), (NULL);
INSERT INTO t1 VALUES (NULL), (10), (NULL);
# ERROR (only OK if Archive) mysql_errno: 1022
INSERT INTO t1 VALUES (NULL);
SET INSERT_ID = 30;
INSERT INTO t1 VALUES (NULL);
SET INSERT_ID = 29;
INSERT INTO t1 VALUES (NULL), (NULL), (NULL);
INSERT INTO t1 VALUES (NULL);
SELECT * FROM t1 ORDER BY c1;
c1
2
4
5
6
17
19
20
21
22
30
31
DROP TABLE t1;
CREATE TABLE t1 (
c1 INT NOT NULL AUTO_INCREMENT,
PRIMARY KEY (c1))
ENGINE='Archive';
SHOW CREATE TABLE t1;
Table	Create Table
t1	CREATE TABLE `t1` (
  `c1` int(11) NOT NULL AUTO_INCREMENT,
  PRIMARY KEY (`c1`)
) ENGINE=ARCHIVE DEFAULT CHARSET=latin1
FLUSH TABLE;
SHOW CREATE TABLE t1;
Table	Create Table
t1	CREATE TABLE `t1` (
  `c1` int(11) NOT NULL AUTO_INCREMENT,
  PRIMARY KEY (`c1`)
) ENGINE=ARCHIVE DEFAULT CHARSET=latin1
INSERT INTO t1 VALUES (4);
FLUSH TABLE;
SHOW CREATE TABLE t1;
Table	Create Table
t1	CREATE TABLE `t1` (
  `c1` int(11) NOT NULL AUTO_INCREMENT,
  PRIMARY KEY (`c1`)
) ENGINE=ARCHIVE AUTO_INCREMENT=5 DEFAULT CHARSET=latin1
INSERT INTO t1 VALUES (NULL);
FLUSH TABLE;
SHOW CREATE TABLE t1;
Table	Create Table
t1	CREATE TABLE `t1` (
  `c1` int(11) NOT NULL AUTO_INCREMENT,
  PRIMARY KEY (`c1`)
) ENGINE=ARCHIVE AUTO_INCREMENT=6 DEFAULT CHARSET=latin1
INSERT INTO t1 VALUES (NULL);
INSERT INTO t1 VALUES (-1);
# ERROR (only OK if Archive) mysql_errno: 1022
INSERT INTO t1 VALUES (NULL);
INSERT INTO t1 VALUES (NULL);
SHOW CREATE TABLE t1;
Table	Create Table
t1	CREATE TABLE `t1` (
  `c1` int(11) NOT NULL AUTO_INCREMENT,
  PRIMARY KEY (`c1`)
) ENGINE=ARCHIVE AUTO_INCREMENT=9 DEFAULT CHARSET=latin1
SELECT * FROM t1 ORDER BY c1;
c1
4
5
6
7
8
INSERT INTO t1 VALUES (NULL);
SHOW CREATE TABLE t1;
Table	Create Table
t1	CREATE TABLE `t1` (
  `c1` int(11) NOT NULL AUTO_INCREMENT,
  PRIMARY KEY (`c1`)
) ENGINE=ARCHIVE AUTO_INCREMENT=10 DEFAULT CHARSET=latin1
SELECT * FROM t1 ORDER BY c1;
c1
4
5
6
7
8
9
INSERT INTO t1 VALUES (100);
INSERT INTO t1 VALUES (NULL);
OPTIMIZE TABLE t1;
Table	Op	Msg_type	Msg_text
test.t1	optimize	status	OK
SHOW CREATE TABLE t1;
Table	Create Table
t1	CREATE TABLE `t1` (
  `c1` int(11) NOT NULL AUTO_INCREMENT,
  PRIMARY KEY (`c1`)
) ENGINE=ARCHIVE DEFAULT CHARSET=latin1
DROP TABLE t1;
# Simple test with NULL
CREATE TABLE t1 (
c1 INT NOT NULL AUTO_INCREMENT,
PRIMARY KEY (c1))
ENGINE='Archive'
PARTITION BY HASH(c1)
PARTITIONS 2;
Warnings:
Warning	1287	The partition engine, used by table 'test.t1', is deprecated and will be removed in a future release. Please use native partitioning instead.
INSERT INTO t1 VALUES (NULL);
Warnings:
Warning	1287	The partition engine, used by table 'test.t1', is deprecated and will be removed in a future release. Please use native partitioning instead.
SHOW CREATE TABLE t1;
Table	Create Table
t1	CREATE TABLE `t1` (
  `c1` int(11) NOT NULL AUTO_INCREMENT,
  PRIMARY KEY (`c1`)
) ENGINE=ARCHIVE AUTO_INCREMENT=2 DEFAULT CHARSET=latin1
/*!50100 PARTITION BY HASH (c1)
PARTITIONS 2 */
Warnings:
Warning	1287	The partition engine, used by table 'test.t1', is deprecated and will be removed in a future release. Please use native partitioning instead.
SELECT * FROM t1;
c1
1
DROP TABLE t1;
# Test with sql_mode and first insert as 0
CREATE TABLE t1 (
c1 INT,
c2 INT NOT NULL AUTO_INCREMENT,
PRIMARY KEY (c2))
ENGINE='Archive'
PARTITION BY HASH(c2)
PARTITIONS 2;
Warnings:
Warning	1287	The partition engine, used by table 'test.t1', is deprecated and will be removed in a future release. Please use native partitioning instead.
INSERT INTO t1 VALUES (1, NULL);
Warnings:
Warning	1287	The partition engine, used by table 'test.t1', is deprecated and will be removed in a future release. Please use native partitioning instead.
INSERT INTO t1 VALUES (1, 1), (99, 99);
INSERT INTO t1 VALUES (1, NULL);
SET @@session.sql_mode = 'NO_AUTO_VALUE_ON_ZERO';
Warnings:
Warning	3090	Changing sql mode 'NO_AUTO_CREATE_USER' is deprecated. It will be removed in a future release.
INSERT INTO t1 VALUES (1, 0);
# ERROR (only OK if Archive) mysql_errno: 1022
SELECT * FROM t1 ORDER BY c1, c2;
c1	c2
1	1
1	2
DROP TABLE t1;
CREATE TABLE t1 (
c1 INT,
c2 INT NOT NULL AUTO_INCREMENT,
PRIMARY KEY (c2))
ENGINE='Archive'
PARTITION BY HASH(c2)
PARTITIONS 2;
Warnings:
Warning	1287	The partition engine, used by table 'test.t1', is deprecated and will be removed in a future release. Please use native partitioning instead.
INSERT INTO t1 VALUES (1, 0);
# ERROR (only OK if Archive) mysql_errno: 1022
INSERT INTO t1 VALUES (1, 1), (1, NULL);
INSERT INTO t1 VALUES (2, NULL), (4, 7);
INSERT INTO t1 VALUES (1, NULL);
SELECT * FROM t1 ORDER BY c1, c2;
c1	c2
1	1
1	2
1	8
2	3
4	7
SET @@session.sql_mode = 'ONLY_FULL_GROUP_BY,STRICT_TRANS_TABLES,NO_ZERO_IN_DATE,NO_ZERO_DATE,ERROR_FOR_DIVISION_BY_ZERO,NO_AUTO_CREATE_USER,NO_ENGINE_SUBSTITUTION';
Warnings:
Warning	3090	Changing sql mode 'NO_AUTO_CREATE_USER' is deprecated. It will be removed in a future release.
DROP TABLE t1;
# Simple test with NULL, 0 and explicit values both incr. and desc.
CREATE TABLE t1 (
c1 INT NOT NULL AUTO_INCREMENT,
PRIMARY KEY (c1))
ENGINE='Archive'
PARTITION BY HASH(c1)
PARTITIONS 2;
Warnings:
Warning	1287	The partition engine, used by table 'test.t1', is deprecated and will be removed in a future release. Please use native partitioning instead.
INSERT INTO t1 VALUES (2), (4), (NULL);
Warnings:
Warning	1287	The partition engine, used by table 'test.t1', is deprecated and will be removed in a future release. Please use native partitioning instead.
INSERT INTO t1 VALUES (0);
INSERT INTO t1 VALUES (5), (16);
INSERT INTO t1 VALUES (17), (19), (NULL);
INSERT INTO t1 VALUES (NULL), (10), (NULL);
# ERROR (only OK if Archive) mysql_errno: 1022
INSERT INTO t1 VALUES (NULL), (9);
# ERROR (only OK if Archive) mysql_errno: 1022
INSERT INTO t1 VALUES (59), (55);
# ERROR (only OK if Archive) mysql_errno: 1022
INSERT INTO t1 VALUES (NULL), (90);
INSERT INTO t1 VALUES (NULL);
SELECT * FROM t1 ORDER BY c1;
c1
2
4
5
6
17
19
20
21
22
59
60
90
91
DROP TABLE t1;
# Test with auto_increment_increment and auto_increment_offset.
CREATE TABLE t1 (
c1 INT NOT NULL AUTO_INCREMENT,
PRIMARY KEY (c1))
ENGINE='Archive'
PARTITION BY HASH(c1)
PARTITIONS 2;
Warnings:
Warning	1287	The partition engine, used by table 'test.t1', is deprecated and will be removed in a future release. Please use native partitioning instead.
SET @@session.auto_increment_increment = 10;
SET @@session.auto_increment_offset = 5;
INSERT INTO t1 VALUES (1);
Warnings:
Warning	1287	The partition engine, used by table 'test.t1', is deprecated and will be removed in a future release. Please use native partitioning instead.
INSERT INTO t1 VALUES (NULL), (NULL), (NULL);
SET @@session.auto_increment_increment = 5;
SET @@session.auto_increment_offset = 3;
INSERT INTO t1 VALUES (NULL);
INSERT INTO t1 VALUES (33 + 1);
INSERT INTO t1 VALUES (NULL);
INSERT INTO t1 VALUES (38 + 2);
INSERT INTO t1 VALUES (NULL);
INSERT INTO t1 VALUES (43 + 3);
INSERT INTO t1 VALUES (NULL);
INSERT INTO t1 VALUES (48 + 4);
INSERT INTO t1 VALUES (NULL);
INSERT INTO t1 VALUES (53 + 5);
INSERT INTO t1 VALUES (NULL);
INSERT INTO t1 VALUES (63 + 6);
INSERT INTO t1 VALUES (NULL);
SET @@session.auto_increment_increment = 1;
SET @@session.auto_increment_offset = 1;
SELECT * FROM t1 ORDER BY c1;
c1
1
5
15
25
33
34
38
40
43
46
48
52
53
58
63
69
73
DROP TABLE t1;
# Test reported auto_increment value
CREATE TABLE t1 (
c1 INT NOT NULL AUTO_INCREMENT,
PRIMARY KEY (c1))
ENGINE='Archive'
PARTITION BY HASH (c1)
PARTITIONS 2;
Warnings:
Warning	1287	The partition engine, used by table 'test.t1', is deprecated and will be removed in a future release. Please use native partitioning instead.
SELECT AUTO_INCREMENT FROM INFORMATION_SCHEMA.TABLES WHERE TABLE_SCHEMA='test'
AND TABLE_NAME='t1';
AUTO_INCREMENT
1
Warnings:
Warning	1287	The partition engine, used by table 'test.t1', is deprecated and will be removed in a future release. Please use native partitioning instead.
INSERT INTO t1 VALUES (2);
SELECT AUTO_INCREMENT FROM INFORMATION_SCHEMA.TABLES WHERE TABLE_SCHEMA='test'
AND TABLE_NAME='t1';
AUTO_INCREMENT
3
Warnings:
Warning	1287	The partition engine, used by table 'test.t1', is deprecated and will be removed in a future release. Please use native partitioning instead.
INSERT INTO t1 VALUES (4);
INSERT INTO t1 VALUES (NULL);
SELECT AUTO_INCREMENT FROM INFORMATION_SCHEMA.TABLES WHERE TABLE_SCHEMA='test'
AND TABLE_NAME='t1';
AUTO_INCREMENT
6
Warnings:
Warning	1287	The partition engine, used by table 'test.t1', is deprecated and will be removed in a future release. Please use native partitioning instead.
INSERT INTO t1 VALUES (NULL);
INSERT INTO t1 VALUES (17);
INSERT INTO t1 VALUES (19);
INSERT INTO t1 VALUES (NULL);
INSERT INTO t1 VALUES (NULL);
SELECT AUTO_INCREMENT FROM INFORMATION_SCHEMA.TABLES WHERE TABLE_SCHEMA='test'
AND TABLE_NAME='t1';
AUTO_INCREMENT
22
Warnings:
Warning	1287	The partition engine, used by table 'test.t1', is deprecated and will be removed in a future release. Please use native partitioning instead.
SELECT AUTO_INCREMENT FROM INFORMATION_SCHEMA.TABLES WHERE TABLE_SCHEMA='test'
AND TABLE_NAME='t1';
AUTO_INCREMENT
22
Warnings:
Warning	1287	The partition engine, used by table 'test.t1', is deprecated and will be removed in a future release. Please use native partitioning instead.
INSERT INTO t1 VALUES (10);
# ERROR (only OK if Archive) mysql_errno: 1022
SELECT * FROM t1 ORDER BY c1;
c1
2
4
5
6
17
19
20
21
INSERT INTO t1 VALUES (NULL);
SELECT AUTO_INCREMENT FROM INFORMATION_SCHEMA.TABLES WHERE TABLE_SCHEMA='test'
AND TABLE_NAME='t1';
AUTO_INCREMENT
23
Warnings:
Warning	1287	The partition engine, used by table 'test.t1', is deprecated and will be removed in a future release. Please use native partitioning instead.
INSERT INTO t1 VALUES (NULL);
INSERT INTO t1 VALUES (15);
# ERROR (only OK if Archive) mysql_errno: 1022
INSERT INTO t1 VALUES (NULL);
SELECT * FROM t1 ORDER BY c1;
c1
2
4
5
6
17
19
20
21
22
23
24
INSERT INTO t1 VALUES (NULL);
INSERT INTO t1 VALUES (NULL);
SHOW CREATE TABLE t1;
Table	Create Table
t1	CREATE TABLE `t1` (
  `c1` int(11) NOT NULL AUTO_INCREMENT,
  PRIMARY KEY (`c1`)
) ENGINE=ARCHIVE AUTO_INCREMENT=27 DEFAULT CHARSET=latin1
/*!50100 PARTITION BY HASH (c1)
PARTITIONS 2 */
Warnings:
Warning	1287	The partition engine, used by table 'test.t1', is deprecated and will be removed in a future release. Please use native partitioning instead.
SELECT * FROM t1 ORDER BY c1;
c1
2
4
5
6
17
19
20
21
22
23
24
25
26
INSERT INTO t1 VALUES (NULL);
SHOW CREATE TABLE t1;
Table	Create Table
t1	CREATE TABLE `t1` (
  `c1` int(11) NOT NULL AUTO_INCREMENT,
  PRIMARY KEY (`c1`)
) ENGINE=ARCHIVE AUTO_INCREMENT=28 DEFAULT CHARSET=latin1
/*!50100 PARTITION BY HASH (c1)
PARTITIONS 2 */
Warnings:
Warning	1287	The partition engine, used by table 'test.t1', is deprecated and will be removed in a future release. Please use native partitioning instead.
SELECT * FROM t1 ORDER BY c1;
c1
2
4
5
6
17
19
20
21
22
23
24
25
26
27
INSERT INTO t1 VALUES (100);
INSERT INTO t1 VALUES (NULL);
OPTIMIZE TABLE t1;
Table	Op	Msg_type	Msg_text
test.t1	optimize	status	OK
test.t1	optimize	warning	The partition engine, used by table 'test.t1', is deprecated and will be removed in a future release. Please use native partitioning instead.
SHOW CREATE TABLE t1;
Table	Create Table
t1	CREATE TABLE `t1` (
  `c1` int(11) NOT NULL AUTO_INCREMENT,
  PRIMARY KEY (`c1`)
) ENGINE=ARCHIVE DEFAULT CHARSET=latin1
/*!50100 PARTITION BY HASH (c1)
PARTITIONS 2 */
Warnings:
Warning	1287	The partition engine, used by table 'test.t1', is deprecated and will be removed in a future release. Please use native partitioning instead.
DROP TABLE t1;
# Test with two threads
# con default
CREATE TABLE t1 (c1 INT NOT NULL AUTO_INCREMENT, PRIMARY KEY (c1))
ENGINE = 'Archive'
PARTITION BY HASH(c1)
PARTITIONS 2;
Warnings:
Warning	1287	The partition engine, used by table 'test.t1', is deprecated and will be removed in a future release. Please use native partitioning instead.
INSERT INTO t1 (c1) VALUES (2);
Warnings:
Warning	1287	The partition engine, used by table 'test.t1', is deprecated and will be removed in a future release. Please use native partitioning instead.
INSERT INTO t1 (c1) VALUES (4);
# con1
INSERT INTO t1 (c1) VALUES (NULL);
INSERT INTO t1 (c1) VALUES (10);
# con default
INSERT INTO t1 (c1) VALUES (NULL);
INSERT INTO t1 (c1) VALUES (NULL);
INSERT INTO t1 (c1) VALUES (19);
INSERT INTO t1 (c1) VALUES (21);
# con1
INSERT INTO t1 (c1) VALUES (NULL);
# con default
INSERT INTO t1 (c1) VALUES (16);
# ERROR (only OK if Archive) mysql_errno: 1022
# con1
INSERT INTO t1 (c1) VALUES (NULL);
# con default
INSERT INTO t1 (c1) VALUES (NULL);
SELECT * FROM t1 ORDER BY c1;
c1
2
4
5
10
11
12
19
21
22
23
24
DROP TABLE t1;
# Test with two threads + start transaction NO PARTITIONING
# con default
CREATE TABLE t1 (c1 INT NOT NULL AUTO_INCREMENT, PRIMARY KEY (c1))
ENGINE = 'Archive';
START TRANSACTION;
INSERT INTO t1 (c1) VALUES (2);
INSERT INTO t1 (c1) VALUES (4);
# con1
START TRANSACTION;
INSERT INTO t1 (c1) VALUES (NULL);
INSERT INTO t1 (c1) VALUES (10);
# con default
INSERT INTO t1 (c1) VALUES (NULL);
INSERT INTO t1 (c1) VALUES (NULL);
INSERT INTO t1 (c1) VALUES (19);
INSERT INTO t1 (c1) VALUES (21);
# con1
INSERT INTO t1 (c1) VALUES (NULL);
# con default
INSERT INTO t1 (c1) VALUES (16);
# ERROR (only OK if Archive) mysql_errno: 1022
# con1
INSERT INTO t1 (c1) VALUES (NULL);
SELECT * FROM t1 ORDER BY c1;
c1
2
4
5
10
11
12
19
21
22
23
COMMIT;
SELECT * FROM t1 ORDER BY c1;
c1
2
4
5
10
11
12
19
21
22
23
# con default
INSERT INTO t1 (c1) VALUES (NULL);
SELECT * FROM t1 ORDER BY c1;
c1
2
4
5
10
11
12
19
21
22
23
24
COMMIT;
SELECT * FROM t1 ORDER BY c1;
c1
2
4
5
10
11
12
19
21
22
23
24
DROP TABLE t1;
# Test with two threads + start transaction
# con default
CREATE TABLE t1 (c1 INT NOT NULL AUTO_INCREMENT, PRIMARY KEY (c1))
ENGINE = 'Archive'
PARTITION BY HASH(c1)
PARTITIONS 2;
Warnings:
Warning	1287	The partition engine, used by table 'test.t1', is deprecated and will be removed in a future release. Please use native partitioning instead.
START TRANSACTION;
INSERT INTO t1 (c1) VALUES (2);
Warnings:
Warning	1287	The partition engine, used by table 'test.t1', is deprecated and will be removed in a future release. Please use native partitioning instead.
INSERT INTO t1 (c1) VALUES (4);
# con1
START TRANSACTION;
INSERT INTO t1 (c1) VALUES (NULL), (10);
# con default
INSERT INTO t1 (c1) VALUES (NULL), (NULL), (19);
INSERT INTO t1 (c1) VALUES (21);
# con1
INSERT INTO t1 (c1) VALUES (NULL);
# con default
INSERT INTO t1 (c1) VALUES (16);
# ERROR (only OK if Archive) mysql_errno: 1022
# con1
INSERT INTO t1 (c1) VALUES (NULL);
SELECT * FROM t1 ORDER BY c1;
c1
2
4
5
10
11
12
19
21
22
23
COMMIT;
SELECT * FROM t1 ORDER BY c1;
c1
2
4
5
10
11
12
19
21
22
23
# con default
INSERT INTO t1 (c1) VALUES (NULL);
SELECT * FROM t1 ORDER BY c1;
c1
2
4
5
10
11
12
19
21
22
23
24
COMMIT;
SELECT * FROM t1 ORDER BY c1;
c1
2
4
5
10
11
12
19
21
22
23
24
DROP TABLE t1;
# Test with another column before
CREATE TABLE t1 (
c1 INT,
c2 INT NOT NULL AUTO_INCREMENT,
PRIMARY KEY (c2))
ENGINE = 'Archive'
PARTITION BY HASH(c2)
PARTITIONS 2;
Warnings:
Warning	1287	The partition engine, used by table 'test.t1', is deprecated and will be removed in a future release. Please use native partitioning instead.
INSERT INTO t1 VALUES (1, 0);
Warnings:
Warning	1287	The partition engine, used by table 'test.t1', is deprecated and will be removed in a future release. Please use native partitioning instead.
INSERT INTO t1 VALUES (1, 1);
INSERT INTO t1 VALUES (1, NULL);
INSERT INTO t1 VALUES (2, NULL), (3, 11), (3, NULL), (2, 0);
INSERT INTO t1 VALUES (2, NULL);
INSERT INTO t1 VALUES (2, 2);
INSERT INTO t1 VALUES (2, 22);
INSERT INTO t1 VALUES (2, NULL);
SELECT * FROM t1 ORDER BY c1,c2;
c1	c2
1	1
1	2
2	3
2	13
2	14
2	22
2	23
3	11
3	12
DROP TABLE t1;
# Test with auto_increment on secondary column in multi-column-index
CREATE TABLE t1 (
c1 INT,
c2 INT NOT NULL AUTO_INCREMENT,
PRIMARY KEY (c1,c2))
ENGINE = 'Archive'
PARTITION BY HASH(c2)
PARTITIONS 2;
ERROR 42000: Incorrect table definition; there can be only one auto column and it must be defined as a key
# Test AUTO_INCREMENT in CREATE
CREATE TABLE t1 (c1 INT NOT NULL AUTO_INCREMENT, PRIMARY KEY (c1))
ENGINE = 'Archive'
AUTO_INCREMENT = 15
PARTITION BY HASH(c1)
PARTITIONS 2;
Warnings:
Warning	1287	The partition engine, used by table 'test.t1', is deprecated and will be removed in a future release. Please use native partitioning instead.
SHOW CREATE TABLE t1;
Table	Create Table
t1	CREATE TABLE `t1` (
  `c1` int(11) NOT NULL AUTO_INCREMENT,
  PRIMARY KEY (`c1`)
) ENGINE=ARCHIVE AUTO_INCREMENT=15 DEFAULT CHARSET=latin1
/*!50100 PARTITION BY HASH (c1)
PARTITIONS 2 */
Warnings:
Warning	1287	The partition engine, used by table 'test.t1', is deprecated and will be removed in a future release. Please use native partitioning instead.
INSERT INTO t1 (c1) VALUES (4);
# ERROR (only OK if Archive) mysql_errno: 1022
SHOW CREATE TABLE t1;
Table	Create Table
t1	CREATE TABLE `t1` (
  `c1` int(11) NOT NULL AUTO_INCREMENT,
  PRIMARY KEY (`c1`)
) ENGINE=ARCHIVE AUTO_INCREMENT=15 DEFAULT CHARSET=latin1
/*!50100 PARTITION BY HASH (c1)
PARTITIONS 2 */
Warnings:
Warning	1287	The partition engine, used by table 'test.t1', is deprecated and will be removed in a future release. Please use native partitioning instead.
INSERT INTO t1 (c1) VALUES (0);
SHOW CREATE TABLE t1;
Table	Create Table
t1	CREATE TABLE `t1` (
  `c1` int(11) NOT NULL AUTO_INCREMENT,
  PRIMARY KEY (`c1`)
) ENGINE=ARCHIVE AUTO_INCREMENT=16 DEFAULT CHARSET=latin1
/*!50100 PARTITION BY HASH (c1)
PARTITIONS 2 */
Warnings:
Warning	1287	The partition engine, used by table 'test.t1', is deprecated and will be removed in a future release. Please use native partitioning instead.
INSERT INTO t1 (c1) VALUES (NULL);
SHOW CREATE TABLE t1;
Table	Create Table
t1	CREATE TABLE `t1` (
  `c1` int(11) NOT NULL AUTO_INCREMENT,
  PRIMARY KEY (`c1`)
) ENGINE=ARCHIVE AUTO_INCREMENT=17 DEFAULT CHARSET=latin1
/*!50100 PARTITION BY HASH (c1)
PARTITIONS 2 */
Warnings:
Warning	1287	The partition engine, used by table 'test.t1', is deprecated and will be removed in a future release. Please use native partitioning instead.
SELECT * FROM t1 ORDER BY c1;
c1
15
16
# Test sql_mode 'NO_AUTO_VALUE_ON_ZERO'
SET @@session.sql_mode = 'NO_AUTO_VALUE_ON_ZERO';
Warnings:
Warning	3090	Changing sql mode 'NO_AUTO_CREATE_USER' is deprecated. It will be removed in a future release.
INSERT INTO t1 (c1) VALUES (300);
SHOW CREATE TABLE t1;
Table	Create Table
t1	CREATE TABLE `t1` (
  `c1` int(11) NOT NULL AUTO_INCREMENT,
  PRIMARY KEY (`c1`)
) ENGINE=ARCHIVE AUTO_INCREMENT=301 DEFAULT CHARSET=latin1
/*!50100 PARTITION BY HASH (c1)
PARTITIONS 2 */
Warnings:
Warning	1287	The partition engine, used by table 'test.t1', is deprecated and will be removed in a future release. Please use native partitioning instead.
INSERT INTO t1 (c1) VALUES (0);
# ERROR (only OK if Archive) mysql_errno: 1022
SHOW CREATE TABLE t1;
Table	Create Table
t1	CREATE TABLE `t1` (
  `c1` int(11) NOT NULL AUTO_INCREMENT,
  PRIMARY KEY (`c1`)
) ENGINE=ARCHIVE AUTO_INCREMENT=301 DEFAULT CHARSET=latin1
/*!50100 PARTITION BY HASH (c1)
PARTITIONS 2 */
Warnings:
Warning	1287	The partition engine, used by table 'test.t1', is deprecated and will be removed in a future release. Please use native partitioning instead.
INSERT INTO t1 (c1) VALUES (NULL);
SHOW CREATE TABLE t1;
Table	Create Table
t1	CREATE TABLE `t1` (
  `c1` int(11) NOT NULL AUTO_INCREMENT,
  PRIMARY KEY (`c1`)
) ENGINE=ARCHIVE AUTO_INCREMENT=302 DEFAULT CHARSET=latin1
/*!50100 PARTITION BY HASH (c1)
PARTITIONS 2 */
Warnings:
Warning	1287	The partition engine, used by table 'test.t1', is deprecated and will be removed in a future release. Please use native partitioning instead.
SELECT * FROM t1 ORDER BY c1;
c1
15
16
300
301
SET @@session.sql_mode = 'ONLY_FULL_GROUP_BY,STRICT_TRANS_TABLES,NO_ZERO_IN_DATE,NO_ZERO_DATE,ERROR_FOR_DIVISION_BY_ZERO,NO_AUTO_CREATE_USER,NO_ENGINE_SUBSTITUTION';
Warnings:
Warning	3090	Changing sql mode 'NO_AUTO_CREATE_USER' is deprecated. It will be removed in a future release.
DROP TABLE t1;
# Test SET INSERT_ID
CREATE TABLE t1 (c1 INT NOT NULL AUTO_INCREMENT, PRIMARY KEY (c1))
ENGINE = 'Archive'
PARTITION BY HASH(c1)
PARTITIONS 2;
Warnings:
Warning	1287	The partition engine, used by table 'test.t1', is deprecated and will be removed in a future release. Please use native partitioning instead.
SHOW CREATE TABLE t1;
Table	Create Table
t1	CREATE TABLE `t1` (
  `c1` int(11) NOT NULL AUTO_INCREMENT,
  PRIMARY KEY (`c1`)
) ENGINE=ARCHIVE DEFAULT CHARSET=latin1
/*!50100 PARTITION BY HASH (c1)
PARTITIONS 2 */
Warnings:
Warning	1287	The partition engine, used by table 'test.t1', is deprecated and will be removed in a future release. Please use native partitioning instead.
INSERT INTO t1 (c1) VALUES (NULL);
SHOW CREATE TABLE t1;
Table	Create Table
t1	CREATE TABLE `t1` (
  `c1` int(11) NOT NULL AUTO_INCREMENT,
  PRIMARY KEY (`c1`)
) ENGINE=ARCHIVE AUTO_INCREMENT=2 DEFAULT CHARSET=latin1
/*!50100 PARTITION BY HASH (c1)
PARTITIONS 2 */
Warnings:
Warning	1287	The partition engine, used by table 'test.t1', is deprecated and will be removed in a future release. Please use native partitioning instead.
SELECT * FROM t1;
c1
1
SET INSERT_ID = 23;
SHOW CREATE TABLE t1;
Table	Create Table
t1	CREATE TABLE `t1` (
  `c1` int(11) NOT NULL AUTO_INCREMENT,
  PRIMARY KEY (`c1`)
) ENGINE=ARCHIVE AUTO_INCREMENT=2 DEFAULT CHARSET=latin1
/*!50100 PARTITION BY HASH (c1)
PARTITIONS 2 */
Warnings:
Warning	1287	The partition engine, used by table 'test.t1', is deprecated and will be removed in a future release. Please use native partitioning instead.
INSERT INTO t1 (c1) VALUES (NULL);
SHOW CREATE TABLE t1;
Table	Create Table
t1	CREATE TABLE `t1` (
  `c1` int(11) NOT NULL AUTO_INCREMENT,
  PRIMARY KEY (`c1`)
) ENGINE=ARCHIVE AUTO_INCREMENT=24 DEFAULT CHARSET=latin1
/*!50100 PARTITION BY HASH (c1)
PARTITIONS 2 */
Warnings:
Warning	1287	The partition engine, used by table 'test.t1', is deprecated and will be removed in a future release. Please use native partitioning instead.
SET INSERT_ID = 22;
INSERT INTO t1 VALUES (NULL), (NULL), (NULL);
INSERT INTO t1 VALUES (NULL);
SELECT * FROM t1 ORDER BY c1;
c1
1
22
23
24
DROP TABLE t1;
# Testing with FLUSH TABLE
CREATE TABLE t1 (
c1 INT NOT NULL AUTO_INCREMENT,
PRIMARY KEY (c1))
ENGINE='Archive'
PARTITION BY HASH(c1)
PARTITIONS 2;
Warnings:
Warning	1287	The partition engine, used by table 'test.t1', is deprecated and will be removed in a future release. Please use native partitioning instead.
SHOW CREATE TABLE t1;
Table	Create Table
t1	CREATE TABLE `t1` (
  `c1` int(11) NOT NULL AUTO_INCREMENT,
  PRIMARY KEY (`c1`)
) ENGINE=ARCHIVE DEFAULT CHARSET=latin1
/*!50100 PARTITION BY HASH (c1)
PARTITIONS 2 */
Warnings:
Warning	1287	The partition engine, used by table 'test.t1', is deprecated and will be removed in a future release. Please use native partitioning instead.
FLUSH TABLE;
SHOW CREATE TABLE t1;
Table	Create Table
t1	CREATE TABLE `t1` (
  `c1` int(11) NOT NULL AUTO_INCREMENT,
  PRIMARY KEY (`c1`)
) ENGINE=ARCHIVE DEFAULT CHARSET=latin1
/*!50100 PARTITION BY HASH (c1)
PARTITIONS 2 */
Warnings:
Warning	1287	The partition engine, used by table 'test.t1', is deprecated and will be removed in a future release. Please use native partitioning instead.
INSERT INTO t1 VALUES (4);
FLUSH TABLE;
SHOW CREATE TABLE t1;
Table	Create Table
t1	CREATE TABLE `t1` (
  `c1` int(11) NOT NULL AUTO_INCREMENT,
  PRIMARY KEY (`c1`)
) ENGINE=ARCHIVE AUTO_INCREMENT=5 DEFAULT CHARSET=latin1
/*!50100 PARTITION BY HASH (c1)
PARTITIONS 2 */
Warnings:
Warning	1287	The partition engine, used by table 'test.t1', is deprecated and will be removed in a future release. Please use native partitioning instead.
INSERT INTO t1 VALUES (NULL);
FLUSH TABLE;
SHOW CREATE TABLE t1;
Table	Create Table
t1	CREATE TABLE `t1` (
  `c1` int(11) NOT NULL AUTO_INCREMENT,
  PRIMARY KEY (`c1`)
) ENGINE=ARCHIVE AUTO_INCREMENT=6 DEFAULT CHARSET=latin1
/*!50100 PARTITION BY HASH (c1)
PARTITIONS 2 */
Warnings:
Warning	1287	The partition engine, used by table 'test.t1', is deprecated and will be removed in a future release. Please use native partitioning instead.
SELECT * FROM t1 ORDER BY c1;
c1
4
5
DROP TABLE t1;
#############################################################################
# Bug #45823 - Assertion failure in file row/row0mysql.c line 1386
# Bug #43988 - AUTO_INCREMENT errors with partitioned InnoDB tables in 5.1.31
##############################################################################
# Inserting negative autoincrement values into a partition table (partitions >= 4)
CREATE TABLE t (c1 INT NOT NULL AUTO_INCREMENT, PRIMARY KEY(c1),
c2 INT) ENGINE='Archive' PARTITION BY HASH(c1) PARTITIONS 4;
Warnings:
Warning	1287	The partition engine, used by table 'test.t', is deprecated and will be removed in a future release. Please use native partitioning instead.
INSERT INTO t(c2) VALUES (10);
Warnings:
Warning	1287	The partition engine, used by table 'test.t', is deprecated and will be removed in a future release. Please use native partitioning instead.
INSERT INTO t(c2) VALUES (20);
INSERT INTO t VALUES (-1,-10);
# ERROR (only OK if Archive), mysql_errno: 1022
INSERT INTO t(c2) VALUES (30);
INSERT INTO t(c2) VALUES (40);
SELECT * FROM t ORDER BY c1 ASC;
c1	c2
1	10
2	20
3	30
4	40
DROP TABLE t;
# Reading from a partition table (partitions >= 2 ) after inserting a negative
# value into the auto increment column
CREATE TABLE t (c1 INT NOT NULL AUTO_INCREMENT, PRIMARY KEY(c1),
c2 INT) ENGINE='Archive' PARTITION BY HASH(c1) PARTITIONS 2;
Warnings:
Warning	1287	The partition engine, used by table 'test.t', is deprecated and will be removed in a future release. Please use native partitioning instead.
INSERT INTO t VALUES (-2,-20);
# ERROR (only OK if Archive), mysql_errno: 1022
INSERT INTO t(c2) VALUES (30);
SELECT * FROM t ORDER BY c1 ASC;
c1	c2
1	30
DROP TABLE t;
# Inserting negative auto increment value into a partition table (partitions >= 2)
# auto increment value > 2.
CREATE TABLE t (c1 INT NOT NULL AUTO_INCREMENT, PRIMARY KEY(c1),
c2 INT) ENGINE='Archive' PARTITION BY HASH(c1) PARTITIONS 2;
Warnings:
Warning	1287	The partition engine, used by table 'test.t', is deprecated and will be removed in a future release. Please use native partitioning instead.
INSERT INTO t VALUES (-4,-20);
# ERROR (only OK if Archive), mysql_errno: 1022
INSERT INTO t(c2) VALUES (30);
INSERT INTO t(c2) VALUES (40);
SELECT * FROM t ORDER BY c1 ASC;
c1	c2
1	30
2	40
DROP TABLE t;
# Inserting -1 into autoincrement column of a partition table (partition >= 4)
CREATE TABLE t (c1 INT NOT NULL AUTO_INCREMENT, PRIMARY KEY(c1),
c2 INT) ENGINE='Archive' PARTITION BY HASH(c1) PARTITIONS 4;
Warnings:
Warning	1287	The partition engine, used by table 'test.t', is deprecated and will be removed in a future release. Please use native partitioning instead.
INSERT INTO t(c2) VALUES (10);
Warnings:
Warning	1287	The partition engine, used by table 'test.t', is deprecated and will be removed in a future release. Please use native partitioning instead.
INSERT INTO t(c2) VALUES (20);
INSERT INTO t VALUES (-1,-10);
# ERROR (only OK if Archive), mysql_errno: 1022
SELECT * FROM t ORDER BY c1 ASC;
c1	c2
1	10
2	20
INSERT INTO t(c2) VALUES (30);
SELECT * FROM t ORDER BY c1 ASC;
c1	c2
1	10
2	20
3	30
DROP TABLE t;
# Deleting from an auto increment table after inserting negative values
CREATE TABLE t (c1 INT NOT NULL AUTO_INCREMENT, PRIMARY KEY(c1),
c2 INT) ENGINE='Archive' PARTITION BY HASH(c1) PARTITIONS 4;
Warnings:
Warning	1287	The partition engine, used by table 'test.t', is deprecated and will be removed in a future release. Please use native partitioning instead.
INSERT INTO t(c2) VALUES (10);
Warnings:
Warning	1287	The partition engine, used by table 'test.t', is deprecated and will be removed in a future release. Please use native partitioning instead.
INSERT INTO t(c2) VALUES (20);
INSERT INTO t VALUES (-1,-10);
# ERROR (only OK if Archive), mysql_errno: 1022
INSERT INTO t(c2) VALUES (30);
INSERT INTO t VALUES (-3,-20);
# ERROR (only OK if Archive), mysql_errno: 1022
INSERT INTO t(c2) VALUES (40);
SELECT * FROM t ORDER BY c1 ASC;
c1	c2
1	10
2	20
3	30
4	40
SELECT * FROM t ORDER BY c1 ASC;
c1	c2
1	10
2	20
3	30
4	40
DROP TABLE t;
# Inserting a positive value that exceeds maximum allowed value for an
# Auto Increment column (positive maximum)
CREATE TABLE t (c1 TINYINT NOT NULL AUTO_INCREMENT, PRIMARY KEY(c1),
c2 INT) ENGINE='Archive' PARTITION BY HASH(c1) PARTITIONS 4;
Warnings:
Warning	1287	The partition engine, used by table 'test.t', is deprecated and will be removed in a future release. Please use native partitioning instead.
INSERT INTO t(c2) VALUES (10);
Warnings:
Warning	1287	The partition engine, used by table 'test.t', is deprecated and will be removed in a future release. Please use native partitioning instead.
INSERT INTO t(c2) VALUES (20);
INSERT INTO t VALUES (126,30);
INSERT INTO t VALUES (127,40);
SET sql_mode = 'NO_ENGINE_SUBSTITUTION';
Warnings:
Warning	3090	Changing sql mode 'NO_AUTO_CREATE_USER' is deprecated. It will be removed in a future release.
INSERT INTO t VALUES (128,50);
INSERT INTO t VALUES (129,60);
SELECT * FROM t ORDER BY c1 ASC;
c1	c2
1	10
2	20
126	30
127	40
DROP TABLE t;
# Inserting a negative value that goes below minimum allowed value for an
# Auto Increment column (negative minimum)
CREATE TABLE t (c1 TINYINT NOT NULL AUTO_INCREMENT, PRIMARY KEY(c1),
c2 INT) ENGINE='Archive' PARTITION BY HASH(c1) PARTITIONS 4;
Warnings:
Warning	1287	The partition engine, used by table 'test.t', is deprecated and will be removed in a future release. Please use native partitioning instead.
INSERT INTO t(c2) VALUES (10);
Warnings:
Warning	1287	The partition engine, used by table 'test.t', is deprecated and will be removed in a future release. Please use native partitioning instead.
INSERT INTO t(c2) VALUES (20);
INSERT INTO t VALUES (-127,30);
# ERROR (only OK if Archive), mysql_errno: 1022
INSERT INTO t VALUES (-128,40);
# ERROR (only OK if Archive), mysql_errno: 1022
INSERT INTO t VALUES (-129,50);
INSERT INTO t VALUES (-130,60);
SELECT * FROM t ORDER BY c1 ASC;
c1	c2
1	10
2	20
DROP TABLE t;
# Updating the partition table with a negative Auto Increment value
CREATE TABLE t (c1 INT NOT NULL AUTO_INCREMENT, PRIMARY KEY(c1),
c2 INT) ENGINE='Archive' PARTITION BY HASH(c1) PARTITIONS 4;
Warnings:
Warning	1287	The partition engine, used by table 'test.t', is deprecated and will be removed in a future release. Please use native partitioning instead.
INSERT INTO t(c2) VALUES (10);
Warnings:
Warning	1287	The partition engine, used by table 'test.t', is deprecated and will be removed in a future release. Please use native partitioning instead.
INSERT INTO t(c2) VALUES (20);
INSERT INTO t VALUES (-1,-10);
# ERROR (only OK if Archive), mysql_errno: 1022
INSERT INTO t(c2) VALUES (30);
SELECT * FROM t ORDER BY c1 ASC;
c1	c2
1	10
2	20
3	30
SELECT * FROM t ORDER BY c1 ASC;
c1	c2
1	10
2	20
3	30
INSERT INTO t(c2) VALUES (40);
INSERT INTO t(c2) VALUES (50);
SELECT * FROM t ORDER BY c1 ASC;
c1	c2
1	10
2	20
3	30
4	40
5	50
DROP TABLE t;
SET sql_mode = default;
# Updating the partition table with a value that crosses the upper limits
# on both the positive and the negative side.
CREATE TABLE t (c1 TINYINT NOT NULL AUTO_INCREMENT, PRIMARY KEY(c1),
c2 INT) ENGINE='Archive' PARTITION BY HASH(c1) PARTITIONS 4;
Warnings:
Warning	1287	The partition engine, used by table 'test.t', is deprecated and will be removed in a future release. Please use native partitioning instead.
INSERT INTO t(c2) VALUES (10);
Warnings:
Warning	1287	The partition engine, used by table 'test.t', is deprecated and will be removed in a future release. Please use native partitioning instead.
INSERT INTO t(c2) VALUES (20);
INSERT INTO t VALUES (126,30);
INSERT INTO t VALUES (127,40);
SELECT * FROM t ORDER BY c1 ASC;
c1	c2
1	10
2	20
126	30
127	40
SELECT * FROM t ORDER BY c1 ASC;
c1	c2
1	10
2	20
126	30
127	40
SELECT * FROM t ORDER BY c1 ASC;
c1	c2
1	10
2	20
126	30
127	40
DROP TABLE t;
##############################################################################
#
# Test overflow
#
# Single row insert signed int
CREATE TABLE t1
(a int not null auto_increment primary key, b varchar(64))
ENGINE = 'Archive'
PARTITION BY HASH (a) PARTITIONS 3;
Warnings:
Warning	1287	The partition engine, used by table 'test.t1', is deprecated and will be removed in a future release. Please use native partitioning instead.
INSERT INTO t1 VALUES (0x7FFFFFFD, "2");
Warnings:
Warning	1287	The partition engine, used by table 'test.t1', is deprecated and will be removed in a future release. Please use native partitioning instead.
INSERT INTO t1 VALUES (NULL, "1");
INSERT INTO t1 VALUES (NULL, "0");
INSERT INTO t1 VALUES (NULL, "Overflow");
SHOW WARNINGS;
Level	Code	Message
Error	1264	Out of range value for column 'a' at row 1
Error	1264	Out of range value for column 't1' at row 167
INSERT INTO t1 VALUES (5, "non-generated number");
# ERROR (only OK if Archive), mysql_errno: 1022
FLUSH TABLES;
SHOW CREATE TABLE t1;
Table	Create Table
t1	CREATE TABLE `t1` (
  `a` int(11) NOT NULL AUTO_INCREMENT,
  `b` varchar(64) DEFAULT NULL,
  PRIMARY KEY (`a`)
) ENGINE=ARCHIVE AUTO_INCREMENT=2147483648 DEFAULT CHARSET=latin1
/*!50100 PARTITION BY HASH (a)
PARTITIONS 3 */
Warnings:
Warning	1287	The partition engine, used by table 'test.t1', is deprecated and will be removed in a future release. Please use native partitioning instead.
SELECT * FROM t1;
a	b
2147483645	2
2147483646	1
2147483647	0
DROP TABLE t1;
CREATE TABLE `t1` (
`a` int(11) NOT NULL AUTO_INCREMENT,
`b` varchar(64) DEFAULT NULL,
PRIMARY KEY (`a`)
) ENGINE='Archive'
AUTO_INCREMENT=2147483648 DEFAULT CHARSET=latin1
PARTITION BY HASH (a) PARTITIONS 3;
Warnings:
Warning	1287	The partition engine, used by table 'test.t1', is deprecated and will be removed in a future release. Please use native partitioning instead.
INSERT INTO t1 VALUES (NULL, "Overflow");
# mysql_errno: 1264
INSERT INTO t1 VALUES (NULL, "Overflow");
# mysql_errno: 1264
DROP TABLE t1;
# Multi row insert signed int
CREATE TABLE t1
(a int not null auto_increment primary key, b varchar(64))
ENGINE = 'Archive'
PARTITION BY HASH (a) PARTITIONS 3;
Warnings:
Warning	1287	The partition engine, used by table 'test.t1', is deprecated and will be removed in a future release. Please use native partitioning instead.
INSERT INTO t1 VALUES (0x7FFFFFFD, "2");
Warnings:
Warning	1287	The partition engine, used by table 'test.t1', is deprecated and will be removed in a future release. Please use native partitioning instead.
INSERT INTO t1 VALUES (NULL, "1"), (NULL, "0"), (NULL, "Overflow");
ERROR HY000: Failed to read auto-increment value from storage engine
INSERT INTO t1 VALUES (NULL, "1");
# mysql_errno: 1264
INSERT INTO t1 VALUES (NULL, "0");
# mysql_errno: 1264
INSERT INTO t1 VALUES (NULL, "Overflow");
ERROR 22003: Out of range value for column 'a' at row 1
INSERT INTO t1 VALUES (5, "non-generated number");
# ERROR (only OK if Archive), mysql_errno: 1022
FLUSH TABLES;
SHOW CREATE TABLE t1;
Table	Create Table
t1	CREATE TABLE `t1` (
  `a` int(11) NOT NULL AUTO_INCREMENT,
  `b` varchar(64) DEFAULT NULL,
  PRIMARY KEY (`a`)
) ENGINE=ARCHIVE AUTO_INCREMENT=2147483648 DEFAULT CHARSET=latin1
/*!50100 PARTITION BY HASH (a)
PARTITIONS 3 */
Warnings:
Warning	1287	The partition engine, used by table 'test.t1', is deprecated and will be removed in a future release. Please use native partitioning instead.
SELECT * FROM t1;
a	b
2147483645	2
2147483646	1
2147483647	0
DROP TABLE t1;
# Single row insert unsigned int
CREATE TABLE t1
(a int unsigned not null auto_increment primary key, b varchar(64))
ENGINE = 'Archive'
PARTITION BY HASH (a) PARTITIONS 3;
Warnings:
Warning	1287	The partition engine, used by table 'test.t1', is deprecated and will be removed in a future release. Please use native partitioning instead.
INSERT INTO t1 VALUES (0xFFFFFFFD, "2");
Warnings:
Warning	1287	The partition engine, used by table 'test.t1', is deprecated and will be removed in a future release. Please use native partitioning instead.
INSERT INTO t1 VALUES (NULL, "1");
INSERT INTO t1 VALUES (NULL, "0");
INSERT INTO t1 VALUES (NULL, "Overflow");
ERROR 22003: Out of range value for column 'a' at row 1
INSERT INTO t1 VALUES (5, "non-generated number");
# ERROR (only OK if Archive), mysql_errno: 1022
FLUSH TABLES;
SHOW CREATE TABLE t1;
Table	Create Table
t1	CREATE TABLE `t1` (
  `a` int(10) unsigned NOT NULL AUTO_INCREMENT,
  `b` varchar(64) DEFAULT NULL,
  PRIMARY KEY (`a`)
) ENGINE=ARCHIVE AUTO_INCREMENT=4294967296 DEFAULT CHARSET=latin1
/*!50100 PARTITION BY HASH (a)
PARTITIONS 3 */
Warnings:
Warning	1287	The partition engine, used by table 'test.t1', is deprecated and will be removed in a future release. Please use native partitioning instead.
SELECT * FROM t1;
a	b
4294967293	2
4294967294	1
4294967295	0
DROP TABLE t1;
CREATE TABLE `t1` (
`a` int(10) unsigned NOT NULL AUTO_INCREMENT,
`b` varchar(64) DEFAULT NULL,
PRIMARY KEY (`a`)
) ENGINE='Archive' AUTO_INCREMENT=4294967296 DEFAULT CHARSET=latin1
PARTITION BY HASH (a) PARTITIONS 3;
Warnings:
Warning	1287	The partition engine, used by table 'test.t1', is deprecated and will be removed in a future release. Please use native partitioning instead.
INSERT INTO t1 VALUES (NULL, "Overflow");
# mysql_errno: 1264
DROP TABLE t1;
# Multi row insert unsigned int
CREATE TABLE t1
(a int unsigned not null auto_increment primary key, b varchar(64))
ENGINE = 'Archive'
PARTITION BY HASH (a) PARTITIONS 3;
Warnings:
Warning	1287	The partition engine, used by table 'test.t1', is deprecated and will be removed in a future release. Please use native partitioning instead.
INSERT INTO t1 VALUES (0xFFFFFFFD, "2");
Warnings:
Warning	1287	The partition engine, used by table 'test.t1', is deprecated and will be removed in a future release. Please use native partitioning instead.
INSERT INTO t1 VALUES (NULL, "1"), (NULL, "0"), (NULL, "Overflow");
ERROR HY000: Failed to read auto-increment value from storage engine
INSERT INTO t1 VALUES (NULL, "1");
# mysql_errno: 1264
INSERT INTO t1 VALUES (NULL, "0");
# mysql_errno: 1264
INSERT INTO t1 VALUES (NULL, "Overflow");
ERROR 22003: Out of range value for column 'a' at row 1
INSERT INTO t1 VALUES (5, "non-generated number");
# ERROR (only OK if Archive), mysql_errno: 1022
FLUSH TABLES;
SHOW CREATE TABLE t1;
Table	Create Table
t1	CREATE TABLE `t1` (
  `a` int(10) unsigned NOT NULL AUTO_INCREMENT,
  `b` varchar(64) DEFAULT NULL,
  PRIMARY KEY (`a`)
) ENGINE=ARCHIVE AUTO_INCREMENT=4294967296 DEFAULT CHARSET=latin1
/*!50100 PARTITION BY HASH (a)
PARTITIONS 3 */
Warnings:
Warning	1287	The partition engine, used by table 'test.t1', is deprecated and will be removed in a future release. Please use native partitioning instead.
SELECT * FROM t1;
a	b
4294967293	2
4294967294	1
4294967295	0
DROP TABLE t1;
# Single row insert signed bigint
CREATE TABLE t1
(a bigint not null auto_increment primary key, b varchar(64))
ENGINE = 'Archive'
PARTITION BY HASH (a) PARTITIONS 3;
Warnings:
Warning	1287	The partition engine, used by table 'test.t1', is deprecated and will be removed in a future release. Please use native partitioning instead.
INSERT INTO t1 VALUES (0x7FFFFFFFFFFFFFFD, "2");
Warnings:
Warning	1287	The partition engine, used by table 'test.t1', is deprecated and will be removed in a future release. Please use native partitioning instead.
INSERT INTO t1 VALUES (NULL, "1");
INSERT INTO t1 VALUES (NULL, "0");
INSERT INTO t1 VALUES (NULL, "Overflow");
ERROR 22003: Out of range value for column 'a' at row 1
INSERT INTO t1 VALUES (5, "non-generated number");
# ERROR (only OK if Archive), mysql_errno: 1022
FLUSH TABLES;
SHOW CREATE TABLE t1;
Table	Create Table
t1	CREATE TABLE `t1` (
  `a` bigint(20) NOT NULL AUTO_INCREMENT,
  `b` varchar(64) DEFAULT NULL,
  PRIMARY KEY (`a`)
) ENGINE=ARCHIVE AUTO_INCREMENT=9223372036854775808 DEFAULT CHARSET=latin1
/*!50100 PARTITION BY HASH (a)
PARTITIONS 3 */
Warnings:
Warning	1287	The partition engine, used by table 'test.t1', is deprecated and will be removed in a future release. Please use native partitioning instead.
SELECT * FROM t1;
a	b
9223372036854775805	2
9223372036854775806	1
9223372036854775807	0
DROP TABLE t1;
CREATE TABLE `t1` (
`a` bigint(20) NOT NULL AUTO_INCREMENT,
`b` varchar(64) DEFAULT NULL,
PRIMARY KEY (`a`)
) ENGINE='Archive' AUTO_INCREMENT=9223372036854775808 DEFAULT CHARSET=latin1
PARTITION BY HASH (a)
PARTITIONS 3;
Warnings:
Warning	1287	The partition engine, used by table 'test.t1', is deprecated and will be removed in a future release. Please use native partitioning instead.
INSERT INTO t1 VALUES (NULL, "Overflow");
# mysql_errno: 1264
DROP TABLE t1;
# Multi row insert signed bigint
CREATE TABLE t1
(a bigint not null auto_increment primary key, b varchar(64))
ENGINE = 'Archive'
PARTITION BY HASH (a) PARTITIONS 3;
Warnings:
Warning	1287	The partition engine, used by table 'test.t1', is deprecated and will be removed in a future release. Please use native partitioning instead.
INSERT INTO t1 VALUES (0x7FFFFFFFFFFFFFFD, "2");
Warnings:
Warning	1287	The partition engine, used by table 'test.t1', is deprecated and will be removed in a future release. Please use native partitioning instead.
INSERT INTO t1 VALUES (NULL, "1"), (NULL, "0"), (NULL, "Overflow");
ERROR HY000: Failed to read auto-increment value from storage engine
INSERT INTO t1 VALUES (NULL, "1");
# mysql_errno: 1264
INSERT INTO t1 VALUES (NULL, "0");
# mysql_errno: 1264
INSERT INTO t1 VALUES (NULL, "Overflow");
ERROR 22003: Out of range value for column 'a' at row 1
INSERT INTO t1 VALUES (5, "non-generated number");
# ERROR (only OK if Archive), mysql_errno: 1022
FLUSH TABLES;
SHOW CREATE TABLE t1;
Table	Create Table
t1	CREATE TABLE `t1` (
  `a` bigint(20) NOT NULL AUTO_INCREMENT,
  `b` varchar(64) DEFAULT NULL,
  PRIMARY KEY (`a`)
) ENGINE=ARCHIVE AUTO_INCREMENT=9223372036854775808 DEFAULT CHARSET=latin1
/*!50100 PARTITION BY HASH (a)
PARTITIONS 3 */
Warnings:
Warning	1287	The partition engine, used by table 'test.t1', is deprecated and will be removed in a future release. Please use native partitioning instead.
SELECT * FROM t1;
a	b
9223372036854775805	2
9223372036854775806	1
9223372036854775807	0
DROP TABLE t1;
# Single row insert unsigned bigint
CREATE TABLE t1
(a bigint unsigned not null auto_increment primary key, b varchar(64))
ENGINE = 'Archive'
PARTITION BY HASH (a) PARTITIONS 3;
Warnings:
Warning	1287	The partition engine, used by table 'test.t1', is deprecated and will be removed in a future release. Please use native partitioning instead.
INSERT INTO t1 VALUES (0xFFFFFFFFFFFFFFFD, "2");
Warnings:
Warning	1287	The partition engine, used by table 'test.t1', is deprecated and will be removed in a future release. Please use native partitioning instead.
INSERT INTO t1 VALUES (NULL, "1");
INSERT INTO t1 VALUES (NULL, "0");
ERROR HY000: Failed to read auto-increment value from storage engine
INSERT INTO t1 VALUES (NULL, "Overflow");
ERROR HY000: Failed to read auto-increment value from storage engine
INSERT INTO t1 VALUES (5, "non-generated number");
# ERROR (only OK if Archive), mysql_errno: 1022
FLUSH TABLES;
SHOW CREATE TABLE t1;
Table	Create Table
t1	CREATE TABLE `t1` (
  `a` bigint(20) unsigned NOT NULL AUTO_INCREMENT,
  `b` varchar(64) DEFAULT NULL,
  PRIMARY KEY (`a`)
) ENGINE=ARCHIVE AUTO_INCREMENT=18446744073709551615 DEFAULT CHARSET=latin1
/*!50100 PARTITION BY HASH (a)
PARTITIONS 3 */
Warnings:
Warning	1287	The partition engine, used by table 'test.t1', is deprecated and will be removed in a future release. Please use native partitioning instead.
SELECT * FROM t1;
a	b
18446744073709551613	2
18446744073709551614	1
DROP TABLE t1;
CREATE TABLE `t1` (
`a` bigint(20) unsigned NOT NULL AUTO_INCREMENT,
`b` varchar(64) DEFAULT NULL,
PRIMARY KEY (`a`)
) ENGINE='Archive' AUTO_INCREMENT=18446744073709551615 DEFAULT CHARSET=latin1
PARTITION BY HASH (a)
PARTITIONS 3;
Warnings:
Warning	1287	The partition engine, used by table 'test.t1', is deprecated and will be removed in a future release. Please use native partitioning instead.
INSERT INTO t1 VALUES (NULL, "Overflow");
# mysql_errno: 1467
DROP TABLE t1;
# Multi row insert unsigned bigint
CREATE TABLE t1
(a bigint unsigned not null auto_increment primary key, b varchar(64))
ENGINE = 'Archive'
PARTITION BY HASH (a) PARTITIONS 3;
Warnings:
Warning	1287	The partition engine, used by table 'test.t1', is deprecated and will be removed in a future release. Please use native partitioning instead.
INSERT INTO t1 VALUES (0xFFFFFFFFFFFFFFFD, "2");
Warnings:
Warning	1287	The partition engine, used by table 'test.t1', is deprecated and will be removed in a future release. Please use native partitioning instead.
INSERT INTO t1 VALUES (NULL, "1"), (NULL, "0"), (NULL, "Overflow");
ERROR HY000: Failed to read auto-increment value from storage engine
INSERT INTO t1 VALUES (NULL, "1");
# mysql_errno: 1467
INSERT INTO t1 VALUES (NULL, "0");
# mysql_errno: 1467
INSERT INTO t1 VALUES (NULL, "Overflow");
Got one of the listed errors
# mysql_errno: 1467
INSERT INTO t1 VALUES (5, "non-generated number");
# ERROR (only OK if Archive), mysql_errno: 1022
FLUSH TABLES;
SHOW CREATE TABLE t1;
Table	Create Table
t1	CREATE TABLE `t1` (
  `a` bigint(20) unsigned NOT NULL AUTO_INCREMENT,
  `b` varchar(64) DEFAULT NULL,
  PRIMARY KEY (`a`)
) ENGINE=ARCHIVE AUTO_INCREMENT=18446744073709551615 DEFAULT CHARSET=latin1
/*!50100 PARTITION BY HASH (a)
PARTITIONS 3 */
Warnings:
Warning	1287	The partition engine, used by table 'test.t1', is deprecated and will be removed in a future release. Please use native partitioning instead.
SELECT * FROM t1;
a	b
18446744073709551613	2
18446744073709551614	1
DROP TABLE t1;
