DROP TABLE IF EXISTS t1;
call mtr.add_suppression("InnoDB: Warning: allocated tablespace .*, old maximum was");
call mtr.add_suppression("InnoDB: Error: table .* does not exist in the InnoDB internal");
call mtr.add_suppression("InnoDB: Warning: MySQL is trying to drop table ");
# Test crash and failure recovery in fast_alter_partition_table.
#
# Bug#53676: Unexpected errors and possible table corruption on
# ADD PARTITION and LOCK TABLE
# Bug#53770: Server crash at handler.cc:2076 on LOAD DATA
# after timed out COALESCE PARTITION
# Extended crash recovery testing of fast_alter_partition_table.
call mtr.add_suppression("Attempting backtrace. You can use the following information to find out");
#
# Test without crash/failure injection
#
CREATE TABLE `t1/a\b#2` (a INT, b VARCHAR(64))
ENGINE = 'InnoDB'
PARTITION BY LIST (a)
(PARTITION p0 VALUES IN (0,1,2,3,4,5,6,7,8,9),
PARTITION p10 VALUES IN (11,12,13,14,15,16,17,18,19));
INSERT INTO `t1/a\b#2` VALUES (1, "Original from partition p0"), (2, "Original from partition p0"), (3, "Original from partition p0"), (4, "Original from partition p0"), (11, "Original from partition p1"), (12, "Original from partition p1"), (13, "Original from partition p1"), (14, "Original from partition p1");
# State before statement
t1@002fa@005cb@00232#P#p0.ibd
t1@002fa@005cb@00232#P#p10.ibd
SHOW CREATE TABLE `t1/a\b#2`;
Table	Create Table
t1/a\b#2	CREATE TABLE `t1/a\b#2` (
  `a` int(11) DEFAULT NULL,
  `b` varchar(64) DEFAULT NULL
) ENGINE=InnoDB DEFAULT CHARSET=latin1
/*!50100 PARTITION BY LIST (a)
(PARTITION p0 VALUES IN (0,1,2,3,4,5,6,7,8,9) ENGINE = InnoDB,
 PARTITION p10 VALUES IN (11,12,13,14,15,16,17,18,19) ENGINE = InnoDB) */
SELECT * FROM `t1/a\b#2`;
a	b
1	Original from partition p0
11	Original from partition p1
12	Original from partition p1
13	Original from partition p1
14	Original from partition p1
2	Original from partition p0
3	Original from partition p0
4	Original from partition p0
ALTER TABLE `t1/a\b#2` ADD PARTITION
(PARTITION p20 VALUES IN (20,21,22,23,24,25,26,27,28,29));
# State after statement
t1@002fa@005cb@00232#P#p0.ibd
t1@002fa@005cb@00232#P#p10.ibd
t1@002fa@005cb@00232#P#p20.ibd
SHOW CREATE TABLE `t1/a\b#2`;
Table	Create Table
t1/a\b#2	CREATE TABLE `t1/a\b#2` (
  `a` int(11) DEFAULT NULL,
  `b` varchar(64) DEFAULT NULL
) ENGINE=InnoDB DEFAULT CHARSET=latin1
/*!50100 PARTITION BY LIST (a)
(PARTITION p0 VALUES IN (0,1,2,3,4,5,6,7,8,9) ENGINE = InnoDB,
 PARTITION p10 VALUES IN (11,12,13,14,15,16,17,18,19) ENGINE = InnoDB,
 PARTITION p20 VALUES IN (20,21,22,23,24,25,26,27,28,29) ENGINE = InnoDB) */
SELECT * FROM `t1/a\b#2`;
a	b
1	Original from partition p0
11	Original from partition p1
12	Original from partition p1
13	Original from partition p1
14	Original from partition p1
2	Original from partition p0
3	Original from partition p0
4	Original from partition p0
DROP TABLE `t1/a\b#2`;
# Crash testing ADD PARTITION
SET SESSION debug="+d,crash_add_partition_1";
CREATE TABLE `t1/a\b#2` (a INT, b VARCHAR(64))
ENGINE = 'InnoDB'
PARTITION BY LIST (a)
(PARTITION p0 VALUES IN (0,1,2,3,4,5,6,7,8,9),
PARTITION p10 VALUES IN (11,12,13,14,15,16,17,18,19));
INSERT INTO `t1/a\b#2` VALUES (1, "Original from partition p0"), (2, "Original from partition p0"), (3, "Original from partition p0"), (4, "Original from partition p0"), (11, "Original from partition p1"), (12, "Original from partition p1"), (13, "Original from partition p1"), (14, "Original from partition p1");
# State before crash
t1@002fa@005cb@00232#P#p0.ibd
t1@002fa@005cb@00232#P#p10.ibd
SHOW CREATE TABLE `t1/a\b#2`;
Table	Create Table
t1/a\b#2	CREATE TABLE `t1/a\b#2` (
  `a` int(11) DEFAULT NULL,
  `b` varchar(64) DEFAULT NULL
) ENGINE=InnoDB DEFAULT CHARSET=latin1
/*!50100 PARTITION BY LIST (a)
(PARTITION p0 VALUES IN (0,1,2,3,4,5,6,7,8,9) ENGINE = InnoDB,
 PARTITION p10 VALUES IN (11,12,13,14,15,16,17,18,19) ENGINE = InnoDB) */
SELECT * FROM `t1/a\b#2`;
a	b
1	Original from partition p0
11	Original from partition p1
12	Original from partition p1
13	Original from partition p1
14	Original from partition p1
2	Original from partition p0
3	Original from partition p0
4	Original from partition p0
ALTER TABLE `t1/a\b#2` ADD PARTITION
(PARTITION p20 VALUES IN (20,21,22,23,24,25,26,27,28,29));
ERROR HY000: Lost connection to MySQL server during query
# State after crash (before recovery)
t1@002fa@005cb@00232#P#p0.ibd
t1@002fa@005cb@00232#P#p10.ibd
# State after crash recovery
t1@002fa@005cb@00232#P#p0.ibd
t1@002fa@005cb@00232#P#p10.ibd
SHOW CREATE TABLE `t1/a\b#2`;
Table	Create Table
t1/a\b#2	CREATE TABLE `t1/a\b#2` (
  `a` int(11) DEFAULT NULL,
  `b` varchar(64) DEFAULT NULL
) ENGINE=InnoDB DEFAULT CHARSET=latin1
/*!50100 PARTITION BY LIST (a)
(PARTITION p0 VALUES IN (0,1,2,3,4,5,6,7,8,9) ENGINE = InnoDB,
 PARTITION p10 VALUES IN (11,12,13,14,15,16,17,18,19) ENGINE = InnoDB) */
SELECT * FROM `t1/a\b#2`;
a	b
1	Original from partition p0
11	Original from partition p1
12	Original from partition p1
13	Original from partition p1
14	Original from partition p1
2	Original from partition p0
3	Original from partition p0
4	Original from partition p0
DROP TABLE `t1/a\b#2`;
SET SESSION debug="-d,crash_add_partition_1";
SET SESSION debug="+d,crash_add_partition_2";
CREATE TABLE `t1/a\b#2` (a INT, b VARCHAR(64))
ENGINE = 'InnoDB'
PARTITION BY LIST (a)
(PARTITION p0 VALUES IN (0,1,2,3,4,5,6,7,8,9),
PARTITION p10 VALUES IN (11,12,13,14,15,16,17,18,19));
INSERT INTO `t1/a\b#2` VALUES (1, "Original from partition p0"), (2, "Original from partition p0"), (3, "Original from partition p0"), (4, "Original from partition p0"), (11, "Original from partition p1"), (12, "Original from partition p1"), (13, "Original from partition p1"), (14, "Original from partition p1");
# State before crash
t1@002fa@005cb@00232#P#p0.ibd
t1@002fa@005cb@00232#P#p10.ibd
SHOW CREATE TABLE `t1/a\b#2`;
Table	Create Table
t1/a\b#2	CREATE TABLE `t1/a\b#2` (
  `a` int(11) DEFAULT NULL,
  `b` varchar(64) DEFAULT NULL
) ENGINE=InnoDB DEFAULT CHARSET=latin1
/*!50100 PARTITION BY LIST (a)
(PARTITION p0 VALUES IN (0,1,2,3,4,5,6,7,8,9) ENGINE = InnoDB,
 PARTITION p10 VALUES IN (11,12,13,14,15,16,17,18,19) ENGINE = InnoDB) */
SELECT * FROM `t1/a\b#2`;
a	b
1	Original from partition p0
11	Original from partition p1
12	Original from partition p1
13	Original from partition p1
14	Original from partition p1
2	Original from partition p0
3	Original from partition p0
4	Original from partition p0
ALTER TABLE `t1/a\b#2` ADD PARTITION
(PARTITION p20 VALUES IN (20,21,22,23,24,25,26,27,28,29));
ERROR HY000: Lost connection to MySQL server during query
# State after crash (before recovery)
t1@002fa@005cb@00232#P#p0.ibd
t1@002fa@005cb@00232#P#p10.ibd
# State after crash recovery
t1@002fa@005cb@00232#P#p0.ibd
t1@002fa@005cb@00232#P#p10.ibd
SHOW CREATE TABLE `t1/a\b#2`;
Table	Create Table
t1/a\b#2	CREATE TABLE `t1/a\b#2` (
  `a` int(11) DEFAULT NULL,
  `b` varchar(64) DEFAULT NULL
) ENGINE=InnoDB DEFAULT CHARSET=latin1
/*!50100 PARTITION BY LIST (a)
(PARTITION p0 VALUES IN (0,1,2,3,4,5,6,7,8,9) ENGINE = InnoDB,
 PARTITION p10 VALUES IN (11,12,13,14,15,16,17,18,19) ENGINE = InnoDB) */
SELECT * FROM `t1/a\b#2`;
a	b
1	Original from partition p0
11	Original from partition p1
12	Original from partition p1
13	Original from partition p1
14	Original from partition p1
2	Original from partition p0
3	Original from partition p0
4	Original from partition p0
DROP TABLE `t1/a\b#2`;
SET SESSION debug="-d,crash_add_partition_2";
SET SESSION debug="+d,crash_add_partition_3";
CREATE TABLE `t1/a\b#2` (a INT, b VARCHAR(64))
ENGINE = 'InnoDB'
PARTITION BY LIST (a)
(PARTITION p0 VALUES IN (0,1,2,3,4,5,6,7,8,9),
PARTITION p10 VALUES IN (11,12,13,14,15,16,17,18,19));
INSERT INTO `t1/a\b#2` VALUES (1, "Original from partition p0"), (2, "Original from partition p0"), (3, "Original from partition p0"), (4, "Original from partition p0"), (11, "Original from partition p1"), (12, "Original from partition p1"), (13, "Original from partition p1"), (14, "Original from partition p1");
# State before crash
t1@002fa@005cb@00232#P#p0.ibd
t1@002fa@005cb@00232#P#p10.ibd
SHOW CREATE TABLE `t1/a\b#2`;
Table	Create Table
t1/a\b#2	CREATE TABLE `t1/a\b#2` (
  `a` int(11) DEFAULT NULL,
  `b` varchar(64) DEFAULT NULL
) ENGINE=InnoDB DEFAULT CHARSET=latin1
/*!50100 PARTITION BY LIST (a)
(PARTITION p0 VALUES IN (0,1,2,3,4,5,6,7,8,9) ENGINE = InnoDB,
 PARTITION p10 VALUES IN (11,12,13,14,15,16,17,18,19) ENGINE = InnoDB) */
SELECT * FROM `t1/a\b#2`;
a	b
1	Original from partition p0
11	Original from partition p1
12	Original from partition p1
13	Original from partition p1
14	Original from partition p1
2	Original from partition p0
3	Original from partition p0
4	Original from partition p0
ALTER TABLE `t1/a\b#2` ADD PARTITION
(PARTITION p20 VALUES IN (20,21,22,23,24,25,26,27,28,29));
ERROR HY000: Lost connection to MySQL server during query
# State after crash (before recovery)
t1@002fa@005cb@00232#P#p0.ibd
t1@002fa@005cb@00232#P#p10.ibd
# State after crash recovery
t1@002fa@005cb@00232#P#p0.ibd
t1@002fa@005cb@00232#P#p10.ibd
SHOW CREATE TABLE `t1/a\b#2`;
Table	Create Table
t1/a\b#2	CREATE TABLE `t1/a\b#2` (
  `a` int(11) DEFAULT NULL,
  `b` varchar(64) DEFAULT NULL
) ENGINE=InnoDB DEFAULT CHARSET=latin1
/*!50100 PARTITION BY LIST (a)
(PARTITION p0 VALUES IN (0,1,2,3,4,5,6,7,8,9) ENGINE = InnoDB,
 PARTITION p10 VALUES IN (11,12,13,14,15,16,17,18,19) ENGINE = InnoDB) */
SELECT * FROM `t1/a\b#2`;
a	b
1	Original from partition p0
11	Original from partition p1
12	Original from partition p1
13	Original from partition p1
14	Original from partition p1
2	Original from partition p0
3	Original from partition p0
4	Original from partition p0
DROP TABLE `t1/a\b#2`;
SET SESSION debug="-d,crash_add_partition_3";
SET SESSION debug="+d,crash_add_partition_4";
CREATE TABLE `t1/a\b#2` (a INT, b VARCHAR(64))
ENGINE = 'InnoDB'
PARTITION BY LIST (a)
(PARTITION p0 VALUES IN (0,1,2,3,4,5,6,7,8,9),
PARTITION p10 VALUES IN (11,12,13,14,15,16,17,18,19));
INSERT INTO `t1/a\b#2` VALUES (1, "Original from partition p0"), (2, "Original from partition p0"), (3, "Original from partition p0"), (4, "Original from partition p0"), (11, "Original from partition p1"), (12, "Original from partition p1"), (13, "Original from partition p1"), (14, "Original from partition p1");
# State before crash
t1@002fa@005cb@00232#P#p0.ibd
t1@002fa@005cb@00232#P#p10.ibd
SHOW CREATE TABLE `t1/a\b#2`;
Table	Create Table
t1/a\b#2	CREATE TABLE `t1/a\b#2` (
  `a` int(11) DEFAULT NULL,
  `b` varchar(64) DEFAULT NULL
) ENGINE=InnoDB DEFAULT CHARSET=latin1
/*!50100 PARTITION BY LIST (a)
(PARTITION p0 VALUES IN (0,1,2,3,4,5,6,7,8,9) ENGINE = InnoDB,
 PARTITION p10 VALUES IN (11,12,13,14,15,16,17,18,19) ENGINE = InnoDB) */
SELECT * FROM `t1/a\b#2`;
a	b
1	Original from partition p0
11	Original from partition p1
12	Original from partition p1
13	Original from partition p1
14	Original from partition p1
2	Original from partition p0
3	Original from partition p0
4	Original from partition p0
ALTER TABLE `t1/a\b#2` ADD PARTITION
(PARTITION p20 VALUES IN (20,21,22,23,24,25,26,27,28,29));
ERROR HY000: Lost connection to MySQL server during query
# State after crash (before recovery)
t1@002fa@005cb@00232#P#p0.ibd
t1@002fa@005cb@00232#P#p10.ibd
# State after crash recovery
t1@002fa@005cb@00232#P#p0.ibd
t1@002fa@005cb@00232#P#p10.ibd
SHOW CREATE TABLE `t1/a\b#2`;
Table	Create Table
t1/a\b#2	CREATE TABLE `t1/a\b#2` (
  `a` int(11) DEFAULT NULL,
  `b` varchar(64) DEFAULT NULL
) ENGINE=InnoDB DEFAULT CHARSET=latin1
/*!50100 PARTITION BY LIST (a)
(PARTITION p0 VALUES IN (0,1,2,3,4,5,6,7,8,9) ENGINE = InnoDB,
 PARTITION p10 VALUES IN (11,12,13,14,15,16,17,18,19) ENGINE = InnoDB) */
SELECT * FROM `t1/a\b#2`;
a	b
1	Original from partition p0
11	Original from partition p1
12	Original from partition p1
13	Original from partition p1
14	Original from partition p1
2	Original from partition p0
3	Original from partition p0
4	Original from partition p0
DROP TABLE `t1/a\b#2`;
SET SESSION debug="-d,crash_add_partition_4";
SET SESSION debug="+d,crash_add_partition_5";
CREATE TABLE `t1/a\b#2` (a INT, b VARCHAR(64))
ENGINE = 'InnoDB'
PARTITION BY LIST (a)
(PARTITION p0 VALUES IN (0,1,2,3,4,5,6,7,8,9),
PARTITION p10 VALUES IN (11,12,13,14,15,16,17,18,19));
INSERT INTO `t1/a\b#2` VALUES (1, "Original from partition p0"), (2, "Original from partition p0"), (3, "Original from partition p0"), (4, "Original from partition p0"), (11, "Original from partition p1"), (12, "Original from partition p1"), (13, "Original from partition p1"), (14, "Original from partition p1");
# State before crash
t1@002fa@005cb@00232#P#p0.ibd
t1@002fa@005cb@00232#P#p10.ibd
SHOW CREATE TABLE `t1/a\b#2`;
Table	Create Table
t1/a\b#2	CREATE TABLE `t1/a\b#2` (
  `a` int(11) DEFAULT NULL,
  `b` varchar(64) DEFAULT NULL
) ENGINE=InnoDB DEFAULT CHARSET=latin1
/*!50100 PARTITION BY LIST (a)
(PARTITION p0 VALUES IN (0,1,2,3,4,5,6,7,8,9) ENGINE = InnoDB,
 PARTITION p10 VALUES IN (11,12,13,14,15,16,17,18,19) ENGINE = InnoDB) */
SELECT * FROM `t1/a\b#2`;
a	b
1	Original from partition p0
11	Original from partition p1
12	Original from partition p1
13	Original from partition p1
14	Original from partition p1
2	Original from partition p0
3	Original from partition p0
4	Original from partition p0
ALTER TABLE `t1/a\b#2` ADD PARTITION
(PARTITION p20 VALUES IN (20,21,22,23,24,25,26,27,28,29));
ERROR HY000: Lost connection to MySQL server during query
# State after crash (before recovery)
t1@002fa@005cb@00232#P#p0.ibd
t1@002fa@005cb@00232#P#p10.ibd
t1@002fa@005cb@00232#P#p20.ibd
# State after crash recovery
t1@002fa@005cb@00232#P#p0.ibd
t1@002fa@005cb@00232#P#p10.ibd
SHOW CREATE TABLE `t1/a\b#2`;
Table	Create Table
t1/a\b#2	CREATE TABLE `t1/a\b#2` (
  `a` int(11) DEFAULT NULL,
  `b` varchar(64) DEFAULT NULL
) ENGINE=InnoDB DEFAULT CHARSET=latin1
/*!50100 PARTITION BY LIST (a)
(PARTITION p0 VALUES IN (0,1,2,3,4,5,6,7,8,9) ENGINE = InnoDB,
 PARTITION p10 VALUES IN (11,12,13,14,15,16,17,18,19) ENGINE = InnoDB) */
SELECT * FROM `t1/a\b#2`;
a	b
1	Original from partition p0
11	Original from partition p1
12	Original from partition p1
13	Original from partition p1
14	Original from partition p1
2	Original from partition p0
3	Original from partition p0
4	Original from partition p0
DROP TABLE `t1/a\b#2`;
SET SESSION debug="-d,crash_add_partition_5";
SET SESSION debug="+d,crash_add_partition_6";
CREATE TABLE `t1/a\b#2` (a INT, b VARCHAR(64))
ENGINE = 'InnoDB'
PARTITION BY LIST (a)
(PARTITION p0 VALUES IN (0,1,2,3,4,5,6,7,8,9),
PARTITION p10 VALUES IN (11,12,13,14,15,16,17,18,19));
INSERT INTO `t1/a\b#2` VALUES (1, "Original from partition p0"), (2, "Original from partition p0"), (3, "Original from partition p0"), (4, "Original from partition p0"), (11, "Original from partition p1"), (12, "Original from partition p1"), (13, "Original from partition p1"), (14, "Original from partition p1");
# State before crash
t1@002fa@005cb@00232#P#p0.ibd
t1@002fa@005cb@00232#P#p10.ibd
SHOW CREATE TABLE `t1/a\b#2`;
Table	Create Table
t1/a\b#2	CREATE TABLE `t1/a\b#2` (
  `a` int(11) DEFAULT NULL,
  `b` varchar(64) DEFAULT NULL
) ENGINE=InnoDB DEFAULT CHARSET=latin1
/*!50100 PARTITION BY LIST (a)
(PARTITION p0 VALUES IN (0,1,2,3,4,5,6,7,8,9) ENGINE = InnoDB,
 PARTITION p10 VALUES IN (11,12,13,14,15,16,17,18,19) ENGINE = InnoDB) */
SELECT * FROM `t1/a\b#2`;
a	b
1	Original from partition p0
11	Original from partition p1
12	Original from partition p1
13	Original from partition p1
14	Original from partition p1
2	Original from partition p0
3	Original from partition p0
4	Original from partition p0
ALTER TABLE `t1/a\b#2` ADD PARTITION
(PARTITION p20 VALUES IN (20,21,22,23,24,25,26,27,28,29));
ERROR HY000: Lost connection to MySQL server during query
# State after crash (before recovery)
t1@002fa@005cb@00232#P#p0.ibd
t1@002fa@005cb@00232#P#p10.ibd
t1@002fa@005cb@00232#P#p20.ibd
# State after crash recovery
t1@002fa@005cb@00232#P#p0.ibd
t1@002fa@005cb@00232#P#p10.ibd
SHOW CREATE TABLE `t1/a\b#2`;
Table	Create Table
t1/a\b#2	CREATE TABLE `t1/a\b#2` (
  `a` int(11) DEFAULT NULL,
  `b` varchar(64) DEFAULT NULL
) ENGINE=InnoDB DEFAULT CHARSET=latin1
/*!50100 PARTITION BY LIST (a)
(PARTITION p0 VALUES IN (0,1,2,3,4,5,6,7,8,9) ENGINE = InnoDB,
 PARTITION p10 VALUES IN (11,12,13,14,15,16,17,18,19) ENGINE = InnoDB) */
SELECT * FROM `t1/a\b#2`;
a	b
1	Original from partition p0
11	Original from partition p1
12	Original from partition p1
13	Original from partition p1
14	Original from partition p1
2	Original from partition p0
3	Original from partition p0
4	Original from partition p0
DROP TABLE `t1/a\b#2`;
SET SESSION debug="-d,crash_add_partition_6";
SET SESSION debug="+d,crash_add_partition_7";
CREATE TABLE `t1/a\b#2` (a INT, b VARCHAR(64))
ENGINE = 'InnoDB'
PARTITION BY LIST (a)
(PARTITION p0 VALUES IN (0,1,2,3,4,5,6,7,8,9),
PARTITION p10 VALUES IN (11,12,13,14,15,16,17,18,19));
INSERT INTO `t1/a\b#2` VALUES (1, "Original from partition p0"), (2, "Original from partition p0"), (3, "Original from partition p0"), (4, "Original from partition p0"), (11, "Original from partition p1"), (12, "Original from partition p1"), (13, "Original from partition p1"), (14, "Original from partition p1");
# State before crash
t1@002fa@005cb@00232#P#p0.ibd
t1@002fa@005cb@00232#P#p10.ibd
SHOW CREATE TABLE `t1/a\b#2`;
Table	Create Table
t1/a\b#2	CREATE TABLE `t1/a\b#2` (
  `a` int(11) DEFAULT NULL,
  `b` varchar(64) DEFAULT NULL
) ENGINE=InnoDB DEFAULT CHARSET=latin1
/*!50100 PARTITION BY LIST (a)
(PARTITION p0 VALUES IN (0,1,2,3,4,5,6,7,8,9) ENGINE = InnoDB,
 PARTITION p10 VALUES IN (11,12,13,14,15,16,17,18,19) ENGINE = InnoDB) */
SELECT * FROM `t1/a\b#2`;
a	b
1	Original from partition p0
11	Original from partition p1
12	Original from partition p1
13	Original from partition p1
14	Original from partition p1
2	Original from partition p0
3	Original from partition p0
4	Original from partition p0
ALTER TABLE `t1/a\b#2` ADD PARTITION
(PARTITION p20 VALUES IN (20,21,22,23,24,25,26,27,28,29));
ERROR HY000: Lost connection to MySQL server during query
# State after crash (before recovery)
t1@002fa@005cb@00232#P#p0.ibd
t1@002fa@005cb@00232#P#p10.ibd
t1@002fa@005cb@00232#P#p20.ibd
# State after crash recovery
t1@002fa@005cb@00232#P#p0.ibd
t1@002fa@005cb@00232#P#p10.ibd
t1@002fa@005cb@00232#P#p20.ibd
SHOW CREATE TABLE `t1/a\b#2`;
Table	Create Table
t1/a\b#2	CREATE TABLE `t1/a\b#2` (
  `a` int(11) DEFAULT NULL,
  `b` varchar(64) DEFAULT NULL
) ENGINE=InnoDB DEFAULT CHARSET=latin1
/*!50100 PARTITION BY LIST (a)
(PARTITION p0 VALUES IN (0,1,2,3,4,5,6,7,8,9) ENGINE = InnoDB,
 PARTITION p10 VALUES IN (11,12,13,14,15,16,17,18,19) ENGINE = InnoDB,
 PARTITION p20 VALUES IN (20,21,22,23,24,25,26,27,28,29) ENGINE = InnoDB) */
SELECT * FROM `t1/a\b#2`;
a	b
1	Original from partition p0
11	Original from partition p1
12	Original from partition p1
13	Original from partition p1
14	Original from partition p1
2	Original from partition p0
3	Original from partition p0
4	Original from partition p0
DROP TABLE `t1/a\b#2`;
SET SESSION debug="-d,crash_add_partition_7";
# Error recovery testing ADD PARTITION
SET SESSION debug="+d,fail_add_partition_1";
CREATE TABLE `t1/a\b#2` (a INT, b VARCHAR(64))
ENGINE = 'InnoDB'
PARTITION BY LIST (a)
(PARTITION p0 VALUES IN (0,1,2,3,4,5,6,7,8,9),
PARTITION p10 VALUES IN (11,12,13,14,15,16,17,18,19));
INSERT INTO `t1/a\b#2` VALUES (1, "Original from partition p0"), (2, "Original from partition p0"), (3, "Original from partition p0"), (4, "Original from partition p0"), (11, "Original from partition p1"), (12, "Original from partition p1"), (13, "Original from partition p1"), (14, "Original from partition p1");
# State before failure
t1@002fa@005cb@00232#P#p0.ibd
t1@002fa@005cb@00232#P#p10.ibd
SHOW CREATE TABLE `t1/a\b#2`;
Table	Create Table
t1/a\b#2	CREATE TABLE `t1/a\b#2` (
  `a` int(11) DEFAULT NULL,
  `b` varchar(64) DEFAULT NULL
) ENGINE=InnoDB DEFAULT CHARSET=latin1
/*!50100 PARTITION BY LIST (a)
(PARTITION p0 VALUES IN (0,1,2,3,4,5,6,7,8,9) ENGINE = InnoDB,
 PARTITION p10 VALUES IN (11,12,13,14,15,16,17,18,19) ENGINE = InnoDB) */
SELECT * FROM `t1/a\b#2`;
a	b
1	Original from partition p0
11	Original from partition p1
12	Original from partition p1
13	Original from partition p1
14	Original from partition p1
2	Original from partition p0
3	Original from partition p0
4	Original from partition p0
ALTER TABLE `t1/a\b#2` ADD PARTITION
(PARTITION p20 VALUES IN (20,21,22,23,24,25,26,27,28,29));
ERROR HY000: Unknown error
# State after failure
t1@002fa@005cb@00232#P#p0.ibd
t1@002fa@005cb@00232#P#p10.ibd
SHOW CREATE TABLE `t1/a\b#2`;
Table	Create Table
t1/a\b#2	CREATE TABLE `t1/a\b#2` (
  `a` int(11) DEFAULT NULL,
  `b` varchar(64) DEFAULT NULL
) ENGINE=InnoDB DEFAULT CHARSET=latin1
/*!50100 PARTITION BY LIST (a)
(PARTITION p0 VALUES IN (0,1,2,3,4,5,6,7,8,9) ENGINE = InnoDB,
 PARTITION p10 VALUES IN (11,12,13,14,15,16,17,18,19) ENGINE = InnoDB) */
SELECT * FROM `t1/a\b#2`;
a	b
1	Original from partition p0
11	Original from partition p1
12	Original from partition p1
13	Original from partition p1
14	Original from partition p1
2	Original from partition p0
3	Original from partition p0
4	Original from partition p0
DROP TABLE `t1/a\b#2`;
# Same test under LOCK TABLE
CREATE TABLE `t1/a\b#2` (a INT, b VARCHAR(64))
ENGINE = 'InnoDB'
PARTITION BY LIST (a)
(PARTITION p0 VALUES IN (0,1,2,3,4,5,6,7,8,9),
PARTITION p10 VALUES IN (11,12,13,14,15,16,17,18,19));
INSERT INTO `t1/a\b#2` VALUES (1, "Original from partition p0"), (2, "Original from partition p0"), (3, "Original from partition p0"), (4, "Original from partition p0"), (11, "Original from partition p1"), (12, "Original from partition p1"), (13, "Original from partition p1"), (14, "Original from partition p1");
# State before failure
t1@002fa@005cb@00232#P#p0.ibd
t1@002fa@005cb@00232#P#p10.ibd
SHOW CREATE TABLE `t1/a\b#2`;
Table	Create Table
t1/a\b#2	CREATE TABLE `t1/a\b#2` (
  `a` int(11) DEFAULT NULL,
  `b` varchar(64) DEFAULT NULL
) ENGINE=InnoDB DEFAULT CHARSET=latin1
/*!50100 PARTITION BY LIST (a)
(PARTITION p0 VALUES IN (0,1,2,3,4,5,6,7,8,9) ENGINE = InnoDB,
 PARTITION p10 VALUES IN (11,12,13,14,15,16,17,18,19) ENGINE = InnoDB) */
SELECT * FROM `t1/a\b#2`;
a	b
1	Original from partition p0
11	Original from partition p1
12	Original from partition p1
13	Original from partition p1
14	Original from partition p1
2	Original from partition p0
3	Original from partition p0
4	Original from partition p0
LOCK TABLE `t1/a\b#2` WRITE;
ALTER TABLE `t1/a\b#2` ADD PARTITION
(PARTITION p20 VALUES IN (20,21,22,23,24,25,26,27,28,29));
ERROR HY000: Unknown error
# State after failure
t1@002fa@005cb@00232#P#p0.ibd
t1@002fa@005cb@00232#P#p10.ibd
SHOW CREATE TABLE `t1/a\b#2`;
Table	Create Table
t1/a\b#2	CREATE TABLE `t1/a\b#2` (
  `a` int(11) DEFAULT NULL,
  `b` varchar(64) DEFAULT NULL
) ENGINE=InnoDB DEFAULT CHARSET=latin1
/*!50100 PARTITION BY LIST (a)
(PARTITION p0 VALUES IN (0,1,2,3,4,5,6,7,8,9) ENGINE = InnoDB,
 PARTITION p10 VALUES IN (11,12,13,14,15,16,17,18,19) ENGINE = InnoDB) */
SELECT * FROM `t1/a\b#2`;
a	b
1	Original from partition p0
11	Original from partition p1
12	Original from partition p1
13	Original from partition p1
14	Original from partition p1
2	Original from partition p0
3	Original from partition p0
4	Original from partition p0
UNLOCK TABLES;
DROP TABLE `t1/a\b#2`;
SET SESSION debug="-d,fail_add_partition_1";
SET SESSION debug="+d,fail_add_partition_2";
CREATE TABLE `t1/a\b#2` (a INT, b VARCHAR(64))
ENGINE = 'InnoDB'
PARTITION BY LIST (a)
(PARTITION p0 VALUES IN (0,1,2,3,4,5,6,7,8,9),
PARTITION p10 VALUES IN (11,12,13,14,15,16,17,18,19));
INSERT INTO `t1/a\b#2` VALUES (1, "Original from partition p0"), (2, "Original from partition p0"), (3, "Original from partition p0"), (4, "Original from partition p0"), (11, "Original from partition p1"), (12, "Original from partition p1"), (13, "Original from partition p1"), (14, "Original from partition p1");
# State before failure
t1@002fa@005cb@00232#P#p0.ibd
t1@002fa@005cb@00232#P#p10.ibd
SHOW CREATE TABLE `t1/a\b#2`;
Table	Create Table
t1/a\b#2	CREATE TABLE `t1/a\b#2` (
  `a` int(11) DEFAULT NULL,
  `b` varchar(64) DEFAULT NULL
) ENGINE=InnoDB DEFAULT CHARSET=latin1
/*!50100 PARTITION BY LIST (a)
(PARTITION p0 VALUES IN (0,1,2,3,4,5,6,7,8,9) ENGINE = InnoDB,
 PARTITION p10 VALUES IN (11,12,13,14,15,16,17,18,19) ENGINE = InnoDB) */
SELECT * FROM `t1/a\b#2`;
a	b
1	Original from partition p0
11	Original from partition p1
12	Original from partition p1
13	Original from partition p1
14	Original from partition p1
2	Original from partition p0
3	Original from partition p0
4	Original from partition p0
ALTER TABLE `t1/a\b#2` ADD PARTITION
(PARTITION p20 VALUES IN (20,21,22,23,24,25,26,27,28,29));
ERROR HY000: Unknown error
# State after failure
t1@002fa@005cb@00232#P#p0.ibd
t1@002fa@005cb@00232#P#p10.ibd
SHOW CREATE TABLE `t1/a\b#2`;
Table	Create Table
t1/a\b#2	CREATE TABLE `t1/a\b#2` (
  `a` int(11) DEFAULT NULL,
  `b` varchar(64) DEFAULT NULL
) ENGINE=InnoDB DEFAULT CHARSET=latin1
/*!50100 PARTITION BY LIST (a)
(PARTITION p0 VALUES IN (0,1,2,3,4,5,6,7,8,9) ENGINE = InnoDB,
 PARTITION p10 VALUES IN (11,12,13,14,15,16,17,18,19) ENGINE = InnoDB) */
SELECT * FROM `t1/a\b#2`;
a	b
1	Original from partition p0
11	Original from partition p1
12	Original from partition p1
13	Original from partition p1
14	Original from partition p1
2	Original from partition p0
3	Original from partition p0
4	Original from partition p0
DROP TABLE `t1/a\b#2`;
# Same test under LOCK TABLE
CREATE TABLE `t1/a\b#2` (a INT, b VARCHAR(64))
ENGINE = 'InnoDB'
PARTITION BY LIST (a)
(PARTITION p0 VALUES IN (0,1,2,3,4,5,6,7,8,9),
PARTITION p10 VALUES IN (11,12,13,14,15,16,17,18,19));
INSERT INTO `t1/a\b#2` VALUES (1, "Original from partition p0"), (2, "Original from partition p0"), (3, "Original from partition p0"), (4, "Original from partition p0"), (11, "Original from partition p1"), (12, "Original from partition p1"), (13, "Original from partition p1"), (14, "Original from partition p1");
# State before failure
t1@002fa@005cb@00232#P#p0.ibd
t1@002fa@005cb@00232#P#p10.ibd
SHOW CREATE TABLE `t1/a\b#2`;
Table	Create Table
t1/a\b#2	CREATE TABLE `t1/a\b#2` (
  `a` int(11) DEFAULT NULL,
  `b` varchar(64) DEFAULT NULL
) ENGINE=InnoDB DEFAULT CHARSET=latin1
/*!50100 PARTITION BY LIST (a)
(PARTITION p0 VALUES IN (0,1,2,3,4,5,6,7,8,9) ENGINE = InnoDB,
 PARTITION p10 VALUES IN (11,12,13,14,15,16,17,18,19) ENGINE = InnoDB) */
SELECT * FROM `t1/a\b#2`;
a	b
1	Original from partition p0
11	Original from partition p1
12	Original from partition p1
13	Original from partition p1
14	Original from partition p1
2	Original from partition p0
3	Original from partition p0
4	Original from partition p0
LOCK TABLE `t1/a\b#2` WRITE;
ALTER TABLE `t1/a\b#2` ADD PARTITION
(PARTITION p20 VALUES IN (20,21,22,23,24,25,26,27,28,29));
ERROR HY000: Unknown error
# State after failure
t1@002fa@005cb@00232#P#p0.ibd
t1@002fa@005cb@00232#P#p10.ibd
SHOW CREATE TABLE `t1/a\b#2`;
Table	Create Table
t1/a\b#2	CREATE TABLE `t1/a\b#2` (
  `a` int(11) DEFAULT NULL,
  `b` varchar(64) DEFAULT NULL
) ENGINE=InnoDB DEFAULT CHARSET=latin1
/*!50100 PARTITION BY LIST (a)
(PARTITION p0 VALUES IN (0,1,2,3,4,5,6,7,8,9) ENGINE = InnoDB,
 PARTITION p10 VALUES IN (11,12,13,14,15,16,17,18,19) ENGINE = InnoDB) */
SELECT * FROM `t1/a\b#2`;
a	b
1	Original from partition p0
11	Original from partition p1
12	Original from partition p1
13	Original from partition p1
14	Original from partition p1
2	Original from partition p0
3	Original from partition p0
4	Original from partition p0
UNLOCK TABLES;
DROP TABLE `t1/a\b#2`;
SET SESSION debug="-d,fail_add_partition_2";
SET SESSION debug="+d,fail_add_partition_3";
CREATE TABLE `t1/a\b#2` (a INT, b VARCHAR(64))
ENGINE = 'InnoDB'
PARTITION BY LIST (a)
(PARTITION p0 VALUES IN (0,1,2,3,4,5,6,7,8,9),
PARTITION p10 VALUES IN (11,12,13,14,15,16,17,18,19));
INSERT INTO `t1/a\b#2` VALUES (1, "Original from partition p0"), (2, "Original from partition p0"), (3, "Original from partition p0"), (4, "Original from partition p0"), (11, "Original from partition p1"), (12, "Original from partition p1"), (13, "Original from partition p1"), (14, "Original from partition p1");
# State before failure
t1@002fa@005cb@00232#P#p0.ibd
t1@002fa@005cb@00232#P#p10.ibd
SHOW CREATE TABLE `t1/a\b#2`;
Table	Create Table
t1/a\b#2	CREATE TABLE `t1/a\b#2` (
  `a` int(11) DEFAULT NULL,
  `b` varchar(64) DEFAULT NULL
) ENGINE=InnoDB DEFAULT CHARSET=latin1
/*!50100 PARTITION BY LIST (a)
(PARTITION p0 VALUES IN (0,1,2,3,4,5,6,7,8,9) ENGINE = InnoDB,
 PARTITION p10 VALUES IN (11,12,13,14,15,16,17,18,19) ENGINE = InnoDB) */
SELECT * FROM `t1/a\b#2`;
a	b
1	Original from partition p0
11	Original from partition p1
12	Original from partition p1
13	Original from partition p1
14	Original from partition p1
2	Original from partition p0
3	Original from partition p0
4	Original from partition p0
ALTER TABLE `t1/a\b#2` ADD PARTITION
(PARTITION p20 VALUES IN (20,21,22,23,24,25,26,27,28,29));
ERROR HY000: Unknown error
# State after failure
t1@002fa@005cb@00232#P#p0.ibd
t1@002fa@005cb@00232#P#p10.ibd
SHOW CREATE TABLE `t1/a\b#2`;
Table	Create Table
t1/a\b#2	CREATE TABLE `t1/a\b#2` (
  `a` int(11) DEFAULT NULL,
  `b` varchar(64) DEFAULT NULL
) ENGINE=InnoDB DEFAULT CHARSET=latin1
/*!50100 PARTITION BY LIST (a)
(PARTITION p0 VALUES IN (0,1,2,3,4,5,6,7,8,9) ENGINE = InnoDB,
 PARTITION p10 VALUES IN (11,12,13,14,15,16,17,18,19) ENGINE = InnoDB) */
SELECT * FROM `t1/a\b#2`;
a	b
1	Original from partition p0
11	Original from partition p1
12	Original from partition p1
13	Original from partition p1
14	Original from partition p1
2	Original from partition p0
3	Original from partition p0
4	Original from partition p0
DROP TABLE `t1/a\b#2`;
# Same test under LOCK TABLE
CREATE TABLE `t1/a\b#2` (a INT, b VARCHAR(64))
ENGINE = 'InnoDB'
PARTITION BY LIST (a)
(PARTITION p0 VALUES IN (0,1,2,3,4,5,6,7,8,9),
PARTITION p10 VALUES IN (11,12,13,14,15,16,17,18,19));
INSERT INTO `t1/a\b#2` VALUES (1, "Original from partition p0"), (2, "Original from partition p0"), (3, "Original from partition p0"), (4, "Original from partition p0"), (11, "Original from partition p1"), (12, "Original from partition p1"), (13, "Original from partition p1"), (14, "Original from partition p1");
# State before failure
t1@002fa@005cb@00232#P#p0.ibd
t1@002fa@005cb@00232#P#p10.ibd
SHOW CREATE TABLE `t1/a\b#2`;
Table	Create Table
t1/a\b#2	CREATE TABLE `t1/a\b#2` (
  `a` int(11) DEFAULT NULL,
  `b` varchar(64) DEFAULT NULL
) ENGINE=InnoDB DEFAULT CHARSET=latin1
/*!50100 PARTITION BY LIST (a)
(PARTITION p0 VALUES IN (0,1,2,3,4,5,6,7,8,9) ENGINE = InnoDB,
 PARTITION p10 VALUES IN (11,12,13,14,15,16,17,18,19) ENGINE = InnoDB) */
SELECT * FROM `t1/a\b#2`;
a	b
1	Original from partition p0
11	Original from partition p1
12	Original from partition p1
13	Original from partition p1
14	Original from partition p1
2	Original from partition p0
3	Original from partition p0
4	Original from partition p0
LOCK TABLE `t1/a\b#2` WRITE;
ALTER TABLE `t1/a\b#2` ADD PARTITION
(PARTITION p20 VALUES IN (20,21,22,23,24,25,26,27,28,29));
ERROR HY000: Unknown error
# State after failure
t1@002fa@005cb@00232#P#p0.ibd
t1@002fa@005cb@00232#P#p10.ibd
SHOW CREATE TABLE `t1/a\b#2`;
Table	Create Table
t1/a\b#2	CREATE TABLE `t1/a\b#2` (
  `a` int(11) DEFAULT NULL,
  `b` varchar(64) DEFAULT NULL
) ENGINE=InnoDB DEFAULT CHARSET=latin1
/*!50100 PARTITION BY LIST (a)
(PARTITION p0 VALUES IN (0,1,2,3,4,5,6,7,8,9) ENGINE = InnoDB,
 PARTITION p10 VALUES IN (11,12,13,14,15,16,17,18,19) ENGINE = InnoDB) */
SELECT * FROM `t1/a\b#2`;
a	b
1	Original from partition p0
11	Original from partition p1
12	Original from partition p1
13	Original from partition p1
14	Original from partition p1
2	Original from partition p0
3	Original from partition p0
4	Original from partition p0
UNLOCK TABLES;
DROP TABLE `t1/a\b#2`;
SET SESSION debug="-d,fail_add_partition_3";
SET SESSION debug="+d,fail_add_partition_4";
CREATE TABLE `t1/a\b#2` (a INT, b VARCHAR(64))
ENGINE = 'InnoDB'
PARTITION BY LIST (a)
(PARTITION p0 VALUES IN (0,1,2,3,4,5,6,7,8,9),
PARTITION p10 VALUES IN (11,12,13,14,15,16,17,18,19));
INSERT INTO `t1/a\b#2` VALUES (1, "Original from partition p0"), (2, "Original from partition p0"), (3, "Original from partition p0"), (4, "Original from partition p0"), (11, "Original from partition p1"), (12, "Original from partition p1"), (13, "Original from partition p1"), (14, "Original from partition p1");
# State before failure
t1@002fa@005cb@00232#P#p0.ibd
t1@002fa@005cb@00232#P#p10.ibd
SHOW CREATE TABLE `t1/a\b#2`;
Table	Create Table
t1/a\b#2	CREATE TABLE `t1/a\b#2` (
  `a` int(11) DEFAULT NULL,
  `b` varchar(64) DEFAULT NULL
) ENGINE=InnoDB DEFAULT CHARSET=latin1
/*!50100 PARTITION BY LIST (a)
(PARTITION p0 VALUES IN (0,1,2,3,4,5,6,7,8,9) ENGINE = InnoDB,
 PARTITION p10 VALUES IN (11,12,13,14,15,16,17,18,19) ENGINE = InnoDB) */
SELECT * FROM `t1/a\b#2`;
a	b
1	Original from partition p0
11	Original from partition p1
12	Original from partition p1
13	Original from partition p1
14	Original from partition p1
2	Original from partition p0
3	Original from partition p0
4	Original from partition p0
ALTER TABLE `t1/a\b#2` ADD PARTITION
(PARTITION p20 VALUES IN (20,21,22,23,24,25,26,27,28,29));
ERROR HY000: Unknown error
# State after failure
t1@002fa@005cb@00232#P#p0.ibd
t1@002fa@005cb@00232#P#p10.ibd
SHOW CREATE TABLE `t1/a\b#2`;
Table	Create Table
t1/a\b#2	CREATE TABLE `t1/a\b#2` (
  `a` int(11) DEFAULT NULL,
  `b` varchar(64) DEFAULT NULL
) ENGINE=InnoDB DEFAULT CHARSET=latin1
/*!50100 PARTITION BY LIST (a)
(PARTITION p0 VALUES IN (0,1,2,3,4,5,6,7,8,9) ENGINE = InnoDB,
 PARTITION p10 VALUES IN (11,12,13,14,15,16,17,18,19) ENGINE = InnoDB) */
SELECT * FROM `t1/a\b#2`;
a	b
1	Original from partition p0
11	Original from partition p1
12	Original from partition p1
13	Original from partition p1
14	Original from partition p1
2	Original from partition p0
3	Original from partition p0
4	Original from partition p0
DROP TABLE `t1/a\b#2`;
# Same test under LOCK TABLE
CREATE TABLE `t1/a\b#2` (a INT, b VARCHAR(64))
ENGINE = 'InnoDB'
PARTITION BY LIST (a)
(PARTITION p0 VALUES IN (0,1,2,3,4,5,6,7,8,9),
PARTITION p10 VALUES IN (11,12,13,14,15,16,17,18,19));
INSERT INTO `t1/a\b#2` VALUES (1, "Original from partition p0"), (2, "Original from partition p0"), (3, "Original from partition p0"), (4, "Original from partition p0"), (11, "Original from partition p1"), (12, "Original from partition p1"), (13, "Original from partition p1"), (14, "Original from partition p1");
# State before failure
t1@002fa@005cb@00232#P#p0.ibd
t1@002fa@005cb@00232#P#p10.ibd
SHOW CREATE TABLE `t1/a\b#2`;
Table	Create Table
t1/a\b#2	CREATE TABLE `t1/a\b#2` (
  `a` int(11) DEFAULT NULL,
  `b` varchar(64) DEFAULT NULL
) ENGINE=InnoDB DEFAULT CHARSET=latin1
/*!50100 PARTITION BY LIST (a)
(PARTITION p0 VALUES IN (0,1,2,3,4,5,6,7,8,9) ENGINE = InnoDB,
 PARTITION p10 VALUES IN (11,12,13,14,15,16,17,18,19) ENGINE = InnoDB) */
SELECT * FROM `t1/a\b#2`;
a	b
1	Original from partition p0
11	Original from partition p1
12	Original from partition p1
13	Original from partition p1
14	Original from partition p1
2	Original from partition p0
3	Original from partition p0
4	Original from partition p0
LOCK TABLE `t1/a\b#2` WRITE;
ALTER TABLE `t1/a\b#2` ADD PARTITION
(PARTITION p20 VALUES IN (20,21,22,23,24,25,26,27,28,29));
ERROR HY000: Unknown error
# State after failure
t1@002fa@005cb@00232#P#p0.ibd
t1@002fa@005cb@00232#P#p10.ibd
SHOW CREATE TABLE `t1/a\b#2`;
Table	Create Table
t1/a\b#2	CREATE TABLE `t1/a\b#2` (
  `a` int(11) DEFAULT NULL,
  `b` varchar(64) DEFAULT NULL
) ENGINE=InnoDB DEFAULT CHARSET=latin1
/*!50100 PARTITION BY LIST (a)
(PARTITION p0 VALUES IN (0,1,2,3,4,5,6,7,8,9) ENGINE = InnoDB,
 PARTITION p10 VALUES IN (11,12,13,14,15,16,17,18,19) ENGINE = InnoDB) */
SELECT * FROM `t1/a\b#2`;
a	b
1	Original from partition p0
11	Original from partition p1
12	Original from partition p1
13	Original from partition p1
14	Original from partition p1
2	Original from partition p0
3	Original from partition p0
4	Original from partition p0
UNLOCK TABLES;
DROP TABLE `t1/a\b#2`;
SET SESSION debug="-d,fail_add_partition_4";
SET SESSION debug="+d,fail_add_partition_5";
CREATE TABLE `t1/a\b#2` (a INT, b VARCHAR(64))
ENGINE = 'InnoDB'
PARTITION BY LIST (a)
(PARTITION p0 VALUES IN (0,1,2,3,4,5,6,7,8,9),
PARTITION p10 VALUES IN (11,12,13,14,15,16,17,18,19));
INSERT INTO `t1/a\b#2` VALUES (1, "Original from partition p0"), (2, "Original from partition p0"), (3, "Original from partition p0"), (4, "Original from partition p0"), (11, "Original from partition p1"), (12, "Original from partition p1"), (13, "Original from partition p1"), (14, "Original from partition p1");
# State before failure
t1@002fa@005cb@00232#P#p0.ibd
t1@002fa@005cb@00232#P#p10.ibd
SHOW CREATE TABLE `t1/a\b#2`;
Table	Create Table
t1/a\b#2	CREATE TABLE `t1/a\b#2` (
  `a` int(11) DEFAULT NULL,
  `b` varchar(64) DEFAULT NULL
) ENGINE=InnoDB DEFAULT CHARSET=latin1
/*!50100 PARTITION BY LIST (a)
(PARTITION p0 VALUES IN (0,1,2,3,4,5,6,7,8,9) ENGINE = InnoDB,
 PARTITION p10 VALUES IN (11,12,13,14,15,16,17,18,19) ENGINE = InnoDB) */
SELECT * FROM `t1/a\b#2`;
a	b
1	Original from partition p0
11	Original from partition p1
12	Original from partition p1
13	Original from partition p1
14	Original from partition p1
2	Original from partition p0
3	Original from partition p0
4	Original from partition p0
ALTER TABLE `t1/a\b#2` ADD PARTITION
(PARTITION p20 VALUES IN (20,21,22,23,24,25,26,27,28,29));
ERROR HY000: Unknown error
# State after failure
t1@002fa@005cb@00232#P#p0.ibd
t1@002fa@005cb@00232#P#p10.ibd
SHOW CREATE TABLE `t1/a\b#2`;
Table	Create Table
t1/a\b#2	CREATE TABLE `t1/a\b#2` (
  `a` int(11) DEFAULT NULL,
  `b` varchar(64) DEFAULT NULL
) ENGINE=InnoDB DEFAULT CHARSET=latin1
/*!50100 PARTITION BY LIST (a)
(PARTITION p0 VALUES IN (0,1,2,3,4,5,6,7,8,9) ENGINE = InnoDB,
 PARTITION p10 VALUES IN (11,12,13,14,15,16,17,18,19) ENGINE = InnoDB) */
SELECT * FROM `t1/a\b#2`;
a	b
1	Original from partition p0
11	Original from partition p1
12	Original from partition p1
13	Original from partition p1
14	Original from partition p1
2	Original from partition p0
3	Original from partition p0
4	Original from partition p0
DROP TABLE `t1/a\b#2`;
# Same test under LOCK TABLE
CREATE TABLE `t1/a\b#2` (a INT, b VARCHAR(64))
ENGINE = 'InnoDB'
PARTITION BY LIST (a)
(PARTITION p0 VALUES IN (0,1,2,3,4,5,6,7,8,9),
PARTITION p10 VALUES IN (11,12,13,14,15,16,17,18,19));
INSERT INTO `t1/a\b#2` VALUES (1, "Original from partition p0"), (2, "Original from partition p0"), (3, "Original from partition p0"), (4, "Original from partition p0"), (11, "Original from partition p1"), (12, "Original from partition p1"), (13, "Original from partition p1"), (14, "Original from partition p1");
# State before failure
t1@002fa@005cb@00232#P#p0.ibd
t1@002fa@005cb@00232#P#p10.ibd
SHOW CREATE TABLE `t1/a\b#2`;
Table	Create Table
t1/a\b#2	CREATE TABLE `t1/a\b#2` (
  `a` int(11) DEFAULT NULL,
  `b` varchar(64) DEFAULT NULL
) ENGINE=InnoDB DEFAULT CHARSET=latin1
/*!50100 PARTITION BY LIST (a)
(PARTITION p0 VALUES IN (0,1,2,3,4,5,6,7,8,9) ENGINE = InnoDB,
 PARTITION p10 VALUES IN (11,12,13,14,15,16,17,18,19) ENGINE = InnoDB) */
SELECT * FROM `t1/a\b#2`;
a	b
1	Original from partition p0
11	Original from partition p1
12	Original from partition p1
13	Original from partition p1
14	Original from partition p1
2	Original from partition p0
3	Original from partition p0
4	Original from partition p0
LOCK TABLE `t1/a\b#2` WRITE;
ALTER TABLE `t1/a\b#2` ADD PARTITION
(PARTITION p20 VALUES IN (20,21,22,23,24,25,26,27,28,29));
ERROR HY000: Unknown error
# State after failure
t1@002fa@005cb@00232#P#p0.ibd
t1@002fa@005cb@00232#P#p10.ibd
SHOW CREATE TABLE `t1/a\b#2`;
Table	Create Table
t1/a\b#2	CREATE TABLE `t1/a\b#2` (
  `a` int(11) DEFAULT NULL,
  `b` varchar(64) DEFAULT NULL
) ENGINE=InnoDB DEFAULT CHARSET=latin1
/*!50100 PARTITION BY LIST (a)
(PARTITION p0 VALUES IN (0,1,2,3,4,5,6,7,8,9) ENGINE = InnoDB,
 PARTITION p10 VALUES IN (11,12,13,14,15,16,17,18,19) ENGINE = InnoDB) */
SELECT * FROM `t1/a\b#2`;
a	b
1	Original from partition p0
11	Original from partition p1
12	Original from partition p1
13	Original from partition p1
14	Original from partition p1
2	Original from partition p0
3	Original from partition p0
4	Original from partition p0
UNLOCK TABLES;
DROP TABLE `t1/a\b#2`;
SET SESSION debug="-d,fail_add_partition_5";
SET SESSION debug="+d,fail_add_partition_6";
CREATE TABLE `t1/a\b#2` (a INT, b VARCHAR(64))
ENGINE = 'InnoDB'
PARTITION BY LIST (a)
(PARTITION p0 VALUES IN (0,1,2,3,4,5,6,7,8,9),
PARTITION p10 VALUES IN (11,12,13,14,15,16,17,18,19));
INSERT INTO `t1/a\b#2` VALUES (1, "Original from partition p0"), (2, "Original from partition p0"), (3, "Original from partition p0"), (4, "Original from partition p0"), (11, "Original from partition p1"), (12, "Original from partition p1"), (13, "Original from partition p1"), (14, "Original from partition p1");
# State before failure
t1@002fa@005cb@00232#P#p0.ibd
t1@002fa@005cb@00232#P#p10.ibd
SHOW CREATE TABLE `t1/a\b#2`;
Table	Create Table
t1/a\b#2	CREATE TABLE `t1/a\b#2` (
  `a` int(11) DEFAULT NULL,
  `b` varchar(64) DEFAULT NULL
) ENGINE=InnoDB DEFAULT CHARSET=latin1
/*!50100 PARTITION BY LIST (a)
(PARTITION p0 VALUES IN (0,1,2,3,4,5,6,7,8,9) ENGINE = InnoDB,
 PARTITION p10 VALUES IN (11,12,13,14,15,16,17,18,19) ENGINE = InnoDB) */
SELECT * FROM `t1/a\b#2`;
a	b
1	Original from partition p0
11	Original from partition p1
12	Original from partition p1
13	Original from partition p1
14	Original from partition p1
2	Original from partition p0
3	Original from partition p0
4	Original from partition p0
ALTER TABLE `t1/a\b#2` ADD PARTITION
(PARTITION p20 VALUES IN (20,21,22,23,24,25,26,27,28,29));
ERROR HY000: Unknown error
# State after failure
t1@002fa@005cb@00232#P#p0.ibd
t1@002fa@005cb@00232#P#p10.ibd
SHOW CREATE TABLE `t1/a\b#2`;
Table	Create Table
t1/a\b#2	CREATE TABLE `t1/a\b#2` (
  `a` int(11) DEFAULT NULL,
  `b` varchar(64) DEFAULT NULL
) ENGINE=InnoDB DEFAULT CHARSET=latin1
/*!50100 PARTITION BY LIST (a)
(PARTITION p0 VALUES IN (0,1,2,3,4,5,6,7,8,9) ENGINE = InnoDB,
 PARTITION p10 VALUES IN (11,12,13,14,15,16,17,18,19) ENGINE = InnoDB) */
SELECT * FROM `t1/a\b#2`;
a	b
1	Original from partition p0
11	Original from partition p1
12	Original from partition p1
13	Original from partition p1
14	Original from partition p1
2	Original from partition p0
3	Original from partition p0
4	Original from partition p0
DROP TABLE `t1/a\b#2`;
# Same test under LOCK TABLE
CREATE TABLE `t1/a\b#2` (a INT, b VARCHAR(64))
ENGINE = 'InnoDB'
PARTITION BY LIST (a)
(PARTITION p0 VALUES IN (0,1,2,3,4,5,6,7,8,9),
PARTITION p10 VALUES IN (11,12,13,14,15,16,17,18,19));
INSERT INTO `t1/a\b#2` VALUES (1, "Original from partition p0"), (2, "Original from partition p0"), (3, "Original from partition p0"), (4, "Original from partition p0"), (11, "Original from partition p1"), (12, "Original from partition p1"), (13, "Original from partition p1"), (14, "Original from partition p1");
# State before failure
t1@002fa@005cb@00232#P#p0.ibd
t1@002fa@005cb@00232#P#p10.ibd
SHOW CREATE TABLE `t1/a\b#2`;
Table	Create Table
t1/a\b#2	CREATE TABLE `t1/a\b#2` (
  `a` int(11) DEFAULT NULL,
  `b` varchar(64) DEFAULT NULL
) ENGINE=InnoDB DEFAULT CHARSET=latin1
/*!50100 PARTITION BY LIST (a)
(PARTITION p0 VALUES IN (0,1,2,3,4,5,6,7,8,9) ENGINE = InnoDB,
 PARTITION p10 VALUES IN (11,12,13,14,15,16,17,18,19) ENGINE = InnoDB) */
SELECT * FROM `t1/a\b#2`;
a	b
1	Original from partition p0
11	Original from partition p1
12	Original from partition p1
13	Original from partition p1
14	Original from partition p1
2	Original from partition p0
3	Original from partition p0
4	Original from partition p0
LOCK TABLE `t1/a\b#2` WRITE;
ALTER TABLE `t1/a\b#2` ADD PARTITION
(PARTITION p20 VALUES IN (20,21,22,23,24,25,26,27,28,29));
ERROR HY000: Unknown error
# State after failure
t1@002fa@005cb@00232#P#p0.ibd
t1@002fa@005cb@00232#P#p10.ibd
SHOW CREATE TABLE `t1/a\b#2`;
Table	Create Table
t1/a\b#2	CREATE TABLE `t1/a\b#2` (
  `a` int(11) DEFAULT NULL,
  `b` varchar(64) DEFAULT NULL
) ENGINE=InnoDB DEFAULT CHARSET=latin1
/*!50100 PARTITION BY LIST (a)
(PARTITION p0 VALUES IN (0,1,2,3,4,5,6,7,8,9) ENGINE = InnoDB,
 PARTITION p10 VALUES IN (11,12,13,14,15,16,17,18,19) ENGINE = InnoDB) */
SELECT * FROM `t1/a\b#2`;
a	b
1	Original from partition p0
11	Original from partition p1
12	Original from partition p1
13	Original from partition p1
14	Original from partition p1
2	Original from partition p0
3	Original from partition p0
4	Original from partition p0
UNLOCK TABLES;
DROP TABLE `t1/a\b#2`;
SET SESSION debug="-d,fail_add_partition_6";
SET SESSION debug="+d,fail_add_partition_7";
CREATE TABLE `t1/a\b#2` (a INT, b VARCHAR(64))
ENGINE = 'InnoDB'
PARTITION BY LIST (a)
(PARTITION p0 VALUES IN (0,1,2,3,4,5,6,7,8,9),
PARTITION p10 VALUES IN (11,12,13,14,15,16,17,18,19));
INSERT INTO `t1/a\b#2` VALUES (1, "Original from partition p0"), (2, "Original from partition p0"), (3, "Original from partition p0"), (4, "Original from partition p0"), (11, "Original from partition p1"), (12, "Original from partition p1"), (13, "Original from partition p1"), (14, "Original from partition p1");
# State before failure
t1@002fa@005cb@00232#P#p0.ibd
t1@002fa@005cb@00232#P#p10.ibd
SHOW CREATE TABLE `t1/a\b#2`;
Table	Create Table
t1/a\b#2	CREATE TABLE `t1/a\b#2` (
  `a` int(11) DEFAULT NULL,
  `b` varchar(64) DEFAULT NULL
) ENGINE=InnoDB DEFAULT CHARSET=latin1
/*!50100 PARTITION BY LIST (a)
(PARTITION p0 VALUES IN (0,1,2,3,4,5,6,7,8,9) ENGINE = InnoDB,
 PARTITION p10 VALUES IN (11,12,13,14,15,16,17,18,19) ENGINE = InnoDB) */
SELECT * FROM `t1/a\b#2`;
a	b
1	Original from partition p0
11	Original from partition p1
12	Original from partition p1
13	Original from partition p1
14	Original from partition p1
2	Original from partition p0
3	Original from partition p0
4	Original from partition p0
ALTER TABLE `t1/a\b#2` ADD PARTITION
(PARTITION p20 VALUES IN (20,21,22,23,24,25,26,27,28,29));
ERROR HY000: Unknown error
# State after failure
t1@002fa@005cb@00232#P#p0.ibd
t1@002fa@005cb@00232#P#p10.ibd
t1@002fa@005cb@00232#P#p20.ibd
SHOW CREATE TABLE `t1/a\b#2`;
Table	Create Table
t1/a\b#2	CREATE TABLE `t1/a\b#2` (
  `a` int(11) DEFAULT NULL,
  `b` varchar(64) DEFAULT NULL
) ENGINE=InnoDB DEFAULT CHARSET=latin1
/*!50100 PARTITION BY LIST (a)
(PARTITION p0 VALUES IN (0,1,2,3,4,5,6,7,8,9) ENGINE = InnoDB,
 PARTITION p10 VALUES IN (11,12,13,14,15,16,17,18,19) ENGINE = InnoDB,
 PARTITION p20 VALUES IN (20,21,22,23,24,25,26,27,28,29) ENGINE = InnoDB) */
SELECT * FROM `t1/a\b#2`;
a	b
1	Original from partition p0
11	Original from partition p1
12	Original from partition p1
13	Original from partition p1
14	Original from partition p1
2	Original from partition p0
3	Original from partition p0
4	Original from partition p0
DROP TABLE `t1/a\b#2`;
# Same test under LOCK TABLE
CREATE TABLE `t1/a\b#2` (a INT, b VARCHAR(64))
ENGINE = 'InnoDB'
PARTITION BY LIST (a)
(PARTITION p0 VALUES IN (0,1,2,3,4,5,6,7,8,9),
PARTITION p10 VALUES IN (11,12,13,14,15,16,17,18,19));
INSERT INTO `t1/a\b#2` VALUES (1, "Original from partition p0"), (2, "Original from partition p0"), (3, "Original from partition p0"), (4, "Original from partition p0"), (11, "Original from partition p1"), (12, "Original from partition p1"), (13, "Original from partition p1"), (14, "Original from partition p1");
# State before failure
t1@002fa@005cb@00232#P#p0.ibd
t1@002fa@005cb@00232#P#p10.ibd
SHOW CREATE TABLE `t1/a\b#2`;
Table	Create Table
t1/a\b#2	CREATE TABLE `t1/a\b#2` (
  `a` int(11) DEFAULT NULL,
  `b` varchar(64) DEFAULT NULL
) ENGINE=InnoDB DEFAULT CHARSET=latin1
/*!50100 PARTITION BY LIST (a)
(PARTITION p0 VALUES IN (0,1,2,3,4,5,6,7,8,9) ENGINE = InnoDB,
 PARTITION p10 VALUES IN (11,12,13,14,15,16,17,18,19) ENGINE = InnoDB) */
SELECT * FROM `t1/a\b#2`;
a	b
1	Original from partition p0
11	Original from partition p1
12	Original from partition p1
13	Original from partition p1
14	Original from partition p1
2	Original from partition p0
3	Original from partition p0
4	Original from partition p0
LOCK TABLE `t1/a\b#2` WRITE;
ALTER TABLE `t1/a\b#2` ADD PARTITION
(PARTITION p20 VALUES IN (20,21,22,23,24,25,26,27,28,29));
ERROR HY000: Unknown error
# State after failure
t1@002fa@005cb@00232#P#p0.ibd
t1@002fa@005cb@00232#P#p10.ibd
t1@002fa@005cb@00232#P#p20.ibd
SHOW CREATE TABLE `t1/a\b#2`;
Table	Create Table
t1/a\b#2	CREATE TABLE `t1/a\b#2` (
  `a` int(11) DEFAULT NULL,
  `b` varchar(64) DEFAULT NULL
) ENGINE=InnoDB DEFAULT CHARSET=latin1
/*!50100 PARTITION BY LIST (a)
(PARTITION p0 VALUES IN (0,1,2,3,4,5,6,7,8,9) ENGINE = InnoDB,
 PARTITION p10 VALUES IN (11,12,13,14,15,16,17,18,19) ENGINE = InnoDB,
 PARTITION p20 VALUES IN (20,21,22,23,24,25,26,27,28,29) ENGINE = InnoDB) */
SELECT * FROM `t1/a\b#2`;
a	b
1	Original from partition p0
11	Original from partition p1
12	Original from partition p1
13	Original from partition p1
14	Original from partition p1
2	Original from partition p0
3	Original from partition p0
4	Original from partition p0
UNLOCK TABLES;
DROP TABLE `t1/a\b#2`;
SET SESSION debug="-d,fail_add_partition_7";
# Test DROP PARTITION
SET SESSION debug="+d,crash_drop_partition_1";
CREATE TABLE `t1/a\b#2` (a INT, b VARCHAR(64))
ENGINE = 'InnoDB'
PARTITION BY LIST (a)
(PARTITION p0 VALUES IN (0,1,2,3,4,5,6,7,8,9),
PARTITION p10 VALUES IN (11,12,13,14,15,16,17,18,19));
INSERT INTO `t1/a\b#2` VALUES (1, "Original from partition p0"), (2, "Original from partition p0"), (3, "Original from partition p0"), (4, "Original from partition p0"), (11, "Original from partition p1"), (12, "Original from partition p1"), (13, "Original from partition p1"), (14, "Original from partition p1");
# State before crash
t1@002fa@005cb@00232#P#p0.ibd
t1@002fa@005cb@00232#P#p10.ibd
SHOW CREATE TABLE `t1/a\b#2`;
Table	Create Table
t1/a\b#2	CREATE TABLE `t1/a\b#2` (
  `a` int(11) DEFAULT NULL,
  `b` varchar(64) DEFAULT NULL
) ENGINE=InnoDB DEFAULT CHARSET=latin1
/*!50100 PARTITION BY LIST (a)
(PARTITION p0 VALUES IN (0,1,2,3,4,5,6,7,8,9) ENGINE = InnoDB,
 PARTITION p10 VALUES IN (11,12,13,14,15,16,17,18,19) ENGINE = InnoDB) */
SELECT * FROM `t1/a\b#2`;
a	b
1	Original from partition p0
11	Original from partition p1
12	Original from partition p1
13	Original from partition p1
14	Original from partition p1
2	Original from partition p0
3	Original from partition p0
4	Original from partition p0
ALTER TABLE `t1/a\b#2` DROP PARTITION p10;
ERROR HY000: Lost connection to MySQL server during query
# State after crash (before recovery)
t1@002fa@005cb@00232#P#p0.ibd
t1@002fa@005cb@00232#P#p10.ibd
# State after crash recovery
t1@002fa@005cb@00232#P#p0.ibd
t1@002fa@005cb@00232#P#p10.ibd
SHOW CREATE TABLE `t1/a\b#2`;
Table	Create Table
t1/a\b#2	CREATE TABLE `t1/a\b#2` (
  `a` int(11) DEFAULT NULL,
  `b` varchar(64) DEFAULT NULL
) ENGINE=InnoDB DEFAULT CHARSET=latin1
/*!50100 PARTITION BY LIST (a)
(PARTITION p0 VALUES IN (0,1,2,3,4,5,6,7,8,9) ENGINE = InnoDB,
 PARTITION p10 VALUES IN (11,12,13,14,15,16,17,18,19) ENGINE = InnoDB) */
SELECT * FROM `t1/a\b#2`;
a	b
1	Original from partition p0
11	Original from partition p1
12	Original from partition p1
13	Original from partition p1
14	Original from partition p1
2	Original from partition p0
3	Original from partition p0
4	Original from partition p0
DROP TABLE `t1/a\b#2`;
SET SESSION debug="-d,crash_drop_partition_1";
SET SESSION debug="+d,crash_drop_partition_2";
CREATE TABLE `t1/a\b#2` (a INT, b VARCHAR(64))
ENGINE = 'InnoDB'
PARTITION BY LIST (a)
(PARTITION p0 VALUES IN (0,1,2,3,4,5,6,7,8,9),
PARTITION p10 VALUES IN (11,12,13,14,15,16,17,18,19));
INSERT INTO `t1/a\b#2` VALUES (1, "Original from partition p0"), (2, "Original from partition p0"), (3, "Original from partition p0"), (4, "Original from partition p0"), (11, "Original from partition p1"), (12, "Original from partition p1"), (13, "Original from partition p1"), (14, "Original from partition p1");
# State before crash
t1@002fa@005cb@00232#P#p0.ibd
t1@002fa@005cb@00232#P#p10.ibd
SHOW CREATE TABLE `t1/a\b#2`;
Table	Create Table
t1/a\b#2	CREATE TABLE `t1/a\b#2` (
  `a` int(11) DEFAULT NULL,
  `b` varchar(64) DEFAULT NULL
) ENGINE=InnoDB DEFAULT CHARSET=latin1
/*!50100 PARTITION BY LIST (a)
(PARTITION p0 VALUES IN (0,1,2,3,4,5,6,7,8,9) ENGINE = InnoDB,
 PARTITION p10 VALUES IN (11,12,13,14,15,16,17,18,19) ENGINE = InnoDB) */
SELECT * FROM `t1/a\b#2`;
a	b
1	Original from partition p0
11	Original from partition p1
12	Original from partition p1
13	Original from partition p1
14	Original from partition p1
2	Original from partition p0
3	Original from partition p0
4	Original from partition p0
ALTER TABLE `t1/a\b#2` DROP PARTITION p10;
ERROR HY000: Lost connection to MySQL server during query
# State after crash (before recovery)
t1@002fa@005cb@00232#P#p0.ibd
t1@002fa@005cb@00232#P#p10.ibd
# State after crash recovery
t1@002fa@005cb@00232#P#p0.ibd
t1@002fa@005cb@00232#P#p10.ibd
SHOW CREATE TABLE `t1/a\b#2`;
Table	Create Table
t1/a\b#2	CREATE TABLE `t1/a\b#2` (
  `a` int(11) DEFAULT NULL,
  `b` varchar(64) DEFAULT NULL
) ENGINE=InnoDB DEFAULT CHARSET=latin1
/*!50100 PARTITION BY LIST (a)
(PARTITION p0 VALUES IN (0,1,2,3,4,5,6,7,8,9) ENGINE = InnoDB,
 PARTITION p10 VALUES IN (11,12,13,14,15,16,17,18,19) ENGINE = InnoDB) */
SELECT * FROM `t1/a\b#2`;
a	b
1	Original from partition p0
11	Original from partition p1
12	Original from partition p1
13	Original from partition p1
14	Original from partition p1
2	Original from partition p0
3	Original from partition p0
4	Original from partition p0
DROP TABLE `t1/a\b#2`;
SET SESSION debug="-d,crash_drop_partition_2";
SET SESSION debug="+d,crash_drop_partition_3";
CREATE TABLE `t1/a\b#2` (a INT, b VARCHAR(64))
ENGINE = 'InnoDB'
PARTITION BY LIST (a)
(PARTITION p0 VALUES IN (0,1,2,3,4,5,6,7,8,9),
PARTITION p10 VALUES IN (11,12,13,14,15,16,17,18,19));
INSERT INTO `t1/a\b#2` VALUES (1, "Original from partition p0"), (2, "Original from partition p0"), (3, "Original from partition p0"), (4, "Original from partition p0"), (11, "Original from partition p1"), (12, "Original from partition p1"), (13, "Original from partition p1"), (14, "Original from partition p1");
# State before crash
t1@002fa@005cb@00232#P#p0.ibd
t1@002fa@005cb@00232#P#p10.ibd
SHOW CREATE TABLE `t1/a\b#2`;
Table	Create Table
t1/a\b#2	CREATE TABLE `t1/a\b#2` (
  `a` int(11) DEFAULT NULL,
  `b` varchar(64) DEFAULT NULL
) ENGINE=InnoDB DEFAULT CHARSET=latin1
/*!50100 PARTITION BY LIST (a)
(PARTITION p0 VALUES IN (0,1,2,3,4,5,6,7,8,9) ENGINE = InnoDB,
 PARTITION p10 VALUES IN (11,12,13,14,15,16,17,18,19) ENGINE = InnoDB) */
SELECT * FROM `t1/a\b#2`;
a	b
1	Original from partition p0
11	Original from partition p1
12	Original from partition p1
13	Original from partition p1
14	Original from partition p1
2	Original from partition p0
3	Original from partition p0
4	Original from partition p0
ALTER TABLE `t1/a\b#2` DROP PARTITION p10;
ERROR HY000: Lost connection to MySQL server during query
# State after crash (before recovery)
t1@002fa@005cb@00232#P#p0.ibd
t1@002fa@005cb@00232#P#p10.ibd
# State after crash recovery
t1@002fa@005cb@00232#P#p0.ibd
t1@002fa@005cb@00232#P#p10.ibd
SHOW CREATE TABLE `t1/a\b#2`;
Table	Create Table
t1/a\b#2	CREATE TABLE `t1/a\b#2` (
  `a` int(11) DEFAULT NULL,
  `b` varchar(64) DEFAULT NULL
) ENGINE=InnoDB DEFAULT CHARSET=latin1
/*!50100 PARTITION BY LIST (a)
(PARTITION p0 VALUES IN (0,1,2,3,4,5,6,7,8,9) ENGINE = InnoDB,
 PARTITION p10 VALUES IN (11,12,13,14,15,16,17,18,19) ENGINE = InnoDB) */
SELECT * FROM `t1/a\b#2`;
a	b
1	Original from partition p0
11	Original from partition p1
12	Original from partition p1
13	Original from partition p1
14	Original from partition p1
2	Original from partition p0
3	Original from partition p0
4	Original from partition p0
DROP TABLE `t1/a\b#2`;
SET SESSION debug="-d,crash_drop_partition_3";
SET SESSION debug="+d,crash_drop_partition_4";
CREATE TABLE `t1/a\b#2` (a INT, b VARCHAR(64))
ENGINE = 'InnoDB'
PARTITION BY LIST (a)
(PARTITION p0 VALUES IN (0,1,2,3,4,5,6,7,8,9),
PARTITION p10 VALUES IN (11,12,13,14,15,16,17,18,19));
INSERT INTO `t1/a\b#2` VALUES (1, "Original from partition p0"), (2, "Original from partition p0"), (3, "Original from partition p0"), (4, "Original from partition p0"), (11, "Original from partition p1"), (12, "Original from partition p1"), (13, "Original from partition p1"), (14, "Original from partition p1");
# State before crash
t1@002fa@005cb@00232#P#p0.ibd
t1@002fa@005cb@00232#P#p10.ibd
SHOW CREATE TABLE `t1/a\b#2`;
Table	Create Table
t1/a\b#2	CREATE TABLE `t1/a\b#2` (
  `a` int(11) DEFAULT NULL,
  `b` varchar(64) DEFAULT NULL
) ENGINE=InnoDB DEFAULT CHARSET=latin1
/*!50100 PARTITION BY LIST (a)
(PARTITION p0 VALUES IN (0,1,2,3,4,5,6,7,8,9) ENGINE = InnoDB,
 PARTITION p10 VALUES IN (11,12,13,14,15,16,17,18,19) ENGINE = InnoDB) */
SELECT * FROM `t1/a\b#2`;
a	b
1	Original from partition p0
11	Original from partition p1
12	Original from partition p1
13	Original from partition p1
14	Original from partition p1
2	Original from partition p0
3	Original from partition p0
4	Original from partition p0
ALTER TABLE `t1/a\b#2` DROP PARTITION p10;
ERROR HY000: Lost connection to MySQL server during query
# State after crash (before recovery)
t1@002fa@005cb@00232#P#p0.ibd
t1@002fa@005cb@00232#P#p10.ibd
# State after crash recovery
t1@002fa@005cb@00232#P#p0.ibd
SHOW CREATE TABLE `t1/a\b#2`;
Table	Create Table
t1/a\b#2	CREATE TABLE `t1/a\b#2` (
  `a` int(11) DEFAULT NULL,
  `b` varchar(64) DEFAULT NULL
) ENGINE=InnoDB DEFAULT CHARSET=latin1
/*!50100 PARTITION BY LIST (a)
(PARTITION p0 VALUES IN (0,1,2,3,4,5,6,7,8,9) ENGINE = InnoDB) */
SELECT * FROM `t1/a\b#2`;
a	b
1	Original from partition p0
2	Original from partition p0
3	Original from partition p0
4	Original from partition p0
DROP TABLE `t1/a\b#2`;
SET SESSION debug="-d,crash_drop_partition_4";
SET SESSION debug="+d,crash_drop_partition_5";
CREATE TABLE `t1/a\b#2` (a INT, b VARCHAR(64))
ENGINE = 'InnoDB'
PARTITION BY LIST (a)
(PARTITION p0 VALUES IN (0,1,2,3,4,5,6,7,8,9),
PARTITION p10 VALUES IN (11,12,13,14,15,16,17,18,19));
INSERT INTO `t1/a\b#2` VALUES (1, "Original from partition p0"), (2, "Original from partition p0"), (3, "Original from partition p0"), (4, "Original from partition p0"), (11, "Original from partition p1"), (12, "Original from partition p1"), (13, "Original from partition p1"), (14, "Original from partition p1");
# State before crash
t1@002fa@005cb@00232#P#p0.ibd
t1@002fa@005cb@00232#P#p10.ibd
SHOW CREATE TABLE `t1/a\b#2`;
Table	Create Table
t1/a\b#2	CREATE TABLE `t1/a\b#2` (
  `a` int(11) DEFAULT NULL,
  `b` varchar(64) DEFAULT NULL
) ENGINE=InnoDB DEFAULT CHARSET=latin1
/*!50100 PARTITION BY LIST (a)
(PARTITION p0 VALUES IN (0,1,2,3,4,5,6,7,8,9) ENGINE = InnoDB,
 PARTITION p10 VALUES IN (11,12,13,14,15,16,17,18,19) ENGINE = InnoDB) */
SELECT * FROM `t1/a\b#2`;
a	b
1	Original from partition p0
11	Original from partition p1
12	Original from partition p1
13	Original from partition p1
14	Original from partition p1
2	Original from partition p0
3	Original from partition p0
4	Original from partition p0
ALTER TABLE `t1/a\b#2` DROP PARTITION p10;
ERROR HY000: Lost connection to MySQL server during query
# State after crash (before recovery)
t1@002fa@005cb@00232#P#p0.ibd
t1@002fa@005cb@00232#P#p10.ibd
# State after crash recovery
t1@002fa@005cb@00232#P#p0.ibd
SHOW CREATE TABLE `t1/a\b#2`;
Table	Create Table
t1/a\b#2	CREATE TABLE `t1/a\b#2` (
  `a` int(11) DEFAULT NULL,
  `b` varchar(64) DEFAULT NULL
) ENGINE=InnoDB DEFAULT CHARSET=latin1
/*!50100 PARTITION BY LIST (a)
(PARTITION p0 VALUES IN (0,1,2,3,4,5,6,7,8,9) ENGINE = InnoDB) */
SELECT * FROM `t1/a\b#2`;
a	b
1	Original from partition p0
2	Original from partition p0
3	Original from partition p0
4	Original from partition p0
DROP TABLE `t1/a\b#2`;
SET SESSION debug="-d,crash_drop_partition_5";
# Error recovery DROP PARTITION
SET SESSION debug="+d,fail_drop_partition_1";
CREATE TABLE `t1/a\b#2` (a INT, b VARCHAR(64))
ENGINE = 'InnoDB'
PARTITION BY LIST (a)
(PARTITION p0 VALUES IN (0,1,2,3,4,5,6,7,8,9),
PARTITION p10 VALUES IN (11,12,13,14,15,16,17,18,19));
INSERT INTO `t1/a\b#2` VALUES (1, "Original from partition p0"), (2, "Original from partition p0"), (3, "Original from partition p0"), (4, "Original from partition p0"), (11, "Original from partition p1"), (12, "Original from partition p1"), (13, "Original from partition p1"), (14, "Original from partition p1");
# State before failure
t1@002fa@005cb@00232#P#p0.ibd
t1@002fa@005cb@00232#P#p10.ibd
SHOW CREATE TABLE `t1/a\b#2`;
Table	Create Table
t1/a\b#2	CREATE TABLE `t1/a\b#2` (
  `a` int(11) DEFAULT NULL,
  `b` varchar(64) DEFAULT NULL
) ENGINE=InnoDB DEFAULT CHARSET=latin1
/*!50100 PARTITION BY LIST (a)
(PARTITION p0 VALUES IN (0,1,2,3,4,5,6,7,8,9) ENGINE = InnoDB,
 PARTITION p10 VALUES IN (11,12,13,14,15,16,17,18,19) ENGINE = InnoDB) */
SELECT * FROM `t1/a\b#2`;
a	b
1	Original from partition p0
11	Original from partition p1
12	Original from partition p1
13	Original from partition p1
14	Original from partition p1
2	Original from partition p0
3	Original from partition p0
4	Original from partition p0
ALTER TABLE `t1/a\b#2` DROP PARTITION p10;
ERROR HY000: Unknown error
# State after failure
t1@002fa@005cb@00232#P#p0.ibd
t1@002fa@005cb@00232#P#p10.ibd
SHOW CREATE TABLE `t1/a\b#2`;
Table	Create Table
t1/a\b#2	CREATE TABLE `t1/a\b#2` (
  `a` int(11) DEFAULT NULL,
  `b` varchar(64) DEFAULT NULL
) ENGINE=InnoDB DEFAULT CHARSET=latin1
/*!50100 PARTITION BY LIST (a)
(PARTITION p0 VALUES IN (0,1,2,3,4,5,6,7,8,9) ENGINE = InnoDB,
 PARTITION p10 VALUES IN (11,12,13,14,15,16,17,18,19) ENGINE = InnoDB) */
SELECT * FROM `t1/a\b#2`;
a	b
1	Original from partition p0
11	Original from partition p1
12	Original from partition p1
13	Original from partition p1
14	Original from partition p1
2	Original from partition p0
3	Original from partition p0
4	Original from partition p0
DROP TABLE `t1/a\b#2`;
# Same test under LOCK TABLE
CREATE TABLE `t1/a\b#2` (a INT, b VARCHAR(64))
ENGINE = 'InnoDB'
PARTITION BY LIST (a)
(PARTITION p0 VALUES IN (0,1,2,3,4,5,6,7,8,9),
PARTITION p10 VALUES IN (11,12,13,14,15,16,17,18,19));
INSERT INTO `t1/a\b#2` VALUES (1, "Original from partition p0"), (2, "Original from partition p0"), (3, "Original from partition p0"), (4, "Original from partition p0"), (11, "Original from partition p1"), (12, "Original from partition p1"), (13, "Original from partition p1"), (14, "Original from partition p1");
# State before failure
t1@002fa@005cb@00232#P#p0.ibd
t1@002fa@005cb@00232#P#p10.ibd
SHOW CREATE TABLE `t1/a\b#2`;
Table	Create Table
t1/a\b#2	CREATE TABLE `t1/a\b#2` (
  `a` int(11) DEFAULT NULL,
  `b` varchar(64) DEFAULT NULL
) ENGINE=InnoDB DEFAULT CHARSET=latin1
/*!50100 PARTITION BY LIST (a)
(PARTITION p0 VALUES IN (0,1,2,3,4,5,6,7,8,9) ENGINE = InnoDB,
 PARTITION p10 VALUES IN (11,12,13,14,15,16,17,18,19) ENGINE = InnoDB) */
SELECT * FROM `t1/a\b#2`;
a	b
1	Original from partition p0
11	Original from partition p1
12	Original from partition p1
13	Original from partition p1
14	Original from partition p1
2	Original from partition p0
3	Original from partition p0
4	Original from partition p0
LOCK TABLE `t1/a\b#2` WRITE;
ALTER TABLE `t1/a\b#2` DROP PARTITION p10;
ERROR HY000: Unknown error
# State after failure
t1@002fa@005cb@00232#P#p0.ibd
t1@002fa@005cb@00232#P#p10.ibd
SHOW CREATE TABLE `t1/a\b#2`;
Table	Create Table
t1/a\b#2	CREATE TABLE `t1/a\b#2` (
  `a` int(11) DEFAULT NULL,
  `b` varchar(64) DEFAULT NULL
) ENGINE=InnoDB DEFAULT CHARSET=latin1
/*!50100 PARTITION BY LIST (a)
(PARTITION p0 VALUES IN (0,1,2,3,4,5,6,7,8,9) ENGINE = InnoDB,
 PARTITION p10 VALUES IN (11,12,13,14,15,16,17,18,19) ENGINE = InnoDB) */
SELECT * FROM `t1/a\b#2`;
a	b
1	Original from partition p0
11	Original from partition p1
12	Original from partition p1
13	Original from partition p1
14	Original from partition p1
2	Original from partition p0
3	Original from partition p0
4	Original from partition p0
UNLOCK TABLES;
DROP TABLE `t1/a\b#2`;
SET SESSION debug="-d,fail_drop_partition_1";
SET SESSION debug="+d,fail_drop_partition_2";
CREATE TABLE `t1/a\b#2` (a INT, b VARCHAR(64))
ENGINE = 'InnoDB'
PARTITION BY LIST (a)
(PARTITION p0 VALUES IN (0,1,2,3,4,5,6,7,8,9),
PARTITION p10 VALUES IN (11,12,13,14,15,16,17,18,19));
INSERT INTO `t1/a\b#2` VALUES (1, "Original from partition p0"), (2, "Original from partition p0"), (3, "Original from partition p0"), (4, "Original from partition p0"), (11, "Original from partition p1"), (12, "Original from partition p1"), (13, "Original from partition p1"), (14, "Original from partition p1");
# State before failure
t1@002fa@005cb@00232#P#p0.ibd
t1@002fa@005cb@00232#P#p10.ibd
SHOW CREATE TABLE `t1/a\b#2`;
Table	Create Table
t1/a\b#2	CREATE TABLE `t1/a\b#2` (
  `a` int(11) DEFAULT NULL,
  `b` varchar(64) DEFAULT NULL
) ENGINE=InnoDB DEFAULT CHARSET=latin1
/*!50100 PARTITION BY LIST (a)
(PARTITION p0 VALUES IN (0,1,2,3,4,5,6,7,8,9) ENGINE = InnoDB,
 PARTITION p10 VALUES IN (11,12,13,14,15,16,17,18,19) ENGINE = InnoDB) */
SELECT * FROM `t1/a\b#2`;
a	b
1	Original from partition p0
11	Original from partition p1
12	Original from partition p1
13	Original from partition p1
14	Original from partition p1
2	Original from partition p0
3	Original from partition p0
4	Original from partition p0
ALTER TABLE `t1/a\b#2` DROP PARTITION p10;
ERROR HY000: Unknown error
# State after failure
t1@002fa@005cb@00232#P#p0.ibd
t1@002fa@005cb@00232#P#p10.ibd
SHOW CREATE TABLE `t1/a\b#2`;
Table	Create Table
t1/a\b#2	CREATE TABLE `t1/a\b#2` (
  `a` int(11) DEFAULT NULL,
  `b` varchar(64) DEFAULT NULL
) ENGINE=InnoDB DEFAULT CHARSET=latin1
/*!50100 PARTITION BY LIST (a)
(PARTITION p0 VALUES IN (0,1,2,3,4,5,6,7,8,9) ENGINE = InnoDB,
 PARTITION p10 VALUES IN (11,12,13,14,15,16,17,18,19) ENGINE = InnoDB) */
SELECT * FROM `t1/a\b#2`;
a	b
1	Original from partition p0
11	Original from partition p1
12	Original from partition p1
13	Original from partition p1
14	Original from partition p1
2	Original from partition p0
3	Original from partition p0
4	Original from partition p0
DROP TABLE `t1/a\b#2`;
# Same test under LOCK TABLE
CREATE TABLE `t1/a\b#2` (a INT, b VARCHAR(64))
ENGINE = 'InnoDB'
PARTITION BY LIST (a)
(PARTITION p0 VALUES IN (0,1,2,3,4,5,6,7,8,9),
PARTITION p10 VALUES IN (11,12,13,14,15,16,17,18,19));
INSERT INTO `t1/a\b#2` VALUES (1, "Original from partition p0"), (2, "Original from partition p0"), (3, "Original from partition p0"), (4, "Original from partition p0"), (11, "Original from partition p1"), (12, "Original from partition p1"), (13, "Original from partition p1"), (14, "Original from partition p1");
# State before failure
t1@002fa@005cb@00232#P#p0.ibd
t1@002fa@005cb@00232#P#p10.ibd
SHOW CREATE TABLE `t1/a\b#2`;
Table	Create Table
t1/a\b#2	CREATE TABLE `t1/a\b#2` (
  `a` int(11) DEFAULT NULL,
  `b` varchar(64) DEFAULT NULL
) ENGINE=InnoDB DEFAULT CHARSET=latin1
/*!50100 PARTITION BY LIST (a)
(PARTITION p0 VALUES IN (0,1,2,3,4,5,6,7,8,9) ENGINE = InnoDB,
 PARTITION p10 VALUES IN (11,12,13,14,15,16,17,18,19) ENGINE = InnoDB) */
SELECT * FROM `t1/a\b#2`;
a	b
1	Original from partition p0
11	Original from partition p1
12	Original from partition p1
13	Original from partition p1
14	Original from partition p1
2	Original from partition p0
3	Original from partition p0
4	Original from partition p0
LOCK TABLE `t1/a\b#2` WRITE;
ALTER TABLE `t1/a\b#2` DROP PARTITION p10;
ERROR HY000: Unknown error
# State after failure
t1@002fa@005cb@00232#P#p0.ibd
t1@002fa@005cb@00232#P#p10.ibd
SHOW CREATE TABLE `t1/a\b#2`;
Table	Create Table
t1/a\b#2	CREATE TABLE `t1/a\b#2` (
  `a` int(11) DEFAULT NULL,
  `b` varchar(64) DEFAULT NULL
) ENGINE=InnoDB DEFAULT CHARSET=latin1
/*!50100 PARTITION BY LIST (a)
(PARTITION p0 VALUES IN (0,1,2,3,4,5,6,7,8,9) ENGINE = InnoDB,
 PARTITION p10 VALUES IN (11,12,13,14,15,16,17,18,19) ENGINE = InnoDB) */
SELECT * FROM `t1/a\b#2`;
a	b
1	Original from partition p0
11	Original from partition p1
12	Original from partition p1
13	Original from partition p1
14	Original from partition p1
2	Original from partition p0
3	Original from partition p0
4	Original from partition p0
UNLOCK TABLES;
DROP TABLE `t1/a\b#2`;
SET SESSION debug="-d,fail_drop_partition_2";
SET SESSION debug="+d,fail_drop_partition_3";
CREATE TABLE `t1/a\b#2` (a INT, b VARCHAR(64))
ENGINE = 'InnoDB'
PARTITION BY LIST (a)
(PARTITION p0 VALUES IN (0,1,2,3,4,5,6,7,8,9),
PARTITION p10 VALUES IN (11,12,13,14,15,16,17,18,19));
INSERT INTO `t1/a\b#2` VALUES (1, "Original from partition p0"), (2, "Original from partition p0"), (3, "Original from partition p0"), (4, "Original from partition p0"), (11, "Original from partition p1"), (12, "Original from partition p1"), (13, "Original from partition p1"), (14, "Original from partition p1");
# State before failure
t1@002fa@005cb@00232#P#p0.ibd
t1@002fa@005cb@00232#P#p10.ibd
SHOW CREATE TABLE `t1/a\b#2`;
Table	Create Table
t1/a\b#2	CREATE TABLE `t1/a\b#2` (
  `a` int(11) DEFAULT NULL,
  `b` varchar(64) DEFAULT NULL
) ENGINE=InnoDB DEFAULT CHARSET=latin1
/*!50100 PARTITION BY LIST (a)
(PARTITION p0 VALUES IN (0,1,2,3,4,5,6,7,8,9) ENGINE = InnoDB,
 PARTITION p10 VALUES IN (11,12,13,14,15,16,17,18,19) ENGINE = InnoDB) */
SELECT * FROM `t1/a\b#2`;
a	b
1	Original from partition p0
11	Original from partition p1
12	Original from partition p1
13	Original from partition p1
14	Original from partition p1
2	Original from partition p0
3	Original from partition p0
4	Original from partition p0
ALTER TABLE `t1/a\b#2` DROP PARTITION p10;
ERROR HY000: Unknown error
# State after failure
t1@002fa@005cb@00232#P#p0.ibd
t1@002fa@005cb@00232#P#p10.ibd
SHOW CREATE TABLE `t1/a\b#2`;
Table	Create Table
t1/a\b#2	CREATE TABLE `t1/a\b#2` (
  `a` int(11) DEFAULT NULL,
  `b` varchar(64) DEFAULT NULL
) ENGINE=InnoDB DEFAULT CHARSET=latin1
/*!50100 PARTITION BY LIST (a)
(PARTITION p0 VALUES IN (0,1,2,3,4,5,6,7,8,9) ENGINE = InnoDB,
 PARTITION p10 VALUES IN (11,12,13,14,15,16,17,18,19) ENGINE = InnoDB) */
SELECT * FROM `t1/a\b#2`;
a	b
1	Original from partition p0
11	Original from partition p1
12	Original from partition p1
13	Original from partition p1
14	Original from partition p1
2	Original from partition p0
3	Original from partition p0
4	Original from partition p0
DROP TABLE `t1/a\b#2`;
# Same test under LOCK TABLE
CREATE TABLE `t1/a\b#2` (a INT, b VARCHAR(64))
ENGINE = 'InnoDB'
PARTITION BY LIST (a)
(PARTITION p0 VALUES IN (0,1,2,3,4,5,6,7,8,9),
PARTITION p10 VALUES IN (11,12,13,14,15,16,17,18,19));
INSERT INTO `t1/a\b#2` VALUES (1, "Original from partition p0"), (2, "Original from partition p0"), (3, "Original from partition p0"), (4, "Original from partition p0"), (11, "Original from partition p1"), (12, "Original from partition p1"), (13, "Original from partition p1"), (14, "Original from partition p1");
# State before failure
t1@002fa@005cb@00232#P#p0.ibd
t1@002fa@005cb@00232#P#p10.ibd
SHOW CREATE TABLE `t1/a\b#2`;
Table	Create Table
t1/a\b#2	CREATE TABLE `t1/a\b#2` (
  `a` int(11) DEFAULT NULL,
  `b` varchar(64) DEFAULT NULL
) ENGINE=InnoDB DEFAULT CHARSET=latin1
/*!50100 PARTITION BY LIST (a)
(PARTITION p0 VALUES IN (0,1,2,3,4,5,6,7,8,9) ENGINE = InnoDB,
 PARTITION p10 VALUES IN (11,12,13,14,15,16,17,18,19) ENGINE = InnoDB) */
SELECT * FROM `t1/a\b#2`;
a	b
1	Original from partition p0
11	Original from partition p1
12	Original from partition p1
13	Original from partition p1
14	Original from partition p1
2	Original from partition p0
3	Original from partition p0
4	Original from partition p0
LOCK TABLE `t1/a\b#2` WRITE;
ALTER TABLE `t1/a\b#2` DROP PARTITION p10;
ERROR HY000: Unknown error
# State after failure
t1@002fa@005cb@00232#P#p0.ibd
t1@002fa@005cb@00232#P#p10.ibd
SHOW CREATE TABLE `t1/a\b#2`;
Table	Create Table
t1/a\b#2	CREATE TABLE `t1/a\b#2` (
  `a` int(11) DEFAULT NULL,
  `b` varchar(64) DEFAULT NULL
) ENGINE=InnoDB DEFAULT CHARSET=latin1
/*!50100 PARTITION BY LIST (a)
(PARTITION p0 VALUES IN (0,1,2,3,4,5,6,7,8,9) ENGINE = InnoDB,
 PARTITION p10 VALUES IN (11,12,13,14,15,16,17,18,19) ENGINE = InnoDB) */
SELECT * FROM `t1/a\b#2`;
a	b
1	Original from partition p0
11	Original from partition p1
12	Original from partition p1
13	Original from partition p1
14	Original from partition p1
2	Original from partition p0
3	Original from partition p0
4	Original from partition p0
UNLOCK TABLES;
DROP TABLE `t1/a\b#2`;
SET SESSION debug="-d,fail_drop_partition_3";
SET SESSION debug="+d,fail_drop_partition_4";
CREATE TABLE `t1/a\b#2` (a INT, b VARCHAR(64))
ENGINE = 'InnoDB'
PARTITION BY LIST (a)
(PARTITION p0 VALUES IN (0,1,2,3,4,5,6,7,8,9),
PARTITION p10 VALUES IN (11,12,13,14,15,16,17,18,19));
INSERT INTO `t1/a\b#2` VALUES (1, "Original from partition p0"), (2, "Original from partition p0"), (3, "Original from partition p0"), (4, "Original from partition p0"), (11, "Original from partition p1"), (12, "Original from partition p1"), (13, "Original from partition p1"), (14, "Original from partition p1");
# State before failure
t1@002fa@005cb@00232#P#p0.ibd
t1@002fa@005cb@00232#P#p10.ibd
SHOW CREATE TABLE `t1/a\b#2`;
Table	Create Table
t1/a\b#2	CREATE TABLE `t1/a\b#2` (
  `a` int(11) DEFAULT NULL,
  `b` varchar(64) DEFAULT NULL
) ENGINE=InnoDB DEFAULT CHARSET=latin1
/*!50100 PARTITION BY LIST (a)
(PARTITION p0 VALUES IN (0,1,2,3,4,5,6,7,8,9) ENGINE = InnoDB,
 PARTITION p10 VALUES IN (11,12,13,14,15,16,17,18,19) ENGINE = InnoDB) */
SELECT * FROM `t1/a\b#2`;
a	b
1	Original from partition p0
11	Original from partition p1
12	Original from partition p1
13	Original from partition p1
14	Original from partition p1
2	Original from partition p0
3	Original from partition p0
4	Original from partition p0
ALTER TABLE `t1/a\b#2` DROP PARTITION p10;
ERROR HY000: Unknown error
# State after failure
t1@002fa@005cb@00232#P#p0.ibd
SHOW CREATE TABLE `t1/a\b#2`;
Table	Create Table
t1/a\b#2	CREATE TABLE `t1/a\b#2` (
  `a` int(11) DEFAULT NULL,
  `b` varchar(64) DEFAULT NULL
) ENGINE=InnoDB DEFAULT CHARSET=latin1
/*!50100 PARTITION BY LIST (a)
(PARTITION p0 VALUES IN (0,1,2,3,4,5,6,7,8,9) ENGINE = InnoDB) */
SELECT * FROM `t1/a\b#2`;
a	b
1	Original from partition p0
2	Original from partition p0
3	Original from partition p0
4	Original from partition p0
DROP TABLE `t1/a\b#2`;
# Same test under LOCK TABLE
CREATE TABLE `t1/a\b#2` (a INT, b VARCHAR(64))
ENGINE = 'InnoDB'
PARTITION BY LIST (a)
(PARTITION p0 VALUES IN (0,1,2,3,4,5,6,7,8,9),
PARTITION p10 VALUES IN (11,12,13,14,15,16,17,18,19));
INSERT INTO `t1/a\b#2` VALUES (1, "Original from partition p0"), (2, "Original from partition p0"), (3, "Original from partition p0"), (4, "Original from partition p0"), (11, "Original from partition p1"), (12, "Original from partition p1"), (13, "Original from partition p1"), (14, "Original from partition p1");
# State before failure
t1@002fa@005cb@00232#P#p0.ibd
t1@002fa@005cb@00232#P#p10.ibd
SHOW CREATE TABLE `t1/a\b#2`;
Table	Create Table
t1/a\b#2	CREATE TABLE `t1/a\b#2` (
  `a` int(11) DEFAULT NULL,
  `b` varchar(64) DEFAULT NULL
) ENGINE=InnoDB DEFAULT CHARSET=latin1
/*!50100 PARTITION BY LIST (a)
(PARTITION p0 VALUES IN (0,1,2,3,4,5,6,7,8,9) ENGINE = InnoDB,
 PARTITION p10 VALUES IN (11,12,13,14,15,16,17,18,19) ENGINE = InnoDB) */
SELECT * FROM `t1/a\b#2`;
a	b
1	Original from partition p0
11	Original from partition p1
12	Original from partition p1
13	Original from partition p1
14	Original from partition p1
2	Original from partition p0
3	Original from partition p0
4	Original from partition p0
LOCK TABLE `t1/a\b#2` WRITE;
ALTER TABLE `t1/a\b#2` DROP PARTITION p10;
ERROR HY000: Unknown error
# State after failure
t1@002fa@005cb@00232#P#p0.ibd
SHOW CREATE TABLE `t1/a\b#2`;
Table	Create Table
t1/a\b#2	CREATE TABLE `t1/a\b#2` (
  `a` int(11) DEFAULT NULL,
  `b` varchar(64) DEFAULT NULL
) ENGINE=InnoDB DEFAULT CHARSET=latin1
/*!50100 PARTITION BY LIST (a)
(PARTITION p0 VALUES IN (0,1,2,3,4,5,6,7,8,9) ENGINE = InnoDB) */
SELECT * FROM `t1/a\b#2`;
a	b
1	Original from partition p0
2	Original from partition p0
3	Original from partition p0
4	Original from partition p0
UNLOCK TABLES;
DROP TABLE `t1/a\b#2`;
SET SESSION debug="-d,fail_drop_partition_4";
SET SESSION debug="+d,fail_drop_partition_5";
CREATE TABLE `t1/a\b#2` (a INT, b VARCHAR(64))
ENGINE = 'InnoDB'
PARTITION BY LIST (a)
(PARTITION p0 VALUES IN (0,1,2,3,4,5,6,7,8,9),
PARTITION p10 VALUES IN (11,12,13,14,15,16,17,18,19));
INSERT INTO `t1/a\b#2` VALUES (1, "Original from partition p0"), (2, "Original from partition p0"), (3, "Original from partition p0"), (4, "Original from partition p0"), (11, "Original from partition p1"), (12, "Original from partition p1"), (13, "Original from partition p1"), (14, "Original from partition p1");
# State before failure
t1@002fa@005cb@00232#P#p0.ibd
t1@002fa@005cb@00232#P#p10.ibd
SHOW CREATE TABLE `t1/a\b#2`;
Table	Create Table
t1/a\b#2	CREATE TABLE `t1/a\b#2` (
  `a` int(11) DEFAULT NULL,
  `b` varchar(64) DEFAULT NULL
) ENGINE=InnoDB DEFAULT CHARSET=latin1
/*!50100 PARTITION BY LIST (a)
(PARTITION p0 VALUES IN (0,1,2,3,4,5,6,7,8,9) ENGINE = InnoDB,
 PARTITION p10 VALUES IN (11,12,13,14,15,16,17,18,19) ENGINE = InnoDB) */
SELECT * FROM `t1/a\b#2`;
a	b
1	Original from partition p0
11	Original from partition p1
12	Original from partition p1
13	Original from partition p1
14	Original from partition p1
2	Original from partition p0
3	Original from partition p0
4	Original from partition p0
ALTER TABLE `t1/a\b#2` DROP PARTITION p10;
ERROR HY000: Unknown error
# State after failure
t1@002fa@005cb@00232#P#p0.ibd
SHOW CREATE TABLE `t1/a\b#2`;
Table	Create Table
t1/a\b#2	CREATE TABLE `t1/a\b#2` (
  `a` int(11) DEFAULT NULL,
  `b` varchar(64) DEFAULT NULL
) ENGINE=InnoDB DEFAULT CHARSET=latin1
/*!50100 PARTITION BY LIST (a)
(PARTITION p0 VALUES IN (0,1,2,3,4,5,6,7,8,9) ENGINE = InnoDB) */
SELECT * FROM `t1/a\b#2`;
a	b
1	Original from partition p0
2	Original from partition p0
3	Original from partition p0
4	Original from partition p0
DROP TABLE `t1/a\b#2`;
# Same test under LOCK TABLE
CREATE TABLE `t1/a\b#2` (a INT, b VARCHAR(64))
ENGINE = 'InnoDB'
PARTITION BY LIST (a)
(PARTITION p0 VALUES IN (0,1,2,3,4,5,6,7,8,9),
PARTITION p10 VALUES IN (11,12,13,14,15,16,17,18,19));
INSERT INTO `t1/a\b#2` VALUES (1, "Original from partition p0"), (2, "Original from partition p0"), (3, "Original from partition p0"), (4, "Original from partition p0"), (11, "Original from partition p1"), (12, "Original from partition p1"), (13, "Original from partition p1"), (14, "Original from partition p1");
# State before failure
t1@002fa@005cb@00232#P#p0.ibd
t1@002fa@005cb@00232#P#p10.ibd
SHOW CREATE TABLE `t1/a\b#2`;
Table	Create Table
t1/a\b#2	CREATE TABLE `t1/a\b#2` (
  `a` int(11) DEFAULT NULL,
  `b` varchar(64) DEFAULT NULL
) ENGINE=InnoDB DEFAULT CHARSET=latin1
/*!50100 PARTITION BY LIST (a)
(PARTITION p0 VALUES IN (0,1,2,3,4,5,6,7,8,9) ENGINE = InnoDB,
 PARTITION p10 VALUES IN (11,12,13,14,15,16,17,18,19) ENGINE = InnoDB) */
SELECT * FROM `t1/a\b#2`;
a	b
1	Original from partition p0
11	Original from partition p1
12	Original from partition p1
13	Original from partition p1
14	Original from partition p1
2	Original from partition p0
3	Original from partition p0
4	Original from partition p0
LOCK TABLE `t1/a\b#2` WRITE;
ALTER TABLE `t1/a\b#2` DROP PARTITION p10;
ERROR HY000: Unknown error
# State after failure
t1@002fa@005cb@00232#P#p0.ibd
SHOW CREATE TABLE `t1/a\b#2`;
Table	Create Table
t1/a\b#2	CREATE TABLE `t1/a\b#2` (
  `a` int(11) DEFAULT NULL,
  `b` varchar(64) DEFAULT NULL
) ENGINE=InnoDB DEFAULT CHARSET=latin1
/*!50100 PARTITION BY LIST (a)
(PARTITION p0 VALUES IN (0,1,2,3,4,5,6,7,8,9) ENGINE = InnoDB) */
SELECT * FROM `t1/a\b#2`;
a	b
1	Original from partition p0
2	Original from partition p0
3	Original from partition p0
4	Original from partition p0
UNLOCK TABLES;
DROP TABLE `t1/a\b#2`;
SET SESSION debug="-d,fail_drop_partition_5";
#
# Test without crash/failure injection
#
CREATE TABLE `t1/a\b#2` (a INT, b VARCHAR(64))
ENGINE = 'InnoDB'
PARTITION BY LIST (a)
(PARTITION p0 VALUES IN (0,1,2,3,4,5,6,7,8,9),
PARTITION p10 VALUES IN (11,12,13,14,15,16,17,18,19));
INSERT INTO `t1/a\b#2` VALUES (1, "Original from partition p0"), (2, "Original from partition p0"), (3, "Original from partition p0"), (4, "Original from partition p0"), (11, "Original from partition p1"), (12, "Original from partition p1"), (13, "Original from partition p1"), (14, "Original from partition p1");
# State before statement
t1@002fa@005cb@00232#P#p0.ibd
t1@002fa@005cb@00232#P#p10.ibd
SHOW CREATE TABLE `t1/a\b#2`;
Table	Create Table
t1/a\b#2	CREATE TABLE `t1/a\b#2` (
  `a` int(11) DEFAULT NULL,
  `b` varchar(64) DEFAULT NULL
) ENGINE=InnoDB DEFAULT CHARSET=latin1
/*!50100 PARTITION BY LIST (a)
(PARTITION p0 VALUES IN (0,1,2,3,4,5,6,7,8,9) ENGINE = InnoDB,
 PARTITION p10 VALUES IN (11,12,13,14,15,16,17,18,19) ENGINE = InnoDB) */
SELECT * FROM `t1/a\b#2`;
a	b
1	Original from partition p0
11	Original from partition p1
12	Original from partition p1
13	Original from partition p1
14	Original from partition p1
2	Original from partition p0
3	Original from partition p0
4	Original from partition p0
ALTER TABLE `t1/a\b#2` REORGANIZE PARTITION p10 INTO
(PARTITION p10 VALUES IN (10,11,12,13,14,15,16,17,18,19),
PARTITION p20 VALUES IN (20,21,22,23,24,25,26,27,28,29));
# State after statement
t1@002fa@005cb@00232#P#p0.ibd
t1@002fa@005cb@00232#P#p10.ibd
t1@002fa@005cb@00232#P#p20.ibd
SHOW CREATE TABLE `t1/a\b#2`;
Table	Create Table
t1/a\b#2	CREATE TABLE `t1/a\b#2` (
  `a` int(11) DEFAULT NULL,
  `b` varchar(64) DEFAULT NULL
) ENGINE=InnoDB DEFAULT CHARSET=latin1
/*!50100 PARTITION BY LIST (a)
(PARTITION p0 VALUES IN (0,1,2,3,4,5,6,7,8,9) ENGINE = InnoDB,
 PARTITION p10 VALUES IN (10,11,12,13,14,15,16,17,18,19) ENGINE = InnoDB,
 PARTITION p20 VALUES IN (20,21,22,23,24,25,26,27,28,29) ENGINE = InnoDB) */
SELECT * FROM `t1/a\b#2`;
a	b
1	Original from partition p0
11	Original from partition p1
12	Original from partition p1
13	Original from partition p1
14	Original from partition p1
2	Original from partition p0
3	Original from partition p0
4	Original from partition p0
DROP TABLE `t1/a\b#2`;
# Test change partition (REORGANIZE/REBUILD/COALESCE
# or ADD HASH PARTITION).
SET SESSION debug="+d,crash_change_partition_1";
CREATE TABLE `t1/a\b#2` (a INT, b VARCHAR(64))
ENGINE = 'InnoDB'
PARTITION BY LIST (a)
(PARTITION p0 VALUES IN (0,1,2,3,4,5,6,7,8,9),
PARTITION p10 VALUES IN (11,12,13,14,15,16,17,18,19));
INSERT INTO `t1/a\b#2` VALUES (1, "Original from partition p0"), (2, "Original from partition p0"), (3, "Original from partition p0"), (4, "Original from partition p0"), (11, "Original from partition p1"), (12, "Original from partition p1"), (13, "Original from partition p1"), (14, "Original from partition p1");
# State before crash
t1@002fa@005cb@00232#P#p0.ibd
t1@002fa@005cb@00232#P#p10.ibd
SHOW CREATE TABLE `t1/a\b#2`;
Table	Create Table
t1/a\b#2	CREATE TABLE `t1/a\b#2` (
  `a` int(11) DEFAULT NULL,
  `b` varchar(64) DEFAULT NULL
) ENGINE=InnoDB DEFAULT CHARSET=latin1
/*!50100 PARTITION BY LIST (a)
(PARTITION p0 VALUES IN (0,1,2,3,4,5,6,7,8,9) ENGINE = InnoDB,
 PARTITION p10 VALUES IN (11,12,13,14,15,16,17,18,19) ENGINE = InnoDB) */
SELECT * FROM `t1/a\b#2`;
a	b
1	Original from partition p0
11	Original from partition p1
12	Original from partition p1
13	Original from partition p1
14	Original from partition p1
2	Original from partition p0
3	Original from partition p0
4	Original from partition p0
ALTER TABLE `t1/a\b#2` REORGANIZE PARTITION p10 INTO
(PARTITION p10 VALUES IN (10,11,12,13,14,15,16,17,18,19),
PARTITION p20 VALUES IN (20,21,22,23,24,25,26,27,28,29));
ERROR HY000: Lost connection to MySQL server during query
# State after crash (before recovery)
t1@002fa@005cb@00232#P#p0.ibd
t1@002fa@005cb@00232#P#p10.ibd
# State after crash recovery
t1@002fa@005cb@00232#P#p0.ibd
t1@002fa@005cb@00232#P#p10.ibd
SHOW CREATE TABLE `t1/a\b#2`;
Table	Create Table
t1/a\b#2	CREATE TABLE `t1/a\b#2` (
  `a` int(11) DEFAULT NULL,
  `b` varchar(64) DEFAULT NULL
) ENGINE=InnoDB DEFAULT CHARSET=latin1
/*!50100 PARTITION BY LIST (a)
(PARTITION p0 VALUES IN (0,1,2,3,4,5,6,7,8,9) ENGINE = InnoDB,
 PARTITION p10 VALUES IN (11,12,13,14,15,16,17,18,19) ENGINE = InnoDB) */
SELECT * FROM `t1/a\b#2`;
a	b
1	Original from partition p0
11	Original from partition p1
12	Original from partition p1
13	Original from partition p1
14	Original from partition p1
2	Original from partition p0
3	Original from partition p0
4	Original from partition p0
DROP TABLE `t1/a\b#2`;
SET SESSION debug="-d,crash_change_partition_1";
SET SESSION debug="+d,crash_change_partition_2";
CREATE TABLE `t1/a\b#2` (a INT, b VARCHAR(64))
ENGINE = 'InnoDB'
PARTITION BY LIST (a)
(PARTITION p0 VALUES IN (0,1,2,3,4,5,6,7,8,9),
PARTITION p10 VALUES IN (11,12,13,14,15,16,17,18,19));
INSERT INTO `t1/a\b#2` VALUES (1, "Original from partition p0"), (2, "Original from partition p0"), (3, "Original from partition p0"), (4, "Original from partition p0"), (11, "Original from partition p1"), (12, "Original from partition p1"), (13, "Original from partition p1"), (14, "Original from partition p1");
# State before crash
t1@002fa@005cb@00232#P#p0.ibd
t1@002fa@005cb@00232#P#p10.ibd
SHOW CREATE TABLE `t1/a\b#2`;
Table	Create Table
t1/a\b#2	CREATE TABLE `t1/a\b#2` (
  `a` int(11) DEFAULT NULL,
  `b` varchar(64) DEFAULT NULL
) ENGINE=InnoDB DEFAULT CHARSET=latin1
/*!50100 PARTITION BY LIST (a)
(PARTITION p0 VALUES IN (0,1,2,3,4,5,6,7,8,9) ENGINE = InnoDB,
 PARTITION p10 VALUES IN (11,12,13,14,15,16,17,18,19) ENGINE = InnoDB) */
SELECT * FROM `t1/a\b#2`;
a	b
1	Original from partition p0
11	Original from partition p1
12	Original from partition p1
13	Original from partition p1
14	Original from partition p1
2	Original from partition p0
3	Original from partition p0
4	Original from partition p0
ALTER TABLE `t1/a\b#2` REORGANIZE PARTITION p10 INTO
(PARTITION p10 VALUES IN (10,11,12,13,14,15,16,17,18,19),
PARTITION p20 VALUES IN (20,21,22,23,24,25,26,27,28,29));
ERROR HY000: Lost connection to MySQL server during query
# State after crash (before recovery)
t1@002fa@005cb@00232#P#p0.ibd
t1@002fa@005cb@00232#P#p10.ibd
# State after crash recovery
t1@002fa@005cb@00232#P#p0.ibd
t1@002fa@005cb@00232#P#p10.ibd
SHOW CREATE TABLE `t1/a\b#2`;
Table	Create Table
t1/a\b#2	CREATE TABLE `t1/a\b#2` (
  `a` int(11) DEFAULT NULL,
  `b` varchar(64) DEFAULT NULL
) ENGINE=InnoDB DEFAULT CHARSET=latin1
/*!50100 PARTITION BY LIST (a)
(PARTITION p0 VALUES IN (0,1,2,3,4,5,6,7,8,9) ENGINE = InnoDB,
 PARTITION p10 VALUES IN (11,12,13,14,15,16,17,18,19) ENGINE = InnoDB) */
SELECT * FROM `t1/a\b#2`;
a	b
1	Original from partition p0
11	Original from partition p1
12	Original from partition p1
13	Original from partition p1
14	Original from partition p1
2	Original from partition p0
3	Original from partition p0
4	Original from partition p0
DROP TABLE `t1/a\b#2`;
SET SESSION debug="-d,crash_change_partition_2";
SET SESSION debug="+d,crash_change_partition_3";
CREATE TABLE `t1/a\b#2` (a INT, b VARCHAR(64))
ENGINE = 'InnoDB'
PARTITION BY LIST (a)
(PARTITION p0 VALUES IN (0,1,2,3,4,5,6,7,8,9),
PARTITION p10 VALUES IN (11,12,13,14,15,16,17,18,19));
INSERT INTO `t1/a\b#2` VALUES (1, "Original from partition p0"), (2, "Original from partition p0"), (3, "Original from partition p0"), (4, "Original from partition p0"), (11, "Original from partition p1"), (12, "Original from partition p1"), (13, "Original from partition p1"), (14, "Original from partition p1");
# State before crash
t1@002fa@005cb@00232#P#p0.ibd
t1@002fa@005cb@00232#P#p10.ibd
SHOW CREATE TABLE `t1/a\b#2`;
Table	Create Table
t1/a\b#2	CREATE TABLE `t1/a\b#2` (
  `a` int(11) DEFAULT NULL,
  `b` varchar(64) DEFAULT NULL
) ENGINE=InnoDB DEFAULT CHARSET=latin1
/*!50100 PARTITION BY LIST (a)
(PARTITION p0 VALUES IN (0,1,2,3,4,5,6,7,8,9) ENGINE = InnoDB,
 PARTITION p10 VALUES IN (11,12,13,14,15,16,17,18,19) ENGINE = InnoDB) */
SELECT * FROM `t1/a\b#2`;
a	b
1	Original from partition p0
11	Original from partition p1
12	Original from partition p1
13	Original from partition p1
14	Original from partition p1
2	Original from partition p0
3	Original from partition p0
4	Original from partition p0
ALTER TABLE `t1/a\b#2` REORGANIZE PARTITION p10 INTO
(PARTITION p10 VALUES IN (10,11,12,13,14,15,16,17,18,19),
PARTITION p20 VALUES IN (20,21,22,23,24,25,26,27,28,29));
ERROR HY000: Lost connection to MySQL server during query
# State after crash (before recovery)
t1@002fa@005cb@00232#P#p0.ibd
t1@002fa@005cb@00232#P#p10.ibd
# State after crash recovery
t1@002fa@005cb@00232#P#p0.ibd
t1@002fa@005cb@00232#P#p10.ibd
SHOW CREATE TABLE `t1/a\b#2`;
Table	Create Table
t1/a\b#2	CREATE TABLE `t1/a\b#2` (
  `a` int(11) DEFAULT NULL,
  `b` varchar(64) DEFAULT NULL
) ENGINE=InnoDB DEFAULT CHARSET=latin1
/*!50100 PARTITION BY LIST (a)
(PARTITION p0 VALUES IN (0,1,2,3,4,5,6,7,8,9) ENGINE = InnoDB,
 PARTITION p10 VALUES IN (11,12,13,14,15,16,17,18,19) ENGINE = InnoDB) */
SELECT * FROM `t1/a\b#2`;
a	b
1	Original from partition p0
11	Original from partition p1
12	Original from partition p1
13	Original from partition p1
14	Original from partition p1
2	Original from partition p0
3	Original from partition p0
4	Original from partition p0
DROP TABLE `t1/a\b#2`;
SET SESSION debug="-d,crash_change_partition_3";
SET SESSION debug="+d,crash_change_partition_4";
CREATE TABLE `t1/a\b#2` (a INT, b VARCHAR(64))
ENGINE = 'InnoDB'
PARTITION BY LIST (a)
(PARTITION p0 VALUES IN (0,1,2,3,4,5,6,7,8,9),
PARTITION p10 VALUES IN (11,12,13,14,15,16,17,18,19));
INSERT INTO `t1/a\b#2` VALUES (1, "Original from partition p0"), (2, "Original from partition p0"), (3, "Original from partition p0"), (4, "Original from partition p0"), (11, "Original from partition p1"), (12, "Original from partition p1"), (13, "Original from partition p1"), (14, "Original from partition p1");
# State before crash
t1@002fa@005cb@00232#P#p0.ibd
t1@002fa@005cb@00232#P#p10.ibd
SHOW CREATE TABLE `t1/a\b#2`;
Table	Create Table
t1/a\b#2	CREATE TABLE `t1/a\b#2` (
  `a` int(11) DEFAULT NULL,
  `b` varchar(64) DEFAULT NULL
) ENGINE=InnoDB DEFAULT CHARSET=latin1
/*!50100 PARTITION BY LIST (a)
(PARTITION p0 VALUES IN (0,1,2,3,4,5,6,7,8,9) ENGINE = InnoDB,
 PARTITION p10 VALUES IN (11,12,13,14,15,16,17,18,19) ENGINE = InnoDB) */
SELECT * FROM `t1/a\b#2`;
a	b
1	Original from partition p0
11	Original from partition p1
12	Original from partition p1
13	Original from partition p1
14	Original from partition p1
2	Original from partition p0
3	Original from partition p0
4	Original from partition p0
ALTER TABLE `t1/a\b#2` REORGANIZE PARTITION p10 INTO
(PARTITION p10 VALUES IN (10,11,12,13,14,15,16,17,18,19),
PARTITION p20 VALUES IN (20,21,22,23,24,25,26,27,28,29));
ERROR HY000: Lost connection to MySQL server during query
# State after crash (before recovery)
t1@002fa@005cb@00232#P#p0.ibd
t1@002fa@005cb@00232#P#p10#TMP#.ibd
t1@002fa@005cb@00232#P#p10.ibd
t1@002fa@005cb@00232#P#p20#TMP#.ibd
# State after crash recovery
t1@002fa@005cb@00232#P#p0.ibd
t1@002fa@005cb@00232#P#p10.ibd
SHOW CREATE TABLE `t1/a\b#2`;
Table	Create Table
t1/a\b#2	CREATE TABLE `t1/a\b#2` (
  `a` int(11) DEFAULT NULL,
  `b` varchar(64) DEFAULT NULL
) ENGINE=InnoDB DEFAULT CHARSET=latin1
/*!50100 PARTITION BY LIST (a)
(PARTITION p0 VALUES IN (0,1,2,3,4,5,6,7,8,9) ENGINE = InnoDB,
 PARTITION p10 VALUES IN (11,12,13,14,15,16,17,18,19) ENGINE = InnoDB) */
SELECT * FROM `t1/a\b#2`;
a	b
1	Original from partition p0
11	Original from partition p1
12	Original from partition p1
13	Original from partition p1
14	Original from partition p1
2	Original from partition p0
3	Original from partition p0
4	Original from partition p0
DROP TABLE `t1/a\b#2`;
SET SESSION debug="-d,crash_change_partition_4";
SET SESSION debug="+d,crash_change_partition_5";
CREATE TABLE `t1/a\b#2` (a INT, b VARCHAR(64))
ENGINE = 'InnoDB'
PARTITION BY LIST (a)
(PARTITION p0 VALUES IN (0,1,2,3,4,5,6,7,8,9),
PARTITION p10 VALUES IN (11,12,13,14,15,16,17,18,19));
INSERT INTO `t1/a\b#2` VALUES (1, "Original from partition p0"), (2, "Original from partition p0"), (3, "Original from partition p0"), (4, "Original from partition p0"), (11, "Original from partition p1"), (12, "Original from partition p1"), (13, "Original from partition p1"), (14, "Original from partition p1");
# State before crash
t1@002fa@005cb@00232#P#p0.ibd
t1@002fa@005cb@00232#P#p10.ibd
SHOW CREATE TABLE `t1/a\b#2`;
Table	Create Table
t1/a\b#2	CREATE TABLE `t1/a\b#2` (
  `a` int(11) DEFAULT NULL,
  `b` varchar(64) DEFAULT NULL
) ENGINE=InnoDB DEFAULT CHARSET=latin1
/*!50100 PARTITION BY LIST (a)
(PARTITION p0 VALUES IN (0,1,2,3,4,5,6,7,8,9) ENGINE = InnoDB,
 PARTITION p10 VALUES IN (11,12,13,14,15,16,17,18,19) ENGINE = InnoDB) */
SELECT * FROM `t1/a\b#2`;
a	b
1	Original from partition p0
11	Original from partition p1
12	Original from partition p1
13	Original from partition p1
14	Original from partition p1
2	Original from partition p0
3	Original from partition p0
4	Original from partition p0
ALTER TABLE `t1/a\b#2` REORGANIZE PARTITION p10 INTO
(PARTITION p10 VALUES IN (10,11,12,13,14,15,16,17,18,19),
PARTITION p20 VALUES IN (20,21,22,23,24,25,26,27,28,29));
ERROR HY000: Lost connection to MySQL server during query
# State after crash (before recovery)
t1@002fa@005cb@00232#P#p0.ibd
t1@002fa@005cb@00232#P#p10#TMP#.ibd
t1@002fa@005cb@00232#P#p10.ibd
t1@002fa@005cb@00232#P#p20#TMP#.ibd
# State after crash recovery
t1@002fa@005cb@00232#P#p0.ibd
t1@002fa@005cb@00232#P#p10.ibd
SHOW CREATE TABLE `t1/a\b#2`;
Table	Create Table
t1/a\b#2	CREATE TABLE `t1/a\b#2` (
  `a` int(11) DEFAULT NULL,
  `b` varchar(64) DEFAULT NULL
) ENGINE=InnoDB DEFAULT CHARSET=latin1
/*!50100 PARTITION BY LIST (a)
(PARTITION p0 VALUES IN (0,1,2,3,4,5,6,7,8,9) ENGINE = InnoDB,
 PARTITION p10 VALUES IN (11,12,13,14,15,16,17,18,19) ENGINE = InnoDB) */
SELECT * FROM `t1/a\b#2`;
a	b
1	Original from partition p0
11	Original from partition p1
12	Original from partition p1
13	Original from partition p1
14	Original from partition p1
2	Original from partition p0
3	Original from partition p0
4	Original from partition p0
DROP TABLE `t1/a\b#2`;
SET SESSION debug="-d,crash_change_partition_5";
SET SESSION debug="+d,crash_change_partition_6";
CREATE TABLE `t1/a\b#2` (a INT, b VARCHAR(64))
ENGINE = 'InnoDB'
PARTITION BY LIST (a)
(PARTITION p0 VALUES IN (0,1,2,3,4,5,6,7,8,9),
PARTITION p10 VALUES IN (11,12,13,14,15,16,17,18,19));
INSERT INTO `t1/a\b#2` VALUES (1, "Original from partition p0"), (2, "Original from partition p0"), (3, "Original from partition p0"), (4, "Original from partition p0"), (11, "Original from partition p1"), (12, "Original from partition p1"), (13, "Original from partition p1"), (14, "Original from partition p1");
# State before crash
t1@002fa@005cb@00232#P#p0.ibd
t1@002fa@005cb@00232#P#p10.ibd
SHOW CREATE TABLE `t1/a\b#2`;
Table	Create Table
t1/a\b#2	CREATE TABLE `t1/a\b#2` (
  `a` int(11) DEFAULT NULL,
  `b` varchar(64) DEFAULT NULL
) ENGINE=InnoDB DEFAULT CHARSET=latin1
/*!50100 PARTITION BY LIST (a)
(PARTITION p0 VALUES IN (0,1,2,3,4,5,6,7,8,9) ENGINE = InnoDB,
 PARTITION p10 VALUES IN (11,12,13,14,15,16,17,18,19) ENGINE = InnoDB) */
SELECT * FROM `t1/a\b#2`;
a	b
1	Original from partition p0
11	Original from partition p1
12	Original from partition p1
13	Original from partition p1
14	Original from partition p1
2	Original from partition p0
3	Original from partition p0
4	Original from partition p0
ALTER TABLE `t1/a\b#2` REORGANIZE PARTITION p10 INTO
(PARTITION p10 VALUES IN (10,11,12,13,14,15,16,17,18,19),
PARTITION p20 VALUES IN (20,21,22,23,24,25,26,27,28,29));
ERROR HY000: Lost connection to MySQL server during query
# State after crash (before recovery)
t1@002fa@005cb@00232#P#p0.ibd
t1@002fa@005cb@00232#P#p10#TMP#.ibd
t1@002fa@005cb@00232#P#p10.ibd
t1@002fa@005cb@00232#P#p20#TMP#.ibd
# State after crash recovery
t1@002fa@005cb@00232#P#p0.ibd
t1@002fa@005cb@00232#P#p10.ibd
t1@002fa@005cb@00232#P#p20.ibd
SHOW CREATE TABLE `t1/a\b#2`;
Table	Create Table
t1/a\b#2	CREATE TABLE `t1/a\b#2` (
  `a` int(11) DEFAULT NULL,
  `b` varchar(64) DEFAULT NULL
) ENGINE=InnoDB DEFAULT CHARSET=latin1
/*!50100 PARTITION BY LIST (a)
(PARTITION p0 VALUES IN (0,1,2,3,4,5,6,7,8,9) ENGINE = InnoDB,
 PARTITION p10 VALUES IN (10,11,12,13,14,15,16,17,18,19) ENGINE = InnoDB,
 PARTITION p20 VALUES IN (20,21,22,23,24,25,26,27,28,29) ENGINE = InnoDB) */
SELECT * FROM `t1/a\b#2`;
a	b
1	Original from partition p0
11	Original from partition p1
12	Original from partition p1
13	Original from partition p1
14	Original from partition p1
2	Original from partition p0
3	Original from partition p0
4	Original from partition p0
DROP TABLE `t1/a\b#2`;
SET SESSION debug="-d,crash_change_partition_6";
SET SESSION debug="+d,crash_change_partition_7";
CREATE TABLE `t1/a\b#2` (a INT, b VARCHAR(64))
ENGINE = 'InnoDB'
PARTITION BY LIST (a)
(PARTITION p0 VALUES IN (0,1,2,3,4,5,6,7,8,9),
PARTITION p10 VALUES IN (11,12,13,14,15,16,17,18,19));
INSERT INTO `t1/a\b#2` VALUES (1, "Original from partition p0"), (2, "Original from partition p0"), (3, "Original from partition p0"), (4, "Original from partition p0"), (11, "Original from partition p1"), (12, "Original from partition p1"), (13, "Original from partition p1"), (14, "Original from partition p1");
# State before crash
t1@002fa@005cb@00232#P#p0.ibd
t1@002fa@005cb@00232#P#p10.ibd
SHOW CREATE TABLE `t1/a\b#2`;
Table	Create Table
t1/a\b#2	CREATE TABLE `t1/a\b#2` (
  `a` int(11) DEFAULT NULL,
  `b` varchar(64) DEFAULT NULL
) ENGINE=InnoDB DEFAULT CHARSET=latin1
/*!50100 PARTITION BY LIST (a)
(PARTITION p0 VALUES IN (0,1,2,3,4,5,6,7,8,9) ENGINE = InnoDB,
 PARTITION p10 VALUES IN (11,12,13,14,15,16,17,18,19) ENGINE = InnoDB) */
SELECT * FROM `t1/a\b#2`;
a	b
1	Original from partition p0
11	Original from partition p1
12	Original from partition p1
13	Original from partition p1
14	Original from partition p1
2	Original from partition p0
3	Original from partition p0
4	Original from partition p0
ALTER TABLE `t1/a\b#2` REORGANIZE PARTITION p10 INTO
(PARTITION p10 VALUES IN (10,11,12,13,14,15,16,17,18,19),
PARTITION p20 VALUES IN (20,21,22,23,24,25,26,27,28,29));
ERROR HY000: Lost connection to MySQL server during query
# State after crash (before recovery)
t1@002fa@005cb@00232#P#p0.ibd
t1@002fa@005cb@00232#P#p10#TMP#.ibd
t1@002fa@005cb@00232#P#p10.ibd
t1@002fa@005cb@00232#P#p20#TMP#.ibd
# State after crash recovery
t1@002fa@005cb@00232#P#p0.ibd
t1@002fa@005cb@00232#P#p10.ibd
t1@002fa@005cb@00232#P#p20.ibd
SHOW CREATE TABLE `t1/a\b#2`;
Table	Create Table
t1/a\b#2	CREATE TABLE `t1/a\b#2` (
  `a` int(11) DEFAULT NULL,
  `b` varchar(64) DEFAULT NULL
) ENGINE=InnoDB DEFAULT CHARSET=latin1
/*!50100 PARTITION BY LIST (a)
(PARTITION p0 VALUES IN (0,1,2,3,4,5,6,7,8,9) ENGINE = InnoDB,
 PARTITION p10 VALUES IN (10,11,12,13,14,15,16,17,18,19) ENGINE = InnoDB,
 PARTITION p20 VALUES IN (20,21,22,23,24,25,26,27,28,29) ENGINE = InnoDB) */
SELECT * FROM `t1/a\b#2`;
a	b
1	Original from partition p0
11	Original from partition p1
12	Original from partition p1
13	Original from partition p1
14	Original from partition p1
2	Original from partition p0
3	Original from partition p0
4	Original from partition p0
DROP TABLE `t1/a\b#2`;
SET SESSION debug="-d,crash_change_partition_7";
# Error recovery change partition (REORGANIZE/REBUILD/COALESCE
# or ADD HASH PARTITION).
SET SESSION debug="+d,fail_change_partition_1";
CREATE TABLE `t1/a\b#2` (a INT, b VARCHAR(64))
ENGINE = 'InnoDB'
PARTITION BY LIST (a)
(PARTITION p0 VALUES IN (0,1,2,3,4,5,6,7,8,9),
PARTITION p10 VALUES IN (11,12,13,14,15,16,17,18,19));
INSERT INTO `t1/a\b#2` VALUES (1, "Original from partition p0"), (2, "Original from partition p0"), (3, "Original from partition p0"), (4, "Original from partition p0"), (11, "Original from partition p1"), (12, "Original from partition p1"), (13, "Original from partition p1"), (14, "Original from partition p1");
# State before failure
t1@002fa@005cb@00232#P#p0.ibd
t1@002fa@005cb@00232#P#p10.ibd
SHOW CREATE TABLE `t1/a\b#2`;
Table	Create Table
t1/a\b#2	CREATE TABLE `t1/a\b#2` (
  `a` int(11) DEFAULT NULL,
  `b` varchar(64) DEFAULT NULL
) ENGINE=InnoDB DEFAULT CHARSET=latin1
/*!50100 PARTITION BY LIST (a)
(PARTITION p0 VALUES IN (0,1,2,3,4,5,6,7,8,9) ENGINE = InnoDB,
 PARTITION p10 VALUES IN (11,12,13,14,15,16,17,18,19) ENGINE = InnoDB) */
SELECT * FROM `t1/a\b#2`;
a	b
1	Original from partition p0
11	Original from partition p1
12	Original from partition p1
13	Original from partition p1
14	Original from partition p1
2	Original from partition p0
3	Original from partition p0
4	Original from partition p0
ALTER TABLE `t1/a\b#2` REORGANIZE PARTITION p10 INTO
(PARTITION p10 VALUES IN (10,11,12,13,14,15,16,17,18,19),
PARTITION p20 VALUES IN (20,21,22,23,24,25,26,27,28,29));
ERROR HY000: Unknown error
# State after failure
t1@002fa@005cb@00232#P#p0.ibd
t1@002fa@005cb@00232#P#p10.ibd
SHOW CREATE TABLE `t1/a\b#2`;
Table	Create Table
t1/a\b#2	CREATE TABLE `t1/a\b#2` (
  `a` int(11) DEFAULT NULL,
  `b` varchar(64) DEFAULT NULL
) ENGINE=InnoDB DEFAULT CHARSET=latin1
/*!50100 PARTITION BY LIST (a)
(PARTITION p0 VALUES IN (0,1,2,3,4,5,6,7,8,9) ENGINE = InnoDB,
 PARTITION p10 VALUES IN (11,12,13,14,15,16,17,18,19) ENGINE = InnoDB) */
SELECT * FROM `t1/a\b#2`;
a	b
1	Original from partition p0
11	Original from partition p1
12	Original from partition p1
13	Original from partition p1
14	Original from partition p1
2	Original from partition p0
3	Original from partition p0
4	Original from partition p0
DROP TABLE `t1/a\b#2`;
# Same test under LOCK TABLE
CREATE TABLE `t1/a\b#2` (a INT, b VARCHAR(64))
ENGINE = 'InnoDB'
PARTITION BY LIST (a)
(PARTITION p0 VALUES IN (0,1,2,3,4,5,6,7,8,9),
PARTITION p10 VALUES IN (11,12,13,14,15,16,17,18,19));
INSERT INTO `t1/a\b#2` VALUES (1, "Original from partition p0"), (2, "Original from partition p0"), (3, "Original from partition p0"), (4, "Original from partition p0"), (11, "Original from partition p1"), (12, "Original from partition p1"), (13, "Original from partition p1"), (14, "Original from partition p1");
# State before failure
t1@002fa@005cb@00232#P#p0.ibd
t1@002fa@005cb@00232#P#p10.ibd
SHOW CREATE TABLE `t1/a\b#2`;
Table	Create Table
t1/a\b#2	CREATE TABLE `t1/a\b#2` (
  `a` int(11) DEFAULT NULL,
  `b` varchar(64) DEFAULT NULL
) ENGINE=InnoDB DEFAULT CHARSET=latin1
/*!50100 PARTITION BY LIST (a)
(PARTITION p0 VALUES IN (0,1,2,3,4,5,6,7,8,9) ENGINE = InnoDB,
 PARTITION p10 VALUES IN (11,12,13,14,15,16,17,18,19) ENGINE = InnoDB) */
SELECT * FROM `t1/a\b#2`;
a	b
1	Original from partition p0
11	Original from partition p1
12	Original from partition p1
13	Original from partition p1
14	Original from partition p1
2	Original from partition p0
3	Original from partition p0
4	Original from partition p0
LOCK TABLE `t1/a\b#2` WRITE;
ALTER TABLE `t1/a\b#2` REORGANIZE PARTITION p10 INTO
(PARTITION p10 VALUES IN (10,11,12,13,14,15,16,17,18,19),
PARTITION p20 VALUES IN (20,21,22,23,24,25,26,27,28,29));
ERROR HY000: Unknown error
# State after failure
t1@002fa@005cb@00232#P#p0.ibd
t1@002fa@005cb@00232#P#p10.ibd
SHOW CREATE TABLE `t1/a\b#2`;
Table	Create Table
t1/a\b#2	CREATE TABLE `t1/a\b#2` (
  `a` int(11) DEFAULT NULL,
  `b` varchar(64) DEFAULT NULL
) ENGINE=InnoDB DEFAULT CHARSET=latin1
/*!50100 PARTITION BY LIST (a)
(PARTITION p0 VALUES IN (0,1,2,3,4,5,6,7,8,9) ENGINE = InnoDB,
 PARTITION p10 VALUES IN (11,12,13,14,15,16,17,18,19) ENGINE = InnoDB) */
SELECT * FROM `t1/a\b#2`;
a	b
1	Original from partition p0
11	Original from partition p1
12	Original from partition p1
13	Original from partition p1
14	Original from partition p1
2	Original from partition p0
3	Original from partition p0
4	Original from partition p0
UNLOCK TABLES;
DROP TABLE `t1/a\b#2`;
SET SESSION debug="-d,fail_change_partition_1";
SET SESSION debug="+d,fail_change_partition_2";
CREATE TABLE `t1/a\b#2` (a INT, b VARCHAR(64))
ENGINE = 'InnoDB'
PARTITION BY LIST (a)
(PARTITION p0 VALUES IN (0,1,2,3,4,5,6,7,8,9),
PARTITION p10 VALUES IN (11,12,13,14,15,16,17,18,19));
INSERT INTO `t1/a\b#2` VALUES (1, "Original from partition p0"), (2, "Original from partition p0"), (3, "Original from partition p0"), (4, "Original from partition p0"), (11, "Original from partition p1"), (12, "Original from partition p1"), (13, "Original from partition p1"), (14, "Original from partition p1");
# State before failure
t1@002fa@005cb@00232#P#p0.ibd
t1@002fa@005cb@00232#P#p10.ibd
SHOW CREATE TABLE `t1/a\b#2`;
Table	Create Table
t1/a\b#2	CREATE TABLE `t1/a\b#2` (
  `a` int(11) DEFAULT NULL,
  `b` varchar(64) DEFAULT NULL
) ENGINE=InnoDB DEFAULT CHARSET=latin1
/*!50100 PARTITION BY LIST (a)
(PARTITION p0 VALUES IN (0,1,2,3,4,5,6,7,8,9) ENGINE = InnoDB,
 PARTITION p10 VALUES IN (11,12,13,14,15,16,17,18,19) ENGINE = InnoDB) */
SELECT * FROM `t1/a\b#2`;
a	b
1	Original from partition p0
11	Original from partition p1
12	Original from partition p1
13	Original from partition p1
14	Original from partition p1
2	Original from partition p0
3	Original from partition p0
4	Original from partition p0
ALTER TABLE `t1/a\b#2` REORGANIZE PARTITION p10 INTO
(PARTITION p10 VALUES IN (10,11,12,13,14,15,16,17,18,19),
PARTITION p20 VALUES IN (20,21,22,23,24,25,26,27,28,29));
ERROR HY000: Unknown error
# State after failure
t1@002fa@005cb@00232#P#p0.ibd
t1@002fa@005cb@00232#P#p10.ibd
SHOW CREATE TABLE `t1/a\b#2`;
Table	Create Table
t1/a\b#2	CREATE TABLE `t1/a\b#2` (
  `a` int(11) DEFAULT NULL,
  `b` varchar(64) DEFAULT NULL
) ENGINE=InnoDB DEFAULT CHARSET=latin1
/*!50100 PARTITION BY LIST (a)
(PARTITION p0 VALUES IN (0,1,2,3,4,5,6,7,8,9) ENGINE = InnoDB,
 PARTITION p10 VALUES IN (11,12,13,14,15,16,17,18,19) ENGINE = InnoDB) */
SELECT * FROM `t1/a\b#2`;
a	b
1	Original from partition p0
11	Original from partition p1
12	Original from partition p1
13	Original from partition p1
14	Original from partition p1
2	Original from partition p0
3	Original from partition p0
4	Original from partition p0
DROP TABLE `t1/a\b#2`;
# Same test under LOCK TABLE
CREATE TABLE `t1/a\b#2` (a INT, b VARCHAR(64))
ENGINE = 'InnoDB'
PARTITION BY LIST (a)
(PARTITION p0 VALUES IN (0,1,2,3,4,5,6,7,8,9),
PARTITION p10 VALUES IN (11,12,13,14,15,16,17,18,19));
INSERT INTO `t1/a\b#2` VALUES (1, "Original from partition p0"), (2, "Original from partition p0"), (3, "Original from partition p0"), (4, "Original from partition p0"), (11, "Original from partition p1"), (12, "Original from partition p1"), (13, "Original from partition p1"), (14, "Original from partition p1");
# State before failure
t1@002fa@005cb@00232#P#p0.ibd
t1@002fa@005cb@00232#P#p10.ibd
SHOW CREATE TABLE `t1/a\b#2`;
Table	Create Table
t1/a\b#2	CREATE TABLE `t1/a\b#2` (
  `a` int(11) DEFAULT NULL,
  `b` varchar(64) DEFAULT NULL
) ENGINE=InnoDB DEFAULT CHARSET=latin1
/*!50100 PARTITION BY LIST (a)
(PARTITION p0 VALUES IN (0,1,2,3,4,5,6,7,8,9) ENGINE = InnoDB,
 PARTITION p10 VALUES IN (11,12,13,14,15,16,17,18,19) ENGINE = InnoDB) */
SELECT * FROM `t1/a\b#2`;
a	b
1	Original from partition p0
11	Original from partition p1
12	Original from partition p1
13	Original from partition p1
14	Original from partition p1
2	Original from partition p0
3	Original from partition p0
4	Original from partition p0
LOCK TABLE `t1/a\b#2` WRITE;
ALTER TABLE `t1/a\b#2` REORGANIZE PARTITION p10 INTO
(PARTITION p10 VALUES IN (10,11,12,13,14,15,16,17,18,19),
PARTITION p20 VALUES IN (20,21,22,23,24,25,26,27,28,29));
ERROR HY000: Unknown error
# State after failure
t1@002fa@005cb@00232#P#p0.ibd
t1@002fa@005cb@00232#P#p10.ibd
SHOW CREATE TABLE `t1/a\b#2`;
Table	Create Table
t1/a\b#2	CREATE TABLE `t1/a\b#2` (
  `a` int(11) DEFAULT NULL,
  `b` varchar(64) DEFAULT NULL
) ENGINE=InnoDB DEFAULT CHARSET=latin1
/*!50100 PARTITION BY LIST (a)
(PARTITION p0 VALUES IN (0,1,2,3,4,5,6,7,8,9) ENGINE = InnoDB,
 PARTITION p10 VALUES IN (11,12,13,14,15,16,17,18,19) ENGINE = InnoDB) */
SELECT * FROM `t1/a\b#2`;
a	b
1	Original from partition p0
11	Original from partition p1
12	Original from partition p1
13	Original from partition p1
14	Original from partition p1
2	Original from partition p0
3	Original from partition p0
4	Original from partition p0
UNLOCK TABLES;
DROP TABLE `t1/a\b#2`;
SET SESSION debug="-d,fail_change_partition_2";
SET SESSION debug="+d,fail_change_partition_3";
CREATE TABLE `t1/a\b#2` (a INT, b VARCHAR(64))
ENGINE = 'InnoDB'
PARTITION BY LIST (a)
(PARTITION p0 VALUES IN (0,1,2,3,4,5,6,7,8,9),
PARTITION p10 VALUES IN (11,12,13,14,15,16,17,18,19));
INSERT INTO `t1/a\b#2` VALUES (1, "Original from partition p0"), (2, "Original from partition p0"), (3, "Original from partition p0"), (4, "Original from partition p0"), (11, "Original from partition p1"), (12, "Original from partition p1"), (13, "Original from partition p1"), (14, "Original from partition p1");
# State before failure
t1@002fa@005cb@00232#P#p0.ibd
t1@002fa@005cb@00232#P#p10.ibd
SHOW CREATE TABLE `t1/a\b#2`;
Table	Create Table
t1/a\b#2	CREATE TABLE `t1/a\b#2` (
  `a` int(11) DEFAULT NULL,
  `b` varchar(64) DEFAULT NULL
) ENGINE=InnoDB DEFAULT CHARSET=latin1
/*!50100 PARTITION BY LIST (a)
(PARTITION p0 VALUES IN (0,1,2,3,4,5,6,7,8,9) ENGINE = InnoDB,
 PARTITION p10 VALUES IN (11,12,13,14,15,16,17,18,19) ENGINE = InnoDB) */
SELECT * FROM `t1/a\b#2`;
a	b
1	Original from partition p0
11	Original from partition p1
12	Original from partition p1
13	Original from partition p1
14	Original from partition p1
2	Original from partition p0
3	Original from partition p0
4	Original from partition p0
ALTER TABLE `t1/a\b#2` REORGANIZE PARTITION p10 INTO
(PARTITION p10 VALUES IN (10,11,12,13,14,15,16,17,18,19),
PARTITION p20 VALUES IN (20,21,22,23,24,25,26,27,28,29));
ERROR HY000: Unknown error
# State after failure
t1@002fa@005cb@00232#P#p0.ibd
t1@002fa@005cb@00232#P#p10.ibd
SHOW CREATE TABLE `t1/a\b#2`;
Table	Create Table
t1/a\b#2	CREATE TABLE `t1/a\b#2` (
  `a` int(11) DEFAULT NULL,
  `b` varchar(64) DEFAULT NULL
) ENGINE=InnoDB DEFAULT CHARSET=latin1
/*!50100 PARTITION BY LIST (a)
(PARTITION p0 VALUES IN (0,1,2,3,4,5,6,7,8,9) ENGINE = InnoDB,
 PARTITION p10 VALUES IN (11,12,13,14,15,16,17,18,19) ENGINE = InnoDB) */
SELECT * FROM `t1/a\b#2`;
a	b
1	Original from partition p0
11	Original from partition p1
12	Original from partition p1
13	Original from partition p1
14	Original from partition p1
2	Original from partition p0
3	Original from partition p0
4	Original from partition p0
DROP TABLE `t1/a\b#2`;
# Same test under LOCK TABLE
CREATE TABLE `t1/a\b#2` (a INT, b VARCHAR(64))
ENGINE = 'InnoDB'
PARTITION BY LIST (a)
(PARTITION p0 VALUES IN (0,1,2,3,4,5,6,7,8,9),
PARTITION p10 VALUES IN (11,12,13,14,15,16,17,18,19));
INSERT INTO `t1/a\b#2` VALUES (1, "Original from partition p0"), (2, "Original from partition p0"), (3, "Original from partition p0"), (4, "Original from partition p0"), (11, "Original from partition p1"), (12, "Original from partition p1"), (13, "Original from partition p1"), (14, "Original from partition p1");
# State before failure
t1@002fa@005cb@00232#P#p0.ibd
t1@002fa@005cb@00232#P#p10.ibd
SHOW CREATE TABLE `t1/a\b#2`;
Table	Create Table
t1/a\b#2	CREATE TABLE `t1/a\b#2` (
  `a` int(11) DEFAULT NULL,
  `b` varchar(64) DEFAULT NULL
) ENGINE=InnoDB DEFAULT CHARSET=latin1
/*!50100 PARTITION BY LIST (a)
(PARTITION p0 VALUES IN (0,1,2,3,4,5,6,7,8,9) ENGINE = InnoDB,
 PARTITION p10 VALUES IN (11,12,13,14,15,16,17,18,19) ENGINE = InnoDB) */
SELECT * FROM `t1/a\b#2`;
a	b
1	Original from partition p0
11	Original from partition p1
12	Original from partition p1
13	Original from partition p1
14	Original from partition p1
2	Original from partition p0
3	Original from partition p0
4	Original from partition p0
LOCK TABLE `t1/a\b#2` WRITE;
ALTER TABLE `t1/a\b#2` REORGANIZE PARTITION p10 INTO
(PARTITION p10 VALUES IN (10,11,12,13,14,15,16,17,18,19),
PARTITION p20 VALUES IN (20,21,22,23,24,25,26,27,28,29));
ERROR HY000: Unknown error
# State after failure
t1@002fa@005cb@00232#P#p0.ibd
t1@002fa@005cb@00232#P#p10.ibd
SHOW CREATE TABLE `t1/a\b#2`;
Table	Create Table
t1/a\b#2	CREATE TABLE `t1/a\b#2` (
  `a` int(11) DEFAULT NULL,
  `b` varchar(64) DEFAULT NULL
) ENGINE=InnoDB DEFAULT CHARSET=latin1
/*!50100 PARTITION BY LIST (a)
(PARTITION p0 VALUES IN (0,1,2,3,4,5,6,7,8,9) ENGINE = InnoDB,
 PARTITION p10 VALUES IN (11,12,13,14,15,16,17,18,19) ENGINE = InnoDB) */
SELECT * FROM `t1/a\b#2`;
a	b
1	Original from partition p0
11	Original from partition p1
12	Original from partition p1
13	Original from partition p1
14	Original from partition p1
2	Original from partition p0
3	Original from partition p0
4	Original from partition p0
UNLOCK TABLES;
DROP TABLE `t1/a\b#2`;
SET SESSION debug="-d,fail_change_partition_3";
SET SESSION debug="+d,fail_change_partition_4";
CREATE TABLE `t1/a\b#2` (a INT, b VARCHAR(64))
ENGINE = 'InnoDB'
PARTITION BY LIST (a)
(PARTITION p0 VALUES IN (0,1,2,3,4,5,6,7,8,9),
PARTITION p10 VALUES IN (11,12,13,14,15,16,17,18,19));
INSERT INTO `t1/a\b#2` VALUES (1, "Original from partition p0"), (2, "Original from partition p0"), (3, "Original from partition p0"), (4, "Original from partition p0"), (11, "Original from partition p1"), (12, "Original from partition p1"), (13, "Original from partition p1"), (14, "Original from partition p1");
# State before failure
t1@002fa@005cb@00232#P#p0.ibd
t1@002fa@005cb@00232#P#p10.ibd
SHOW CREATE TABLE `t1/a\b#2`;
Table	Create Table
t1/a\b#2	CREATE TABLE `t1/a\b#2` (
  `a` int(11) DEFAULT NULL,
  `b` varchar(64) DEFAULT NULL
) ENGINE=InnoDB DEFAULT CHARSET=latin1
/*!50100 PARTITION BY LIST (a)
(PARTITION p0 VALUES IN (0,1,2,3,4,5,6,7,8,9) ENGINE = InnoDB,
 PARTITION p10 VALUES IN (11,12,13,14,15,16,17,18,19) ENGINE = InnoDB) */
SELECT * FROM `t1/a\b#2`;
a	b
1	Original from partition p0
11	Original from partition p1
12	Original from partition p1
13	Original from partition p1
14	Original from partition p1
2	Original from partition p0
3	Original from partition p0
4	Original from partition p0
ALTER TABLE `t1/a\b#2` REORGANIZE PARTITION p10 INTO
(PARTITION p10 VALUES IN (10,11,12,13,14,15,16,17,18,19),
PARTITION p20 VALUES IN (20,21,22,23,24,25,26,27,28,29));
ERROR HY000: Unknown error
# State after failure
t1@002fa@005cb@00232#P#p0.ibd
t1@002fa@005cb@00232#P#p10.ibd
SHOW CREATE TABLE `t1/a\b#2`;
Table	Create Table
t1/a\b#2	CREATE TABLE `t1/a\b#2` (
  `a` int(11) DEFAULT NULL,
  `b` varchar(64) DEFAULT NULL
) ENGINE=InnoDB DEFAULT CHARSET=latin1
/*!50100 PARTITION BY LIST (a)
(PARTITION p0 VALUES IN (0,1,2,3,4,5,6,7,8,9) ENGINE = InnoDB,
 PARTITION p10 VALUES IN (11,12,13,14,15,16,17,18,19) ENGINE = InnoDB) */
SELECT * FROM `t1/a\b#2`;
a	b
1	Original from partition p0
11	Original from partition p1
12	Original from partition p1
13	Original from partition p1
14	Original from partition p1
2	Original from partition p0
3	Original from partition p0
4	Original from partition p0
DROP TABLE `t1/a\b#2`;
# Same test under LOCK TABLE
CREATE TABLE `t1/a\b#2` (a INT, b VARCHAR(64))
ENGINE = 'InnoDB'
PARTITION BY LIST (a)
(PARTITION p0 VALUES IN (0,1,2,3,4,5,6,7,8,9),
PARTITION p10 VALUES IN (11,12,13,14,15,16,17,18,19));
INSERT INTO `t1/a\b#2` VALUES (1, "Original from partition p0"), (2, "Original from partition p0"), (3, "Original from partition p0"), (4, "Original from partition p0"), (11, "Original from partition p1"), (12, "Original from partition p1"), (13, "Original from partition p1"), (14, "Original from partition p1");
# State before failure
t1@002fa@005cb@00232#P#p0.ibd
t1@002fa@005cb@00232#P#p10.ibd
SHOW CREATE TABLE `t1/a\b#2`;
Table	Create Table
t1/a\b#2	CREATE TABLE `t1/a\b#2` (
  `a` int(11) DEFAULT NULL,
  `b` varchar(64) DEFAULT NULL
) ENGINE=InnoDB DEFAULT CHARSET=latin1
/*!50100 PARTITION BY LIST (a)
(PARTITION p0 VALUES IN (0,1,2,3,4,5,6,7,8,9) ENGINE = InnoDB,
 PARTITION p10 VALUES IN (11,12,13,14,15,16,17,18,19) ENGINE = InnoDB) */
SELECT * FROM `t1/a\b#2`;
a	b
1	Original from partition p0
11	Original from partition p1
12	Original from partition p1
13	Original from partition p1
14	Original from partition p1
2	Original from partition p0
3	Original from partition p0
4	Original from partition p0
LOCK TABLE `t1/a\b#2` WRITE;
ALTER TABLE `t1/a\b#2` REORGANIZE PARTITION p10 INTO
(PARTITION p10 VALUES IN (10,11,12,13,14,15,16,17,18,19),
PARTITION p20 VALUES IN (20,21,22,23,24,25,26,27,28,29));
ERROR HY000: Unknown error
# State after failure
t1@002fa@005cb@00232#P#p0.ibd
t1@002fa@005cb@00232#P#p10.ibd
SHOW CREATE TABLE `t1/a\b#2`;
Table	Create Table
t1/a\b#2	CREATE TABLE `t1/a\b#2` (
  `a` int(11) DEFAULT NULL,
  `b` varchar(64) DEFAULT NULL
) ENGINE=InnoDB DEFAULT CHARSET=latin1
/*!50100 PARTITION BY LIST (a)
(PARTITION p0 VALUES IN (0,1,2,3,4,5,6,7,8,9) ENGINE = InnoDB,
 PARTITION p10 VALUES IN (11,12,13,14,15,16,17,18,19) ENGINE = InnoDB) */
SELECT * FROM `t1/a\b#2`;
a	b
1	Original from partition p0
11	Original from partition p1
12	Original from partition p1
13	Original from partition p1
14	Original from partition p1
2	Original from partition p0
3	Original from partition p0
4	Original from partition p0
UNLOCK TABLES;
DROP TABLE `t1/a\b#2`;
SET SESSION debug="-d,fail_change_partition_4";
SET SESSION debug="+d,fail_change_partition_5";
CREATE TABLE `t1/a\b#2` (a INT, b VARCHAR(64))
ENGINE = 'InnoDB'
PARTITION BY LIST (a)
(PARTITION p0 VALUES IN (0,1,2,3,4,5,6,7,8,9),
PARTITION p10 VALUES IN (11,12,13,14,15,16,17,18,19));
INSERT INTO `t1/a\b#2` VALUES (1, "Original from partition p0"), (2, "Original from partition p0"), (3, "Original from partition p0"), (4, "Original from partition p0"), (11, "Original from partition p1"), (12, "Original from partition p1"), (13, "Original from partition p1"), (14, "Original from partition p1");
# State before failure
t1@002fa@005cb@00232#P#p0.ibd
t1@002fa@005cb@00232#P#p10.ibd
SHOW CREATE TABLE `t1/a\b#2`;
Table	Create Table
t1/a\b#2	CREATE TABLE `t1/a\b#2` (
  `a` int(11) DEFAULT NULL,
  `b` varchar(64) DEFAULT NULL
) ENGINE=InnoDB DEFAULT CHARSET=latin1
/*!50100 PARTITION BY LIST (a)
(PARTITION p0 VALUES IN (0,1,2,3,4,5,6,7,8,9) ENGINE = InnoDB,
 PARTITION p10 VALUES IN (11,12,13,14,15,16,17,18,19) ENGINE = InnoDB) */
SELECT * FROM `t1/a\b#2`;
a	b
1	Original from partition p0
11	Original from partition p1
12	Original from partition p1
13	Original from partition p1
14	Original from partition p1
2	Original from partition p0
3	Original from partition p0
4	Original from partition p0
ALTER TABLE `t1/a\b#2` REORGANIZE PARTITION p10 INTO
(PARTITION p10 VALUES IN (10,11,12,13,14,15,16,17,18,19),
PARTITION p20 VALUES IN (20,21,22,23,24,25,26,27,28,29));
ERROR HY000: Unknown error
# State after failure
t1@002fa@005cb@00232#P#p0.ibd
t1@002fa@005cb@00232#P#p10.ibd
SHOW CREATE TABLE `t1/a\b#2`;
Table	Create Table
t1/a\b#2	CREATE TABLE `t1/a\b#2` (
  `a` int(11) DEFAULT NULL,
  `b` varchar(64) DEFAULT NULL
) ENGINE=InnoDB DEFAULT CHARSET=latin1
/*!50100 PARTITION BY LIST (a)
(PARTITION p0 VALUES IN (0,1,2,3,4,5,6,7,8,9) ENGINE = InnoDB,
 PARTITION p10 VALUES IN (11,12,13,14,15,16,17,18,19) ENGINE = InnoDB) */
SELECT * FROM `t1/a\b#2`;
a	b
1	Original from partition p0
11	Original from partition p1
12	Original from partition p1
13	Original from partition p1
14	Original from partition p1
2	Original from partition p0
3	Original from partition p0
4	Original from partition p0
DROP TABLE `t1/a\b#2`;
# Same test under LOCK TABLE
CREATE TABLE `t1/a\b#2` (a INT, b VARCHAR(64))
ENGINE = 'InnoDB'
PARTITION BY LIST (a)
(PARTITION p0 VALUES IN (0,1,2,3,4,5,6,7,8,9),
PARTITION p10 VALUES IN (11,12,13,14,15,16,17,18,19));
INSERT INTO `t1/a\b#2` VALUES (1, "Original from partition p0"), (2, "Original from partition p0"), (3, "Original from partition p0"), (4, "Original from partition p0"), (11, "Original from partition p1"), (12, "Original from partition p1"), (13, "Original from partition p1"), (14, "Original from partition p1");
# State before failure
t1@002fa@005cb@00232#P#p0.ibd
t1@002fa@005cb@00232#P#p10.ibd
SHOW CREATE TABLE `t1/a\b#2`;
Table	Create Table
t1/a\b#2	CREATE TABLE `t1/a\b#2` (
  `a` int(11) DEFAULT NULL,
  `b` varchar(64) DEFAULT NULL
) ENGINE=InnoDB DEFAULT CHARSET=latin1
/*!50100 PARTITION BY LIST (a)
(PARTITION p0 VALUES IN (0,1,2,3,4,5,6,7,8,9) ENGINE = InnoDB,
 PARTITION p10 VALUES IN (11,12,13,14,15,16,17,18,19) ENGINE = InnoDB) */
SELECT * FROM `t1/a\b#2`;
a	b
1	Original from partition p0
11	Original from partition p1
12	Original from partition p1
13	Original from partition p1
14	Original from partition p1
2	Original from partition p0
3	Original from partition p0
4	Original from partition p0
LOCK TABLE `t1/a\b#2` WRITE;
ALTER TABLE `t1/a\b#2` REORGANIZE PARTITION p10 INTO
(PARTITION p10 VALUES IN (10,11,12,13,14,15,16,17,18,19),
PARTITION p20 VALUES IN (20,21,22,23,24,25,26,27,28,29));
ERROR HY000: Unknown error
# State after failure
t1@002fa@005cb@00232#P#p0.ibd
t1@002fa@005cb@00232#P#p10.ibd
SHOW CREATE TABLE `t1/a\b#2`;
Table	Create Table
t1/a\b#2	CREATE TABLE `t1/a\b#2` (
  `a` int(11) DEFAULT NULL,
  `b` varchar(64) DEFAULT NULL
) ENGINE=InnoDB DEFAULT CHARSET=latin1
/*!50100 PARTITION BY LIST (a)
(PARTITION p0 VALUES IN (0,1,2,3,4,5,6,7,8,9) ENGINE = InnoDB,
 PARTITION p10 VALUES IN (11,12,13,14,15,16,17,18,19) ENGINE = InnoDB) */
SELECT * FROM `t1/a\b#2`;
a	b
1	Original from partition p0
11	Original from partition p1
12	Original from partition p1
13	Original from partition p1
14	Original from partition p1
2	Original from partition p0
3	Original from partition p0
4	Original from partition p0
UNLOCK TABLES;
DROP TABLE `t1/a\b#2`;
SET SESSION debug="-d,fail_change_partition_5";
SET SESSION debug="+d,fail_change_partition_6";
CREATE TABLE `t1/a\b#2` (a INT, b VARCHAR(64))
ENGINE = 'InnoDB'
PARTITION BY LIST (a)
(PARTITION p0 VALUES IN (0,1,2,3,4,5,6,7,8,9),
PARTITION p10 VALUES IN (11,12,13,14,15,16,17,18,19));
INSERT INTO `t1/a\b#2` VALUES (1, "Original from partition p0"), (2, "Original from partition p0"), (3, "Original from partition p0"), (4, "Original from partition p0"), (11, "Original from partition p1"), (12, "Original from partition p1"), (13, "Original from partition p1"), (14, "Original from partition p1");
# State before failure
t1@002fa@005cb@00232#P#p0.ibd
t1@002fa@005cb@00232#P#p10.ibd
SHOW CREATE TABLE `t1/a\b#2`;
Table	Create Table
t1/a\b#2	CREATE TABLE `t1/a\b#2` (
  `a` int(11) DEFAULT NULL,
  `b` varchar(64) DEFAULT NULL
) ENGINE=InnoDB DEFAULT CHARSET=latin1
/*!50100 PARTITION BY LIST (a)
(PARTITION p0 VALUES IN (0,1,2,3,4,5,6,7,8,9) ENGINE = InnoDB,
 PARTITION p10 VALUES IN (11,12,13,14,15,16,17,18,19) ENGINE = InnoDB) */
SELECT * FROM `t1/a\b#2`;
a	b
1	Original from partition p0
11	Original from partition p1
12	Original from partition p1
13	Original from partition p1
14	Original from partition p1
2	Original from partition p0
3	Original from partition p0
4	Original from partition p0
ALTER TABLE `t1/a\b#2` REORGANIZE PARTITION p10 INTO
(PARTITION p10 VALUES IN (10,11,12,13,14,15,16,17,18,19),
PARTITION p20 VALUES IN (20,21,22,23,24,25,26,27,28,29));
ERROR HY000: Unknown error
# State after failure
t1@002fa@005cb@00232#P#p0.ibd
t1@002fa@005cb@00232#P#p10.ibd
t1@002fa@005cb@00232#P#p20.ibd
SHOW CREATE TABLE `t1/a\b#2`;
Table	Create Table
t1/a\b#2	CREATE TABLE `t1/a\b#2` (
  `a` int(11) DEFAULT NULL,
  `b` varchar(64) DEFAULT NULL
) ENGINE=InnoDB DEFAULT CHARSET=latin1
/*!50100 PARTITION BY LIST (a)
(PARTITION p0 VALUES IN (0,1,2,3,4,5,6,7,8,9) ENGINE = InnoDB,
 PARTITION p10 VALUES IN (10,11,12,13,14,15,16,17,18,19) ENGINE = InnoDB,
 PARTITION p20 VALUES IN (20,21,22,23,24,25,26,27,28,29) ENGINE = InnoDB) */
SELECT * FROM `t1/a\b#2`;
a	b
1	Original from partition p0
11	Original from partition p1
12	Original from partition p1
13	Original from partition p1
14	Original from partition p1
2	Original from partition p0
3	Original from partition p0
4	Original from partition p0
DROP TABLE `t1/a\b#2`;
# Same test under LOCK TABLE
CREATE TABLE `t1/a\b#2` (a INT, b VARCHAR(64))
ENGINE = 'InnoDB'
PARTITION BY LIST (a)
(PARTITION p0 VALUES IN (0,1,2,3,4,5,6,7,8,9),
PARTITION p10 VALUES IN (11,12,13,14,15,16,17,18,19));
INSERT INTO `t1/a\b#2` VALUES (1, "Original from partition p0"), (2, "Original from partition p0"), (3, "Original from partition p0"), (4, "Original from partition p0"), (11, "Original from partition p1"), (12, "Original from partition p1"), (13, "Original from partition p1"), (14, "Original from partition p1");
# State before failure
t1@002fa@005cb@00232#P#p0.ibd
t1@002fa@005cb@00232#P#p10.ibd
SHOW CREATE TABLE `t1/a\b#2`;
Table	Create Table
t1/a\b#2	CREATE TABLE `t1/a\b#2` (
  `a` int(11) DEFAULT NULL,
  `b` varchar(64) DEFAULT NULL
) ENGINE=InnoDB DEFAULT CHARSET=latin1
/*!50100 PARTITION BY LIST (a)
(PARTITION p0 VALUES IN (0,1,2,3,4,5,6,7,8,9) ENGINE = InnoDB,
 PARTITION p10 VALUES IN (11,12,13,14,15,16,17,18,19) ENGINE = InnoDB) */
SELECT * FROM `t1/a\b#2`;
a	b
1	Original from partition p0
11	Original from partition p1
12	Original from partition p1
13	Original from partition p1
14	Original from partition p1
2	Original from partition p0
3	Original from partition p0
4	Original from partition p0
LOCK TABLE `t1/a\b#2` WRITE;
ALTER TABLE `t1/a\b#2` REORGANIZE PARTITION p10 INTO
(PARTITION p10 VALUES IN (10,11,12,13,14,15,16,17,18,19),
PARTITION p20 VALUES IN (20,21,22,23,24,25,26,27,28,29));
ERROR HY000: Unknown error
# State after failure
t1@002fa@005cb@00232#P#p0.ibd
t1@002fa@005cb@00232#P#p10.ibd
t1@002fa@005cb@00232#P#p20.ibd
SHOW CREATE TABLE `t1/a\b#2`;
Table	Create Table
t1/a\b#2	CREATE TABLE `t1/a\b#2` (
  `a` int(11) DEFAULT NULL,
  `b` varchar(64) DEFAULT NULL
) ENGINE=InnoDB DEFAULT CHARSET=latin1
/*!50100 PARTITION BY LIST (a)
(PARTITION p0 VALUES IN (0,1,2,3,4,5,6,7,8,9) ENGINE = InnoDB,
 PARTITION p10 VALUES IN (10,11,12,13,14,15,16,17,18,19) ENGINE = InnoDB,
 PARTITION p20 VALUES IN (20,21,22,23,24,25,26,27,28,29) ENGINE = InnoDB) */
SELECT * FROM `t1/a\b#2`;
a	b
1	Original from partition p0
11	Original from partition p1
12	Original from partition p1
13	Original from partition p1
14	Original from partition p1
2	Original from partition p0
3	Original from partition p0
4	Original from partition p0
UNLOCK TABLES;
DROP TABLE `t1/a\b#2`;
SET SESSION debug="-d,fail_change_partition_6";
#
# WL#4445: EXCHANGE PARTITION WITH TABLE
# Verify ddl_log and InnoDB in case of crashing.
call mtr.add_suppression("InnoDB: Warning: allocated tablespace .*, old maximum was ");
call mtr.add_suppression("Attempting backtrace. You can use the following information to find out");
call mtr.add_suppression("table .* does not exist in the InnoDB internal");
SET SESSION debug="+d,exchange_partition_abort_1";
CREATE TABLE t2 (a INT, b VARCHAR(64)) ENGINE = InnoDB;
INSERT INTO t2 VALUES (5, "Original from table t2"), (6, "Original from table t2"), (7, "Original from table t2"), (8, "Original from table t2");
SHOW CREATE TABLE t2;
Table	Create Table
t2	CREATE TABLE `t2` (
  `a` int(11) DEFAULT NULL,
  `b` varchar(64) DEFAULT NULL
) ENGINE=InnoDB DEFAULT CHARSET=latin1
SELECT * FROM t2;
a	b
5	Original from table t2
6	Original from table t2
7	Original from table t2
8	Original from table t2
CREATE TABLE `t1/a\b#2` (a INT, b VARCHAR(64))
ENGINE = InnoDB
PARTITION BY RANGE (a)
(PARTITION p0 VALUES LESS THAN (10),
PARTITION p1 VALUES LESS THAN MAXVALUE);
INSERT INTO `t1/a\b#2` VALUES (1, "Original from partition p0"), (2, "Original from partition p0"), (3, "Original from partition p0"), (4, "Original from partition p0"), (11, "Original from partition p1"), (12, "Original from partition p1"), (13, "Original from partition p1"), (14, "Original from partition p1"), (21, "Original from partition p1"), (22, "Original from partition p1"), (23, "Original from partition p1"), (24, "Original from partition p1");
# State before crash
t1@002fa@005cb@00232#P#p0.ibd
t1@002fa@005cb@00232#P#p1.ibd
t2.ibd
SHOW CREATE TABLE `t1/a\b#2`;
Table	Create Table
t1/a\b#2	CREATE TABLE `t1/a\b#2` (
  `a` int(11) DEFAULT NULL,
  `b` varchar(64) DEFAULT NULL
) ENGINE=InnoDB DEFAULT CHARSET=latin1
/*!50100 PARTITION BY RANGE (a)
(PARTITION p0 VALUES LESS THAN (10) ENGINE = InnoDB,
 PARTITION p1 VALUES LESS THAN MAXVALUE ENGINE = InnoDB) */
SELECT * FROM `t1/a\b#2`;
a	b
1	Original from partition p0
11	Original from partition p1
12	Original from partition p1
13	Original from partition p1
14	Original from partition p1
2	Original from partition p0
21	Original from partition p1
22	Original from partition p1
23	Original from partition p1
24	Original from partition p1
3	Original from partition p0
4	Original from partition p0
ALTER TABLE `t1/a\b#2` EXCHANGE PARTITION p0 WITH TABLE t2;
ERROR HY000: Lost connection to MySQL server during query
# State after crash (before recovery)
t1@002fa@005cb@00232#P#p0.ibd
t1@002fa@005cb@00232#P#p1.ibd
t2.ibd
# State after crash recovery
t1@002fa@005cb@00232#P#p0.ibd
t1@002fa@005cb@00232#P#p1.ibd
t2.ibd
SHOW CREATE TABLE `t1/a\b#2`;
Table	Create Table
t1/a\b#2	CREATE TABLE `t1/a\b#2` (
  `a` int(11) DEFAULT NULL,
  `b` varchar(64) DEFAULT NULL
) ENGINE=InnoDB DEFAULT CHARSET=latin1
/*!50100 PARTITION BY RANGE (a)
(PARTITION p0 VALUES LESS THAN (10) ENGINE = InnoDB,
 PARTITION p1 VALUES LESS THAN MAXVALUE ENGINE = InnoDB) */
SELECT * FROM `t1/a\b#2`;
a	b
1	Original from partition p0
11	Original from partition p1
12	Original from partition p1
13	Original from partition p1
14	Original from partition p1
2	Original from partition p0
21	Original from partition p1
22	Original from partition p1
23	Original from partition p1
24	Original from partition p1
3	Original from partition p0
4	Original from partition p0
DROP TABLE `t1/a\b#2`;
SHOW CREATE TABLE t2;
Table	Create Table
t2	CREATE TABLE `t2` (
  `a` int(11) DEFAULT NULL,
  `b` varchar(64) DEFAULT NULL
) ENGINE=InnoDB DEFAULT CHARSET=latin1
SELECT * FROM t2;
a	b
5	Original from table t2
6	Original from table t2
7	Original from table t2
8	Original from table t2
DROP TABLE t2;
SET SESSION debug="-d,exchange_partition_abort_1";
SET SESSION debug="+d,exchange_partition_abort_2";
CREATE TABLE t2 (a INT, b VARCHAR(64)) ENGINE = InnoDB;
INSERT INTO t2 VALUES (5, "Original from table t2"), (6, "Original from table t2"), (7, "Original from table t2"), (8, "Original from table t2");
SHOW CREATE TABLE t2;
Table	Create Table
t2	CREATE TABLE `t2` (
  `a` int(11) DEFAULT NULL,
  `b` varchar(64) DEFAULT NULL
) ENGINE=InnoDB DEFAULT CHARSET=latin1
SELECT * FROM t2;
a	b
5	Original from table t2
6	Original from table t2
7	Original from table t2
8	Original from table t2
CREATE TABLE `t1/a\b#2` (a INT, b VARCHAR(64))
ENGINE = InnoDB
PARTITION BY RANGE (a)
(PARTITION p0 VALUES LESS THAN (10),
PARTITION p1 VALUES LESS THAN MAXVALUE);
INSERT INTO `t1/a\b#2` VALUES (1, "Original from partition p0"), (2, "Original from partition p0"), (3, "Original from partition p0"), (4, "Original from partition p0"), (11, "Original from partition p1"), (12, "Original from partition p1"), (13, "Original from partition p1"), (14, "Original from partition p1"), (21, "Original from partition p1"), (22, "Original from partition p1"), (23, "Original from partition p1"), (24, "Original from partition p1");
# State before crash
t1@002fa@005cb@00232#P#p0.ibd
t1@002fa@005cb@00232#P#p1.ibd
t2.ibd
SHOW CREATE TABLE `t1/a\b#2`;
Table	Create Table
t1/a\b#2	CREATE TABLE `t1/a\b#2` (
  `a` int(11) DEFAULT NULL,
  `b` varchar(64) DEFAULT NULL
) ENGINE=InnoDB DEFAULT CHARSET=latin1
/*!50100 PARTITION BY RANGE (a)
(PARTITION p0 VALUES LESS THAN (10) ENGINE = InnoDB,
 PARTITION p1 VALUES LESS THAN MAXVALUE ENGINE = InnoDB) */
SELECT * FROM `t1/a\b#2`;
a	b
1	Original from partition p0
11	Original from partition p1
12	Original from partition p1
13	Original from partition p1
14	Original from partition p1
2	Original from partition p0
21	Original from partition p1
22	Original from partition p1
23	Original from partition p1
24	Original from partition p1
3	Original from partition p0
4	Original from partition p0
ALTER TABLE `t1/a\b#2` EXCHANGE PARTITION p0 WITH TABLE t2;
ERROR HY000: Lost connection to MySQL server during query
# State after crash (before recovery)
t1@002fa@005cb@00232#P#p0.ibd
t1@002fa@005cb@00232#P#p1.ibd
t2.ibd
# State after crash recovery
t1@002fa@005cb@00232#P#p0.ibd
t1@002fa@005cb@00232#P#p1.ibd
t2.ibd
SHOW CREATE TABLE `t1/a\b#2`;
Table	Create Table
t1/a\b#2	CREATE TABLE `t1/a\b#2` (
  `a` int(11) DEFAULT NULL,
  `b` varchar(64) DEFAULT NULL
) ENGINE=InnoDB DEFAULT CHARSET=latin1
/*!50100 PARTITION BY RANGE (a)
(PARTITION p0 VALUES LESS THAN (10) ENGINE = InnoDB,
 PARTITION p1 VALUES LESS THAN MAXVALUE ENGINE = InnoDB) */
SELECT * FROM `t1/a\b#2`;
a	b
1	Original from partition p0
11	Original from partition p1
12	Original from partition p1
13	Original from partition p1
14	Original from partition p1
2	Original from partition p0
21	Original from partition p1
22	Original from partition p1
23	Original from partition p1
24	Original from partition p1
3	Original from partition p0
4	Original from partition p0
DROP TABLE `t1/a\b#2`;
SHOW CREATE TABLE t2;
Table	Create Table
t2	CREATE TABLE `t2` (
  `a` int(11) DEFAULT NULL,
  `b` varchar(64) DEFAULT NULL
) ENGINE=InnoDB DEFAULT CHARSET=latin1
SELECT * FROM t2;
a	b
5	Original from table t2
6	Original from table t2
7	Original from table t2
8	Original from table t2
DROP TABLE t2;
SET SESSION debug="-d,exchange_partition_abort_2";
SET SESSION debug="+d,exchange_partition_abort_3";
CREATE TABLE t2 (a INT, b VARCHAR(64)) ENGINE = InnoDB;
INSERT INTO t2 VALUES (5, "Original from table t2"), (6, "Original from table t2"), (7, "Original from table t2"), (8, "Original from table t2");
SHOW CREATE TABLE t2;
Table	Create Table
t2	CREATE TABLE `t2` (
  `a` int(11) DEFAULT NULL,
  `b` varchar(64) DEFAULT NULL
) ENGINE=InnoDB DEFAULT CHARSET=latin1
SELECT * FROM t2;
a	b
5	Original from table t2
6	Original from table t2
7	Original from table t2
8	Original from table t2
CREATE TABLE `t1/a\b#2` (a INT, b VARCHAR(64))
ENGINE = InnoDB
PARTITION BY RANGE (a)
(PARTITION p0 VALUES LESS THAN (10),
PARTITION p1 VALUES LESS THAN MAXVALUE);
INSERT INTO `t1/a\b#2` VALUES (1, "Original from partition p0"), (2, "Original from partition p0"), (3, "Original from partition p0"), (4, "Original from partition p0"), (11, "Original from partition p1"), (12, "Original from partition p1"), (13, "Original from partition p1"), (14, "Original from partition p1"), (21, "Original from partition p1"), (22, "Original from partition p1"), (23, "Original from partition p1"), (24, "Original from partition p1");
# State before crash
t1@002fa@005cb@00232#P#p0.ibd
t1@002fa@005cb@00232#P#p1.ibd
t2.ibd
SHOW CREATE TABLE `t1/a\b#2`;
Table	Create Table
t1/a\b#2	CREATE TABLE `t1/a\b#2` (
  `a` int(11) DEFAULT NULL,
  `b` varchar(64) DEFAULT NULL
) ENGINE=InnoDB DEFAULT CHARSET=latin1
/*!50100 PARTITION BY RANGE (a)
(PARTITION p0 VALUES LESS THAN (10) ENGINE = InnoDB,
 PARTITION p1 VALUES LESS THAN MAXVALUE ENGINE = InnoDB) */
SELECT * FROM `t1/a\b#2`;
a	b
1	Original from partition p0
11	Original from partition p1
12	Original from partition p1
13	Original from partition p1
14	Original from partition p1
2	Original from partition p0
21	Original from partition p1
22	Original from partition p1
23	Original from partition p1
24	Original from partition p1
3	Original from partition p0
4	Original from partition p0
ALTER TABLE `t1/a\b#2` EXCHANGE PARTITION p0 WITH TABLE t2;
ERROR HY000: Lost connection to MySQL server during query
# State after crash (before recovery)
t1@002fa@005cb@00232#P#p0.ibd
t1@002fa@005cb@00232#P#p1.ibd
t2.ibd
# State after crash recovery
t1@002fa@005cb@00232#P#p0.ibd
t1@002fa@005cb@00232#P#p1.ibd
t2.ibd
SHOW CREATE TABLE `t1/a\b#2`;
Table	Create Table
t1/a\b#2	CREATE TABLE `t1/a\b#2` (
  `a` int(11) DEFAULT NULL,
  `b` varchar(64) DEFAULT NULL
) ENGINE=InnoDB DEFAULT CHARSET=latin1
/*!50100 PARTITION BY RANGE (a)
(PARTITION p0 VALUES LESS THAN (10) ENGINE = InnoDB,
 PARTITION p1 VALUES LESS THAN MAXVALUE ENGINE = InnoDB) */
SELECT * FROM `t1/a\b#2`;
a	b
1	Original from partition p0
11	Original from partition p1
12	Original from partition p1
13	Original from partition p1
14	Original from partition p1
2	Original from partition p0
21	Original from partition p1
22	Original from partition p1
23	Original from partition p1
24	Original from partition p1
3	Original from partition p0
4	Original from partition p0
DROP TABLE `t1/a\b#2`;
SHOW CREATE TABLE t2;
Table	Create Table
t2	CREATE TABLE `t2` (
  `a` int(11) DEFAULT NULL,
  `b` varchar(64) DEFAULT NULL
) ENGINE=InnoDB DEFAULT CHARSET=latin1
SELECT * FROM t2;
a	b
5	Original from table t2
6	Original from table t2
7	Original from table t2
8	Original from table t2
DROP TABLE t2;
SET SESSION debug="-d,exchange_partition_abort_3";
SET SESSION debug="+d,exchange_partition_abort_4";
CREATE TABLE t2 (a INT, b VARCHAR(64)) ENGINE = InnoDB;
INSERT INTO t2 VALUES (5, "Original from table t2"), (6, "Original from table t2"), (7, "Original from table t2"), (8, "Original from table t2");
SHOW CREATE TABLE t2;
Table	Create Table
t2	CREATE TABLE `t2` (
  `a` int(11) DEFAULT NULL,
  `b` varchar(64) DEFAULT NULL
) ENGINE=InnoDB DEFAULT CHARSET=latin1
SELECT * FROM t2;
a	b
5	Original from table t2
6	Original from table t2
7	Original from table t2
8	Original from table t2
CREATE TABLE `t1/a\b#2` (a INT, b VARCHAR(64))
ENGINE = InnoDB
PARTITION BY RANGE (a)
(PARTITION p0 VALUES LESS THAN (10),
PARTITION p1 VALUES LESS THAN MAXVALUE);
INSERT INTO `t1/a\b#2` VALUES (1, "Original from partition p0"), (2, "Original from partition p0"), (3, "Original from partition p0"), (4, "Original from partition p0"), (11, "Original from partition p1"), (12, "Original from partition p1"), (13, "Original from partition p1"), (14, "Original from partition p1"), (21, "Original from partition p1"), (22, "Original from partition p1"), (23, "Original from partition p1"), (24, "Original from partition p1");
# State before crash
t1@002fa@005cb@00232#P#p0.ibd
t1@002fa@005cb@00232#P#p1.ibd
t2.ibd
SHOW CREATE TABLE `t1/a\b#2`;
Table	Create Table
t1/a\b#2	CREATE TABLE `t1/a\b#2` (
  `a` int(11) DEFAULT NULL,
  `b` varchar(64) DEFAULT NULL
) ENGINE=InnoDB DEFAULT CHARSET=latin1
/*!50100 PARTITION BY RANGE (a)
(PARTITION p0 VALUES LESS THAN (10) ENGINE = InnoDB,
 PARTITION p1 VALUES LESS THAN MAXVALUE ENGINE = InnoDB) */
SELECT * FROM `t1/a\b#2`;
a	b
1	Original from partition p0
11	Original from partition p1
12	Original from partition p1
13	Original from partition p1
14	Original from partition p1
2	Original from partition p0
21	Original from partition p1
22	Original from partition p1
23	Original from partition p1
24	Original from partition p1
3	Original from partition p0
4	Original from partition p0
ALTER TABLE `t1/a\b#2` EXCHANGE PARTITION p0 WITH TABLE t2;
ERROR HY000: Lost connection to MySQL server during query
# State after crash (before recovery)
#sql-tmp.ibd
t1@002fa@005cb@00232#P#p0.ibd
t1@002fa@005cb@00232#P#p1.ibd
# State after crash recovery
t1@002fa@005cb@00232#P#p0.ibd
t1@002fa@005cb@00232#P#p1.ibd
t2.ibd
SHOW CREATE TABLE `t1/a\b#2`;
Table	Create Table
t1/a\b#2	CREATE TABLE `t1/a\b#2` (
  `a` int(11) DEFAULT NULL,
  `b` varchar(64) DEFAULT NULL
) ENGINE=InnoDB DEFAULT CHARSET=latin1
/*!50100 PARTITION BY RANGE (a)
(PARTITION p0 VALUES LESS THAN (10) ENGINE = InnoDB,
 PARTITION p1 VALUES LESS THAN MAXVALUE ENGINE = InnoDB) */
SELECT * FROM `t1/a\b#2`;
a	b
1	Original from partition p0
11	Original from partition p1
12	Original from partition p1
13	Original from partition p1
14	Original from partition p1
2	Original from partition p0
21	Original from partition p1
22	Original from partition p1
23	Original from partition p1
24	Original from partition p1
3	Original from partition p0
4	Original from partition p0
DROP TABLE `t1/a\b#2`;
SHOW CREATE TABLE t2;
Table	Create Table
t2	CREATE TABLE `t2` (
  `a` int(11) DEFAULT NULL,
  `b` varchar(64) DEFAULT NULL
) ENGINE=InnoDB DEFAULT CHARSET=latin1
SELECT * FROM t2;
a	b
5	Original from table t2
6	Original from table t2
7	Original from table t2
8	Original from table t2
DROP TABLE t2;
SET SESSION debug="-d,exchange_partition_abort_4";
SET SESSION debug="+d,exchange_partition_abort_5";
CREATE TABLE t2 (a INT, b VARCHAR(64)) ENGINE = InnoDB;
INSERT INTO t2 VALUES (5, "Original from table t2"), (6, "Original from table t2"), (7, "Original from table t2"), (8, "Original from table t2");
SHOW CREATE TABLE t2;
Table	Create Table
t2	CREATE TABLE `t2` (
  `a` int(11) DEFAULT NULL,
  `b` varchar(64) DEFAULT NULL
) ENGINE=InnoDB DEFAULT CHARSET=latin1
SELECT * FROM t2;
a	b
5	Original from table t2
6	Original from table t2
7	Original from table t2
8	Original from table t2
CREATE TABLE `t1/a\b#2` (a INT, b VARCHAR(64))
ENGINE = InnoDB
PARTITION BY RANGE (a)
(PARTITION p0 VALUES LESS THAN (10),
PARTITION p1 VALUES LESS THAN MAXVALUE);
INSERT INTO `t1/a\b#2` VALUES (1, "Original from partition p0"), (2, "Original from partition p0"), (3, "Original from partition p0"), (4, "Original from partition p0"), (11, "Original from partition p1"), (12, "Original from partition p1"), (13, "Original from partition p1"), (14, "Original from partition p1"), (21, "Original from partition p1"), (22, "Original from partition p1"), (23, "Original from partition p1"), (24, "Original from partition p1");
# State before crash
t1@002fa@005cb@00232#P#p0.ibd
t1@002fa@005cb@00232#P#p1.ibd
t2.ibd
SHOW CREATE TABLE `t1/a\b#2`;
Table	Create Table
t1/a\b#2	CREATE TABLE `t1/a\b#2` (
  `a` int(11) DEFAULT NULL,
  `b` varchar(64) DEFAULT NULL
) ENGINE=InnoDB DEFAULT CHARSET=latin1
/*!50100 PARTITION BY RANGE (a)
(PARTITION p0 VALUES LESS THAN (10) ENGINE = InnoDB,
 PARTITION p1 VALUES LESS THAN MAXVALUE ENGINE = InnoDB) */
SELECT * FROM `t1/a\b#2`;
a	b
1	Original from partition p0
11	Original from partition p1
12	Original from partition p1
13	Original from partition p1
14	Original from partition p1
2	Original from partition p0
21	Original from partition p1
22	Original from partition p1
23	Original from partition p1
24	Original from partition p1
3	Original from partition p0
4	Original from partition p0
ALTER TABLE `t1/a\b#2` EXCHANGE PARTITION p0 WITH TABLE t2;
ERROR HY000: Lost connection to MySQL server during query
# State after crash (before recovery)
#sql-tmp.ibd
t1@002fa@005cb@00232#P#p0.ibd
t1@002fa@005cb@00232#P#p1.ibd
# State after crash recovery
t1@002fa@005cb@00232#P#p0.ibd
t1@002fa@005cb@00232#P#p1.ibd
t2.ibd
SHOW CREATE TABLE `t1/a\b#2`;
Table	Create Table
t1/a\b#2	CREATE TABLE `t1/a\b#2` (
  `a` int(11) DEFAULT NULL,
  `b` varchar(64) DEFAULT NULL
) ENGINE=InnoDB DEFAULT CHARSET=latin1
/*!50100 PARTITION BY RANGE (a)
(PARTITION p0 VALUES LESS THAN (10) ENGINE = InnoDB,
 PARTITION p1 VALUES LESS THAN MAXVALUE ENGINE = InnoDB) */
SELECT * FROM `t1/a\b#2`;
a	b
1	Original from partition p0
11	Original from partition p1
12	Original from partition p1
13	Original from partition p1
14	Original from partition p1
2	Original from partition p0
21	Original from partition p1
22	Original from partition p1
23	Original from partition p1
24	Original from partition p1
3	Original from partition p0
4	Original from partition p0
DROP TABLE `t1/a\b#2`;
SHOW CREATE TABLE t2;
Table	Create Table
t2	CREATE TABLE `t2` (
  `a` int(11) DEFAULT NULL,
  `b` varchar(64) DEFAULT NULL
) ENGINE=InnoDB DEFAULT CHARSET=latin1
SELECT * FROM t2;
a	b
5	Original from table t2
6	Original from table t2
7	Original from table t2
8	Original from table t2
DROP TABLE t2;
SET SESSION debug="-d,exchange_partition_abort_5";
SET SESSION debug="+d,exchange_partition_abort_6";
CREATE TABLE t2 (a INT, b VARCHAR(64)) ENGINE = InnoDB;
INSERT INTO t2 VALUES (5, "Original from table t2"), (6, "Original from table t2"), (7, "Original from table t2"), (8, "Original from table t2");
SHOW CREATE TABLE t2;
Table	Create Table
t2	CREATE TABLE `t2` (
  `a` int(11) DEFAULT NULL,
  `b` varchar(64) DEFAULT NULL
) ENGINE=InnoDB DEFAULT CHARSET=latin1
SELECT * FROM t2;
a	b
5	Original from table t2
6	Original from table t2
7	Original from table t2
8	Original from table t2
CREATE TABLE `t1/a\b#2` (a INT, b VARCHAR(64))
ENGINE = InnoDB
PARTITION BY RANGE (a)
(PARTITION p0 VALUES LESS THAN (10),
PARTITION p1 VALUES LESS THAN MAXVALUE);
INSERT INTO `t1/a\b#2` VALUES (1, "Original from partition p0"), (2, "Original from partition p0"), (3, "Original from partition p0"), (4, "Original from partition p0"), (11, "Original from partition p1"), (12, "Original from partition p1"), (13, "Original from partition p1"), (14, "Original from partition p1"), (21, "Original from partition p1"), (22, "Original from partition p1"), (23, "Original from partition p1"), (24, "Original from partition p1");
# State before crash
t1@002fa@005cb@00232#P#p0.ibd
t1@002fa@005cb@00232#P#p1.ibd
t2.ibd
SHOW CREATE TABLE `t1/a\b#2`;
Table	Create Table
t1/a\b#2	CREATE TABLE `t1/a\b#2` (
  `a` int(11) DEFAULT NULL,
  `b` varchar(64) DEFAULT NULL
) ENGINE=InnoDB DEFAULT CHARSET=latin1
/*!50100 PARTITION BY RANGE (a)
(PARTITION p0 VALUES LESS THAN (10) ENGINE = InnoDB,
 PARTITION p1 VALUES LESS THAN MAXVALUE ENGINE = InnoDB) */
SELECT * FROM `t1/a\b#2`;
a	b
1	Original from partition p0
11	Original from partition p1
12	Original from partition p1
13	Original from partition p1
14	Original from partition p1
2	Original from partition p0
21	Original from partition p1
22	Original from partition p1
23	Original from partition p1
24	Original from partition p1
3	Original from partition p0
4	Original from partition p0
ALTER TABLE `t1/a\b#2` EXCHANGE PARTITION p0 WITH TABLE t2;
ERROR HY000: Lost connection to MySQL server during query
# State after crash (before recovery)
#sql-tmp.ibd
t1@002fa@005cb@00232#P#p1.ibd
t2.ibd
# State after crash recovery
t1@002fa@005cb@00232#P#p0.ibd
t1@002fa@005cb@00232#P#p1.ibd
t2.ibd
SHOW CREATE TABLE `t1/a\b#2`;
Table	Create Table
t1/a\b#2	CREATE TABLE `t1/a\b#2` (
  `a` int(11) DEFAULT NULL,
  `b` varchar(64) DEFAULT NULL
) ENGINE=InnoDB DEFAULT CHARSET=latin1
/*!50100 PARTITION BY RANGE (a)
(PARTITION p0 VALUES LESS THAN (10) ENGINE = InnoDB,
 PARTITION p1 VALUES LESS THAN MAXVALUE ENGINE = InnoDB) */
SELECT * FROM `t1/a\b#2`;
a	b
1	Original from partition p0
11	Original from partition p1
12	Original from partition p1
13	Original from partition p1
14	Original from partition p1
2	Original from partition p0
21	Original from partition p1
22	Original from partition p1
23	Original from partition p1
24	Original from partition p1
3	Original from partition p0
4	Original from partition p0
DROP TABLE `t1/a\b#2`;
SHOW CREATE TABLE t2;
Table	Create Table
t2	CREATE TABLE `t2` (
  `a` int(11) DEFAULT NULL,
  `b` varchar(64) DEFAULT NULL
) ENGINE=InnoDB DEFAULT CHARSET=latin1
SELECT * FROM t2;
a	b
5	Original from table t2
6	Original from table t2
7	Original from table t2
8	Original from table t2
DROP TABLE t2;
SET SESSION debug="-d,exchange_partition_abort_6";
SET SESSION debug="+d,exchange_partition_abort_7";
CREATE TABLE t2 (a INT, b VARCHAR(64)) ENGINE = InnoDB;
INSERT INTO t2 VALUES (5, "Original from table t2"), (6, "Original from table t2"), (7, "Original from table t2"), (8, "Original from table t2");
SHOW CREATE TABLE t2;
Table	Create Table
t2	CREATE TABLE `t2` (
  `a` int(11) DEFAULT NULL,
  `b` varchar(64) DEFAULT NULL
) ENGINE=InnoDB DEFAULT CHARSET=latin1
SELECT * FROM t2;
a	b
5	Original from table t2
6	Original from table t2
7	Original from table t2
8	Original from table t2
CREATE TABLE `t1/a\b#2` (a INT, b VARCHAR(64))
ENGINE = InnoDB
PARTITION BY RANGE (a)
(PARTITION p0 VALUES LESS THAN (10),
PARTITION p1 VALUES LESS THAN MAXVALUE);
INSERT INTO `t1/a\b#2` VALUES (1, "Original from partition p0"), (2, "Original from partition p0"), (3, "Original from partition p0"), (4, "Original from partition p0"), (11, "Original from partition p1"), (12, "Original from partition p1"), (13, "Original from partition p1"), (14, "Original from partition p1"), (21, "Original from partition p1"), (22, "Original from partition p1"), (23, "Original from partition p1"), (24, "Original from partition p1");
# State before crash
t1@002fa@005cb@00232#P#p0.ibd
t1@002fa@005cb@00232#P#p1.ibd
t2.ibd
SHOW CREATE TABLE `t1/a\b#2`;
Table	Create Table
t1/a\b#2	CREATE TABLE `t1/a\b#2` (
  `a` int(11) DEFAULT NULL,
  `b` varchar(64) DEFAULT NULL
) ENGINE=InnoDB DEFAULT CHARSET=latin1
/*!50100 PARTITION BY RANGE (a)
(PARTITION p0 VALUES LESS THAN (10) ENGINE = InnoDB,
 PARTITION p1 VALUES LESS THAN MAXVALUE ENGINE = InnoDB) */
SELECT * FROM `t1/a\b#2`;
a	b
1	Original from partition p0
11	Original from partition p1
12	Original from partition p1
13	Original from partition p1
14	Original from partition p1
2	Original from partition p0
21	Original from partition p1
22	Original from partition p1
23	Original from partition p1
24	Original from partition p1
3	Original from partition p0
4	Original from partition p0
ALTER TABLE `t1/a\b#2` EXCHANGE PARTITION p0 WITH TABLE t2;
ERROR HY000: Lost connection to MySQL server during query
# State after crash (before recovery)
#sql-tmp.ibd
t1@002fa@005cb@00232#P#p1.ibd
t2.ibd
# State after crash recovery
t1@002fa@005cb@00232#P#p0.ibd
t1@002fa@005cb@00232#P#p1.ibd
t2.ibd
SHOW CREATE TABLE `t1/a\b#2`;
Table	Create Table
t1/a\b#2	CREATE TABLE `t1/a\b#2` (
  `a` int(11) DEFAULT NULL,
  `b` varchar(64) DEFAULT NULL
) ENGINE=InnoDB DEFAULT CHARSET=latin1
/*!50100 PARTITION BY RANGE (a)
(PARTITION p0 VALUES LESS THAN (10) ENGINE = InnoDB,
 PARTITION p1 VALUES LESS THAN MAXVALUE ENGINE = InnoDB) */
SELECT * FROM `t1/a\b#2`;
a	b
1	Original from partition p0
11	Original from partition p1
12	Original from partition p1
13	Original from partition p1
14	Original from partition p1
2	Original from partition p0
21	Original from partition p1
22	Original from partition p1
23	Original from partition p1
24	Original from partition p1
3	Original from partition p0
4	Original from partition p0
DROP TABLE `t1/a\b#2`;
SHOW CREATE TABLE t2;
Table	Create Table
t2	CREATE TABLE `t2` (
  `a` int(11) DEFAULT NULL,
  `b` varchar(64) DEFAULT NULL
) ENGINE=InnoDB DEFAULT CHARSET=latin1
SELECT * FROM t2;
a	b
5	Original from table t2
6	Original from table t2
7	Original from table t2
8	Original from table t2
DROP TABLE t2;
SET SESSION debug="-d,exchange_partition_abort_7";
SET SESSION debug="+d,exchange_partition_abort_8";
CREATE TABLE t2 (a INT, b VARCHAR(64)) ENGINE = InnoDB;
INSERT INTO t2 VALUES (5, "Original from table t2"), (6, "Original from table t2"), (7, "Original from table t2"), (8, "Original from table t2");
SHOW CREATE TABLE t2;
Table	Create Table
t2	CREATE TABLE `t2` (
  `a` int(11) DEFAULT NULL,
  `b` varchar(64) DEFAULT NULL
) ENGINE=InnoDB DEFAULT CHARSET=latin1
SELECT * FROM t2;
a	b
5	Original from table t2
6	Original from table t2
7	Original from table t2
8	Original from table t2
CREATE TABLE `t1/a\b#2` (a INT, b VARCHAR(64))
ENGINE = InnoDB
PARTITION BY RANGE (a)
(PARTITION p0 VALUES LESS THAN (10),
PARTITION p1 VALUES LESS THAN MAXVALUE);
INSERT INTO `t1/a\b#2` VALUES (1, "Original from partition p0"), (2, "Original from partition p0"), (3, "Original from partition p0"), (4, "Original from partition p0"), (11, "Original from partition p1"), (12, "Original from partition p1"), (13, "Original from partition p1"), (14, "Original from partition p1"), (21, "Original from partition p1"), (22, "Original from partition p1"), (23, "Original from partition p1"), (24, "Original from partition p1");
# State before crash
t1@002fa@005cb@00232#P#p0.ibd
t1@002fa@005cb@00232#P#p1.ibd
t2.ibd
SHOW CREATE TABLE `t1/a\b#2`;
Table	Create Table
t1/a\b#2	CREATE TABLE `t1/a\b#2` (
  `a` int(11) DEFAULT NULL,
  `b` varchar(64) DEFAULT NULL
) ENGINE=InnoDB DEFAULT CHARSET=latin1
/*!50100 PARTITION BY RANGE (a)
(PARTITION p0 VALUES LESS THAN (10) ENGINE = InnoDB,
 PARTITION p1 VALUES LESS THAN MAXVALUE ENGINE = InnoDB) */
SELECT * FROM `t1/a\b#2`;
a	b
1	Original from partition p0
11	Original from partition p1
12	Original from partition p1
13	Original from partition p1
14	Original from partition p1
2	Original from partition p0
21	Original from partition p1
22	Original from partition p1
23	Original from partition p1
24	Original from partition p1
3	Original from partition p0
4	Original from partition p0
ALTER TABLE `t1/a\b#2` EXCHANGE PARTITION p0 WITH TABLE t2;
ERROR HY000: Lost connection to MySQL server during query
# State after crash (before recovery)
t1@002fa@005cb@00232#P#p0.ibd
t1@002fa@005cb@00232#P#p1.ibd
t2.ibd
# State after crash recovery
t1@002fa@005cb@00232#P#p0.ibd
t1@002fa@005cb@00232#P#p1.ibd
t2.ibd
SHOW CREATE TABLE `t1/a\b#2`;
Table	Create Table
t1/a\b#2	CREATE TABLE `t1/a\b#2` (
  `a` int(11) DEFAULT NULL,
  `b` varchar(64) DEFAULT NULL
) ENGINE=InnoDB DEFAULT CHARSET=latin1
/*!50100 PARTITION BY RANGE (a)
(PARTITION p0 VALUES LESS THAN (10) ENGINE = InnoDB,
 PARTITION p1 VALUES LESS THAN MAXVALUE ENGINE = InnoDB) */
SELECT * FROM `t1/a\b#2`;
a	b
1	Original from partition p0
11	Original from partition p1
12	Original from partition p1
13	Original from partition p1
14	Original from partition p1
2	Original from partition p0
21	Original from partition p1
22	Original from partition p1
23	Original from partition p1
24	Original from partition p1
3	Original from partition p0
4	Original from partition p0
DROP TABLE `t1/a\b#2`;
SHOW CREATE TABLE t2;
Table	Create Table
t2	CREATE TABLE `t2` (
  `a` int(11) DEFAULT NULL,
  `b` varchar(64) DEFAULT NULL
) ENGINE=InnoDB DEFAULT CHARSET=latin1
SELECT * FROM t2;
a	b
5	Original from table t2
6	Original from table t2
7	Original from table t2
8	Original from table t2
DROP TABLE t2;
SET SESSION debug="-d,exchange_partition_abort_8";
SET SESSION debug="+d,exchange_partition_abort_9";
CREATE TABLE t2 (a INT, b VARCHAR(64)) ENGINE = InnoDB;
INSERT INTO t2 VALUES (5, "Original from table t2"), (6, "Original from table t2"), (7, "Original from table t2"), (8, "Original from table t2");
SHOW CREATE TABLE t2;
Table	Create Table
t2	CREATE TABLE `t2` (
  `a` int(11) DEFAULT NULL,
  `b` varchar(64) DEFAULT NULL
) ENGINE=InnoDB DEFAULT CHARSET=latin1
SELECT * FROM t2;
a	b
5	Original from table t2
6	Original from table t2
7	Original from table t2
8	Original from table t2
CREATE TABLE `t1/a\b#2` (a INT, b VARCHAR(64))
ENGINE = InnoDB
PARTITION BY RANGE (a)
(PARTITION p0 VALUES LESS THAN (10),
PARTITION p1 VALUES LESS THAN MAXVALUE);
INSERT INTO `t1/a\b#2` VALUES (1, "Original from partition p0"), (2, "Original from partition p0"), (3, "Original from partition p0"), (4, "Original from partition p0"), (11, "Original from partition p1"), (12, "Original from partition p1"), (13, "Original from partition p1"), (14, "Original from partition p1"), (21, "Original from partition p1"), (22, "Original from partition p1"), (23, "Original from partition p1"), (24, "Original from partition p1");
# State before crash
t1@002fa@005cb@00232#P#p0.ibd
t1@002fa@005cb@00232#P#p1.ibd
t2.ibd
SHOW CREATE TABLE `t1/a\b#2`;
Table	Create Table
t1/a\b#2	CREATE TABLE `t1/a\b#2` (
  `a` int(11) DEFAULT NULL,
  `b` varchar(64) DEFAULT NULL
) ENGINE=InnoDB DEFAULT CHARSET=latin1
/*!50100 PARTITION BY RANGE (a)
(PARTITION p0 VALUES LESS THAN (10) ENGINE = InnoDB,
 PARTITION p1 VALUES LESS THAN MAXVALUE ENGINE = InnoDB) */
SELECT * FROM `t1/a\b#2`;
a	b
1	Original from partition p0
11	Original from partition p1
12	Original from partition p1
13	Original from partition p1
14	Original from partition p1
2	Original from partition p0
21	Original from partition p1
22	Original from partition p1
23	Original from partition p1
24	Original from partition p1
3	Original from partition p0
4	Original from partition p0
ALTER TABLE `t1/a\b#2` EXCHANGE PARTITION p0 WITH TABLE t2;
ERROR HY000: Lost connection to MySQL server during query
# State after crash (before recovery)
t1@002fa@005cb@00232#P#p0.ibd
t1@002fa@005cb@00232#P#p1.ibd
t2.ibd
# State after crash recovery
t1@002fa@005cb@00232#P#p0.ibd
t1@002fa@005cb@00232#P#p1.ibd
t2.ibd
SHOW CREATE TABLE `t1/a\b#2`;
Table	Create Table
t1/a\b#2	CREATE TABLE `t1/a\b#2` (
  `a` int(11) DEFAULT NULL,
  `b` varchar(64) DEFAULT NULL
) ENGINE=InnoDB DEFAULT CHARSET=latin1
/*!50100 PARTITION BY RANGE (a)
(PARTITION p0 VALUES LESS THAN (10) ENGINE = InnoDB,
 PARTITION p1 VALUES LESS THAN MAXVALUE ENGINE = InnoDB) */
SELECT * FROM `t1/a\b#2`;
a	b
11	Original from partition p1
12	Original from partition p1
13	Original from partition p1
14	Original from partition p1
21	Original from partition p1
22	Original from partition p1
23	Original from partition p1
24	Original from partition p1
5	Original from table t2
6	Original from table t2
7	Original from table t2
8	Original from table t2
DROP TABLE `t1/a\b#2`;
SHOW CREATE TABLE t2;
Table	Create Table
t2	CREATE TABLE `t2` (
  `a` int(11) DEFAULT NULL,
  `b` varchar(64) DEFAULT NULL
) ENGINE=InnoDB DEFAULT CHARSET=latin1
SELECT * FROM t2;
a	b
1	Original from partition p0
2	Original from partition p0
3	Original from partition p0
4	Original from partition p0
DROP TABLE t2;
SET SESSION debug="-d,exchange_partition_abort_9";
SET SESSION debug="+d,exchange_partition_fail_1";
CREATE TABLE t2 (a INT, b VARCHAR(64)) ENGINE = InnoDB;
INSERT INTO t2 VALUES (5, "Original from table t2"), (6, "Original from table t2"), (7, "Original from table t2"), (8, "Original from table t2");
SHOW CREATE TABLE t2;
Table	Create Table
t2	CREATE TABLE `t2` (
  `a` int(11) DEFAULT NULL,
  `b` varchar(64) DEFAULT NULL
) ENGINE=InnoDB DEFAULT CHARSET=latin1
SELECT * FROM t2;
a	b
5	Original from table t2
6	Original from table t2
7	Original from table t2
8	Original from table t2
CREATE TABLE `t1/a\b#2` (a INT, b VARCHAR(64))
ENGINE = InnoDB
PARTITION BY RANGE (a)
(PARTITION p0 VALUES LESS THAN (10),
PARTITION p1 VALUES LESS THAN MAXVALUE);
INSERT INTO `t1/a\b#2` VALUES (1, "Original from partition p0"), (2, "Original from partition p0"), (3, "Original from partition p0"), (4, "Original from partition p0"), (11, "Original from partition p1"), (12, "Original from partition p1"), (13, "Original from partition p1"), (14, "Original from partition p1"), (21, "Original from partition p1"), (22, "Original from partition p1"), (23, "Original from partition p1"), (24, "Original from partition p1");
# State before failure
t1@002fa@005cb@00232#P#p0.ibd
t1@002fa@005cb@00232#P#p1.ibd
t2.ibd
SHOW CREATE TABLE `t1/a\b#2`;
Table	Create Table
t1/a\b#2	CREATE TABLE `t1/a\b#2` (
  `a` int(11) DEFAULT NULL,
  `b` varchar(64) DEFAULT NULL
) ENGINE=InnoDB DEFAULT CHARSET=latin1
/*!50100 PARTITION BY RANGE (a)
(PARTITION p0 VALUES LESS THAN (10) ENGINE = InnoDB,
 PARTITION p1 VALUES LESS THAN MAXVALUE ENGINE = InnoDB) */
SELECT * FROM `t1/a\b#2`;
a	b
1	Original from partition p0
11	Original from partition p1
12	Original from partition p1
13	Original from partition p1
14	Original from partition p1
2	Original from partition p0
21	Original from partition p1
22	Original from partition p1
23	Original from partition p1
24	Original from partition p1
3	Original from partition p0
4	Original from partition p0
ALTER TABLE `t1/a\b#2` EXCHANGE PARTITION p0 WITH TABLE t2;
ERROR HY000: Error in DDL log
# State after failure
t1@002fa@005cb@00232#P#p0.ibd
t1@002fa@005cb@00232#P#p1.ibd
t2.ibd
SHOW CREATE TABLE `t1/a\b#2`;
Table	Create Table
t1/a\b#2	CREATE TABLE `t1/a\b#2` (
  `a` int(11) DEFAULT NULL,
  `b` varchar(64) DEFAULT NULL
) ENGINE=InnoDB DEFAULT CHARSET=latin1
/*!50100 PARTITION BY RANGE (a)
(PARTITION p0 VALUES LESS THAN (10) ENGINE = InnoDB,
 PARTITION p1 VALUES LESS THAN MAXVALUE ENGINE = InnoDB) */
SELECT * FROM `t1/a\b#2`;
a	b
1	Original from partition p0
11	Original from partition p1
12	Original from partition p1
13	Original from partition p1
14	Original from partition p1
2	Original from partition p0
21	Original from partition p1
22	Original from partition p1
23	Original from partition p1
24	Original from partition p1
3	Original from partition p0
4	Original from partition p0
DROP TABLE `t1/a\b#2`;
SHOW CREATE TABLE t2;
Table	Create Table
t2	CREATE TABLE `t2` (
  `a` int(11) DEFAULT NULL,
  `b` varchar(64) DEFAULT NULL
) ENGINE=InnoDB DEFAULT CHARSET=latin1
SELECT * FROM t2;
a	b
5	Original from table t2
6	Original from table t2
7	Original from table t2
8	Original from table t2
DROP TABLE t2;
SET SESSION debug="-d,exchange_partition_fail_1";
SET SESSION debug="+d,exchange_partition_fail_2";
CREATE TABLE t2 (a INT, b VARCHAR(64)) ENGINE = InnoDB;
INSERT INTO t2 VALUES (5, "Original from table t2"), (6, "Original from table t2"), (7, "Original from table t2"), (8, "Original from table t2");
SHOW CREATE TABLE t2;
Table	Create Table
t2	CREATE TABLE `t2` (
  `a` int(11) DEFAULT NULL,
  `b` varchar(64) DEFAULT NULL
) ENGINE=InnoDB DEFAULT CHARSET=latin1
SELECT * FROM t2;
a	b
5	Original from table t2
6	Original from table t2
7	Original from table t2
8	Original from table t2
CREATE TABLE `t1/a\b#2` (a INT, b VARCHAR(64))
ENGINE = InnoDB
PARTITION BY RANGE (a)
(PARTITION p0 VALUES LESS THAN (10),
PARTITION p1 VALUES LESS THAN MAXVALUE);
INSERT INTO `t1/a\b#2` VALUES (1, "Original from partition p0"), (2, "Original from partition p0"), (3, "Original from partition p0"), (4, "Original from partition p0"), (11, "Original from partition p1"), (12, "Original from partition p1"), (13, "Original from partition p1"), (14, "Original from partition p1"), (21, "Original from partition p1"), (22, "Original from partition p1"), (23, "Original from partition p1"), (24, "Original from partition p1");
# State before failure
t1@002fa@005cb@00232#P#p0.ibd
t1@002fa@005cb@00232#P#p1.ibd
t2.ibd
SHOW CREATE TABLE `t1/a\b#2`;
Table	Create Table
t1/a\b#2	CREATE TABLE `t1/a\b#2` (
  `a` int(11) DEFAULT NULL,
  `b` varchar(64) DEFAULT NULL
) ENGINE=InnoDB DEFAULT CHARSET=latin1
/*!50100 PARTITION BY RANGE (a)
(PARTITION p0 VALUES LESS THAN (10) ENGINE = InnoDB,
 PARTITION p1 VALUES LESS THAN MAXVALUE ENGINE = InnoDB) */
SELECT * FROM `t1/a\b#2`;
a	b
1	Original from partition p0
11	Original from partition p1
12	Original from partition p1
13	Original from partition p1
14	Original from partition p1
2	Original from partition p0
21	Original from partition p1
22	Original from partition p1
23	Original from partition p1
24	Original from partition p1
3	Original from partition p0
4	Original from partition p0
ALTER TABLE `t1/a\b#2` EXCHANGE PARTITION p0 WITH TABLE t2;
ERROR HY000: Error in DDL log
# State after failure
t1@002fa@005cb@00232#P#p0.ibd
t1@002fa@005cb@00232#P#p1.ibd
t2.ibd
SHOW CREATE TABLE `t1/a\b#2`;
Table	Create Table
t1/a\b#2	CREATE TABLE `t1/a\b#2` (
  `a` int(11) DEFAULT NULL,
  `b` varchar(64) DEFAULT NULL
) ENGINE=InnoDB DEFAULT CHARSET=latin1
/*!50100 PARTITION BY RANGE (a)
(PARTITION p0 VALUES LESS THAN (10) ENGINE = InnoDB,
 PARTITION p1 VALUES LESS THAN MAXVALUE ENGINE = InnoDB) */
SELECT * FROM `t1/a\b#2`;
a	b
1	Original from partition p0
11	Original from partition p1
12	Original from partition p1
13	Original from partition p1
14	Original from partition p1
2	Original from partition p0
21	Original from partition p1
22	Original from partition p1
23	Original from partition p1
24	Original from partition p1
3	Original from partition p0
4	Original from partition p0
DROP TABLE `t1/a\b#2`;
SHOW CREATE TABLE t2;
Table	Create Table
t2	CREATE TABLE `t2` (
  `a` int(11) DEFAULT NULL,
  `b` varchar(64) DEFAULT NULL
) ENGINE=InnoDB DEFAULT CHARSET=latin1
SELECT * FROM t2;
a	b
5	Original from table t2
6	Original from table t2
7	Original from table t2
8	Original from table t2
DROP TABLE t2;
SET SESSION debug="-d,exchange_partition_fail_2";
SET SESSION debug="+d,exchange_partition_fail_3";
CREATE TABLE t2 (a INT, b VARCHAR(64)) ENGINE = InnoDB;
INSERT INTO t2 VALUES (5, "Original from table t2"), (6, "Original from table t2"), (7, "Original from table t2"), (8, "Original from table t2");
SHOW CREATE TABLE t2;
Table	Create Table
t2	CREATE TABLE `t2` (
  `a` int(11) DEFAULT NULL,
  `b` varchar(64) DEFAULT NULL
) ENGINE=InnoDB DEFAULT CHARSET=latin1
SELECT * FROM t2;
a	b
5	Original from table t2
6	Original from table t2
7	Original from table t2
8	Original from table t2
CREATE TABLE `t1/a\b#2` (a INT, b VARCHAR(64))
ENGINE = InnoDB
PARTITION BY RANGE (a)
(PARTITION p0 VALUES LESS THAN (10),
PARTITION p1 VALUES LESS THAN MAXVALUE);
INSERT INTO `t1/a\b#2` VALUES (1, "Original from partition p0"), (2, "Original from partition p0"), (3, "Original from partition p0"), (4, "Original from partition p0"), (11, "Original from partition p1"), (12, "Original from partition p1"), (13, "Original from partition p1"), (14, "Original from partition p1"), (21, "Original from partition p1"), (22, "Original from partition p1"), (23, "Original from partition p1"), (24, "Original from partition p1");
# State before failure
t1@002fa@005cb@00232#P#p0.ibd
t1@002fa@005cb@00232#P#p1.ibd
t2.ibd
SHOW CREATE TABLE `t1/a\b#2`;
Table	Create Table
t1/a\b#2	CREATE TABLE `t1/a\b#2` (
  `a` int(11) DEFAULT NULL,
  `b` varchar(64) DEFAULT NULL
) ENGINE=InnoDB DEFAULT CHARSET=latin1
/*!50100 PARTITION BY RANGE (a)
(PARTITION p0 VALUES LESS THAN (10) ENGINE = InnoDB,
 PARTITION p1 VALUES LESS THAN MAXVALUE ENGINE = InnoDB) */
SELECT * FROM `t1/a\b#2`;
a	b
1	Original from partition p0
11	Original from partition p1
12	Original from partition p1
13	Original from partition p1
14	Original from partition p1
2	Original from partition p0
21	Original from partition p1
22	Original from partition p1
23	Original from partition p1
24	Original from partition p1
3	Original from partition p0
4	Original from partition p0
ALTER TABLE `t1/a\b#2` EXCHANGE PARTITION p0 WITH TABLE t2;
ERROR HY000: Error on rename of './test/t2' to './test/#sqlx-nnnn_nnnn' (errno: 0 - n/a)
# State after failure
t1@002fa@005cb@00232#P#p0.ibd
t1@002fa@005cb@00232#P#p1.ibd
t2.ibd
SHOW CREATE TABLE `t1/a\b#2`;
Table	Create Table
t1/a\b#2	CREATE TABLE `t1/a\b#2` (
  `a` int(11) DEFAULT NULL,
  `b` varchar(64) DEFAULT NULL
) ENGINE=InnoDB DEFAULT CHARSET=latin1
/*!50100 PARTITION BY RANGE (a)
(PARTITION p0 VALUES LESS THAN (10) ENGINE = InnoDB,
 PARTITION p1 VALUES LESS THAN MAXVALUE ENGINE = InnoDB) */
SELECT * FROM `t1/a\b#2`;
a	b
1	Original from partition p0
11	Original from partition p1
12	Original from partition p1
13	Original from partition p1
14	Original from partition p1
2	Original from partition p0
21	Original from partition p1
22	Original from partition p1
23	Original from partition p1
24	Original from partition p1
3	Original from partition p0
4	Original from partition p0
DROP TABLE `t1/a\b#2`;
SHOW CREATE TABLE t2;
Table	Create Table
t2	CREATE TABLE `t2` (
  `a` int(11) DEFAULT NULL,
  `b` varchar(64) DEFAULT NULL
) ENGINE=InnoDB DEFAULT CHARSET=latin1
SELECT * FROM t2;
a	b
5	Original from table t2
6	Original from table t2
7	Original from table t2
8	Original from table t2
DROP TABLE t2;
SET SESSION debug="-d,exchange_partition_fail_3";
SET SESSION debug="+d,exchange_partition_fail_4";
CREATE TABLE t2 (a INT, b VARCHAR(64)) ENGINE = InnoDB;
INSERT INTO t2 VALUES (5, "Original from table t2"), (6, "Original from table t2"), (7, "Original from table t2"), (8, "Original from table t2");
SHOW CREATE TABLE t2;
Table	Create Table
t2	CREATE TABLE `t2` (
  `a` int(11) DEFAULT NULL,
  `b` varchar(64) DEFAULT NULL
) ENGINE=InnoDB DEFAULT CHARSET=latin1
SELECT * FROM t2;
a	b
5	Original from table t2
6	Original from table t2
7	Original from table t2
8	Original from table t2
CREATE TABLE `t1/a\b#2` (a INT, b VARCHAR(64))
ENGINE = InnoDB
PARTITION BY RANGE (a)
(PARTITION p0 VALUES LESS THAN (10),
PARTITION p1 VALUES LESS THAN MAXVALUE);
INSERT INTO `t1/a\b#2` VALUES (1, "Original from partition p0"), (2, "Original from partition p0"), (3, "Original from partition p0"), (4, "Original from partition p0"), (11, "Original from partition p1"), (12, "Original from partition p1"), (13, "Original from partition p1"), (14, "Original from partition p1"), (21, "Original from partition p1"), (22, "Original from partition p1"), (23, "Original from partition p1"), (24, "Original from partition p1");
# State before failure
t1@002fa@005cb@00232#P#p0.ibd
t1@002fa@005cb@00232#P#p1.ibd
t2.ibd
SHOW CREATE TABLE `t1/a\b#2`;
Table	Create Table
t1/a\b#2	CREATE TABLE `t1/a\b#2` (
  `a` int(11) DEFAULT NULL,
  `b` varchar(64) DEFAULT NULL
) ENGINE=InnoDB DEFAULT CHARSET=latin1
/*!50100 PARTITION BY RANGE (a)
(PARTITION p0 VALUES LESS THAN (10) ENGINE = InnoDB,
 PARTITION p1 VALUES LESS THAN MAXVALUE ENGINE = InnoDB) */
SELECT * FROM `t1/a\b#2`;
a	b
1	Original from partition p0
11	Original from partition p1
12	Original from partition p1
13	Original from partition p1
14	Original from partition p1
2	Original from partition p0
21	Original from partition p1
22	Original from partition p1
23	Original from partition p1
24	Original from partition p1
3	Original from partition p0
4	Original from partition p0
ALTER TABLE `t1/a\b#2` EXCHANGE PARTITION p0 WITH TABLE t2;
ERROR HY000: Error in DDL log
# State after failure
t1@002fa@005cb@00232#P#p0.ibd
t1@002fa@005cb@00232#P#p1.ibd
t2.ibd
SHOW CREATE TABLE `t1/a\b#2`;
Table	Create Table
t1/a\b#2	CREATE TABLE `t1/a\b#2` (
  `a` int(11) DEFAULT NULL,
  `b` varchar(64) DEFAULT NULL
) ENGINE=InnoDB DEFAULT CHARSET=latin1
/*!50100 PARTITION BY RANGE (a)
(PARTITION p0 VALUES LESS THAN (10) ENGINE = InnoDB,
 PARTITION p1 VALUES LESS THAN MAXVALUE ENGINE = InnoDB) */
SELECT * FROM `t1/a\b#2`;
a	b
1	Original from partition p0
11	Original from partition p1
12	Original from partition p1
13	Original from partition p1
14	Original from partition p1
2	Original from partition p0
21	Original from partition p1
22	Original from partition p1
23	Original from partition p1
24	Original from partition p1
3	Original from partition p0
4	Original from partition p0
DROP TABLE `t1/a\b#2`;
SHOW CREATE TABLE t2;
Table	Create Table
t2	CREATE TABLE `t2` (
  `a` int(11) DEFAULT NULL,
  `b` varchar(64) DEFAULT NULL
) ENGINE=InnoDB DEFAULT CHARSET=latin1
SELECT * FROM t2;
a	b
5	Original from table t2
6	Original from table t2
7	Original from table t2
8	Original from table t2
DROP TABLE t2;
SET SESSION debug="-d,exchange_partition_fail_4";
SET SESSION debug="+d,exchange_partition_fail_5";
CREATE TABLE t2 (a INT, b VARCHAR(64)) ENGINE = InnoDB;
INSERT INTO t2 VALUES (5, "Original from table t2"), (6, "Original from table t2"), (7, "Original from table t2"), (8, "Original from table t2");
SHOW CREATE TABLE t2;
Table	Create Table
t2	CREATE TABLE `t2` (
  `a` int(11) DEFAULT NULL,
  `b` varchar(64) DEFAULT NULL
) ENGINE=InnoDB DEFAULT CHARSET=latin1
SELECT * FROM t2;
a	b
5	Original from table t2
6	Original from table t2
7	Original from table t2
8	Original from table t2
CREATE TABLE `t1/a\b#2` (a INT, b VARCHAR(64))
ENGINE = InnoDB
PARTITION BY RANGE (a)
(PARTITION p0 VALUES LESS THAN (10),
PARTITION p1 VALUES LESS THAN MAXVALUE);
INSERT INTO `t1/a\b#2` VALUES (1, "Original from partition p0"), (2, "Original from partition p0"), (3, "Original from partition p0"), (4, "Original from partition p0"), (11, "Original from partition p1"), (12, "Original from partition p1"), (13, "Original from partition p1"), (14, "Original from partition p1"), (21, "Original from partition p1"), (22, "Original from partition p1"), (23, "Original from partition p1"), (24, "Original from partition p1");
# State before failure
t1@002fa@005cb@00232#P#p0.ibd
t1@002fa@005cb@00232#P#p1.ibd
t2.ibd
SHOW CREATE TABLE `t1/a\b#2`;
Table	Create Table
t1/a\b#2	CREATE TABLE `t1/a\b#2` (
  `a` int(11) DEFAULT NULL,
  `b` varchar(64) DEFAULT NULL
) ENGINE=InnoDB DEFAULT CHARSET=latin1
/*!50100 PARTITION BY RANGE (a)
(PARTITION p0 VALUES LESS THAN (10) ENGINE = InnoDB,
 PARTITION p1 VALUES LESS THAN MAXVALUE ENGINE = InnoDB) */
SELECT * FROM `t1/a\b#2`;
a	b
1	Original from partition p0
11	Original from partition p1
12	Original from partition p1
13	Original from partition p1
14	Original from partition p1
2	Original from partition p0
21	Original from partition p1
22	Original from partition p1
23	Original from partition p1
24	Original from partition p1
3	Original from partition p0
4	Original from partition p0
ALTER TABLE `t1/a\b#2` EXCHANGE PARTITION p0 WITH TABLE t2;
ERROR HY000: Error on rename of './test/t1@002fa@005cb@00232#P#p0' to './test/t2' (errno: 0 - n/a)
# State after failure
t1@002fa@005cb@00232#P#p0.ibd
t1@002fa@005cb@00232#P#p1.ibd
t2.ibd
SHOW CREATE TABLE `t1/a\b#2`;
Table	Create Table
t1/a\b#2	CREATE TABLE `t1/a\b#2` (
  `a` int(11) DEFAULT NULL,
  `b` varchar(64) DEFAULT NULL
) ENGINE=InnoDB DEFAULT CHARSET=latin1
/*!50100 PARTITION BY RANGE (a)
(PARTITION p0 VALUES LESS THAN (10) ENGINE = InnoDB,
 PARTITION p1 VALUES LESS THAN MAXVALUE ENGINE = InnoDB) */
SELECT * FROM `t1/a\b#2`;
a	b
1	Original from partition p0
11	Original from partition p1
12	Original from partition p1
13	Original from partition p1
14	Original from partition p1
2	Original from partition p0
21	Original from partition p1
22	Original from partition p1
23	Original from partition p1
24	Original from partition p1
3	Original from partition p0
4	Original from partition p0
DROP TABLE `t1/a\b#2`;
SHOW CREATE TABLE t2;
Table	Create Table
t2	CREATE TABLE `t2` (
  `a` int(11) DEFAULT NULL,
  `b` varchar(64) DEFAULT NULL
) ENGINE=InnoDB DEFAULT CHARSET=latin1
SELECT * FROM t2;
a	b
5	Original from table t2
6	Original from table t2
7	Original from table t2
8	Original from table t2
DROP TABLE t2;
SET SESSION debug="-d,exchange_partition_fail_5";
SET SESSION debug="+d,exchange_partition_fail_6";
CREATE TABLE t2 (a INT, b VARCHAR(64)) ENGINE = InnoDB;
INSERT INTO t2 VALUES (5, "Original from table t2"), (6, "Original from table t2"), (7, "Original from table t2"), (8, "Original from table t2");
SHOW CREATE TABLE t2;
Table	Create Table
t2	CREATE TABLE `t2` (
  `a` int(11) DEFAULT NULL,
  `b` varchar(64) DEFAULT NULL
) ENGINE=InnoDB DEFAULT CHARSET=latin1
SELECT * FROM t2;
a	b
5	Original from table t2
6	Original from table t2
7	Original from table t2
8	Original from table t2
CREATE TABLE `t1/a\b#2` (a INT, b VARCHAR(64))
ENGINE = InnoDB
PARTITION BY RANGE (a)
(PARTITION p0 VALUES LESS THAN (10),
PARTITION p1 VALUES LESS THAN MAXVALUE);
INSERT INTO `t1/a\b#2` VALUES (1, "Original from partition p0"), (2, "Original from partition p0"), (3, "Original from partition p0"), (4, "Original from partition p0"), (11, "Original from partition p1"), (12, "Original from partition p1"), (13, "Original from partition p1"), (14, "Original from partition p1"), (21, "Original from partition p1"), (22, "Original from partition p1"), (23, "Original from partition p1"), (24, "Original from partition p1");
# State before failure
t1@002fa@005cb@00232#P#p0.ibd
t1@002fa@005cb@00232#P#p1.ibd
t2.ibd
SHOW CREATE TABLE `t1/a\b#2`;
Table	Create Table
t1/a\b#2	CREATE TABLE `t1/a\b#2` (
  `a` int(11) DEFAULT NULL,
  `b` varchar(64) DEFAULT NULL
) ENGINE=InnoDB DEFAULT CHARSET=latin1
/*!50100 PARTITION BY RANGE (a)
(PARTITION p0 VALUES LESS THAN (10) ENGINE = InnoDB,
 PARTITION p1 VALUES LESS THAN MAXVALUE ENGINE = InnoDB) */
SELECT * FROM `t1/a\b#2`;
a	b
1	Original from partition p0
11	Original from partition p1
12	Original from partition p1
13	Original from partition p1
14	Original from partition p1
2	Original from partition p0
21	Original from partition p1
22	Original from partition p1
23	Original from partition p1
24	Original from partition p1
3	Original from partition p0
4	Original from partition p0
ALTER TABLE `t1/a\b#2` EXCHANGE PARTITION p0 WITH TABLE t2;
ERROR HY000: Error in DDL log
# State after failure
t1@002fa@005cb@00232#P#p0.ibd
t1@002fa@005cb@00232#P#p1.ibd
t2.ibd
SHOW CREATE TABLE `t1/a\b#2`;
Table	Create Table
t1/a\b#2	CREATE TABLE `t1/a\b#2` (
  `a` int(11) DEFAULT NULL,
  `b` varchar(64) DEFAULT NULL
) ENGINE=InnoDB DEFAULT CHARSET=latin1
/*!50100 PARTITION BY RANGE (a)
(PARTITION p0 VALUES LESS THAN (10) ENGINE = InnoDB,
 PARTITION p1 VALUES LESS THAN MAXVALUE ENGINE = InnoDB) */
SELECT * FROM `t1/a\b#2`;
a	b
1	Original from partition p0
11	Original from partition p1
12	Original from partition p1
13	Original from partition p1
14	Original from partition p1
2	Original from partition p0
21	Original from partition p1
22	Original from partition p1
23	Original from partition p1
24	Original from partition p1
3	Original from partition p0
4	Original from partition p0
DROP TABLE `t1/a\b#2`;
SHOW CREATE TABLE t2;
Table	Create Table
t2	CREATE TABLE `t2` (
  `a` int(11) DEFAULT NULL,
  `b` varchar(64) DEFAULT NULL
) ENGINE=InnoDB DEFAULT CHARSET=latin1
SELECT * FROM t2;
a	b
5	Original from table t2
6	Original from table t2
7	Original from table t2
8	Original from table t2
DROP TABLE t2;
SET SESSION debug="-d,exchange_partition_fail_6";
SET SESSION debug="+d,exchange_partition_fail_7";
CREATE TABLE t2 (a INT, b VARCHAR(64)) ENGINE = InnoDB;
INSERT INTO t2 VALUES (5, "Original from table t2"), (6, "Original from table t2"), (7, "Original from table t2"), (8, "Original from table t2");
SHOW CREATE TABLE t2;
Table	Create Table
t2	CREATE TABLE `t2` (
  `a` int(11) DEFAULT NULL,
  `b` varchar(64) DEFAULT NULL
) ENGINE=InnoDB DEFAULT CHARSET=latin1
SELECT * FROM t2;
a	b
5	Original from table t2
6	Original from table t2
7	Original from table t2
8	Original from table t2
CREATE TABLE `t1/a\b#2` (a INT, b VARCHAR(64))
ENGINE = InnoDB
PARTITION BY RANGE (a)
(PARTITION p0 VALUES LESS THAN (10),
PARTITION p1 VALUES LESS THAN MAXVALUE);
INSERT INTO `t1/a\b#2` VALUES (1, "Original from partition p0"), (2, "Original from partition p0"), (3, "Original from partition p0"), (4, "Original from partition p0"), (11, "Original from partition p1"), (12, "Original from partition p1"), (13, "Original from partition p1"), (14, "Original from partition p1"), (21, "Original from partition p1"), (22, "Original from partition p1"), (23, "Original from partition p1"), (24, "Original from partition p1");
# State before failure
t1@002fa@005cb@00232#P#p0.ibd
t1@002fa@005cb@00232#P#p1.ibd
t2.ibd
SHOW CREATE TABLE `t1/a\b#2`;
Table	Create Table
t1/a\b#2	CREATE TABLE `t1/a\b#2` (
  `a` int(11) DEFAULT NULL,
  `b` varchar(64) DEFAULT NULL
) ENGINE=InnoDB DEFAULT CHARSET=latin1
/*!50100 PARTITION BY RANGE (a)
(PARTITION p0 VALUES LESS THAN (10) ENGINE = InnoDB,
 PARTITION p1 VALUES LESS THAN MAXVALUE ENGINE = InnoDB) */
SELECT * FROM `t1/a\b#2`;
a	b
1	Original from partition p0
11	Original from partition p1
12	Original from partition p1
13	Original from partition p1
14	Original from partition p1
2	Original from partition p0
21	Original from partition p1
22	Original from partition p1
23	Original from partition p1
24	Original from partition p1
3	Original from partition p0
4	Original from partition p0
ALTER TABLE `t1/a\b#2` EXCHANGE PARTITION p0 WITH TABLE t2;
ERROR HY000: Error on rename of './test/#sqlx-nnnn_nnnn' to './test/t1@002fa@005cb@00232#P#p0' (errno: 0 - n/a)
# State after failure
t1@002fa@005cb@00232#P#p0.ibd
t1@002fa@005cb@00232#P#p1.ibd
t2.ibd
SHOW CREATE TABLE `t1/a\b#2`;
Table	Create Table
t1/a\b#2	CREATE TABLE `t1/a\b#2` (
  `a` int(11) DEFAULT NULL,
  `b` varchar(64) DEFAULT NULL
) ENGINE=InnoDB DEFAULT CHARSET=latin1
/*!50100 PARTITION BY RANGE (a)
(PARTITION p0 VALUES LESS THAN (10) ENGINE = InnoDB,
 PARTITION p1 VALUES LESS THAN MAXVALUE ENGINE = InnoDB) */
SELECT * FROM `t1/a\b#2`;
a	b
1	Original from partition p0
11	Original from partition p1
12	Original from partition p1
13	Original from partition p1
14	Original from partition p1
2	Original from partition p0
21	Original from partition p1
22	Original from partition p1
23	Original from partition p1
24	Original from partition p1
3	Original from partition p0
4	Original from partition p0
DROP TABLE `t1/a\b#2`;
SHOW CREATE TABLE t2;
Table	Create Table
t2	CREATE TABLE `t2` (
  `a` int(11) DEFAULT NULL,
  `b` varchar(64) DEFAULT NULL
) ENGINE=InnoDB DEFAULT CHARSET=latin1
SELECT * FROM t2;
a	b
5	Original from table t2
6	Original from table t2
7	Original from table t2
8	Original from table t2
DROP TABLE t2;
SET SESSION debug="-d,exchange_partition_fail_7";
SET SESSION debug="+d,exchange_partition_fail_8";
CREATE TABLE t2 (a INT, b VARCHAR(64)) ENGINE = InnoDB;
INSERT INTO t2 VALUES (5, "Original from table t2"), (6, "Original from table t2"), (7, "Original from table t2"), (8, "Original from table t2");
SHOW CREATE TABLE t2;
Table	Create Table
t2	CREATE TABLE `t2` (
  `a` int(11) DEFAULT NULL,
  `b` varchar(64) DEFAULT NULL
) ENGINE=InnoDB DEFAULT CHARSET=latin1
SELECT * FROM t2;
a	b
5	Original from table t2
6	Original from table t2
7	Original from table t2
8	Original from table t2
CREATE TABLE `t1/a\b#2` (a INT, b VARCHAR(64))
ENGINE = InnoDB
PARTITION BY RANGE (a)
(PARTITION p0 VALUES LESS THAN (10),
PARTITION p1 VALUES LESS THAN MAXVALUE);
INSERT INTO `t1/a\b#2` VALUES (1, "Original from partition p0"), (2, "Original from partition p0"), (3, "Original from partition p0"), (4, "Original from partition p0"), (11, "Original from partition p1"), (12, "Original from partition p1"), (13, "Original from partition p1"), (14, "Original from partition p1"), (21, "Original from partition p1"), (22, "Original from partition p1"), (23, "Original from partition p1"), (24, "Original from partition p1");
# State before failure
t1@002fa@005cb@00232#P#p0.ibd
t1@002fa@005cb@00232#P#p1.ibd
t2.ibd
SHOW CREATE TABLE `t1/a\b#2`;
Table	Create Table
t1/a\b#2	CREATE TABLE `t1/a\b#2` (
  `a` int(11) DEFAULT NULL,
  `b` varchar(64) DEFAULT NULL
) ENGINE=InnoDB DEFAULT CHARSET=latin1
/*!50100 PARTITION BY RANGE (a)
(PARTITION p0 VALUES LESS THAN (10) ENGINE = InnoDB,
 PARTITION p1 VALUES LESS THAN MAXVALUE ENGINE = InnoDB) */
SELECT * FROM `t1/a\b#2`;
a	b
1	Original from partition p0
11	Original from partition p1
12	Original from partition p1
13	Original from partition p1
14	Original from partition p1
2	Original from partition p0
21	Original from partition p1
22	Original from partition p1
23	Original from partition p1
24	Original from partition p1
3	Original from partition p0
4	Original from partition p0
ALTER TABLE `t1/a\b#2` EXCHANGE PARTITION p0 WITH TABLE t2;
ERROR HY000: Error in DDL log
# State after failure
t1@002fa@005cb@00232#P#p0.ibd
t1@002fa@005cb@00232#P#p1.ibd
t2.ibd
SHOW CREATE TABLE `t1/a\b#2`;
Table	Create Table
t1/a\b#2	CREATE TABLE `t1/a\b#2` (
  `a` int(11) DEFAULT NULL,
  `b` varchar(64) DEFAULT NULL
) ENGINE=InnoDB DEFAULT CHARSET=latin1
/*!50100 PARTITION BY RANGE (a)
(PARTITION p0 VALUES LESS THAN (10) ENGINE = InnoDB,
 PARTITION p1 VALUES LESS THAN MAXVALUE ENGINE = InnoDB) */
SELECT * FROM `t1/a\b#2`;
a	b
1	Original from partition p0
11	Original from partition p1
12	Original from partition p1
13	Original from partition p1
14	Original from partition p1
2	Original from partition p0
21	Original from partition p1
22	Original from partition p1
23	Original from partition p1
24	Original from partition p1
3	Original from partition p0
4	Original from partition p0
DROP TABLE `t1/a\b#2`;
SHOW CREATE TABLE t2;
Table	Create Table
t2	CREATE TABLE `t2` (
  `a` int(11) DEFAULT NULL,
  `b` varchar(64) DEFAULT NULL
) ENGINE=InnoDB DEFAULT CHARSET=latin1
SELECT * FROM t2;
a	b
5	Original from table t2
6	Original from table t2
7	Original from table t2
8	Original from table t2
DROP TABLE t2;
SET SESSION debug="-d,exchange_partition_fail_8";
SET SESSION debug="+d,exchange_partition_fail_9";
CREATE TABLE t2 (a INT, b VARCHAR(64)) ENGINE = InnoDB;
INSERT INTO t2 VALUES (5, "Original from table t2"), (6, "Original from table t2"), (7, "Original from table t2"), (8, "Original from table t2");
SHOW CREATE TABLE t2;
Table	Create Table
t2	CREATE TABLE `t2` (
  `a` int(11) DEFAULT NULL,
  `b` varchar(64) DEFAULT NULL
) ENGINE=InnoDB DEFAULT CHARSET=latin1
SELECT * FROM t2;
a	b
5	Original from table t2
6	Original from table t2
7	Original from table t2
8	Original from table t2
CREATE TABLE `t1/a\b#2` (a INT, b VARCHAR(64))
ENGINE = InnoDB
PARTITION BY RANGE (a)
(PARTITION p0 VALUES LESS THAN (10),
PARTITION p1 VALUES LESS THAN MAXVALUE);
INSERT INTO `t1/a\b#2` VALUES (1, "Original from partition p0"), (2, "Original from partition p0"), (3, "Original from partition p0"), (4, "Original from partition p0"), (11, "Original from partition p1"), (12, "Original from partition p1"), (13, "Original from partition p1"), (14, "Original from partition p1"), (21, "Original from partition p1"), (22, "Original from partition p1"), (23, "Original from partition p1"), (24, "Original from partition p1");
# State before failure
t1@002fa@005cb@00232#P#p0.ibd
t1@002fa@005cb@00232#P#p1.ibd
t2.ibd
SHOW CREATE TABLE `t1/a\b#2`;
Table	Create Table
t1/a\b#2	CREATE TABLE `t1/a\b#2` (
  `a` int(11) DEFAULT NULL,
  `b` varchar(64) DEFAULT NULL
) ENGINE=InnoDB DEFAULT CHARSET=latin1
/*!50100 PARTITION BY RANGE (a)
(PARTITION p0 VALUES LESS THAN (10) ENGINE = InnoDB,
 PARTITION p1 VALUES LESS THAN MAXVALUE ENGINE = InnoDB) */
SELECT * FROM `t1/a\b#2`;
a	b
1	Original from partition p0
11	Original from partition p1
12	Original from partition p1
13	Original from partition p1
14	Original from partition p1
2	Original from partition p0
21	Original from partition p1
22	Original from partition p1
23	Original from partition p1
24	Original from partition p1
3	Original from partition p0
4	Original from partition p0
ALTER TABLE `t1/a\b#2` EXCHANGE PARTITION p0 WITH TABLE t2;
ERROR HY000: Error in DDL log
# State after failure
t1@002fa@005cb@00232#P#p0.ibd
t1@002fa@005cb@00232#P#p1.ibd
t2.ibd
SHOW CREATE TABLE `t1/a\b#2`;
Table	Create Table
t1/a\b#2	CREATE TABLE `t1/a\b#2` (
  `a` int(11) DEFAULT NULL,
  `b` varchar(64) DEFAULT NULL
) ENGINE=InnoDB DEFAULT CHARSET=latin1
/*!50100 PARTITION BY RANGE (a)
(PARTITION p0 VALUES LESS THAN (10) ENGINE = InnoDB,
 PARTITION p1 VALUES LESS THAN MAXVALUE ENGINE = InnoDB) */
SELECT * FROM `t1/a\b#2`;
a	b
11	Original from partition p1
12	Original from partition p1
13	Original from partition p1
14	Original from partition p1
21	Original from partition p1
22	Original from partition p1
23	Original from partition p1
24	Original from partition p1
5	Original from table t2
6	Original from table t2
7	Original from table t2
8	Original from table t2
DROP TABLE `t1/a\b#2`;
SHOW CREATE TABLE t2;
Table	Create Table
t2	CREATE TABLE `t2` (
  `a` int(11) DEFAULT NULL,
  `b` varchar(64) DEFAULT NULL
) ENGINE=InnoDB DEFAULT CHARSET=latin1
SELECT * FROM t2;
a	b
1	Original from partition p0
2	Original from partition p0
3	Original from partition p0
4	Original from partition p0
DROP TABLE t2;
SET SESSION debug="-d,exchange_partition_fail_9";
