DROP TABLE IF EXISTS t1;
CREATE TABLE t1 (
a int(11) NOT NULL auto_increment,
b text,
c varchar(254) default NULL,
PRIMARY KEY (a),
FULLTEXT KEY bb(b),
FULLTEXT KEY cc(c),
FULLTEXT KEY a(b,c)
) ENGINE = InnoDB;
Warnings:
Warning	1681	Integer display width is deprecated and will be removed in a future release.
drop table t1;
CREATE TABLE t1 (
a int(11) NOT NULL auto_increment,
b text,
c varchar(254) default NULL,
PRIMARY KEY (a),
FULLTEXT KEY a(b,c)
) ENGINE = InnoDB;
Warnings:
Warning	1681	Integer display width is deprecated and will be removed in a future release.
INSERT INTO t1 VALUES (1,'lala lolo lili','oooo aaaa pppp');
INSERT INTO t1 VALUES (2,'asdf fdsa','lkjh fghj');
INSERT INTO t1 VALUES (3,'qpwoei','zmxnvb');
ANALYZE TABLE t1;
SELECT a, round(MATCH  b,c AGAINST ('lala lkjh'),5) FROM t1;
a	round(MATCH  b,c AGAINST ('lala lkjh'),5)
1	0.22764
2	0.22764
3	0.00000
SELECT a, round(MATCH  c,c AGAINST ('lala lkjh'),5) FROM t1;
a	round(MATCH  c,c AGAINST ('lala lkjh'),5)
1	0.22764
2	0.22764
3	0.00000
SELECT a, round(MATCH b,c AGAINST ('lala lkjh'),5) FROM t1;
a	round(MATCH b,c AGAINST ('lala lkjh'),5)
1	0.22764
2	0.22764
3	0.00000
drop table t1;
