SET global innodb_print_data_file_purge_process = ON;
SET global innodb_data_file_purge = ON;
SHOW GLOBAL VARIABLES LIKE '%data_file_purge%';
Variable_name	Value
innodb_data_file_purge	ON
innodb_data_file_purge_all_at_shutdown	OFF
innodb_data_file_purge_dir	
innodb_data_file_purge_immediate	OFF
innodb_data_file_purge_interval	100
innodb_data_file_purge_max_size	512
innodb_print_data_file_purge_process	ON
FLUSH LOGS;
SET SESSION debug= '+d, skip_dd_table_access_check';
SELECT count(*) AS `Expected as 0` FROM mysql.innodb_ddl_log;
Expected as 0
0
# Test normal case.
CREATE TABLE  t1(a INT, b INT, c INT, key(a), key(b));
TRUNCATE TABLE t1;
DROP TABLE t1;
show create table t1;
ERROR 42S02: Table 'test.t1' doesn't exist
# Test drop table crash/recovery rollback(before purge file)
set global innodb_ddl_log_crash_reset_debug = 1;
set session debug = '+d, ddl_log_crash_before_purge_file_log_counter_1';
CREATE TABLE t1 (a INT, b INT, c INT, key(a), key(b));
DROP TABLE t1;;
show create table t1;
ERROR 42S02: Table 'test.t1' doesn't exist
SET SESSION debug= '+d,skip_dd_table_access_check';
SELECT count(*) AS `Expected as 0` FROM mysql.innodb_ddl_log;
Expected as 0
0
# Test drop table crash/recovery rollback(after purge file)
set global innodb_ddl_log_crash_reset_debug = 1;
set session debug = '+d, ddl_log_crash_after_purge_file_log_counter_1';
CREATE TABLE t1 (a INT, b INT, c INT, key(a), key(b));
DROP TABLE t1;;
show create table t1;
ERROR 42S02: Table 'test.t1' doesn't exist
SET SESSION debug= '+d,skip_dd_table_access_check';
SELECT count(*) AS `Expected as 0` FROM mysql.innodb_ddl_log;
Expected as 0
0
# Test truncate table crash/recovery rollback(before purge file)
set global innodb_ddl_log_crash_reset_debug = 1;
set session debug = '+d, ddl_log_crash_before_purge_file_log_counter_1';
CREATE TABLE t1 (a INT, b INT, c INT, key(a), key(b));
TRUNCATE TABLE t1;;
show create table t1;
Table	Create Table
t1	CREATE TABLE `t1` (
  `a` int(11) DEFAULT NULL,
  `b` int(11) DEFAULT NULL,
  `c` int(11) DEFAULT NULL,
  KEY `a` (`a`),
  KEY `b` (`b`)
) ENGINE=InnoDB DEFAULT CHARSET=utf8mb4 COLLATE=utf8mb4_0900_ai_ci
drop table t1;
SET SESSION debug= '+d,skip_dd_table_access_check';
SELECT count(*) AS `Expected as 0` FROM mysql.innodb_ddl_log;
Expected as 0
0
# Test drop table crash/recovery rollback(after purge file)
set global innodb_ddl_log_crash_reset_debug = 1;
set session debug = '+d, ddl_log_crash_after_purge_file_log_counter_1';
CREATE TABLE t1 (a INT, b INT, c INT, key(a), key(b));
TRUNCATE TABLE t1;;
show create table t1;
Table	Create Table
t1	CREATE TABLE `t1` (
  `a` int(11) DEFAULT NULL,
  `b` int(11) DEFAULT NULL,
  `c` int(11) DEFAULT NULL,
  KEY `a` (`a`),
  KEY `b` (`b`)
) ENGINE=InnoDB DEFAULT CHARSET=utf8mb4 COLLATE=utf8mb4_0900_ai_ci
drop table t1;
SET SESSION debug= '+d,skip_dd_table_access_check';
SELECT count(*) AS `Expected as 0` FROM mysql.innodb_ddl_log;
Expected as 0
0
SET GLOBAL innodb_ddl_log_crash_reset_debug = 0;
SET GLOBAL innodb_data_file_purge= 0;
SET GLOBAL innodb_print_data_file_purge_process = 0;

###
### done
###
