SET DEFAULT_STORAGE_ENGINE='tokudb';
DROP TABLE IF EXISTS foo,bar;
set session tokudb_disable_slow_alter=ON;
create table foo (aa blob, bb longblob, cc tinyblob, dd mediumblob) engine=TokuDB;
create table bar like foo;
alter table bar engine=MyISAM;
insert into foo values (NULL,NULL,NULL,NULL);
insert into foo values ("adsf",NULL,"hjfdshj",NULL);
insert into foo values (NULL,"oifds",NULL,"fdsjfds");
insert into foo values ("rewoiu","fds","fr","oiufdsrew");
insert into bar select * from foo;
include/diff_tables.inc [test.foo, test.bar]
alter table foo add column added_1 bigint default NULL;
alter table bar add column added_1 bigint default NULL;
include/diff_tables.inc [test.foo, test.bar]
drop table foo;
drop table bar;
create table foo (aa blob, bb longblob, cc tinyblob, dd mediumblob) engine=TokuDB;
create table bar like foo;
alter table bar engine=MyISAM;
insert into foo values (NULL,NULL,NULL,NULL);
insert into foo values ("adsf",NULL,"hjfdshj",NULL);
insert into foo values (NULL,"oifds",NULL,"fdsjfds");
insert into foo values ("rewoiu","fds","fr","oiufdsrew");
insert into bar select * from foo;
include/diff_tables.inc [test.foo, test.bar]
alter table foo add column added_2 bigint default -1;
alter table bar add column added_2 bigint default -1;
include/diff_tables.inc [test.foo, test.bar]
drop table foo;
drop table bar;
create table foo (aa blob, bb longblob, cc tinyblob, dd mediumblob) engine=TokuDB;
create table bar like foo;
alter table bar engine=MyISAM;
insert into foo values (NULL,NULL,NULL,NULL);
insert into foo values ("adsf",NULL,"hjfdshj",NULL);
insert into foo values (NULL,"oifds",NULL,"fdsjfds");
insert into foo values ("rewoiu","fds","fr","oiufdsrew");
insert into bar select * from foo;
include/diff_tables.inc [test.foo, test.bar]
alter table foo add column added_3 bigint NOT NULL default -1;
alter table bar add column added_3 bigint NOT NULL default -1;
include/diff_tables.inc [test.foo, test.bar]
drop table foo;
drop table bar;
create table foo (aa blob, bb longblob, cc tinyblob, dd mediumblob) engine=TokuDB;
create table bar like foo;
alter table bar engine=MyISAM;
insert into foo values (NULL,NULL,NULL,NULL);
insert into foo values ("adsf",NULL,"hjfdshj",NULL);
insert into foo values (NULL,"oifds",NULL,"fdsjfds");
insert into foo values ("rewoiu","fds","fr","oiufdsrew");
insert into bar select * from foo;
include/diff_tables.inc [test.foo, test.bar]
alter table foo add column added_4 varchar(10) default NULL;
alter table bar add column added_4 varchar(10) default NULL;
include/diff_tables.inc [test.foo, test.bar]
drop table foo;
drop table bar;
create table foo (aa blob, bb longblob, cc tinyblob, dd mediumblob) engine=TokuDB;
create table bar like foo;
alter table bar engine=MyISAM;
insert into foo values (NULL,NULL,NULL,NULL);
insert into foo values ("adsf",NULL,"hjfdshj",NULL);
insert into foo values (NULL,"oifds",NULL,"fdsjfds");
insert into foo values ("rewoiu","fds","fr","oiufdsrew");
insert into bar select * from foo;
include/diff_tables.inc [test.foo, test.bar]
alter table foo add column added_5 varchar(10) default "qwerty";
alter table bar add column added_5 varchar(10) default "qwerty";
include/diff_tables.inc [test.foo, test.bar]
drop table foo;
drop table bar;
create table foo (aa blob, bb longblob, cc tinyblob, dd mediumblob) engine=TokuDB;
create table bar like foo;
alter table bar engine=MyISAM;
insert into foo values (NULL,NULL,NULL,NULL);
insert into foo values ("adsf",NULL,"hjfdshj",NULL);
insert into foo values (NULL,"oifds",NULL,"fdsjfds");
insert into foo values ("rewoiu","fds","fr","oiufdsrew");
insert into bar select * from foo;
include/diff_tables.inc [test.foo, test.bar]
alter table foo add column added_6 varchar(10) NOT NULL default "ruyrtt";
alter table bar add column added_6 varchar(10) NOT NULL default "ruyrtt";
include/diff_tables.inc [test.foo, test.bar]
drop table foo;
drop table bar;
create table foo (aa blob, bb longblob, cc tinyblob, dd mediumblob) engine=TokuDB;
create table bar like foo;
alter table bar engine=MyISAM;
insert into foo values (NULL,NULL,NULL,NULL);
insert into foo values ("adsf",NULL,"hjfdshj",NULL);
insert into foo values (NULL,"oifds",NULL,"fdsjfds");
insert into foo values ("rewoiu","fds","fr","oiufdsrew");
insert into bar select * from foo;
include/diff_tables.inc [test.foo, test.bar]
alter table foo add column added_7 text default NULL;
alter table bar add column added_7 text default NULL;
include/diff_tables.inc [test.foo, test.bar]
drop table foo;
drop table bar;
create table foo (aa blob, bb longblob, cc tinyblob, dd mediumblob) engine=TokuDB;
create table bar like foo;
alter table bar engine=MyISAM;
insert into foo values (NULL,NULL,NULL,NULL);
insert into foo values ("adsf",NULL,"hjfdshj",NULL);
insert into foo values (NULL,"oifds",NULL,"fdsjfds");
insert into foo values ("rewoiu","fds","fr","oiufdsrew");
insert into bar select * from foo;
include/diff_tables.inc [test.foo, test.bar]
alter table foo add column added_8 mediumtext default NULL;
alter table bar add column added_8 mediumtext default NULL;
include/diff_tables.inc [test.foo, test.bar]
drop table foo;
drop table bar;
create table foo (aa blob, bb longblob, cc tinyblob, dd mediumblob) engine=TokuDB;
create table bar like foo;
alter table bar engine=MyISAM;
insert into foo values (NULL,NULL,NULL,NULL);
insert into foo values ("adsf",NULL,"hjfdshj",NULL);
insert into foo values (NULL,"oifds",NULL,"fdsjfds");
insert into foo values ("rewoiu","fds","fr","oiufdsrew");
insert into bar select * from foo;
include/diff_tables.inc [test.foo, test.bar]
alter table foo add column added_1 bigint default NULL first;
alter table bar add column added_1 bigint default NULL first;
include/diff_tables.inc [test.foo, test.bar]
drop table foo;
drop table bar;
create table foo (aa blob, bb longblob, cc tinyblob, dd mediumblob) engine=TokuDB;
create table bar like foo;
alter table bar engine=MyISAM;
insert into foo values (NULL,NULL,NULL,NULL);
insert into foo values ("adsf",NULL,"hjfdshj",NULL);
insert into foo values (NULL,"oifds",NULL,"fdsjfds");
insert into foo values ("rewoiu","fds","fr","oiufdsrew");
insert into bar select * from foo;
include/diff_tables.inc [test.foo, test.bar]
alter table foo add column added_2 bigint default -1 first;
alter table bar add column added_2 bigint default -1 first;
include/diff_tables.inc [test.foo, test.bar]
drop table foo;
drop table bar;
create table foo (aa blob, bb longblob, cc tinyblob, dd mediumblob) engine=TokuDB;
create table bar like foo;
alter table bar engine=MyISAM;
insert into foo values (NULL,NULL,NULL,NULL);
insert into foo values ("adsf",NULL,"hjfdshj",NULL);
insert into foo values (NULL,"oifds",NULL,"fdsjfds");
insert into foo values ("rewoiu","fds","fr","oiufdsrew");
insert into bar select * from foo;
include/diff_tables.inc [test.foo, test.bar]
alter table foo add column added_3 bigint NOT NULL default -1 first;
alter table bar add column added_3 bigint NOT NULL default -1 first;
include/diff_tables.inc [test.foo, test.bar]
drop table foo;
drop table bar;
create table foo (aa blob, bb longblob, cc tinyblob, dd mediumblob) engine=TokuDB;
create table bar like foo;
alter table bar engine=MyISAM;
insert into foo values (NULL,NULL,NULL,NULL);
insert into foo values ("adsf",NULL,"hjfdshj",NULL);
insert into foo values (NULL,"oifds",NULL,"fdsjfds");
insert into foo values ("rewoiu","fds","fr","oiufdsrew");
insert into bar select * from foo;
include/diff_tables.inc [test.foo, test.bar]
alter table foo add column added_4 varchar(10) default NULL first;
alter table bar add column added_4 varchar(10) default NULL first;
include/diff_tables.inc [test.foo, test.bar]
drop table foo;
drop table bar;
create table foo (aa blob, bb longblob, cc tinyblob, dd mediumblob) engine=TokuDB;
create table bar like foo;
alter table bar engine=MyISAM;
insert into foo values (NULL,NULL,NULL,NULL);
insert into foo values ("adsf",NULL,"hjfdshj",NULL);
insert into foo values (NULL,"oifds",NULL,"fdsjfds");
insert into foo values ("rewoiu","fds","fr","oiufdsrew");
insert into bar select * from foo;
include/diff_tables.inc [test.foo, test.bar]
alter table foo add column added_5 varchar(10) default "qwerty" first;
alter table bar add column added_5 varchar(10) default "qwerty" first;
include/diff_tables.inc [test.foo, test.bar]
drop table foo;
drop table bar;
create table foo (aa blob, bb longblob, cc tinyblob, dd mediumblob) engine=TokuDB;
create table bar like foo;
alter table bar engine=MyISAM;
insert into foo values (NULL,NULL,NULL,NULL);
insert into foo values ("adsf",NULL,"hjfdshj",NULL);
insert into foo values (NULL,"oifds",NULL,"fdsjfds");
insert into foo values ("rewoiu","fds","fr","oiufdsrew");
insert into bar select * from foo;
include/diff_tables.inc [test.foo, test.bar]
alter table foo add column added_6 varchar(10) NOT NULL default "ruyrtt" first;
alter table bar add column added_6 varchar(10) NOT NULL default "ruyrtt" first;
include/diff_tables.inc [test.foo, test.bar]
drop table foo;
drop table bar;
create table foo (aa blob, bb longblob, cc tinyblob, dd mediumblob) engine=TokuDB;
create table bar like foo;
alter table bar engine=MyISAM;
insert into foo values (NULL,NULL,NULL,NULL);
insert into foo values ("adsf",NULL,"hjfdshj",NULL);
insert into foo values (NULL,"oifds",NULL,"fdsjfds");
insert into foo values ("rewoiu","fds","fr","oiufdsrew");
insert into bar select * from foo;
include/diff_tables.inc [test.foo, test.bar]
alter table foo add column added_7 text default NULL first;
alter table bar add column added_7 text default NULL first;
include/diff_tables.inc [test.foo, test.bar]
drop table foo;
drop table bar;
create table foo (aa blob, bb longblob, cc tinyblob, dd mediumblob) engine=TokuDB;
create table bar like foo;
alter table bar engine=MyISAM;
insert into foo values (NULL,NULL,NULL,NULL);
insert into foo values ("adsf",NULL,"hjfdshj",NULL);
insert into foo values (NULL,"oifds",NULL,"fdsjfds");
insert into foo values ("rewoiu","fds","fr","oiufdsrew");
insert into bar select * from foo;
include/diff_tables.inc [test.foo, test.bar]
alter table foo add column added_8 mediumtext default NULL first;
alter table bar add column added_8 mediumtext default NULL first;
include/diff_tables.inc [test.foo, test.bar]
drop table foo;
drop table bar;
create table foo (aa blob, bb longblob, cc tinyblob, dd mediumblob) engine=TokuDB;
create table bar like foo;
alter table bar engine=MyISAM;
insert into foo values (NULL,NULL,NULL,NULL);
insert into foo values ("adsf",NULL,"hjfdshj",NULL);
insert into foo values (NULL,"oifds",NULL,"fdsjfds");
insert into foo values ("rewoiu","fds","fr","oiufdsrew");
insert into bar select * from foo;
include/diff_tables.inc [test.foo, test.bar]
alter table foo add column added_1 bigint default NULL after bb;
alter table bar add column added_1 bigint default NULL after bb;
include/diff_tables.inc [test.foo, test.bar]
drop table foo;
drop table bar;
create table foo (aa blob, bb longblob, cc tinyblob, dd mediumblob) engine=TokuDB;
create table bar like foo;
alter table bar engine=MyISAM;
insert into foo values (NULL,NULL,NULL,NULL);
insert into foo values ("adsf",NULL,"hjfdshj",NULL);
insert into foo values (NULL,"oifds",NULL,"fdsjfds");
insert into foo values ("rewoiu","fds","fr","oiufdsrew");
insert into bar select * from foo;
include/diff_tables.inc [test.foo, test.bar]
alter table foo add column added_2 bigint default -1 after bb;
alter table bar add column added_2 bigint default -1 after bb;
include/diff_tables.inc [test.foo, test.bar]
drop table foo;
drop table bar;
create table foo (aa blob, bb longblob, cc tinyblob, dd mediumblob) engine=TokuDB;
create table bar like foo;
alter table bar engine=MyISAM;
insert into foo values (NULL,NULL,NULL,NULL);
insert into foo values ("adsf",NULL,"hjfdshj",NULL);
insert into foo values (NULL,"oifds",NULL,"fdsjfds");
insert into foo values ("rewoiu","fds","fr","oiufdsrew");
insert into bar select * from foo;
include/diff_tables.inc [test.foo, test.bar]
alter table foo add column added_3 bigint NOT NULL default -1 after bb;
alter table bar add column added_3 bigint NOT NULL default -1 after bb;
include/diff_tables.inc [test.foo, test.bar]
drop table foo;
drop table bar;
create table foo (aa blob, bb longblob, cc tinyblob, dd mediumblob) engine=TokuDB;
create table bar like foo;
alter table bar engine=MyISAM;
insert into foo values (NULL,NULL,NULL,NULL);
insert into foo values ("adsf",NULL,"hjfdshj",NULL);
insert into foo values (NULL,"oifds",NULL,"fdsjfds");
insert into foo values ("rewoiu","fds","fr","oiufdsrew");
insert into bar select * from foo;
include/diff_tables.inc [test.foo, test.bar]
alter table foo add column added_4 varchar(10) default NULL after bb;
alter table bar add column added_4 varchar(10) default NULL after bb;
include/diff_tables.inc [test.foo, test.bar]
drop table foo;
drop table bar;
create table foo (aa blob, bb longblob, cc tinyblob, dd mediumblob) engine=TokuDB;
create table bar like foo;
alter table bar engine=MyISAM;
insert into foo values (NULL,NULL,NULL,NULL);
insert into foo values ("adsf",NULL,"hjfdshj",NULL);
insert into foo values (NULL,"oifds",NULL,"fdsjfds");
insert into foo values ("rewoiu","fds","fr","oiufdsrew");
insert into bar select * from foo;
include/diff_tables.inc [test.foo, test.bar]
alter table foo add column added_5 varchar(10) default "qwerty" after bb;
alter table bar add column added_5 varchar(10) default "qwerty" after bb;
include/diff_tables.inc [test.foo, test.bar]
drop table foo;
drop table bar;
create table foo (aa blob, bb longblob, cc tinyblob, dd mediumblob) engine=TokuDB;
create table bar like foo;
alter table bar engine=MyISAM;
insert into foo values (NULL,NULL,NULL,NULL);
insert into foo values ("adsf",NULL,"hjfdshj",NULL);
insert into foo values (NULL,"oifds",NULL,"fdsjfds");
insert into foo values ("rewoiu","fds","fr","oiufdsrew");
insert into bar select * from foo;
include/diff_tables.inc [test.foo, test.bar]
alter table foo add column added_6 varchar(10) NOT NULL default "ruyrtt" after bb;
alter table bar add column added_6 varchar(10) NOT NULL default "ruyrtt" after bb;
include/diff_tables.inc [test.foo, test.bar]
drop table foo;
drop table bar;
create table foo (aa blob, bb longblob, cc tinyblob, dd mediumblob) engine=TokuDB;
create table bar like foo;
alter table bar engine=MyISAM;
insert into foo values (NULL,NULL,NULL,NULL);
insert into foo values ("adsf",NULL,"hjfdshj",NULL);
insert into foo values (NULL,"oifds",NULL,"fdsjfds");
insert into foo values ("rewoiu","fds","fr","oiufdsrew");
insert into bar select * from foo;
include/diff_tables.inc [test.foo, test.bar]
alter table foo add column added_7 text default NULL after bb;
alter table bar add column added_7 text default NULL after bb;
include/diff_tables.inc [test.foo, test.bar]
drop table foo;
drop table bar;
create table foo (aa blob, bb longblob, cc tinyblob, dd mediumblob) engine=TokuDB;
create table bar like foo;
alter table bar engine=MyISAM;
insert into foo values (NULL,NULL,NULL,NULL);
insert into foo values ("adsf",NULL,"hjfdshj",NULL);
insert into foo values (NULL,"oifds",NULL,"fdsjfds");
insert into foo values ("rewoiu","fds","fr","oiufdsrew");
insert into bar select * from foo;
include/diff_tables.inc [test.foo, test.bar]
alter table foo add column added_8 mediumtext default NULL after bb;
alter table bar add column added_8 mediumtext default NULL after bb;
include/diff_tables.inc [test.foo, test.bar]
drop table foo;
drop table bar;
create table foo (aa blob, bb longblob, cc tinyblob, dd mediumblob) engine=TokuDB;
create table bar like foo;
alter table bar engine=MyISAM;
insert into foo values (NULL,NULL,NULL,NULL);
insert into foo values ("adsf",NULL,"hjfdshj",NULL);
insert into foo values (NULL,"oifds",NULL,"fdsjfds");
insert into foo values ("rewoiu","fds","fr","oiufdsrew");
insert into bar select * from foo;
include/diff_tables.inc [test.foo, test.bar]
alter table foo add column added_1 bigint default NULL, add column added_11 bigint default NULL;
alter table bar add column added_1 bigint default NULL, add column added_11 bigint default NULL;
include/diff_tables.inc [test.foo, test.bar]
drop table foo;
drop table bar;
create table foo (aa blob, bb longblob, cc tinyblob, dd mediumblob) engine=TokuDB;
create table bar like foo;
alter table bar engine=MyISAM;
insert into foo values (NULL,NULL,NULL,NULL);
insert into foo values ("adsf",NULL,"hjfdshj",NULL);
insert into foo values (NULL,"oifds",NULL,"fdsjfds");
insert into foo values ("rewoiu","fds","fr","oiufdsrew");
insert into bar select * from foo;
include/diff_tables.inc [test.foo, test.bar]
alter table foo add column added_1 bigint default NULL, add column added_21 bigint default 1234;
alter table bar add column added_1 bigint default NULL, add column added_21 bigint default 1234;
include/diff_tables.inc [test.foo, test.bar]
drop table foo;
drop table bar;
create table foo (aa blob, bb longblob, cc tinyblob, dd mediumblob) engine=TokuDB;
create table bar like foo;
alter table bar engine=MyISAM;
insert into foo values (NULL,NULL,NULL,NULL);
insert into foo values ("adsf",NULL,"hjfdshj",NULL);
insert into foo values (NULL,"oifds",NULL,"fdsjfds");
insert into foo values ("rewoiu","fds","fr","oiufdsrew");
insert into bar select * from foo;
include/diff_tables.inc [test.foo, test.bar]
alter table foo add column added_1 bigint default NULL, add column added_31 bigint NOT NULL default 54;
alter table bar add column added_1 bigint default NULL, add column added_31 bigint NOT NULL default 54;
include/diff_tables.inc [test.foo, test.bar]
drop table foo;
drop table bar;
create table foo (aa blob, bb longblob, cc tinyblob, dd mediumblob) engine=TokuDB;
create table bar like foo;
alter table bar engine=MyISAM;
insert into foo values (NULL,NULL,NULL,NULL);
insert into foo values ("adsf",NULL,"hjfdshj",NULL);
insert into foo values (NULL,"oifds",NULL,"fdsjfds");
insert into foo values ("rewoiu","fds","fr","oiufdsrew");
insert into bar select * from foo;
include/diff_tables.inc [test.foo, test.bar]
alter table foo add column added_1 bigint default NULL, add column added_41 varchar(10) default NULL;
alter table bar add column added_1 bigint default NULL, add column added_41 varchar(10) default NULL;
include/diff_tables.inc [test.foo, test.bar]
drop table foo;
drop table bar;
create table foo (aa blob, bb longblob, cc tinyblob, dd mediumblob) engine=TokuDB;
create table bar like foo;
alter table bar engine=MyISAM;
insert into foo values (NULL,NULL,NULL,NULL);
insert into foo values ("adsf",NULL,"hjfdshj",NULL);
insert into foo values (NULL,"oifds",NULL,"fdsjfds");
insert into foo values ("rewoiu","fds","fr","oiufdsrew");
insert into bar select * from foo;
include/diff_tables.inc [test.foo, test.bar]
alter table foo add column added_1 bigint default NULL, add column added_51 varchar(10) default "abracadab";
alter table bar add column added_1 bigint default NULL, add column added_51 varchar(10) default "abracadab";
include/diff_tables.inc [test.foo, test.bar]
drop table foo;
drop table bar;
create table foo (aa blob, bb longblob, cc tinyblob, dd mediumblob) engine=TokuDB;
create table bar like foo;
alter table bar engine=MyISAM;
insert into foo values (NULL,NULL,NULL,NULL);
insert into foo values ("adsf",NULL,"hjfdshj",NULL);
insert into foo values (NULL,"oifds",NULL,"fdsjfds");
insert into foo values ("rewoiu","fds","fr","oiufdsrew");
insert into bar select * from foo;
include/diff_tables.inc [test.foo, test.bar]
alter table foo add column added_1 bigint default NULL, add column added_61 varchar(10) NOT NULL default "abracadab";
alter table bar add column added_1 bigint default NULL, add column added_61 varchar(10) NOT NULL default "abracadab";
include/diff_tables.inc [test.foo, test.bar]
drop table foo;
drop table bar;
create table foo (aa blob, bb longblob, cc tinyblob, dd mediumblob) engine=TokuDB;
create table bar like foo;
alter table bar engine=MyISAM;
insert into foo values (NULL,NULL,NULL,NULL);
insert into foo values ("adsf",NULL,"hjfdshj",NULL);
insert into foo values (NULL,"oifds",NULL,"fdsjfds");
insert into foo values ("rewoiu","fds","fr","oiufdsrew");
insert into bar select * from foo;
include/diff_tables.inc [test.foo, test.bar]
alter table foo add column added_1 bigint default NULL, add column added_71 text default NULL;
alter table bar add column added_1 bigint default NULL, add column added_71 text default NULL;
include/diff_tables.inc [test.foo, test.bar]
drop table foo;
drop table bar;
create table foo (aa blob, bb longblob, cc tinyblob, dd mediumblob) engine=TokuDB;
create table bar like foo;
alter table bar engine=MyISAM;
insert into foo values (NULL,NULL,NULL,NULL);
insert into foo values ("adsf",NULL,"hjfdshj",NULL);
insert into foo values (NULL,"oifds",NULL,"fdsjfds");
insert into foo values ("rewoiu","fds","fr","oiufdsrew");
insert into bar select * from foo;
include/diff_tables.inc [test.foo, test.bar]
alter table foo add column added_1 bigint default NULL, add column added_81 mediumtext default NULL;
alter table bar add column added_1 bigint default NULL, add column added_81 mediumtext default NULL;
include/diff_tables.inc [test.foo, test.bar]
drop table foo;
drop table bar;
create table foo (aa blob, bb longblob, cc tinyblob, dd mediumblob) engine=TokuDB;
create table bar like foo;
alter table bar engine=MyISAM;
insert into foo values (NULL,NULL,NULL,NULL);
insert into foo values ("adsf",NULL,"hjfdshj",NULL);
insert into foo values (NULL,"oifds",NULL,"fdsjfds");
insert into foo values ("rewoiu","fds","fr","oiufdsrew");
insert into bar select * from foo;
include/diff_tables.inc [test.foo, test.bar]
alter table foo add column added_2 bigint default -1, add column added_11 bigint default NULL;
alter table bar add column added_2 bigint default -1, add column added_11 bigint default NULL;
include/diff_tables.inc [test.foo, test.bar]
drop table foo;
drop table bar;
create table foo (aa blob, bb longblob, cc tinyblob, dd mediumblob) engine=TokuDB;
create table bar like foo;
alter table bar engine=MyISAM;
insert into foo values (NULL,NULL,NULL,NULL);
insert into foo values ("adsf",NULL,"hjfdshj",NULL);
insert into foo values (NULL,"oifds",NULL,"fdsjfds");
insert into foo values ("rewoiu","fds","fr","oiufdsrew");
insert into bar select * from foo;
include/diff_tables.inc [test.foo, test.bar]
alter table foo add column added_2 bigint default -1, add column added_21 bigint default 1234;
alter table bar add column added_2 bigint default -1, add column added_21 bigint default 1234;
include/diff_tables.inc [test.foo, test.bar]
drop table foo;
drop table bar;
create table foo (aa blob, bb longblob, cc tinyblob, dd mediumblob) engine=TokuDB;
create table bar like foo;
alter table bar engine=MyISAM;
insert into foo values (NULL,NULL,NULL,NULL);
insert into foo values ("adsf",NULL,"hjfdshj",NULL);
insert into foo values (NULL,"oifds",NULL,"fdsjfds");
insert into foo values ("rewoiu","fds","fr","oiufdsrew");
insert into bar select * from foo;
include/diff_tables.inc [test.foo, test.bar]
alter table foo add column added_2 bigint default -1, add column added_31 bigint NOT NULL default 54;
alter table bar add column added_2 bigint default -1, add column added_31 bigint NOT NULL default 54;
include/diff_tables.inc [test.foo, test.bar]
drop table foo;
drop table bar;
create table foo (aa blob, bb longblob, cc tinyblob, dd mediumblob) engine=TokuDB;
create table bar like foo;
alter table bar engine=MyISAM;
insert into foo values (NULL,NULL,NULL,NULL);
insert into foo values ("adsf",NULL,"hjfdshj",NULL);
insert into foo values (NULL,"oifds",NULL,"fdsjfds");
insert into foo values ("rewoiu","fds","fr","oiufdsrew");
insert into bar select * from foo;
include/diff_tables.inc [test.foo, test.bar]
alter table foo add column added_2 bigint default -1, add column added_41 varchar(10) default NULL;
alter table bar add column added_2 bigint default -1, add column added_41 varchar(10) default NULL;
include/diff_tables.inc [test.foo, test.bar]
drop table foo;
drop table bar;
create table foo (aa blob, bb longblob, cc tinyblob, dd mediumblob) engine=TokuDB;
create table bar like foo;
alter table bar engine=MyISAM;
insert into foo values (NULL,NULL,NULL,NULL);
insert into foo values ("adsf",NULL,"hjfdshj",NULL);
insert into foo values (NULL,"oifds",NULL,"fdsjfds");
insert into foo values ("rewoiu","fds","fr","oiufdsrew");
insert into bar select * from foo;
include/diff_tables.inc [test.foo, test.bar]
alter table foo add column added_2 bigint default -1, add column added_51 varchar(10) default "abracadab";
alter table bar add column added_2 bigint default -1, add column added_51 varchar(10) default "abracadab";
include/diff_tables.inc [test.foo, test.bar]
drop table foo;
drop table bar;
create table foo (aa blob, bb longblob, cc tinyblob, dd mediumblob) engine=TokuDB;
create table bar like foo;
alter table bar engine=MyISAM;
insert into foo values (NULL,NULL,NULL,NULL);
insert into foo values ("adsf",NULL,"hjfdshj",NULL);
insert into foo values (NULL,"oifds",NULL,"fdsjfds");
insert into foo values ("rewoiu","fds","fr","oiufdsrew");
insert into bar select * from foo;
include/diff_tables.inc [test.foo, test.bar]
alter table foo add column added_2 bigint default -1, add column added_61 varchar(10) NOT NULL default "abracadab";
alter table bar add column added_2 bigint default -1, add column added_61 varchar(10) NOT NULL default "abracadab";
include/diff_tables.inc [test.foo, test.bar]
drop table foo;
drop table bar;
create table foo (aa blob, bb longblob, cc tinyblob, dd mediumblob) engine=TokuDB;
create table bar like foo;
alter table bar engine=MyISAM;
insert into foo values (NULL,NULL,NULL,NULL);
insert into foo values ("adsf",NULL,"hjfdshj",NULL);
insert into foo values (NULL,"oifds",NULL,"fdsjfds");
insert into foo values ("rewoiu","fds","fr","oiufdsrew");
insert into bar select * from foo;
include/diff_tables.inc [test.foo, test.bar]
alter table foo add column added_2 bigint default -1, add column added_71 text default NULL;
alter table bar add column added_2 bigint default -1, add column added_71 text default NULL;
include/diff_tables.inc [test.foo, test.bar]
drop table foo;
drop table bar;
create table foo (aa blob, bb longblob, cc tinyblob, dd mediumblob) engine=TokuDB;
create table bar like foo;
alter table bar engine=MyISAM;
insert into foo values (NULL,NULL,NULL,NULL);
insert into foo values ("adsf",NULL,"hjfdshj",NULL);
insert into foo values (NULL,"oifds",NULL,"fdsjfds");
insert into foo values ("rewoiu","fds","fr","oiufdsrew");
insert into bar select * from foo;
include/diff_tables.inc [test.foo, test.bar]
alter table foo add column added_2 bigint default -1, add column added_81 mediumtext default NULL;
alter table bar add column added_2 bigint default -1, add column added_81 mediumtext default NULL;
include/diff_tables.inc [test.foo, test.bar]
drop table foo;
drop table bar;
create table foo (aa blob, bb longblob, cc tinyblob, dd mediumblob) engine=TokuDB;
create table bar like foo;
alter table bar engine=MyISAM;
insert into foo values (NULL,NULL,NULL,NULL);
insert into foo values ("adsf",NULL,"hjfdshj",NULL);
insert into foo values (NULL,"oifds",NULL,"fdsjfds");
insert into foo values ("rewoiu","fds","fr","oiufdsrew");
insert into bar select * from foo;
include/diff_tables.inc [test.foo, test.bar]
alter table foo add column added_3 bigint NOT NULL default -1, add column added_11 bigint default NULL;
alter table bar add column added_3 bigint NOT NULL default -1, add column added_11 bigint default NULL;
include/diff_tables.inc [test.foo, test.bar]
drop table foo;
drop table bar;
create table foo (aa blob, bb longblob, cc tinyblob, dd mediumblob) engine=TokuDB;
create table bar like foo;
alter table bar engine=MyISAM;
insert into foo values (NULL,NULL,NULL,NULL);
insert into foo values ("adsf",NULL,"hjfdshj",NULL);
insert into foo values (NULL,"oifds",NULL,"fdsjfds");
insert into foo values ("rewoiu","fds","fr","oiufdsrew");
insert into bar select * from foo;
include/diff_tables.inc [test.foo, test.bar]
alter table foo add column added_3 bigint NOT NULL default -1, add column added_21 bigint default 1234;
alter table bar add column added_3 bigint NOT NULL default -1, add column added_21 bigint default 1234;
include/diff_tables.inc [test.foo, test.bar]
drop table foo;
drop table bar;
create table foo (aa blob, bb longblob, cc tinyblob, dd mediumblob) engine=TokuDB;
create table bar like foo;
alter table bar engine=MyISAM;
insert into foo values (NULL,NULL,NULL,NULL);
insert into foo values ("adsf",NULL,"hjfdshj",NULL);
insert into foo values (NULL,"oifds",NULL,"fdsjfds");
insert into foo values ("rewoiu","fds","fr","oiufdsrew");
insert into bar select * from foo;
include/diff_tables.inc [test.foo, test.bar]
alter table foo add column added_3 bigint NOT NULL default -1, add column added_31 bigint NOT NULL default 54;
alter table bar add column added_3 bigint NOT NULL default -1, add column added_31 bigint NOT NULL default 54;
include/diff_tables.inc [test.foo, test.bar]
drop table foo;
drop table bar;
create table foo (aa blob, bb longblob, cc tinyblob, dd mediumblob) engine=TokuDB;
create table bar like foo;
alter table bar engine=MyISAM;
insert into foo values (NULL,NULL,NULL,NULL);
insert into foo values ("adsf",NULL,"hjfdshj",NULL);
insert into foo values (NULL,"oifds",NULL,"fdsjfds");
insert into foo values ("rewoiu","fds","fr","oiufdsrew");
insert into bar select * from foo;
include/diff_tables.inc [test.foo, test.bar]
alter table foo add column added_3 bigint NOT NULL default -1, add column added_41 varchar(10) default NULL;
alter table bar add column added_3 bigint NOT NULL default -1, add column added_41 varchar(10) default NULL;
include/diff_tables.inc [test.foo, test.bar]
drop table foo;
drop table bar;
create table foo (aa blob, bb longblob, cc tinyblob, dd mediumblob) engine=TokuDB;
create table bar like foo;
alter table bar engine=MyISAM;
insert into foo values (NULL,NULL,NULL,NULL);
insert into foo values ("adsf",NULL,"hjfdshj",NULL);
insert into foo values (NULL,"oifds",NULL,"fdsjfds");
insert into foo values ("rewoiu","fds","fr","oiufdsrew");
insert into bar select * from foo;
include/diff_tables.inc [test.foo, test.bar]
alter table foo add column added_3 bigint NOT NULL default -1, add column added_51 varchar(10) default "abracadab";
alter table bar add column added_3 bigint NOT NULL default -1, add column added_51 varchar(10) default "abracadab";
include/diff_tables.inc [test.foo, test.bar]
drop table foo;
drop table bar;
create table foo (aa blob, bb longblob, cc tinyblob, dd mediumblob) engine=TokuDB;
create table bar like foo;
alter table bar engine=MyISAM;
insert into foo values (NULL,NULL,NULL,NULL);
insert into foo values ("adsf",NULL,"hjfdshj",NULL);
insert into foo values (NULL,"oifds",NULL,"fdsjfds");
insert into foo values ("rewoiu","fds","fr","oiufdsrew");
insert into bar select * from foo;
include/diff_tables.inc [test.foo, test.bar]
alter table foo add column added_3 bigint NOT NULL default -1, add column added_61 varchar(10) NOT NULL default "abracadab";
alter table bar add column added_3 bigint NOT NULL default -1, add column added_61 varchar(10) NOT NULL default "abracadab";
include/diff_tables.inc [test.foo, test.bar]
drop table foo;
drop table bar;
create table foo (aa blob, bb longblob, cc tinyblob, dd mediumblob) engine=TokuDB;
create table bar like foo;
alter table bar engine=MyISAM;
insert into foo values (NULL,NULL,NULL,NULL);
insert into foo values ("adsf",NULL,"hjfdshj",NULL);
insert into foo values (NULL,"oifds",NULL,"fdsjfds");
insert into foo values ("rewoiu","fds","fr","oiufdsrew");
insert into bar select * from foo;
include/diff_tables.inc [test.foo, test.bar]
alter table foo add column added_3 bigint NOT NULL default -1, add column added_71 text default NULL;
alter table bar add column added_3 bigint NOT NULL default -1, add column added_71 text default NULL;
include/diff_tables.inc [test.foo, test.bar]
drop table foo;
drop table bar;
create table foo (aa blob, bb longblob, cc tinyblob, dd mediumblob) engine=TokuDB;
create table bar like foo;
alter table bar engine=MyISAM;
insert into foo values (NULL,NULL,NULL,NULL);
insert into foo values ("adsf",NULL,"hjfdshj",NULL);
insert into foo values (NULL,"oifds",NULL,"fdsjfds");
insert into foo values ("rewoiu","fds","fr","oiufdsrew");
insert into bar select * from foo;
include/diff_tables.inc [test.foo, test.bar]
alter table foo add column added_3 bigint NOT NULL default -1, add column added_81 mediumtext default NULL;
alter table bar add column added_3 bigint NOT NULL default -1, add column added_81 mediumtext default NULL;
include/diff_tables.inc [test.foo, test.bar]
drop table foo;
drop table bar;
create table foo (aa blob, bb longblob, cc tinyblob, dd mediumblob) engine=TokuDB;
create table bar like foo;
alter table bar engine=MyISAM;
insert into foo values (NULL,NULL,NULL,NULL);
insert into foo values ("adsf",NULL,"hjfdshj",NULL);
insert into foo values (NULL,"oifds",NULL,"fdsjfds");
insert into foo values ("rewoiu","fds","fr","oiufdsrew");
insert into bar select * from foo;
include/diff_tables.inc [test.foo, test.bar]
alter table foo add column added_4 varchar(10) default NULL, add column added_11 bigint default NULL;
alter table bar add column added_4 varchar(10) default NULL, add column added_11 bigint default NULL;
include/diff_tables.inc [test.foo, test.bar]
drop table foo;
drop table bar;
create table foo (aa blob, bb longblob, cc tinyblob, dd mediumblob) engine=TokuDB;
create table bar like foo;
alter table bar engine=MyISAM;
insert into foo values (NULL,NULL,NULL,NULL);
insert into foo values ("adsf",NULL,"hjfdshj",NULL);
insert into foo values (NULL,"oifds",NULL,"fdsjfds");
insert into foo values ("rewoiu","fds","fr","oiufdsrew");
insert into bar select * from foo;
include/diff_tables.inc [test.foo, test.bar]
alter table foo add column added_4 varchar(10) default NULL, add column added_21 bigint default 1234;
alter table bar add column added_4 varchar(10) default NULL, add column added_21 bigint default 1234;
include/diff_tables.inc [test.foo, test.bar]
drop table foo;
drop table bar;
create table foo (aa blob, bb longblob, cc tinyblob, dd mediumblob) engine=TokuDB;
create table bar like foo;
alter table bar engine=MyISAM;
insert into foo values (NULL,NULL,NULL,NULL);
insert into foo values ("adsf",NULL,"hjfdshj",NULL);
insert into foo values (NULL,"oifds",NULL,"fdsjfds");
insert into foo values ("rewoiu","fds","fr","oiufdsrew");
insert into bar select * from foo;
include/diff_tables.inc [test.foo, test.bar]
alter table foo add column added_4 varchar(10) default NULL, add column added_31 bigint NOT NULL default 54;
alter table bar add column added_4 varchar(10) default NULL, add column added_31 bigint NOT NULL default 54;
include/diff_tables.inc [test.foo, test.bar]
drop table foo;
drop table bar;
create table foo (aa blob, bb longblob, cc tinyblob, dd mediumblob) engine=TokuDB;
create table bar like foo;
alter table bar engine=MyISAM;
insert into foo values (NULL,NULL,NULL,NULL);
insert into foo values ("adsf",NULL,"hjfdshj",NULL);
insert into foo values (NULL,"oifds",NULL,"fdsjfds");
insert into foo values ("rewoiu","fds","fr","oiufdsrew");
insert into bar select * from foo;
include/diff_tables.inc [test.foo, test.bar]
alter table foo add column added_4 varchar(10) default NULL, add column added_41 varchar(10) default NULL;
alter table bar add column added_4 varchar(10) default NULL, add column added_41 varchar(10) default NULL;
include/diff_tables.inc [test.foo, test.bar]
drop table foo;
drop table bar;
create table foo (aa blob, bb longblob, cc tinyblob, dd mediumblob) engine=TokuDB;
create table bar like foo;
alter table bar engine=MyISAM;
insert into foo values (NULL,NULL,NULL,NULL);
insert into foo values ("adsf",NULL,"hjfdshj",NULL);
insert into foo values (NULL,"oifds",NULL,"fdsjfds");
insert into foo values ("rewoiu","fds","fr","oiufdsrew");
insert into bar select * from foo;
include/diff_tables.inc [test.foo, test.bar]
alter table foo add column added_4 varchar(10) default NULL, add column added_51 varchar(10) default "abracadab";
alter table bar add column added_4 varchar(10) default NULL, add column added_51 varchar(10) default "abracadab";
include/diff_tables.inc [test.foo, test.bar]
drop table foo;
drop table bar;
create table foo (aa blob, bb longblob, cc tinyblob, dd mediumblob) engine=TokuDB;
create table bar like foo;
alter table bar engine=MyISAM;
insert into foo values (NULL,NULL,NULL,NULL);
insert into foo values ("adsf",NULL,"hjfdshj",NULL);
insert into foo values (NULL,"oifds",NULL,"fdsjfds");
insert into foo values ("rewoiu","fds","fr","oiufdsrew");
insert into bar select * from foo;
include/diff_tables.inc [test.foo, test.bar]
alter table foo add column added_4 varchar(10) default NULL, add column added_61 varchar(10) NOT NULL default "abracadab";
alter table bar add column added_4 varchar(10) default NULL, add column added_61 varchar(10) NOT NULL default "abracadab";
include/diff_tables.inc [test.foo, test.bar]
drop table foo;
drop table bar;
create table foo (aa blob, bb longblob, cc tinyblob, dd mediumblob) engine=TokuDB;
create table bar like foo;
alter table bar engine=MyISAM;
insert into foo values (NULL,NULL,NULL,NULL);
insert into foo values ("adsf",NULL,"hjfdshj",NULL);
insert into foo values (NULL,"oifds",NULL,"fdsjfds");
insert into foo values ("rewoiu","fds","fr","oiufdsrew");
insert into bar select * from foo;
include/diff_tables.inc [test.foo, test.bar]
alter table foo add column added_4 varchar(10) default NULL, add column added_71 text default NULL;
alter table bar add column added_4 varchar(10) default NULL, add column added_71 text default NULL;
include/diff_tables.inc [test.foo, test.bar]
drop table foo;
drop table bar;
create table foo (aa blob, bb longblob, cc tinyblob, dd mediumblob) engine=TokuDB;
create table bar like foo;
alter table bar engine=MyISAM;
insert into foo values (NULL,NULL,NULL,NULL);
insert into foo values ("adsf",NULL,"hjfdshj",NULL);
insert into foo values (NULL,"oifds",NULL,"fdsjfds");
insert into foo values ("rewoiu","fds","fr","oiufdsrew");
insert into bar select * from foo;
include/diff_tables.inc [test.foo, test.bar]
alter table foo add column added_4 varchar(10) default NULL, add column added_81 mediumtext default NULL;
alter table bar add column added_4 varchar(10) default NULL, add column added_81 mediumtext default NULL;
include/diff_tables.inc [test.foo, test.bar]
drop table foo;
drop table bar;
create table foo (aa blob, bb longblob, cc tinyblob, dd mediumblob) engine=TokuDB;
create table bar like foo;
alter table bar engine=MyISAM;
insert into foo values (NULL,NULL,NULL,NULL);
insert into foo values ("adsf",NULL,"hjfdshj",NULL);
insert into foo values (NULL,"oifds",NULL,"fdsjfds");
insert into foo values ("rewoiu","fds","fr","oiufdsrew");
insert into bar select * from foo;
include/diff_tables.inc [test.foo, test.bar]
alter table foo add column added_5 varchar(10) default "qwerty", add column added_11 bigint default NULL;
alter table bar add column added_5 varchar(10) default "qwerty", add column added_11 bigint default NULL;
include/diff_tables.inc [test.foo, test.bar]
drop table foo;
drop table bar;
create table foo (aa blob, bb longblob, cc tinyblob, dd mediumblob) engine=TokuDB;
create table bar like foo;
alter table bar engine=MyISAM;
insert into foo values (NULL,NULL,NULL,NULL);
insert into foo values ("adsf",NULL,"hjfdshj",NULL);
insert into foo values (NULL,"oifds",NULL,"fdsjfds");
insert into foo values ("rewoiu","fds","fr","oiufdsrew");
insert into bar select * from foo;
include/diff_tables.inc [test.foo, test.bar]
alter table foo add column added_5 varchar(10) default "qwerty", add column added_21 bigint default 1234;
alter table bar add column added_5 varchar(10) default "qwerty", add column added_21 bigint default 1234;
include/diff_tables.inc [test.foo, test.bar]
drop table foo;
drop table bar;
create table foo (aa blob, bb longblob, cc tinyblob, dd mediumblob) engine=TokuDB;
create table bar like foo;
alter table bar engine=MyISAM;
insert into foo values (NULL,NULL,NULL,NULL);
insert into foo values ("adsf",NULL,"hjfdshj",NULL);
insert into foo values (NULL,"oifds",NULL,"fdsjfds");
insert into foo values ("rewoiu","fds","fr","oiufdsrew");
insert into bar select * from foo;
include/diff_tables.inc [test.foo, test.bar]
alter table foo add column added_5 varchar(10) default "qwerty", add column added_31 bigint NOT NULL default 54;
alter table bar add column added_5 varchar(10) default "qwerty", add column added_31 bigint NOT NULL default 54;
include/diff_tables.inc [test.foo, test.bar]
drop table foo;
drop table bar;
create table foo (aa blob, bb longblob, cc tinyblob, dd mediumblob) engine=TokuDB;
create table bar like foo;
alter table bar engine=MyISAM;
insert into foo values (NULL,NULL,NULL,NULL);
insert into foo values ("adsf",NULL,"hjfdshj",NULL);
insert into foo values (NULL,"oifds",NULL,"fdsjfds");
insert into foo values ("rewoiu","fds","fr","oiufdsrew");
insert into bar select * from foo;
include/diff_tables.inc [test.foo, test.bar]
alter table foo add column added_5 varchar(10) default "qwerty", add column added_41 varchar(10) default NULL;
alter table bar add column added_5 varchar(10) default "qwerty", add column added_41 varchar(10) default NULL;
include/diff_tables.inc [test.foo, test.bar]
drop table foo;
drop table bar;
create table foo (aa blob, bb longblob, cc tinyblob, dd mediumblob) engine=TokuDB;
create table bar like foo;
alter table bar engine=MyISAM;
insert into foo values (NULL,NULL,NULL,NULL);
insert into foo values ("adsf",NULL,"hjfdshj",NULL);
insert into foo values (NULL,"oifds",NULL,"fdsjfds");
insert into foo values ("rewoiu","fds","fr","oiufdsrew");
insert into bar select * from foo;
include/diff_tables.inc [test.foo, test.bar]
alter table foo add column added_5 varchar(10) default "qwerty", add column added_51 varchar(10) default "abracadab";
alter table bar add column added_5 varchar(10) default "qwerty", add column added_51 varchar(10) default "abracadab";
include/diff_tables.inc [test.foo, test.bar]
drop table foo;
drop table bar;
create table foo (aa blob, bb longblob, cc tinyblob, dd mediumblob) engine=TokuDB;
create table bar like foo;
alter table bar engine=MyISAM;
insert into foo values (NULL,NULL,NULL,NULL);
insert into foo values ("adsf",NULL,"hjfdshj",NULL);
insert into foo values (NULL,"oifds",NULL,"fdsjfds");
insert into foo values ("rewoiu","fds","fr","oiufdsrew");
insert into bar select * from foo;
include/diff_tables.inc [test.foo, test.bar]
alter table foo add column added_5 varchar(10) default "qwerty", add column added_61 varchar(10) NOT NULL default "abracadab";
alter table bar add column added_5 varchar(10) default "qwerty", add column added_61 varchar(10) NOT NULL default "abracadab";
include/diff_tables.inc [test.foo, test.bar]
drop table foo;
drop table bar;
create table foo (aa blob, bb longblob, cc tinyblob, dd mediumblob) engine=TokuDB;
create table bar like foo;
alter table bar engine=MyISAM;
insert into foo values (NULL,NULL,NULL,NULL);
insert into foo values ("adsf",NULL,"hjfdshj",NULL);
insert into foo values (NULL,"oifds",NULL,"fdsjfds");
insert into foo values ("rewoiu","fds","fr","oiufdsrew");
insert into bar select * from foo;
include/diff_tables.inc [test.foo, test.bar]
alter table foo add column added_5 varchar(10) default "qwerty", add column added_71 text default NULL;
alter table bar add column added_5 varchar(10) default "qwerty", add column added_71 text default NULL;
include/diff_tables.inc [test.foo, test.bar]
drop table foo;
drop table bar;
create table foo (aa blob, bb longblob, cc tinyblob, dd mediumblob) engine=TokuDB;
create table bar like foo;
alter table bar engine=MyISAM;
insert into foo values (NULL,NULL,NULL,NULL);
insert into foo values ("adsf",NULL,"hjfdshj",NULL);
insert into foo values (NULL,"oifds",NULL,"fdsjfds");
insert into foo values ("rewoiu","fds","fr","oiufdsrew");
insert into bar select * from foo;
include/diff_tables.inc [test.foo, test.bar]
alter table foo add column added_5 varchar(10) default "qwerty", add column added_81 mediumtext default NULL;
alter table bar add column added_5 varchar(10) default "qwerty", add column added_81 mediumtext default NULL;
include/diff_tables.inc [test.foo, test.bar]
drop table foo;
drop table bar;
create table foo (aa blob, bb longblob, cc tinyblob, dd mediumblob) engine=TokuDB;
create table bar like foo;
alter table bar engine=MyISAM;
insert into foo values (NULL,NULL,NULL,NULL);
insert into foo values ("adsf",NULL,"hjfdshj",NULL);
insert into foo values (NULL,"oifds",NULL,"fdsjfds");
insert into foo values ("rewoiu","fds","fr","oiufdsrew");
insert into bar select * from foo;
include/diff_tables.inc [test.foo, test.bar]
alter table foo add column added_6 varchar(10) NOT NULL default "ruyrtt", add column added_11 bigint default NULL;
alter table bar add column added_6 varchar(10) NOT NULL default "ruyrtt", add column added_11 bigint default NULL;
include/diff_tables.inc [test.foo, test.bar]
drop table foo;
drop table bar;
create table foo (aa blob, bb longblob, cc tinyblob, dd mediumblob) engine=TokuDB;
create table bar like foo;
alter table bar engine=MyISAM;
insert into foo values (NULL,NULL,NULL,NULL);
insert into foo values ("adsf",NULL,"hjfdshj",NULL);
insert into foo values (NULL,"oifds",NULL,"fdsjfds");
insert into foo values ("rewoiu","fds","fr","oiufdsrew");
insert into bar select * from foo;
include/diff_tables.inc [test.foo, test.bar]
alter table foo add column added_6 varchar(10) NOT NULL default "ruyrtt", add column added_21 bigint default 1234;
alter table bar add column added_6 varchar(10) NOT NULL default "ruyrtt", add column added_21 bigint default 1234;
include/diff_tables.inc [test.foo, test.bar]
drop table foo;
drop table bar;
create table foo (aa blob, bb longblob, cc tinyblob, dd mediumblob) engine=TokuDB;
create table bar like foo;
alter table bar engine=MyISAM;
insert into foo values (NULL,NULL,NULL,NULL);
insert into foo values ("adsf",NULL,"hjfdshj",NULL);
insert into foo values (NULL,"oifds",NULL,"fdsjfds");
insert into foo values ("rewoiu","fds","fr","oiufdsrew");
insert into bar select * from foo;
include/diff_tables.inc [test.foo, test.bar]
alter table foo add column added_6 varchar(10) NOT NULL default "ruyrtt", add column added_31 bigint NOT NULL default 54;
alter table bar add column added_6 varchar(10) NOT NULL default "ruyrtt", add column added_31 bigint NOT NULL default 54;
include/diff_tables.inc [test.foo, test.bar]
drop table foo;
drop table bar;
create table foo (aa blob, bb longblob, cc tinyblob, dd mediumblob) engine=TokuDB;
create table bar like foo;
alter table bar engine=MyISAM;
insert into foo values (NULL,NULL,NULL,NULL);
insert into foo values ("adsf",NULL,"hjfdshj",NULL);
insert into foo values (NULL,"oifds",NULL,"fdsjfds");
insert into foo values ("rewoiu","fds","fr","oiufdsrew");
insert into bar select * from foo;
include/diff_tables.inc [test.foo, test.bar]
alter table foo add column added_6 varchar(10) NOT NULL default "ruyrtt", add column added_41 varchar(10) default NULL;
alter table bar add column added_6 varchar(10) NOT NULL default "ruyrtt", add column added_41 varchar(10) default NULL;
include/diff_tables.inc [test.foo, test.bar]
drop table foo;
drop table bar;
create table foo (aa blob, bb longblob, cc tinyblob, dd mediumblob) engine=TokuDB;
create table bar like foo;
alter table bar engine=MyISAM;
insert into foo values (NULL,NULL,NULL,NULL);
insert into foo values ("adsf",NULL,"hjfdshj",NULL);
insert into foo values (NULL,"oifds",NULL,"fdsjfds");
insert into foo values ("rewoiu","fds","fr","oiufdsrew");
insert into bar select * from foo;
include/diff_tables.inc [test.foo, test.bar]
alter table foo add column added_6 varchar(10) NOT NULL default "ruyrtt", add column added_51 varchar(10) default "abracadab";
alter table bar add column added_6 varchar(10) NOT NULL default "ruyrtt", add column added_51 varchar(10) default "abracadab";
include/diff_tables.inc [test.foo, test.bar]
drop table foo;
drop table bar;
create table foo (aa blob, bb longblob, cc tinyblob, dd mediumblob) engine=TokuDB;
create table bar like foo;
alter table bar engine=MyISAM;
insert into foo values (NULL,NULL,NULL,NULL);
insert into foo values ("adsf",NULL,"hjfdshj",NULL);
insert into foo values (NULL,"oifds",NULL,"fdsjfds");
insert into foo values ("rewoiu","fds","fr","oiufdsrew");
insert into bar select * from foo;
include/diff_tables.inc [test.foo, test.bar]
alter table foo add column added_6 varchar(10) NOT NULL default "ruyrtt", add column added_61 varchar(10) NOT NULL default "abracadab";
alter table bar add column added_6 varchar(10) NOT NULL default "ruyrtt", add column added_61 varchar(10) NOT NULL default "abracadab";
include/diff_tables.inc [test.foo, test.bar]
drop table foo;
drop table bar;
create table foo (aa blob, bb longblob, cc tinyblob, dd mediumblob) engine=TokuDB;
create table bar like foo;
alter table bar engine=MyISAM;
insert into foo values (NULL,NULL,NULL,NULL);
insert into foo values ("adsf",NULL,"hjfdshj",NULL);
insert into foo values (NULL,"oifds",NULL,"fdsjfds");
insert into foo values ("rewoiu","fds","fr","oiufdsrew");
insert into bar select * from foo;
include/diff_tables.inc [test.foo, test.bar]
alter table foo add column added_6 varchar(10) NOT NULL default "ruyrtt", add column added_71 text default NULL;
alter table bar add column added_6 varchar(10) NOT NULL default "ruyrtt", add column added_71 text default NULL;
include/diff_tables.inc [test.foo, test.bar]
drop table foo;
drop table bar;
create table foo (aa blob, bb longblob, cc tinyblob, dd mediumblob) engine=TokuDB;
create table bar like foo;
alter table bar engine=MyISAM;
insert into foo values (NULL,NULL,NULL,NULL);
insert into foo values ("adsf",NULL,"hjfdshj",NULL);
insert into foo values (NULL,"oifds",NULL,"fdsjfds");
insert into foo values ("rewoiu","fds","fr","oiufdsrew");
insert into bar select * from foo;
include/diff_tables.inc [test.foo, test.bar]
alter table foo add column added_6 varchar(10) NOT NULL default "ruyrtt", add column added_81 mediumtext default NULL;
alter table bar add column added_6 varchar(10) NOT NULL default "ruyrtt", add column added_81 mediumtext default NULL;
include/diff_tables.inc [test.foo, test.bar]
drop table foo;
drop table bar;
create table foo (aa blob, bb longblob, cc tinyblob, dd mediumblob) engine=TokuDB;
create table bar like foo;
alter table bar engine=MyISAM;
insert into foo values (NULL,NULL,NULL,NULL);
insert into foo values ("adsf",NULL,"hjfdshj",NULL);
insert into foo values (NULL,"oifds",NULL,"fdsjfds");
insert into foo values ("rewoiu","fds","fr","oiufdsrew");
insert into bar select * from foo;
include/diff_tables.inc [test.foo, test.bar]
alter table foo add column added_7 text default NULL, add column added_11 bigint default NULL;
alter table bar add column added_7 text default NULL, add column added_11 bigint default NULL;
include/diff_tables.inc [test.foo, test.bar]
drop table foo;
drop table bar;
create table foo (aa blob, bb longblob, cc tinyblob, dd mediumblob) engine=TokuDB;
create table bar like foo;
alter table bar engine=MyISAM;
insert into foo values (NULL,NULL,NULL,NULL);
insert into foo values ("adsf",NULL,"hjfdshj",NULL);
insert into foo values (NULL,"oifds",NULL,"fdsjfds");
insert into foo values ("rewoiu","fds","fr","oiufdsrew");
insert into bar select * from foo;
include/diff_tables.inc [test.foo, test.bar]
alter table foo add column added_7 text default NULL, add column added_21 bigint default 1234;
alter table bar add column added_7 text default NULL, add column added_21 bigint default 1234;
include/diff_tables.inc [test.foo, test.bar]
drop table foo;
drop table bar;
create table foo (aa blob, bb longblob, cc tinyblob, dd mediumblob) engine=TokuDB;
create table bar like foo;
alter table bar engine=MyISAM;
insert into foo values (NULL,NULL,NULL,NULL);
insert into foo values ("adsf",NULL,"hjfdshj",NULL);
insert into foo values (NULL,"oifds",NULL,"fdsjfds");
insert into foo values ("rewoiu","fds","fr","oiufdsrew");
insert into bar select * from foo;
include/diff_tables.inc [test.foo, test.bar]
alter table foo add column added_7 text default NULL, add column added_31 bigint NOT NULL default 54;
alter table bar add column added_7 text default NULL, add column added_31 bigint NOT NULL default 54;
include/diff_tables.inc [test.foo, test.bar]
drop table foo;
drop table bar;
create table foo (aa blob, bb longblob, cc tinyblob, dd mediumblob) engine=TokuDB;
create table bar like foo;
alter table bar engine=MyISAM;
insert into foo values (NULL,NULL,NULL,NULL);
insert into foo values ("adsf",NULL,"hjfdshj",NULL);
insert into foo values (NULL,"oifds",NULL,"fdsjfds");
insert into foo values ("rewoiu","fds","fr","oiufdsrew");
insert into bar select * from foo;
include/diff_tables.inc [test.foo, test.bar]
alter table foo add column added_7 text default NULL, add column added_41 varchar(10) default NULL;
alter table bar add column added_7 text default NULL, add column added_41 varchar(10) default NULL;
include/diff_tables.inc [test.foo, test.bar]
drop table foo;
drop table bar;
create table foo (aa blob, bb longblob, cc tinyblob, dd mediumblob) engine=TokuDB;
create table bar like foo;
alter table bar engine=MyISAM;
insert into foo values (NULL,NULL,NULL,NULL);
insert into foo values ("adsf",NULL,"hjfdshj",NULL);
insert into foo values (NULL,"oifds",NULL,"fdsjfds");
insert into foo values ("rewoiu","fds","fr","oiufdsrew");
insert into bar select * from foo;
include/diff_tables.inc [test.foo, test.bar]
alter table foo add column added_7 text default NULL, add column added_51 varchar(10) default "abracadab";
alter table bar add column added_7 text default NULL, add column added_51 varchar(10) default "abracadab";
include/diff_tables.inc [test.foo, test.bar]
drop table foo;
drop table bar;
create table foo (aa blob, bb longblob, cc tinyblob, dd mediumblob) engine=TokuDB;
create table bar like foo;
alter table bar engine=MyISAM;
insert into foo values (NULL,NULL,NULL,NULL);
insert into foo values ("adsf",NULL,"hjfdshj",NULL);
insert into foo values (NULL,"oifds",NULL,"fdsjfds");
insert into foo values ("rewoiu","fds","fr","oiufdsrew");
insert into bar select * from foo;
include/diff_tables.inc [test.foo, test.bar]
alter table foo add column added_7 text default NULL, add column added_61 varchar(10) NOT NULL default "abracadab";
alter table bar add column added_7 text default NULL, add column added_61 varchar(10) NOT NULL default "abracadab";
include/diff_tables.inc [test.foo, test.bar]
drop table foo;
drop table bar;
create table foo (aa blob, bb longblob, cc tinyblob, dd mediumblob) engine=TokuDB;
create table bar like foo;
alter table bar engine=MyISAM;
insert into foo values (NULL,NULL,NULL,NULL);
insert into foo values ("adsf",NULL,"hjfdshj",NULL);
insert into foo values (NULL,"oifds",NULL,"fdsjfds");
insert into foo values ("rewoiu","fds","fr","oiufdsrew");
insert into bar select * from foo;
include/diff_tables.inc [test.foo, test.bar]
alter table foo add column added_7 text default NULL, add column added_71 text default NULL;
alter table bar add column added_7 text default NULL, add column added_71 text default NULL;
include/diff_tables.inc [test.foo, test.bar]
drop table foo;
drop table bar;
create table foo (aa blob, bb longblob, cc tinyblob, dd mediumblob) engine=TokuDB;
create table bar like foo;
alter table bar engine=MyISAM;
insert into foo values (NULL,NULL,NULL,NULL);
insert into foo values ("adsf",NULL,"hjfdshj",NULL);
insert into foo values (NULL,"oifds",NULL,"fdsjfds");
insert into foo values ("rewoiu","fds","fr","oiufdsrew");
insert into bar select * from foo;
include/diff_tables.inc [test.foo, test.bar]
alter table foo add column added_7 text default NULL, add column added_81 mediumtext default NULL;
alter table bar add column added_7 text default NULL, add column added_81 mediumtext default NULL;
include/diff_tables.inc [test.foo, test.bar]
drop table foo;
drop table bar;
create table foo (aa blob, bb longblob, cc tinyblob, dd mediumblob) engine=TokuDB;
create table bar like foo;
alter table bar engine=MyISAM;
insert into foo values (NULL,NULL,NULL,NULL);
insert into foo values ("adsf",NULL,"hjfdshj",NULL);
insert into foo values (NULL,"oifds",NULL,"fdsjfds");
insert into foo values ("rewoiu","fds","fr","oiufdsrew");
insert into bar select * from foo;
include/diff_tables.inc [test.foo, test.bar]
alter table foo add column added_8 mediumtext default NULL, add column added_11 bigint default NULL;
alter table bar add column added_8 mediumtext default NULL, add column added_11 bigint default NULL;
include/diff_tables.inc [test.foo, test.bar]
drop table foo;
drop table bar;
create table foo (aa blob, bb longblob, cc tinyblob, dd mediumblob) engine=TokuDB;
create table bar like foo;
alter table bar engine=MyISAM;
insert into foo values (NULL,NULL,NULL,NULL);
insert into foo values ("adsf",NULL,"hjfdshj",NULL);
insert into foo values (NULL,"oifds",NULL,"fdsjfds");
insert into foo values ("rewoiu","fds","fr","oiufdsrew");
insert into bar select * from foo;
include/diff_tables.inc [test.foo, test.bar]
alter table foo add column added_8 mediumtext default NULL, add column added_21 bigint default 1234;
alter table bar add column added_8 mediumtext default NULL, add column added_21 bigint default 1234;
include/diff_tables.inc [test.foo, test.bar]
drop table foo;
drop table bar;
create table foo (aa blob, bb longblob, cc tinyblob, dd mediumblob) engine=TokuDB;
create table bar like foo;
alter table bar engine=MyISAM;
insert into foo values (NULL,NULL,NULL,NULL);
insert into foo values ("adsf",NULL,"hjfdshj",NULL);
insert into foo values (NULL,"oifds",NULL,"fdsjfds");
insert into foo values ("rewoiu","fds","fr","oiufdsrew");
insert into bar select * from foo;
include/diff_tables.inc [test.foo, test.bar]
alter table foo add column added_8 mediumtext default NULL, add column added_31 bigint NOT NULL default 54;
alter table bar add column added_8 mediumtext default NULL, add column added_31 bigint NOT NULL default 54;
include/diff_tables.inc [test.foo, test.bar]
drop table foo;
drop table bar;
create table foo (aa blob, bb longblob, cc tinyblob, dd mediumblob) engine=TokuDB;
create table bar like foo;
alter table bar engine=MyISAM;
insert into foo values (NULL,NULL,NULL,NULL);
insert into foo values ("adsf",NULL,"hjfdshj",NULL);
insert into foo values (NULL,"oifds",NULL,"fdsjfds");
insert into foo values ("rewoiu","fds","fr","oiufdsrew");
insert into bar select * from foo;
include/diff_tables.inc [test.foo, test.bar]
alter table foo add column added_8 mediumtext default NULL, add column added_41 varchar(10) default NULL;
alter table bar add column added_8 mediumtext default NULL, add column added_41 varchar(10) default NULL;
include/diff_tables.inc [test.foo, test.bar]
drop table foo;
drop table bar;
create table foo (aa blob, bb longblob, cc tinyblob, dd mediumblob) engine=TokuDB;
create table bar like foo;
alter table bar engine=MyISAM;
insert into foo values (NULL,NULL,NULL,NULL);
insert into foo values ("adsf",NULL,"hjfdshj",NULL);
insert into foo values (NULL,"oifds",NULL,"fdsjfds");
insert into foo values ("rewoiu","fds","fr","oiufdsrew");
insert into bar select * from foo;
include/diff_tables.inc [test.foo, test.bar]
alter table foo add column added_8 mediumtext default NULL, add column added_51 varchar(10) default "abracadab";
alter table bar add column added_8 mediumtext default NULL, add column added_51 varchar(10) default "abracadab";
include/diff_tables.inc [test.foo, test.bar]
drop table foo;
drop table bar;
create table foo (aa blob, bb longblob, cc tinyblob, dd mediumblob) engine=TokuDB;
create table bar like foo;
alter table bar engine=MyISAM;
insert into foo values (NULL,NULL,NULL,NULL);
insert into foo values ("adsf",NULL,"hjfdshj",NULL);
insert into foo values (NULL,"oifds",NULL,"fdsjfds");
insert into foo values ("rewoiu","fds","fr","oiufdsrew");
insert into bar select * from foo;
include/diff_tables.inc [test.foo, test.bar]
alter table foo add column added_8 mediumtext default NULL, add column added_61 varchar(10) NOT NULL default "abracadab";
alter table bar add column added_8 mediumtext default NULL, add column added_61 varchar(10) NOT NULL default "abracadab";
include/diff_tables.inc [test.foo, test.bar]
drop table foo;
drop table bar;
create table foo (aa blob, bb longblob, cc tinyblob, dd mediumblob) engine=TokuDB;
create table bar like foo;
alter table bar engine=MyISAM;
insert into foo values (NULL,NULL,NULL,NULL);
insert into foo values ("adsf",NULL,"hjfdshj",NULL);
insert into foo values (NULL,"oifds",NULL,"fdsjfds");
insert into foo values ("rewoiu","fds","fr","oiufdsrew");
insert into bar select * from foo;
include/diff_tables.inc [test.foo, test.bar]
alter table foo add column added_8 mediumtext default NULL, add column added_71 text default NULL;
alter table bar add column added_8 mediumtext default NULL, add column added_71 text default NULL;
include/diff_tables.inc [test.foo, test.bar]
drop table foo;
drop table bar;
create table foo (aa blob, bb longblob, cc tinyblob, dd mediumblob) engine=TokuDB;
create table bar like foo;
alter table bar engine=MyISAM;
insert into foo values (NULL,NULL,NULL,NULL);
insert into foo values ("adsf",NULL,"hjfdshj",NULL);
insert into foo values (NULL,"oifds",NULL,"fdsjfds");
insert into foo values ("rewoiu","fds","fr","oiufdsrew");
insert into bar select * from foo;
include/diff_tables.inc [test.foo, test.bar]
alter table foo add column added_8 mediumtext default NULL, add column added_81 mediumtext default NULL;
alter table bar add column added_8 mediumtext default NULL, add column added_81 mediumtext default NULL;
include/diff_tables.inc [test.foo, test.bar]
drop table foo;
drop table bar;
create table foo (aa blob, bb longblob, cc tinyblob, dd mediumblob) engine=TokuDB;
create table bar like foo;
alter table bar engine=MyISAM;
insert into foo values (NULL,NULL,NULL,NULL);
insert into foo values ("adsf",NULL,"hjfdshj",NULL);
insert into foo values (NULL,"oifds",NULL,"fdsjfds");
insert into foo values ("rewoiu","fds","fr","oiufdsrew");
insert into bar select * from foo;
include/diff_tables.inc [test.foo, test.bar]
alter table foo add column added_1 bigint default NULL first, add column added_11 bigint default NULL;
alter table bar add column added_1 bigint default NULL first, add column added_11 bigint default NULL;
include/diff_tables.inc [test.foo, test.bar]
drop table foo;
drop table bar;
create table foo (aa blob, bb longblob, cc tinyblob, dd mediumblob) engine=TokuDB;
create table bar like foo;
alter table bar engine=MyISAM;
insert into foo values (NULL,NULL,NULL,NULL);
insert into foo values ("adsf",NULL,"hjfdshj",NULL);
insert into foo values (NULL,"oifds",NULL,"fdsjfds");
insert into foo values ("rewoiu","fds","fr","oiufdsrew");
insert into bar select * from foo;
include/diff_tables.inc [test.foo, test.bar]
alter table foo add column added_1 bigint default NULL first, add column added_21 bigint default 1234;
alter table bar add column added_1 bigint default NULL first, add column added_21 bigint default 1234;
include/diff_tables.inc [test.foo, test.bar]
drop table foo;
drop table bar;
create table foo (aa blob, bb longblob, cc tinyblob, dd mediumblob) engine=TokuDB;
create table bar like foo;
alter table bar engine=MyISAM;
insert into foo values (NULL,NULL,NULL,NULL);
insert into foo values ("adsf",NULL,"hjfdshj",NULL);
insert into foo values (NULL,"oifds",NULL,"fdsjfds");
insert into foo values ("rewoiu","fds","fr","oiufdsrew");
insert into bar select * from foo;
include/diff_tables.inc [test.foo, test.bar]
alter table foo add column added_1 bigint default NULL first, add column added_31 bigint NOT NULL default 54;
alter table bar add column added_1 bigint default NULL first, add column added_31 bigint NOT NULL default 54;
include/diff_tables.inc [test.foo, test.bar]
drop table foo;
drop table bar;
create table foo (aa blob, bb longblob, cc tinyblob, dd mediumblob) engine=TokuDB;
create table bar like foo;
alter table bar engine=MyISAM;
insert into foo values (NULL,NULL,NULL,NULL);
insert into foo values ("adsf",NULL,"hjfdshj",NULL);
insert into foo values (NULL,"oifds",NULL,"fdsjfds");
insert into foo values ("rewoiu","fds","fr","oiufdsrew");
insert into bar select * from foo;
include/diff_tables.inc [test.foo, test.bar]
alter table foo add column added_1 bigint default NULL first, add column added_41 varchar(10) default NULL;
alter table bar add column added_1 bigint default NULL first, add column added_41 varchar(10) default NULL;
include/diff_tables.inc [test.foo, test.bar]
drop table foo;
drop table bar;
create table foo (aa blob, bb longblob, cc tinyblob, dd mediumblob) engine=TokuDB;
create table bar like foo;
alter table bar engine=MyISAM;
insert into foo values (NULL,NULL,NULL,NULL);
insert into foo values ("adsf",NULL,"hjfdshj",NULL);
insert into foo values (NULL,"oifds",NULL,"fdsjfds");
insert into foo values ("rewoiu","fds","fr","oiufdsrew");
insert into bar select * from foo;
include/diff_tables.inc [test.foo, test.bar]
alter table foo add column added_1 bigint default NULL first, add column added_51 varchar(10) default "abracadab";
alter table bar add column added_1 bigint default NULL first, add column added_51 varchar(10) default "abracadab";
include/diff_tables.inc [test.foo, test.bar]
drop table foo;
drop table bar;
create table foo (aa blob, bb longblob, cc tinyblob, dd mediumblob) engine=TokuDB;
create table bar like foo;
alter table bar engine=MyISAM;
insert into foo values (NULL,NULL,NULL,NULL);
insert into foo values ("adsf",NULL,"hjfdshj",NULL);
insert into foo values (NULL,"oifds",NULL,"fdsjfds");
insert into foo values ("rewoiu","fds","fr","oiufdsrew");
insert into bar select * from foo;
include/diff_tables.inc [test.foo, test.bar]
alter table foo add column added_1 bigint default NULL first, add column added_61 varchar(10) NOT NULL default "abracadab";
alter table bar add column added_1 bigint default NULL first, add column added_61 varchar(10) NOT NULL default "abracadab";
include/diff_tables.inc [test.foo, test.bar]
drop table foo;
drop table bar;
create table foo (aa blob, bb longblob, cc tinyblob, dd mediumblob) engine=TokuDB;
create table bar like foo;
alter table bar engine=MyISAM;
insert into foo values (NULL,NULL,NULL,NULL);
insert into foo values ("adsf",NULL,"hjfdshj",NULL);
insert into foo values (NULL,"oifds",NULL,"fdsjfds");
insert into foo values ("rewoiu","fds","fr","oiufdsrew");
insert into bar select * from foo;
include/diff_tables.inc [test.foo, test.bar]
alter table foo add column added_1 bigint default NULL first, add column added_71 text default NULL;
alter table bar add column added_1 bigint default NULL first, add column added_71 text default NULL;
include/diff_tables.inc [test.foo, test.bar]
drop table foo;
drop table bar;
create table foo (aa blob, bb longblob, cc tinyblob, dd mediumblob) engine=TokuDB;
create table bar like foo;
alter table bar engine=MyISAM;
insert into foo values (NULL,NULL,NULL,NULL);
insert into foo values ("adsf",NULL,"hjfdshj",NULL);
insert into foo values (NULL,"oifds",NULL,"fdsjfds");
insert into foo values ("rewoiu","fds","fr","oiufdsrew");
insert into bar select * from foo;
include/diff_tables.inc [test.foo, test.bar]
alter table foo add column added_1 bigint default NULL first, add column added_81 mediumtext default NULL;
alter table bar add column added_1 bigint default NULL first, add column added_81 mediumtext default NULL;
include/diff_tables.inc [test.foo, test.bar]
drop table foo;
drop table bar;
create table foo (aa blob, bb longblob, cc tinyblob, dd mediumblob) engine=TokuDB;
create table bar like foo;
alter table bar engine=MyISAM;
insert into foo values (NULL,NULL,NULL,NULL);
insert into foo values ("adsf",NULL,"hjfdshj",NULL);
insert into foo values (NULL,"oifds",NULL,"fdsjfds");
insert into foo values ("rewoiu","fds","fr","oiufdsrew");
insert into bar select * from foo;
include/diff_tables.inc [test.foo, test.bar]
alter table foo add column added_2 bigint default -1 first, add column added_11 bigint default NULL;
alter table bar add column added_2 bigint default -1 first, add column added_11 bigint default NULL;
include/diff_tables.inc [test.foo, test.bar]
drop table foo;
drop table bar;
create table foo (aa blob, bb longblob, cc tinyblob, dd mediumblob) engine=TokuDB;
create table bar like foo;
alter table bar engine=MyISAM;
insert into foo values (NULL,NULL,NULL,NULL);
insert into foo values ("adsf",NULL,"hjfdshj",NULL);
insert into foo values (NULL,"oifds",NULL,"fdsjfds");
insert into foo values ("rewoiu","fds","fr","oiufdsrew");
insert into bar select * from foo;
include/diff_tables.inc [test.foo, test.bar]
alter table foo add column added_2 bigint default -1 first, add column added_21 bigint default 1234;
alter table bar add column added_2 bigint default -1 first, add column added_21 bigint default 1234;
include/diff_tables.inc [test.foo, test.bar]
drop table foo;
drop table bar;
create table foo (aa blob, bb longblob, cc tinyblob, dd mediumblob) engine=TokuDB;
create table bar like foo;
alter table bar engine=MyISAM;
insert into foo values (NULL,NULL,NULL,NULL);
insert into foo values ("adsf",NULL,"hjfdshj",NULL);
insert into foo values (NULL,"oifds",NULL,"fdsjfds");
insert into foo values ("rewoiu","fds","fr","oiufdsrew");
insert into bar select * from foo;
include/diff_tables.inc [test.foo, test.bar]
alter table foo add column added_2 bigint default -1 first, add column added_31 bigint NOT NULL default 54;
alter table bar add column added_2 bigint default -1 first, add column added_31 bigint NOT NULL default 54;
include/diff_tables.inc [test.foo, test.bar]
drop table foo;
drop table bar;
create table foo (aa blob, bb longblob, cc tinyblob, dd mediumblob) engine=TokuDB;
create table bar like foo;
alter table bar engine=MyISAM;
insert into foo values (NULL,NULL,NULL,NULL);
insert into foo values ("adsf",NULL,"hjfdshj",NULL);
insert into foo values (NULL,"oifds",NULL,"fdsjfds");
insert into foo values ("rewoiu","fds","fr","oiufdsrew");
insert into bar select * from foo;
include/diff_tables.inc [test.foo, test.bar]
alter table foo add column added_2 bigint default -1 first, add column added_41 varchar(10) default NULL;
alter table bar add column added_2 bigint default -1 first, add column added_41 varchar(10) default NULL;
include/diff_tables.inc [test.foo, test.bar]
drop table foo;
drop table bar;
create table foo (aa blob, bb longblob, cc tinyblob, dd mediumblob) engine=TokuDB;
create table bar like foo;
alter table bar engine=MyISAM;
insert into foo values (NULL,NULL,NULL,NULL);
insert into foo values ("adsf",NULL,"hjfdshj",NULL);
insert into foo values (NULL,"oifds",NULL,"fdsjfds");
insert into foo values ("rewoiu","fds","fr","oiufdsrew");
insert into bar select * from foo;
include/diff_tables.inc [test.foo, test.bar]
alter table foo add column added_2 bigint default -1 first, add column added_51 varchar(10) default "abracadab";
alter table bar add column added_2 bigint default -1 first, add column added_51 varchar(10) default "abracadab";
include/diff_tables.inc [test.foo, test.bar]
drop table foo;
drop table bar;
create table foo (aa blob, bb longblob, cc tinyblob, dd mediumblob) engine=TokuDB;
create table bar like foo;
alter table bar engine=MyISAM;
insert into foo values (NULL,NULL,NULL,NULL);
insert into foo values ("adsf",NULL,"hjfdshj",NULL);
insert into foo values (NULL,"oifds",NULL,"fdsjfds");
insert into foo values ("rewoiu","fds","fr","oiufdsrew");
insert into bar select * from foo;
include/diff_tables.inc [test.foo, test.bar]
alter table foo add column added_2 bigint default -1 first, add column added_61 varchar(10) NOT NULL default "abracadab";
alter table bar add column added_2 bigint default -1 first, add column added_61 varchar(10) NOT NULL default "abracadab";
include/diff_tables.inc [test.foo, test.bar]
drop table foo;
drop table bar;
create table foo (aa blob, bb longblob, cc tinyblob, dd mediumblob) engine=TokuDB;
create table bar like foo;
alter table bar engine=MyISAM;
insert into foo values (NULL,NULL,NULL,NULL);
insert into foo values ("adsf",NULL,"hjfdshj",NULL);
insert into foo values (NULL,"oifds",NULL,"fdsjfds");
insert into foo values ("rewoiu","fds","fr","oiufdsrew");
insert into bar select * from foo;
include/diff_tables.inc [test.foo, test.bar]
alter table foo add column added_2 bigint default -1 first, add column added_71 text default NULL;
alter table bar add column added_2 bigint default -1 first, add column added_71 text default NULL;
include/diff_tables.inc [test.foo, test.bar]
drop table foo;
drop table bar;
create table foo (aa blob, bb longblob, cc tinyblob, dd mediumblob) engine=TokuDB;
create table bar like foo;
alter table bar engine=MyISAM;
insert into foo values (NULL,NULL,NULL,NULL);
insert into foo values ("adsf",NULL,"hjfdshj",NULL);
insert into foo values (NULL,"oifds",NULL,"fdsjfds");
insert into foo values ("rewoiu","fds","fr","oiufdsrew");
insert into bar select * from foo;
include/diff_tables.inc [test.foo, test.bar]
alter table foo add column added_2 bigint default -1 first, add column added_81 mediumtext default NULL;
alter table bar add column added_2 bigint default -1 first, add column added_81 mediumtext default NULL;
include/diff_tables.inc [test.foo, test.bar]
drop table foo;
drop table bar;
create table foo (aa blob, bb longblob, cc tinyblob, dd mediumblob) engine=TokuDB;
create table bar like foo;
alter table bar engine=MyISAM;
insert into foo values (NULL,NULL,NULL,NULL);
insert into foo values ("adsf",NULL,"hjfdshj",NULL);
insert into foo values (NULL,"oifds",NULL,"fdsjfds");
insert into foo values ("rewoiu","fds","fr","oiufdsrew");
insert into bar select * from foo;
include/diff_tables.inc [test.foo, test.bar]
alter table foo add column added_3 bigint NOT NULL default -1 first, add column added_11 bigint default NULL;
alter table bar add column added_3 bigint NOT NULL default -1 first, add column added_11 bigint default NULL;
include/diff_tables.inc [test.foo, test.bar]
drop table foo;
drop table bar;
create table foo (aa blob, bb longblob, cc tinyblob, dd mediumblob) engine=TokuDB;
create table bar like foo;
alter table bar engine=MyISAM;
insert into foo values (NULL,NULL,NULL,NULL);
insert into foo values ("adsf",NULL,"hjfdshj",NULL);
insert into foo values (NULL,"oifds",NULL,"fdsjfds");
insert into foo values ("rewoiu","fds","fr","oiufdsrew");
insert into bar select * from foo;
include/diff_tables.inc [test.foo, test.bar]
alter table foo add column added_3 bigint NOT NULL default -1 first, add column added_21 bigint default 1234;
alter table bar add column added_3 bigint NOT NULL default -1 first, add column added_21 bigint default 1234;
include/diff_tables.inc [test.foo, test.bar]
drop table foo;
drop table bar;
create table foo (aa blob, bb longblob, cc tinyblob, dd mediumblob) engine=TokuDB;
create table bar like foo;
alter table bar engine=MyISAM;
insert into foo values (NULL,NULL,NULL,NULL);
insert into foo values ("adsf",NULL,"hjfdshj",NULL);
insert into foo values (NULL,"oifds",NULL,"fdsjfds");
insert into foo values ("rewoiu","fds","fr","oiufdsrew");
insert into bar select * from foo;
include/diff_tables.inc [test.foo, test.bar]
alter table foo add column added_3 bigint NOT NULL default -1 first, add column added_31 bigint NOT NULL default 54;
alter table bar add column added_3 bigint NOT NULL default -1 first, add column added_31 bigint NOT NULL default 54;
include/diff_tables.inc [test.foo, test.bar]
drop table foo;
drop table bar;
create table foo (aa blob, bb longblob, cc tinyblob, dd mediumblob) engine=TokuDB;
create table bar like foo;
alter table bar engine=MyISAM;
insert into foo values (NULL,NULL,NULL,NULL);
insert into foo values ("adsf",NULL,"hjfdshj",NULL);
insert into foo values (NULL,"oifds",NULL,"fdsjfds");
insert into foo values ("rewoiu","fds","fr","oiufdsrew");
insert into bar select * from foo;
include/diff_tables.inc [test.foo, test.bar]
alter table foo add column added_3 bigint NOT NULL default -1 first, add column added_41 varchar(10) default NULL;
alter table bar add column added_3 bigint NOT NULL default -1 first, add column added_41 varchar(10) default NULL;
include/diff_tables.inc [test.foo, test.bar]
drop table foo;
drop table bar;
create table foo (aa blob, bb longblob, cc tinyblob, dd mediumblob) engine=TokuDB;
create table bar like foo;
alter table bar engine=MyISAM;
insert into foo values (NULL,NULL,NULL,NULL);
insert into foo values ("adsf",NULL,"hjfdshj",NULL);
insert into foo values (NULL,"oifds",NULL,"fdsjfds");
insert into foo values ("rewoiu","fds","fr","oiufdsrew");
insert into bar select * from foo;
include/diff_tables.inc [test.foo, test.bar]
alter table foo add column added_3 bigint NOT NULL default -1 first, add column added_51 varchar(10) default "abracadab";
alter table bar add column added_3 bigint NOT NULL default -1 first, add column added_51 varchar(10) default "abracadab";
include/diff_tables.inc [test.foo, test.bar]
drop table foo;
drop table bar;
create table foo (aa blob, bb longblob, cc tinyblob, dd mediumblob) engine=TokuDB;
create table bar like foo;
alter table bar engine=MyISAM;
insert into foo values (NULL,NULL,NULL,NULL);
insert into foo values ("adsf",NULL,"hjfdshj",NULL);
insert into foo values (NULL,"oifds",NULL,"fdsjfds");
insert into foo values ("rewoiu","fds","fr","oiufdsrew");
insert into bar select * from foo;
include/diff_tables.inc [test.foo, test.bar]
alter table foo add column added_3 bigint NOT NULL default -1 first, add column added_61 varchar(10) NOT NULL default "abracadab";
alter table bar add column added_3 bigint NOT NULL default -1 first, add column added_61 varchar(10) NOT NULL default "abracadab";
include/diff_tables.inc [test.foo, test.bar]
drop table foo;
drop table bar;
create table foo (aa blob, bb longblob, cc tinyblob, dd mediumblob) engine=TokuDB;
create table bar like foo;
alter table bar engine=MyISAM;
insert into foo values (NULL,NULL,NULL,NULL);
insert into foo values ("adsf",NULL,"hjfdshj",NULL);
insert into foo values (NULL,"oifds",NULL,"fdsjfds");
insert into foo values ("rewoiu","fds","fr","oiufdsrew");
insert into bar select * from foo;
include/diff_tables.inc [test.foo, test.bar]
alter table foo add column added_3 bigint NOT NULL default -1 first, add column added_71 text default NULL;
alter table bar add column added_3 bigint NOT NULL default -1 first, add column added_71 text default NULL;
include/diff_tables.inc [test.foo, test.bar]
drop table foo;
drop table bar;
create table foo (aa blob, bb longblob, cc tinyblob, dd mediumblob) engine=TokuDB;
create table bar like foo;
alter table bar engine=MyISAM;
insert into foo values (NULL,NULL,NULL,NULL);
insert into foo values ("adsf",NULL,"hjfdshj",NULL);
insert into foo values (NULL,"oifds",NULL,"fdsjfds");
insert into foo values ("rewoiu","fds","fr","oiufdsrew");
insert into bar select * from foo;
include/diff_tables.inc [test.foo, test.bar]
alter table foo add column added_3 bigint NOT NULL default -1 first, add column added_81 mediumtext default NULL;
alter table bar add column added_3 bigint NOT NULL default -1 first, add column added_81 mediumtext default NULL;
include/diff_tables.inc [test.foo, test.bar]
drop table foo;
drop table bar;
create table foo (aa blob, bb longblob, cc tinyblob, dd mediumblob) engine=TokuDB;
create table bar like foo;
alter table bar engine=MyISAM;
insert into foo values (NULL,NULL,NULL,NULL);
insert into foo values ("adsf",NULL,"hjfdshj",NULL);
insert into foo values (NULL,"oifds",NULL,"fdsjfds");
insert into foo values ("rewoiu","fds","fr","oiufdsrew");
insert into bar select * from foo;
include/diff_tables.inc [test.foo, test.bar]
alter table foo add column added_4 varchar(10) default NULL first, add column added_11 bigint default NULL;
alter table bar add column added_4 varchar(10) default NULL first, add column added_11 bigint default NULL;
include/diff_tables.inc [test.foo, test.bar]
drop table foo;
drop table bar;
create table foo (aa blob, bb longblob, cc tinyblob, dd mediumblob) engine=TokuDB;
create table bar like foo;
alter table bar engine=MyISAM;
insert into foo values (NULL,NULL,NULL,NULL);
insert into foo values ("adsf",NULL,"hjfdshj",NULL);
insert into foo values (NULL,"oifds",NULL,"fdsjfds");
insert into foo values ("rewoiu","fds","fr","oiufdsrew");
insert into bar select * from foo;
include/diff_tables.inc [test.foo, test.bar]
alter table foo add column added_4 varchar(10) default NULL first, add column added_21 bigint default 1234;
alter table bar add column added_4 varchar(10) default NULL first, add column added_21 bigint default 1234;
include/diff_tables.inc [test.foo, test.bar]
drop table foo;
drop table bar;
create table foo (aa blob, bb longblob, cc tinyblob, dd mediumblob) engine=TokuDB;
create table bar like foo;
alter table bar engine=MyISAM;
insert into foo values (NULL,NULL,NULL,NULL);
insert into foo values ("adsf",NULL,"hjfdshj",NULL);
insert into foo values (NULL,"oifds",NULL,"fdsjfds");
insert into foo values ("rewoiu","fds","fr","oiufdsrew");
insert into bar select * from foo;
include/diff_tables.inc [test.foo, test.bar]
alter table foo add column added_4 varchar(10) default NULL first, add column added_31 bigint NOT NULL default 54;
alter table bar add column added_4 varchar(10) default NULL first, add column added_31 bigint NOT NULL default 54;
include/diff_tables.inc [test.foo, test.bar]
drop table foo;
drop table bar;
create table foo (aa blob, bb longblob, cc tinyblob, dd mediumblob) engine=TokuDB;
create table bar like foo;
alter table bar engine=MyISAM;
insert into foo values (NULL,NULL,NULL,NULL);
insert into foo values ("adsf",NULL,"hjfdshj",NULL);
insert into foo values (NULL,"oifds",NULL,"fdsjfds");
insert into foo values ("rewoiu","fds","fr","oiufdsrew");
insert into bar select * from foo;
include/diff_tables.inc [test.foo, test.bar]
alter table foo add column added_4 varchar(10) default NULL first, add column added_41 varchar(10) default NULL;
alter table bar add column added_4 varchar(10) default NULL first, add column added_41 varchar(10) default NULL;
include/diff_tables.inc [test.foo, test.bar]
drop table foo;
drop table bar;
create table foo (aa blob, bb longblob, cc tinyblob, dd mediumblob) engine=TokuDB;
create table bar like foo;
alter table bar engine=MyISAM;
insert into foo values (NULL,NULL,NULL,NULL);
insert into foo values ("adsf",NULL,"hjfdshj",NULL);
insert into foo values (NULL,"oifds",NULL,"fdsjfds");
insert into foo values ("rewoiu","fds","fr","oiufdsrew");
insert into bar select * from foo;
include/diff_tables.inc [test.foo, test.bar]
alter table foo add column added_4 varchar(10) default NULL first, add column added_51 varchar(10) default "abracadab";
alter table bar add column added_4 varchar(10) default NULL first, add column added_51 varchar(10) default "abracadab";
include/diff_tables.inc [test.foo, test.bar]
drop table foo;
drop table bar;
create table foo (aa blob, bb longblob, cc tinyblob, dd mediumblob) engine=TokuDB;
create table bar like foo;
alter table bar engine=MyISAM;
insert into foo values (NULL,NULL,NULL,NULL);
insert into foo values ("adsf",NULL,"hjfdshj",NULL);
insert into foo values (NULL,"oifds",NULL,"fdsjfds");
insert into foo values ("rewoiu","fds","fr","oiufdsrew");
insert into bar select * from foo;
include/diff_tables.inc [test.foo, test.bar]
alter table foo add column added_4 varchar(10) default NULL first, add column added_61 varchar(10) NOT NULL default "abracadab";
alter table bar add column added_4 varchar(10) default NULL first, add column added_61 varchar(10) NOT NULL default "abracadab";
include/diff_tables.inc [test.foo, test.bar]
drop table foo;
drop table bar;
create table foo (aa blob, bb longblob, cc tinyblob, dd mediumblob) engine=TokuDB;
create table bar like foo;
alter table bar engine=MyISAM;
insert into foo values (NULL,NULL,NULL,NULL);
insert into foo values ("adsf",NULL,"hjfdshj",NULL);
insert into foo values (NULL,"oifds",NULL,"fdsjfds");
insert into foo values ("rewoiu","fds","fr","oiufdsrew");
insert into bar select * from foo;
include/diff_tables.inc [test.foo, test.bar]
alter table foo add column added_4 varchar(10) default NULL first, add column added_71 text default NULL;
alter table bar add column added_4 varchar(10) default NULL first, add column added_71 text default NULL;
include/diff_tables.inc [test.foo, test.bar]
drop table foo;
drop table bar;
create table foo (aa blob, bb longblob, cc tinyblob, dd mediumblob) engine=TokuDB;
create table bar like foo;
alter table bar engine=MyISAM;
insert into foo values (NULL,NULL,NULL,NULL);
insert into foo values ("adsf",NULL,"hjfdshj",NULL);
insert into foo values (NULL,"oifds",NULL,"fdsjfds");
insert into foo values ("rewoiu","fds","fr","oiufdsrew");
insert into bar select * from foo;
include/diff_tables.inc [test.foo, test.bar]
alter table foo add column added_4 varchar(10) default NULL first, add column added_81 mediumtext default NULL;
alter table bar add column added_4 varchar(10) default NULL first, add column added_81 mediumtext default NULL;
include/diff_tables.inc [test.foo, test.bar]
drop table foo;
drop table bar;
create table foo (aa blob, bb longblob, cc tinyblob, dd mediumblob) engine=TokuDB;
create table bar like foo;
alter table bar engine=MyISAM;
insert into foo values (NULL,NULL,NULL,NULL);
insert into foo values ("adsf",NULL,"hjfdshj",NULL);
insert into foo values (NULL,"oifds",NULL,"fdsjfds");
insert into foo values ("rewoiu","fds","fr","oiufdsrew");
insert into bar select * from foo;
include/diff_tables.inc [test.foo, test.bar]
alter table foo add column added_5 varchar(10) default "qwerty" first, add column added_11 bigint default NULL;
alter table bar add column added_5 varchar(10) default "qwerty" first, add column added_11 bigint default NULL;
include/diff_tables.inc [test.foo, test.bar]
drop table foo;
drop table bar;
create table foo (aa blob, bb longblob, cc tinyblob, dd mediumblob) engine=TokuDB;
create table bar like foo;
alter table bar engine=MyISAM;
insert into foo values (NULL,NULL,NULL,NULL);
insert into foo values ("adsf",NULL,"hjfdshj",NULL);
insert into foo values (NULL,"oifds",NULL,"fdsjfds");
insert into foo values ("rewoiu","fds","fr","oiufdsrew");
insert into bar select * from foo;
include/diff_tables.inc [test.foo, test.bar]
alter table foo add column added_5 varchar(10) default "qwerty" first, add column added_21 bigint default 1234;
alter table bar add column added_5 varchar(10) default "qwerty" first, add column added_21 bigint default 1234;
include/diff_tables.inc [test.foo, test.bar]
drop table foo;
drop table bar;
create table foo (aa blob, bb longblob, cc tinyblob, dd mediumblob) engine=TokuDB;
create table bar like foo;
alter table bar engine=MyISAM;
insert into foo values (NULL,NULL,NULL,NULL);
insert into foo values ("adsf",NULL,"hjfdshj",NULL);
insert into foo values (NULL,"oifds",NULL,"fdsjfds");
insert into foo values ("rewoiu","fds","fr","oiufdsrew");
insert into bar select * from foo;
include/diff_tables.inc [test.foo, test.bar]
alter table foo add column added_5 varchar(10) default "qwerty" first, add column added_31 bigint NOT NULL default 54;
alter table bar add column added_5 varchar(10) default "qwerty" first, add column added_31 bigint NOT NULL default 54;
include/diff_tables.inc [test.foo, test.bar]
drop table foo;
drop table bar;
create table foo (aa blob, bb longblob, cc tinyblob, dd mediumblob) engine=TokuDB;
create table bar like foo;
alter table bar engine=MyISAM;
insert into foo values (NULL,NULL,NULL,NULL);
insert into foo values ("adsf",NULL,"hjfdshj",NULL);
insert into foo values (NULL,"oifds",NULL,"fdsjfds");
insert into foo values ("rewoiu","fds","fr","oiufdsrew");
insert into bar select * from foo;
include/diff_tables.inc [test.foo, test.bar]
alter table foo add column added_5 varchar(10) default "qwerty" first, add column added_41 varchar(10) default NULL;
alter table bar add column added_5 varchar(10) default "qwerty" first, add column added_41 varchar(10) default NULL;
include/diff_tables.inc [test.foo, test.bar]
drop table foo;
drop table bar;
create table foo (aa blob, bb longblob, cc tinyblob, dd mediumblob) engine=TokuDB;
create table bar like foo;
alter table bar engine=MyISAM;
insert into foo values (NULL,NULL,NULL,NULL);
insert into foo values ("adsf",NULL,"hjfdshj",NULL);
insert into foo values (NULL,"oifds",NULL,"fdsjfds");
insert into foo values ("rewoiu","fds","fr","oiufdsrew");
insert into bar select * from foo;
include/diff_tables.inc [test.foo, test.bar]
alter table foo add column added_5 varchar(10) default "qwerty" first, add column added_51 varchar(10) default "abracadab";
alter table bar add column added_5 varchar(10) default "qwerty" first, add column added_51 varchar(10) default "abracadab";
include/diff_tables.inc [test.foo, test.bar]
drop table foo;
drop table bar;
create table foo (aa blob, bb longblob, cc tinyblob, dd mediumblob) engine=TokuDB;
create table bar like foo;
alter table bar engine=MyISAM;
insert into foo values (NULL,NULL,NULL,NULL);
insert into foo values ("adsf",NULL,"hjfdshj",NULL);
insert into foo values (NULL,"oifds",NULL,"fdsjfds");
insert into foo values ("rewoiu","fds","fr","oiufdsrew");
insert into bar select * from foo;
include/diff_tables.inc [test.foo, test.bar]
alter table foo add column added_5 varchar(10) default "qwerty" first, add column added_61 varchar(10) NOT NULL default "abracadab";
alter table bar add column added_5 varchar(10) default "qwerty" first, add column added_61 varchar(10) NOT NULL default "abracadab";
include/diff_tables.inc [test.foo, test.bar]
drop table foo;
drop table bar;
create table foo (aa blob, bb longblob, cc tinyblob, dd mediumblob) engine=TokuDB;
create table bar like foo;
alter table bar engine=MyISAM;
insert into foo values (NULL,NULL,NULL,NULL);
insert into foo values ("adsf",NULL,"hjfdshj",NULL);
insert into foo values (NULL,"oifds",NULL,"fdsjfds");
insert into foo values ("rewoiu","fds","fr","oiufdsrew");
insert into bar select * from foo;
include/diff_tables.inc [test.foo, test.bar]
alter table foo add column added_5 varchar(10) default "qwerty" first, add column added_71 text default NULL;
alter table bar add column added_5 varchar(10) default "qwerty" first, add column added_71 text default NULL;
include/diff_tables.inc [test.foo, test.bar]
drop table foo;
drop table bar;
create table foo (aa blob, bb longblob, cc tinyblob, dd mediumblob) engine=TokuDB;
create table bar like foo;
alter table bar engine=MyISAM;
insert into foo values (NULL,NULL,NULL,NULL);
insert into foo values ("adsf",NULL,"hjfdshj",NULL);
insert into foo values (NULL,"oifds",NULL,"fdsjfds");
insert into foo values ("rewoiu","fds","fr","oiufdsrew");
insert into bar select * from foo;
include/diff_tables.inc [test.foo, test.bar]
alter table foo add column added_5 varchar(10) default "qwerty" first, add column added_81 mediumtext default NULL;
alter table bar add column added_5 varchar(10) default "qwerty" first, add column added_81 mediumtext default NULL;
include/diff_tables.inc [test.foo, test.bar]
drop table foo;
drop table bar;
create table foo (aa blob, bb longblob, cc tinyblob, dd mediumblob) engine=TokuDB;
create table bar like foo;
alter table bar engine=MyISAM;
insert into foo values (NULL,NULL,NULL,NULL);
insert into foo values ("adsf",NULL,"hjfdshj",NULL);
insert into foo values (NULL,"oifds",NULL,"fdsjfds");
insert into foo values ("rewoiu","fds","fr","oiufdsrew");
insert into bar select * from foo;
include/diff_tables.inc [test.foo, test.bar]
alter table foo add column added_6 varchar(10) NOT NULL default "ruyrtt" first, add column added_11 bigint default NULL;
alter table bar add column added_6 varchar(10) NOT NULL default "ruyrtt" first, add column added_11 bigint default NULL;
include/diff_tables.inc [test.foo, test.bar]
drop table foo;
drop table bar;
create table foo (aa blob, bb longblob, cc tinyblob, dd mediumblob) engine=TokuDB;
create table bar like foo;
alter table bar engine=MyISAM;
insert into foo values (NULL,NULL,NULL,NULL);
insert into foo values ("adsf",NULL,"hjfdshj",NULL);
insert into foo values (NULL,"oifds",NULL,"fdsjfds");
insert into foo values ("rewoiu","fds","fr","oiufdsrew");
insert into bar select * from foo;
include/diff_tables.inc [test.foo, test.bar]
alter table foo add column added_6 varchar(10) NOT NULL default "ruyrtt" first, add column added_21 bigint default 1234;
alter table bar add column added_6 varchar(10) NOT NULL default "ruyrtt" first, add column added_21 bigint default 1234;
include/diff_tables.inc [test.foo, test.bar]
drop table foo;
drop table bar;
create table foo (aa blob, bb longblob, cc tinyblob, dd mediumblob) engine=TokuDB;
create table bar like foo;
alter table bar engine=MyISAM;
insert into foo values (NULL,NULL,NULL,NULL);
insert into foo values ("adsf",NULL,"hjfdshj",NULL);
insert into foo values (NULL,"oifds",NULL,"fdsjfds");
insert into foo values ("rewoiu","fds","fr","oiufdsrew");
insert into bar select * from foo;
include/diff_tables.inc [test.foo, test.bar]
alter table foo add column added_6 varchar(10) NOT NULL default "ruyrtt" first, add column added_31 bigint NOT NULL default 54;
alter table bar add column added_6 varchar(10) NOT NULL default "ruyrtt" first, add column added_31 bigint NOT NULL default 54;
include/diff_tables.inc [test.foo, test.bar]
drop table foo;
drop table bar;
create table foo (aa blob, bb longblob, cc tinyblob, dd mediumblob) engine=TokuDB;
create table bar like foo;
alter table bar engine=MyISAM;
insert into foo values (NULL,NULL,NULL,NULL);
insert into foo values ("adsf",NULL,"hjfdshj",NULL);
insert into foo values (NULL,"oifds",NULL,"fdsjfds");
insert into foo values ("rewoiu","fds","fr","oiufdsrew");
insert into bar select * from foo;
include/diff_tables.inc [test.foo, test.bar]
alter table foo add column added_6 varchar(10) NOT NULL default "ruyrtt" first, add column added_41 varchar(10) default NULL;
alter table bar add column added_6 varchar(10) NOT NULL default "ruyrtt" first, add column added_41 varchar(10) default NULL;
include/diff_tables.inc [test.foo, test.bar]
drop table foo;
drop table bar;
create table foo (aa blob, bb longblob, cc tinyblob, dd mediumblob) engine=TokuDB;
create table bar like foo;
alter table bar engine=MyISAM;
insert into foo values (NULL,NULL,NULL,NULL);
insert into foo values ("adsf",NULL,"hjfdshj",NULL);
insert into foo values (NULL,"oifds",NULL,"fdsjfds");
insert into foo values ("rewoiu","fds","fr","oiufdsrew");
insert into bar select * from foo;
include/diff_tables.inc [test.foo, test.bar]
alter table foo add column added_6 varchar(10) NOT NULL default "ruyrtt" first, add column added_51 varchar(10) default "abracadab";
alter table bar add column added_6 varchar(10) NOT NULL default "ruyrtt" first, add column added_51 varchar(10) default "abracadab";
include/diff_tables.inc [test.foo, test.bar]
drop table foo;
drop table bar;
create table foo (aa blob, bb longblob, cc tinyblob, dd mediumblob) engine=TokuDB;
create table bar like foo;
alter table bar engine=MyISAM;
insert into foo values (NULL,NULL,NULL,NULL);
insert into foo values ("adsf",NULL,"hjfdshj",NULL);
insert into foo values (NULL,"oifds",NULL,"fdsjfds");
insert into foo values ("rewoiu","fds","fr","oiufdsrew");
insert into bar select * from foo;
include/diff_tables.inc [test.foo, test.bar]
alter table foo add column added_6 varchar(10) NOT NULL default "ruyrtt" first, add column added_61 varchar(10) NOT NULL default "abracadab";
alter table bar add column added_6 varchar(10) NOT NULL default "ruyrtt" first, add column added_61 varchar(10) NOT NULL default "abracadab";
include/diff_tables.inc [test.foo, test.bar]
drop table foo;
drop table bar;
create table foo (aa blob, bb longblob, cc tinyblob, dd mediumblob) engine=TokuDB;
create table bar like foo;
alter table bar engine=MyISAM;
insert into foo values (NULL,NULL,NULL,NULL);
insert into foo values ("adsf",NULL,"hjfdshj",NULL);
insert into foo values (NULL,"oifds",NULL,"fdsjfds");
insert into foo values ("rewoiu","fds","fr","oiufdsrew");
insert into bar select * from foo;
include/diff_tables.inc [test.foo, test.bar]
alter table foo add column added_6 varchar(10) NOT NULL default "ruyrtt" first, add column added_71 text default NULL;
alter table bar add column added_6 varchar(10) NOT NULL default "ruyrtt" first, add column added_71 text default NULL;
include/diff_tables.inc [test.foo, test.bar]
drop table foo;
drop table bar;
create table foo (aa blob, bb longblob, cc tinyblob, dd mediumblob) engine=TokuDB;
create table bar like foo;
alter table bar engine=MyISAM;
insert into foo values (NULL,NULL,NULL,NULL);
insert into foo values ("adsf",NULL,"hjfdshj",NULL);
insert into foo values (NULL,"oifds",NULL,"fdsjfds");
insert into foo values ("rewoiu","fds","fr","oiufdsrew");
insert into bar select * from foo;
include/diff_tables.inc [test.foo, test.bar]
alter table foo add column added_6 varchar(10) NOT NULL default "ruyrtt" first, add column added_81 mediumtext default NULL;
alter table bar add column added_6 varchar(10) NOT NULL default "ruyrtt" first, add column added_81 mediumtext default NULL;
include/diff_tables.inc [test.foo, test.bar]
drop table foo;
drop table bar;
create table foo (aa blob, bb longblob, cc tinyblob, dd mediumblob) engine=TokuDB;
create table bar like foo;
alter table bar engine=MyISAM;
insert into foo values (NULL,NULL,NULL,NULL);
insert into foo values ("adsf",NULL,"hjfdshj",NULL);
insert into foo values (NULL,"oifds",NULL,"fdsjfds");
insert into foo values ("rewoiu","fds","fr","oiufdsrew");
insert into bar select * from foo;
include/diff_tables.inc [test.foo, test.bar]
alter table foo add column added_7 text default NULL first, add column added_11 bigint default NULL;
alter table bar add column added_7 text default NULL first, add column added_11 bigint default NULL;
include/diff_tables.inc [test.foo, test.bar]
drop table foo;
drop table bar;
create table foo (aa blob, bb longblob, cc tinyblob, dd mediumblob) engine=TokuDB;
create table bar like foo;
alter table bar engine=MyISAM;
insert into foo values (NULL,NULL,NULL,NULL);
insert into foo values ("adsf",NULL,"hjfdshj",NULL);
insert into foo values (NULL,"oifds",NULL,"fdsjfds");
insert into foo values ("rewoiu","fds","fr","oiufdsrew");
insert into bar select * from foo;
include/diff_tables.inc [test.foo, test.bar]
alter table foo add column added_7 text default NULL first, add column added_21 bigint default 1234;
alter table bar add column added_7 text default NULL first, add column added_21 bigint default 1234;
include/diff_tables.inc [test.foo, test.bar]
drop table foo;
drop table bar;
create table foo (aa blob, bb longblob, cc tinyblob, dd mediumblob) engine=TokuDB;
create table bar like foo;
alter table bar engine=MyISAM;
insert into foo values (NULL,NULL,NULL,NULL);
insert into foo values ("adsf",NULL,"hjfdshj",NULL);
insert into foo values (NULL,"oifds",NULL,"fdsjfds");
insert into foo values ("rewoiu","fds","fr","oiufdsrew");
insert into bar select * from foo;
include/diff_tables.inc [test.foo, test.bar]
alter table foo add column added_7 text default NULL first, add column added_31 bigint NOT NULL default 54;
alter table bar add column added_7 text default NULL first, add column added_31 bigint NOT NULL default 54;
include/diff_tables.inc [test.foo, test.bar]
drop table foo;
drop table bar;
create table foo (aa blob, bb longblob, cc tinyblob, dd mediumblob) engine=TokuDB;
create table bar like foo;
alter table bar engine=MyISAM;
insert into foo values (NULL,NULL,NULL,NULL);
insert into foo values ("adsf",NULL,"hjfdshj",NULL);
insert into foo values (NULL,"oifds",NULL,"fdsjfds");
insert into foo values ("rewoiu","fds","fr","oiufdsrew");
insert into bar select * from foo;
include/diff_tables.inc [test.foo, test.bar]
alter table foo add column added_7 text default NULL first, add column added_41 varchar(10) default NULL;
alter table bar add column added_7 text default NULL first, add column added_41 varchar(10) default NULL;
include/diff_tables.inc [test.foo, test.bar]
drop table foo;
drop table bar;
create table foo (aa blob, bb longblob, cc tinyblob, dd mediumblob) engine=TokuDB;
create table bar like foo;
alter table bar engine=MyISAM;
insert into foo values (NULL,NULL,NULL,NULL);
insert into foo values ("adsf",NULL,"hjfdshj",NULL);
insert into foo values (NULL,"oifds",NULL,"fdsjfds");
insert into foo values ("rewoiu","fds","fr","oiufdsrew");
insert into bar select * from foo;
include/diff_tables.inc [test.foo, test.bar]
alter table foo add column added_7 text default NULL first, add column added_51 varchar(10) default "abracadab";
alter table bar add column added_7 text default NULL first, add column added_51 varchar(10) default "abracadab";
include/diff_tables.inc [test.foo, test.bar]
drop table foo;
drop table bar;
create table foo (aa blob, bb longblob, cc tinyblob, dd mediumblob) engine=TokuDB;
create table bar like foo;
alter table bar engine=MyISAM;
insert into foo values (NULL,NULL,NULL,NULL);
insert into foo values ("adsf",NULL,"hjfdshj",NULL);
insert into foo values (NULL,"oifds",NULL,"fdsjfds");
insert into foo values ("rewoiu","fds","fr","oiufdsrew");
insert into bar select * from foo;
include/diff_tables.inc [test.foo, test.bar]
alter table foo add column added_7 text default NULL first, add column added_61 varchar(10) NOT NULL default "abracadab";
alter table bar add column added_7 text default NULL first, add column added_61 varchar(10) NOT NULL default "abracadab";
include/diff_tables.inc [test.foo, test.bar]
drop table foo;
drop table bar;
create table foo (aa blob, bb longblob, cc tinyblob, dd mediumblob) engine=TokuDB;
create table bar like foo;
alter table bar engine=MyISAM;
insert into foo values (NULL,NULL,NULL,NULL);
insert into foo values ("adsf",NULL,"hjfdshj",NULL);
insert into foo values (NULL,"oifds",NULL,"fdsjfds");
insert into foo values ("rewoiu","fds","fr","oiufdsrew");
insert into bar select * from foo;
include/diff_tables.inc [test.foo, test.bar]
alter table foo add column added_7 text default NULL first, add column added_71 text default NULL;
alter table bar add column added_7 text default NULL first, add column added_71 text default NULL;
include/diff_tables.inc [test.foo, test.bar]
drop table foo;
drop table bar;
create table foo (aa blob, bb longblob, cc tinyblob, dd mediumblob) engine=TokuDB;
create table bar like foo;
alter table bar engine=MyISAM;
insert into foo values (NULL,NULL,NULL,NULL);
insert into foo values ("adsf",NULL,"hjfdshj",NULL);
insert into foo values (NULL,"oifds",NULL,"fdsjfds");
insert into foo values ("rewoiu","fds","fr","oiufdsrew");
insert into bar select * from foo;
include/diff_tables.inc [test.foo, test.bar]
alter table foo add column added_7 text default NULL first, add column added_81 mediumtext default NULL;
alter table bar add column added_7 text default NULL first, add column added_81 mediumtext default NULL;
include/diff_tables.inc [test.foo, test.bar]
drop table foo;
drop table bar;
create table foo (aa blob, bb longblob, cc tinyblob, dd mediumblob) engine=TokuDB;
create table bar like foo;
alter table bar engine=MyISAM;
insert into foo values (NULL,NULL,NULL,NULL);
insert into foo values ("adsf",NULL,"hjfdshj",NULL);
insert into foo values (NULL,"oifds",NULL,"fdsjfds");
insert into foo values ("rewoiu","fds","fr","oiufdsrew");
insert into bar select * from foo;
include/diff_tables.inc [test.foo, test.bar]
alter table foo add column added_8 mediumtext default NULL first, add column added_11 bigint default NULL;
alter table bar add column added_8 mediumtext default NULL first, add column added_11 bigint default NULL;
include/diff_tables.inc [test.foo, test.bar]
drop table foo;
drop table bar;
create table foo (aa blob, bb longblob, cc tinyblob, dd mediumblob) engine=TokuDB;
create table bar like foo;
alter table bar engine=MyISAM;
insert into foo values (NULL,NULL,NULL,NULL);
insert into foo values ("adsf",NULL,"hjfdshj",NULL);
insert into foo values (NULL,"oifds",NULL,"fdsjfds");
insert into foo values ("rewoiu","fds","fr","oiufdsrew");
insert into bar select * from foo;
include/diff_tables.inc [test.foo, test.bar]
alter table foo add column added_8 mediumtext default NULL first, add column added_21 bigint default 1234;
alter table bar add column added_8 mediumtext default NULL first, add column added_21 bigint default 1234;
include/diff_tables.inc [test.foo, test.bar]
drop table foo;
drop table bar;
create table foo (aa blob, bb longblob, cc tinyblob, dd mediumblob) engine=TokuDB;
create table bar like foo;
alter table bar engine=MyISAM;
insert into foo values (NULL,NULL,NULL,NULL);
insert into foo values ("adsf",NULL,"hjfdshj",NULL);
insert into foo values (NULL,"oifds",NULL,"fdsjfds");
insert into foo values ("rewoiu","fds","fr","oiufdsrew");
insert into bar select * from foo;
include/diff_tables.inc [test.foo, test.bar]
alter table foo add column added_8 mediumtext default NULL first, add column added_31 bigint NOT NULL default 54;
alter table bar add column added_8 mediumtext default NULL first, add column added_31 bigint NOT NULL default 54;
include/diff_tables.inc [test.foo, test.bar]
drop table foo;
drop table bar;
create table foo (aa blob, bb longblob, cc tinyblob, dd mediumblob) engine=TokuDB;
create table bar like foo;
alter table bar engine=MyISAM;
insert into foo values (NULL,NULL,NULL,NULL);
insert into foo values ("adsf",NULL,"hjfdshj",NULL);
insert into foo values (NULL,"oifds",NULL,"fdsjfds");
insert into foo values ("rewoiu","fds","fr","oiufdsrew");
insert into bar select * from foo;
include/diff_tables.inc [test.foo, test.bar]
alter table foo add column added_8 mediumtext default NULL first, add column added_41 varchar(10) default NULL;
alter table bar add column added_8 mediumtext default NULL first, add column added_41 varchar(10) default NULL;
include/diff_tables.inc [test.foo, test.bar]
drop table foo;
drop table bar;
create table foo (aa blob, bb longblob, cc tinyblob, dd mediumblob) engine=TokuDB;
create table bar like foo;
alter table bar engine=MyISAM;
insert into foo values (NULL,NULL,NULL,NULL);
insert into foo values ("adsf",NULL,"hjfdshj",NULL);
insert into foo values (NULL,"oifds",NULL,"fdsjfds");
insert into foo values ("rewoiu","fds","fr","oiufdsrew");
insert into bar select * from foo;
include/diff_tables.inc [test.foo, test.bar]
alter table foo add column added_8 mediumtext default NULL first, add column added_51 varchar(10) default "abracadab";
alter table bar add column added_8 mediumtext default NULL first, add column added_51 varchar(10) default "abracadab";
include/diff_tables.inc [test.foo, test.bar]
drop table foo;
drop table bar;
create table foo (aa blob, bb longblob, cc tinyblob, dd mediumblob) engine=TokuDB;
create table bar like foo;
alter table bar engine=MyISAM;
insert into foo values (NULL,NULL,NULL,NULL);
insert into foo values ("adsf",NULL,"hjfdshj",NULL);
insert into foo values (NULL,"oifds",NULL,"fdsjfds");
insert into foo values ("rewoiu","fds","fr","oiufdsrew");
insert into bar select * from foo;
include/diff_tables.inc [test.foo, test.bar]
alter table foo add column added_8 mediumtext default NULL first, add column added_61 varchar(10) NOT NULL default "abracadab";
alter table bar add column added_8 mediumtext default NULL first, add column added_61 varchar(10) NOT NULL default "abracadab";
include/diff_tables.inc [test.foo, test.bar]
drop table foo;
drop table bar;
create table foo (aa blob, bb longblob, cc tinyblob, dd mediumblob) engine=TokuDB;
create table bar like foo;
alter table bar engine=MyISAM;
insert into foo values (NULL,NULL,NULL,NULL);
insert into foo values ("adsf",NULL,"hjfdshj",NULL);
insert into foo values (NULL,"oifds",NULL,"fdsjfds");
insert into foo values ("rewoiu","fds","fr","oiufdsrew");
insert into bar select * from foo;
include/diff_tables.inc [test.foo, test.bar]
alter table foo add column added_8 mediumtext default NULL first, add column added_71 text default NULL;
alter table bar add column added_8 mediumtext default NULL first, add column added_71 text default NULL;
include/diff_tables.inc [test.foo, test.bar]
drop table foo;
drop table bar;
create table foo (aa blob, bb longblob, cc tinyblob, dd mediumblob) engine=TokuDB;
create table bar like foo;
alter table bar engine=MyISAM;
insert into foo values (NULL,NULL,NULL,NULL);
insert into foo values ("adsf",NULL,"hjfdshj",NULL);
insert into foo values (NULL,"oifds",NULL,"fdsjfds");
insert into foo values ("rewoiu","fds","fr","oiufdsrew");
insert into bar select * from foo;
include/diff_tables.inc [test.foo, test.bar]
alter table foo add column added_8 mediumtext default NULL first, add column added_81 mediumtext default NULL;
alter table bar add column added_8 mediumtext default NULL first, add column added_81 mediumtext default NULL;
include/diff_tables.inc [test.foo, test.bar]
drop table foo;
drop table bar;
create table foo (aa blob, bb longblob, cc tinyblob, dd mediumblob) engine=TokuDB;
create table bar like foo;
alter table bar engine=MyISAM;
insert into foo values (NULL,NULL,NULL,NULL);
insert into foo values ("adsf",NULL,"hjfdshj",NULL);
insert into foo values (NULL,"oifds",NULL,"fdsjfds");
insert into foo values ("rewoiu","fds","fr","oiufdsrew");
insert into bar select * from foo;
include/diff_tables.inc [test.foo, test.bar]
alter table foo add column added_1 bigint default NULL after bb, add column added_11 bigint default NULL after bb;
alter table bar add column added_1 bigint default NULL after bb, add column added_11 bigint default NULL after bb;
include/diff_tables.inc [test.foo, test.bar]
drop table foo;
drop table bar;
create table foo (aa blob, bb longblob, cc tinyblob, dd mediumblob) engine=TokuDB;
create table bar like foo;
alter table bar engine=MyISAM;
insert into foo values (NULL,NULL,NULL,NULL);
insert into foo values ("adsf",NULL,"hjfdshj",NULL);
insert into foo values (NULL,"oifds",NULL,"fdsjfds");
insert into foo values ("rewoiu","fds","fr","oiufdsrew");
insert into bar select * from foo;
include/diff_tables.inc [test.foo, test.bar]
alter table foo add column added_1 bigint default NULL after bb, add column added_21 bigint default 1234 after bb;
alter table bar add column added_1 bigint default NULL after bb, add column added_21 bigint default 1234 after bb;
include/diff_tables.inc [test.foo, test.bar]
drop table foo;
drop table bar;
create table foo (aa blob, bb longblob, cc tinyblob, dd mediumblob) engine=TokuDB;
create table bar like foo;
alter table bar engine=MyISAM;
insert into foo values (NULL,NULL,NULL,NULL);
insert into foo values ("adsf",NULL,"hjfdshj",NULL);
insert into foo values (NULL,"oifds",NULL,"fdsjfds");
insert into foo values ("rewoiu","fds","fr","oiufdsrew");
insert into bar select * from foo;
include/diff_tables.inc [test.foo, test.bar]
alter table foo add column added_1 bigint default NULL after bb, add column added_31 bigint NOT NULL default 54 after bb;
alter table bar add column added_1 bigint default NULL after bb, add column added_31 bigint NOT NULL default 54 after bb;
include/diff_tables.inc [test.foo, test.bar]
drop table foo;
drop table bar;
create table foo (aa blob, bb longblob, cc tinyblob, dd mediumblob) engine=TokuDB;
create table bar like foo;
alter table bar engine=MyISAM;
insert into foo values (NULL,NULL,NULL,NULL);
insert into foo values ("adsf",NULL,"hjfdshj",NULL);
insert into foo values (NULL,"oifds",NULL,"fdsjfds");
insert into foo values ("rewoiu","fds","fr","oiufdsrew");
insert into bar select * from foo;
include/diff_tables.inc [test.foo, test.bar]
alter table foo add column added_1 bigint default NULL after bb, add column added_41 varchar(10) default NULL after bb;
alter table bar add column added_1 bigint default NULL after bb, add column added_41 varchar(10) default NULL after bb;
include/diff_tables.inc [test.foo, test.bar]
drop table foo;
drop table bar;
create table foo (aa blob, bb longblob, cc tinyblob, dd mediumblob) engine=TokuDB;
create table bar like foo;
alter table bar engine=MyISAM;
insert into foo values (NULL,NULL,NULL,NULL);
insert into foo values ("adsf",NULL,"hjfdshj",NULL);
insert into foo values (NULL,"oifds",NULL,"fdsjfds");
insert into foo values ("rewoiu","fds","fr","oiufdsrew");
insert into bar select * from foo;
include/diff_tables.inc [test.foo, test.bar]
alter table foo add column added_1 bigint default NULL after bb, add column added_51 varchar(10) default "abracadab" after bb;
alter table bar add column added_1 bigint default NULL after bb, add column added_51 varchar(10) default "abracadab" after bb;
include/diff_tables.inc [test.foo, test.bar]
drop table foo;
drop table bar;
create table foo (aa blob, bb longblob, cc tinyblob, dd mediumblob) engine=TokuDB;
create table bar like foo;
alter table bar engine=MyISAM;
insert into foo values (NULL,NULL,NULL,NULL);
insert into foo values ("adsf",NULL,"hjfdshj",NULL);
insert into foo values (NULL,"oifds",NULL,"fdsjfds");
insert into foo values ("rewoiu","fds","fr","oiufdsrew");
insert into bar select * from foo;
include/diff_tables.inc [test.foo, test.bar]
alter table foo add column added_1 bigint default NULL after bb, add column added_61 varchar(10) NOT NULL default "abracadab" after bb;
alter table bar add column added_1 bigint default NULL after bb, add column added_61 varchar(10) NOT NULL default "abracadab" after bb;
include/diff_tables.inc [test.foo, test.bar]
drop table foo;
drop table bar;
create table foo (aa blob, bb longblob, cc tinyblob, dd mediumblob) engine=TokuDB;
create table bar like foo;
alter table bar engine=MyISAM;
insert into foo values (NULL,NULL,NULL,NULL);
insert into foo values ("adsf",NULL,"hjfdshj",NULL);
insert into foo values (NULL,"oifds",NULL,"fdsjfds");
insert into foo values ("rewoiu","fds","fr","oiufdsrew");
insert into bar select * from foo;
include/diff_tables.inc [test.foo, test.bar]
alter table foo add column added_1 bigint default NULL after bb, add column added_71 text default NULL after bb;
alter table bar add column added_1 bigint default NULL after bb, add column added_71 text default NULL after bb;
include/diff_tables.inc [test.foo, test.bar]
drop table foo;
drop table bar;
create table foo (aa blob, bb longblob, cc tinyblob, dd mediumblob) engine=TokuDB;
create table bar like foo;
alter table bar engine=MyISAM;
insert into foo values (NULL,NULL,NULL,NULL);
insert into foo values ("adsf",NULL,"hjfdshj",NULL);
insert into foo values (NULL,"oifds",NULL,"fdsjfds");
insert into foo values ("rewoiu","fds","fr","oiufdsrew");
insert into bar select * from foo;
include/diff_tables.inc [test.foo, test.bar]
alter table foo add column added_1 bigint default NULL after bb, add column added_81 mediumtext default NULL after bb;
alter table bar add column added_1 bigint default NULL after bb, add column added_81 mediumtext default NULL after bb;
include/diff_tables.inc [test.foo, test.bar]
drop table foo;
drop table bar;
create table foo (aa blob, bb longblob, cc tinyblob, dd mediumblob) engine=TokuDB;
create table bar like foo;
alter table bar engine=MyISAM;
insert into foo values (NULL,NULL,NULL,NULL);
insert into foo values ("adsf",NULL,"hjfdshj",NULL);
insert into foo values (NULL,"oifds",NULL,"fdsjfds");
insert into foo values ("rewoiu","fds","fr","oiufdsrew");
insert into bar select * from foo;
include/diff_tables.inc [test.foo, test.bar]
alter table foo add column added_2 bigint default -1 after bb, add column added_11 bigint default NULL after bb;
alter table bar add column added_2 bigint default -1 after bb, add column added_11 bigint default NULL after bb;
include/diff_tables.inc [test.foo, test.bar]
drop table foo;
drop table bar;
create table foo (aa blob, bb longblob, cc tinyblob, dd mediumblob) engine=TokuDB;
create table bar like foo;
alter table bar engine=MyISAM;
insert into foo values (NULL,NULL,NULL,NULL);
insert into foo values ("adsf",NULL,"hjfdshj",NULL);
insert into foo values (NULL,"oifds",NULL,"fdsjfds");
insert into foo values ("rewoiu","fds","fr","oiufdsrew");
insert into bar select * from foo;
include/diff_tables.inc [test.foo, test.bar]
alter table foo add column added_2 bigint default -1 after bb, add column added_21 bigint default 1234 after bb;
alter table bar add column added_2 bigint default -1 after bb, add column added_21 bigint default 1234 after bb;
include/diff_tables.inc [test.foo, test.bar]
drop table foo;
drop table bar;
create table foo (aa blob, bb longblob, cc tinyblob, dd mediumblob) engine=TokuDB;
create table bar like foo;
alter table bar engine=MyISAM;
insert into foo values (NULL,NULL,NULL,NULL);
insert into foo values ("adsf",NULL,"hjfdshj",NULL);
insert into foo values (NULL,"oifds",NULL,"fdsjfds");
insert into foo values ("rewoiu","fds","fr","oiufdsrew");
insert into bar select * from foo;
include/diff_tables.inc [test.foo, test.bar]
alter table foo add column added_2 bigint default -1 after bb, add column added_31 bigint NOT NULL default 54 after bb;
alter table bar add column added_2 bigint default -1 after bb, add column added_31 bigint NOT NULL default 54 after bb;
include/diff_tables.inc [test.foo, test.bar]
drop table foo;
drop table bar;
create table foo (aa blob, bb longblob, cc tinyblob, dd mediumblob) engine=TokuDB;
create table bar like foo;
alter table bar engine=MyISAM;
insert into foo values (NULL,NULL,NULL,NULL);
insert into foo values ("adsf",NULL,"hjfdshj",NULL);
insert into foo values (NULL,"oifds",NULL,"fdsjfds");
insert into foo values ("rewoiu","fds","fr","oiufdsrew");
insert into bar select * from foo;
include/diff_tables.inc [test.foo, test.bar]
alter table foo add column added_2 bigint default -1 after bb, add column added_41 varchar(10) default NULL after bb;
alter table bar add column added_2 bigint default -1 after bb, add column added_41 varchar(10) default NULL after bb;
include/diff_tables.inc [test.foo, test.bar]
drop table foo;
drop table bar;
create table foo (aa blob, bb longblob, cc tinyblob, dd mediumblob) engine=TokuDB;
create table bar like foo;
alter table bar engine=MyISAM;
insert into foo values (NULL,NULL,NULL,NULL);
insert into foo values ("adsf",NULL,"hjfdshj",NULL);
insert into foo values (NULL,"oifds",NULL,"fdsjfds");
insert into foo values ("rewoiu","fds","fr","oiufdsrew");
insert into bar select * from foo;
include/diff_tables.inc [test.foo, test.bar]
alter table foo add column added_2 bigint default -1 after bb, add column added_51 varchar(10) default "abracadab" after bb;
alter table bar add column added_2 bigint default -1 after bb, add column added_51 varchar(10) default "abracadab" after bb;
include/diff_tables.inc [test.foo, test.bar]
drop table foo;
drop table bar;
create table foo (aa blob, bb longblob, cc tinyblob, dd mediumblob) engine=TokuDB;
create table bar like foo;
alter table bar engine=MyISAM;
insert into foo values (NULL,NULL,NULL,NULL);
insert into foo values ("adsf",NULL,"hjfdshj",NULL);
insert into foo values (NULL,"oifds",NULL,"fdsjfds");
insert into foo values ("rewoiu","fds","fr","oiufdsrew");
insert into bar select * from foo;
include/diff_tables.inc [test.foo, test.bar]
alter table foo add column added_2 bigint default -1 after bb, add column added_61 varchar(10) NOT NULL default "abracadab" after bb;
alter table bar add column added_2 bigint default -1 after bb, add column added_61 varchar(10) NOT NULL default "abracadab" after bb;
include/diff_tables.inc [test.foo, test.bar]
drop table foo;
drop table bar;
create table foo (aa blob, bb longblob, cc tinyblob, dd mediumblob) engine=TokuDB;
create table bar like foo;
alter table bar engine=MyISAM;
insert into foo values (NULL,NULL,NULL,NULL);
insert into foo values ("adsf",NULL,"hjfdshj",NULL);
insert into foo values (NULL,"oifds",NULL,"fdsjfds");
insert into foo values ("rewoiu","fds","fr","oiufdsrew");
insert into bar select * from foo;
include/diff_tables.inc [test.foo, test.bar]
alter table foo add column added_2 bigint default -1 after bb, add column added_71 text default NULL after bb;
alter table bar add column added_2 bigint default -1 after bb, add column added_71 text default NULL after bb;
include/diff_tables.inc [test.foo, test.bar]
drop table foo;
drop table bar;
create table foo (aa blob, bb longblob, cc tinyblob, dd mediumblob) engine=TokuDB;
create table bar like foo;
alter table bar engine=MyISAM;
insert into foo values (NULL,NULL,NULL,NULL);
insert into foo values ("adsf",NULL,"hjfdshj",NULL);
insert into foo values (NULL,"oifds",NULL,"fdsjfds");
insert into foo values ("rewoiu","fds","fr","oiufdsrew");
insert into bar select * from foo;
include/diff_tables.inc [test.foo, test.bar]
alter table foo add column added_2 bigint default -1 after bb, add column added_81 mediumtext default NULL after bb;
alter table bar add column added_2 bigint default -1 after bb, add column added_81 mediumtext default NULL after bb;
include/diff_tables.inc [test.foo, test.bar]
drop table foo;
drop table bar;
create table foo (aa blob, bb longblob, cc tinyblob, dd mediumblob) engine=TokuDB;
create table bar like foo;
alter table bar engine=MyISAM;
insert into foo values (NULL,NULL,NULL,NULL);
insert into foo values ("adsf",NULL,"hjfdshj",NULL);
insert into foo values (NULL,"oifds",NULL,"fdsjfds");
insert into foo values ("rewoiu","fds","fr","oiufdsrew");
insert into bar select * from foo;
include/diff_tables.inc [test.foo, test.bar]
alter table foo add column added_3 bigint NOT NULL default -1 after bb, add column added_11 bigint default NULL after bb;
alter table bar add column added_3 bigint NOT NULL default -1 after bb, add column added_11 bigint default NULL after bb;
include/diff_tables.inc [test.foo, test.bar]
drop table foo;
drop table bar;
create table foo (aa blob, bb longblob, cc tinyblob, dd mediumblob) engine=TokuDB;
create table bar like foo;
alter table bar engine=MyISAM;
insert into foo values (NULL,NULL,NULL,NULL);
insert into foo values ("adsf",NULL,"hjfdshj",NULL);
insert into foo values (NULL,"oifds",NULL,"fdsjfds");
insert into foo values ("rewoiu","fds","fr","oiufdsrew");
insert into bar select * from foo;
include/diff_tables.inc [test.foo, test.bar]
alter table foo add column added_3 bigint NOT NULL default -1 after bb, add column added_21 bigint default 1234 after bb;
alter table bar add column added_3 bigint NOT NULL default -1 after bb, add column added_21 bigint default 1234 after bb;
include/diff_tables.inc [test.foo, test.bar]
drop table foo;
drop table bar;
create table foo (aa blob, bb longblob, cc tinyblob, dd mediumblob) engine=TokuDB;
create table bar like foo;
alter table bar engine=MyISAM;
insert into foo values (NULL,NULL,NULL,NULL);
insert into foo values ("adsf",NULL,"hjfdshj",NULL);
insert into foo values (NULL,"oifds",NULL,"fdsjfds");
insert into foo values ("rewoiu","fds","fr","oiufdsrew");
insert into bar select * from foo;
include/diff_tables.inc [test.foo, test.bar]
alter table foo add column added_3 bigint NOT NULL default -1 after bb, add column added_31 bigint NOT NULL default 54 after bb;
alter table bar add column added_3 bigint NOT NULL default -1 after bb, add column added_31 bigint NOT NULL default 54 after bb;
include/diff_tables.inc [test.foo, test.bar]
drop table foo;
drop table bar;
create table foo (aa blob, bb longblob, cc tinyblob, dd mediumblob) engine=TokuDB;
create table bar like foo;
alter table bar engine=MyISAM;
insert into foo values (NULL,NULL,NULL,NULL);
insert into foo values ("adsf",NULL,"hjfdshj",NULL);
insert into foo values (NULL,"oifds",NULL,"fdsjfds");
insert into foo values ("rewoiu","fds","fr","oiufdsrew");
insert into bar select * from foo;
include/diff_tables.inc [test.foo, test.bar]
alter table foo add column added_3 bigint NOT NULL default -1 after bb, add column added_41 varchar(10) default NULL after bb;
alter table bar add column added_3 bigint NOT NULL default -1 after bb, add column added_41 varchar(10) default NULL after bb;
include/diff_tables.inc [test.foo, test.bar]
drop table foo;
drop table bar;
create table foo (aa blob, bb longblob, cc tinyblob, dd mediumblob) engine=TokuDB;
create table bar like foo;
alter table bar engine=MyISAM;
insert into foo values (NULL,NULL,NULL,NULL);
insert into foo values ("adsf",NULL,"hjfdshj",NULL);
insert into foo values (NULL,"oifds",NULL,"fdsjfds");
insert into foo values ("rewoiu","fds","fr","oiufdsrew");
insert into bar select * from foo;
include/diff_tables.inc [test.foo, test.bar]
alter table foo add column added_3 bigint NOT NULL default -1 after bb, add column added_51 varchar(10) default "abracadab" after bb;
alter table bar add column added_3 bigint NOT NULL default -1 after bb, add column added_51 varchar(10) default "abracadab" after bb;
include/diff_tables.inc [test.foo, test.bar]
drop table foo;
drop table bar;
create table foo (aa blob, bb longblob, cc tinyblob, dd mediumblob) engine=TokuDB;
create table bar like foo;
alter table bar engine=MyISAM;
insert into foo values (NULL,NULL,NULL,NULL);
insert into foo values ("adsf",NULL,"hjfdshj",NULL);
insert into foo values (NULL,"oifds",NULL,"fdsjfds");
insert into foo values ("rewoiu","fds","fr","oiufdsrew");
insert into bar select * from foo;
include/diff_tables.inc [test.foo, test.bar]
alter table foo add column added_3 bigint NOT NULL default -1 after bb, add column added_61 varchar(10) NOT NULL default "abracadab" after bb;
alter table bar add column added_3 bigint NOT NULL default -1 after bb, add column added_61 varchar(10) NOT NULL default "abracadab" after bb;
include/diff_tables.inc [test.foo, test.bar]
drop table foo;
drop table bar;
create table foo (aa blob, bb longblob, cc tinyblob, dd mediumblob) engine=TokuDB;
create table bar like foo;
alter table bar engine=MyISAM;
insert into foo values (NULL,NULL,NULL,NULL);
insert into foo values ("adsf",NULL,"hjfdshj",NULL);
insert into foo values (NULL,"oifds",NULL,"fdsjfds");
insert into foo values ("rewoiu","fds","fr","oiufdsrew");
insert into bar select * from foo;
include/diff_tables.inc [test.foo, test.bar]
alter table foo add column added_3 bigint NOT NULL default -1 after bb, add column added_71 text default NULL after bb;
alter table bar add column added_3 bigint NOT NULL default -1 after bb, add column added_71 text default NULL after bb;
include/diff_tables.inc [test.foo, test.bar]
drop table foo;
drop table bar;
create table foo (aa blob, bb longblob, cc tinyblob, dd mediumblob) engine=TokuDB;
create table bar like foo;
alter table bar engine=MyISAM;
insert into foo values (NULL,NULL,NULL,NULL);
insert into foo values ("adsf",NULL,"hjfdshj",NULL);
insert into foo values (NULL,"oifds",NULL,"fdsjfds");
insert into foo values ("rewoiu","fds","fr","oiufdsrew");
insert into bar select * from foo;
include/diff_tables.inc [test.foo, test.bar]
alter table foo add column added_3 bigint NOT NULL default -1 after bb, add column added_81 mediumtext default NULL after bb;
alter table bar add column added_3 bigint NOT NULL default -1 after bb, add column added_81 mediumtext default NULL after bb;
include/diff_tables.inc [test.foo, test.bar]
drop table foo;
drop table bar;
create table foo (aa blob, bb longblob, cc tinyblob, dd mediumblob) engine=TokuDB;
create table bar like foo;
alter table bar engine=MyISAM;
insert into foo values (NULL,NULL,NULL,NULL);
insert into foo values ("adsf",NULL,"hjfdshj",NULL);
insert into foo values (NULL,"oifds",NULL,"fdsjfds");
insert into foo values ("rewoiu","fds","fr","oiufdsrew");
insert into bar select * from foo;
include/diff_tables.inc [test.foo, test.bar]
alter table foo add column added_4 varchar(10) default NULL after bb, add column added_11 bigint default NULL after bb;
alter table bar add column added_4 varchar(10) default NULL after bb, add column added_11 bigint default NULL after bb;
include/diff_tables.inc [test.foo, test.bar]
drop table foo;
drop table bar;
create table foo (aa blob, bb longblob, cc tinyblob, dd mediumblob) engine=TokuDB;
create table bar like foo;
alter table bar engine=MyISAM;
insert into foo values (NULL,NULL,NULL,NULL);
insert into foo values ("adsf",NULL,"hjfdshj",NULL);
insert into foo values (NULL,"oifds",NULL,"fdsjfds");
insert into foo values ("rewoiu","fds","fr","oiufdsrew");
insert into bar select * from foo;
include/diff_tables.inc [test.foo, test.bar]
alter table foo add column added_4 varchar(10) default NULL after bb, add column added_21 bigint default 1234 after bb;
alter table bar add column added_4 varchar(10) default NULL after bb, add column added_21 bigint default 1234 after bb;
include/diff_tables.inc [test.foo, test.bar]
drop table foo;
drop table bar;
create table foo (aa blob, bb longblob, cc tinyblob, dd mediumblob) engine=TokuDB;
create table bar like foo;
alter table bar engine=MyISAM;
insert into foo values (NULL,NULL,NULL,NULL);
insert into foo values ("adsf",NULL,"hjfdshj",NULL);
insert into foo values (NULL,"oifds",NULL,"fdsjfds");
insert into foo values ("rewoiu","fds","fr","oiufdsrew");
insert into bar select * from foo;
include/diff_tables.inc [test.foo, test.bar]
alter table foo add column added_4 varchar(10) default NULL after bb, add column added_31 bigint NOT NULL default 54 after bb;
alter table bar add column added_4 varchar(10) default NULL after bb, add column added_31 bigint NOT NULL default 54 after bb;
include/diff_tables.inc [test.foo, test.bar]
drop table foo;
drop table bar;
create table foo (aa blob, bb longblob, cc tinyblob, dd mediumblob) engine=TokuDB;
create table bar like foo;
alter table bar engine=MyISAM;
insert into foo values (NULL,NULL,NULL,NULL);
insert into foo values ("adsf",NULL,"hjfdshj",NULL);
insert into foo values (NULL,"oifds",NULL,"fdsjfds");
insert into foo values ("rewoiu","fds","fr","oiufdsrew");
insert into bar select * from foo;
include/diff_tables.inc [test.foo, test.bar]
alter table foo add column added_4 varchar(10) default NULL after bb, add column added_41 varchar(10) default NULL after bb;
alter table bar add column added_4 varchar(10) default NULL after bb, add column added_41 varchar(10) default NULL after bb;
include/diff_tables.inc [test.foo, test.bar]
drop table foo;
drop table bar;
create table foo (aa blob, bb longblob, cc tinyblob, dd mediumblob) engine=TokuDB;
create table bar like foo;
alter table bar engine=MyISAM;
insert into foo values (NULL,NULL,NULL,NULL);
insert into foo values ("adsf",NULL,"hjfdshj",NULL);
insert into foo values (NULL,"oifds",NULL,"fdsjfds");
insert into foo values ("rewoiu","fds","fr","oiufdsrew");
insert into bar select * from foo;
include/diff_tables.inc [test.foo, test.bar]
alter table foo add column added_4 varchar(10) default NULL after bb, add column added_51 varchar(10) default "abracadab" after bb;
alter table bar add column added_4 varchar(10) default NULL after bb, add column added_51 varchar(10) default "abracadab" after bb;
include/diff_tables.inc [test.foo, test.bar]
drop table foo;
drop table bar;
create table foo (aa blob, bb longblob, cc tinyblob, dd mediumblob) engine=TokuDB;
create table bar like foo;
alter table bar engine=MyISAM;
insert into foo values (NULL,NULL,NULL,NULL);
insert into foo values ("adsf",NULL,"hjfdshj",NULL);
insert into foo values (NULL,"oifds",NULL,"fdsjfds");
insert into foo values ("rewoiu","fds","fr","oiufdsrew");
insert into bar select * from foo;
include/diff_tables.inc [test.foo, test.bar]
alter table foo add column added_4 varchar(10) default NULL after bb, add column added_61 varchar(10) NOT NULL default "abracadab" after bb;
alter table bar add column added_4 varchar(10) default NULL after bb, add column added_61 varchar(10) NOT NULL default "abracadab" after bb;
include/diff_tables.inc [test.foo, test.bar]
drop table foo;
drop table bar;
create table foo (aa blob, bb longblob, cc tinyblob, dd mediumblob) engine=TokuDB;
create table bar like foo;
alter table bar engine=MyISAM;
insert into foo values (NULL,NULL,NULL,NULL);
insert into foo values ("adsf",NULL,"hjfdshj",NULL);
insert into foo values (NULL,"oifds",NULL,"fdsjfds");
insert into foo values ("rewoiu","fds","fr","oiufdsrew");
insert into bar select * from foo;
include/diff_tables.inc [test.foo, test.bar]
alter table foo add column added_4 varchar(10) default NULL after bb, add column added_71 text default NULL after bb;
alter table bar add column added_4 varchar(10) default NULL after bb, add column added_71 text default NULL after bb;
include/diff_tables.inc [test.foo, test.bar]
drop table foo;
drop table bar;
create table foo (aa blob, bb longblob, cc tinyblob, dd mediumblob) engine=TokuDB;
create table bar like foo;
alter table bar engine=MyISAM;
insert into foo values (NULL,NULL,NULL,NULL);
insert into foo values ("adsf",NULL,"hjfdshj",NULL);
insert into foo values (NULL,"oifds",NULL,"fdsjfds");
insert into foo values ("rewoiu","fds","fr","oiufdsrew");
insert into bar select * from foo;
include/diff_tables.inc [test.foo, test.bar]
alter table foo add column added_4 varchar(10) default NULL after bb, add column added_81 mediumtext default NULL after bb;
alter table bar add column added_4 varchar(10) default NULL after bb, add column added_81 mediumtext default NULL after bb;
include/diff_tables.inc [test.foo, test.bar]
drop table foo;
drop table bar;
create table foo (aa blob, bb longblob, cc tinyblob, dd mediumblob) engine=TokuDB;
create table bar like foo;
alter table bar engine=MyISAM;
insert into foo values (NULL,NULL,NULL,NULL);
insert into foo values ("adsf",NULL,"hjfdshj",NULL);
insert into foo values (NULL,"oifds",NULL,"fdsjfds");
insert into foo values ("rewoiu","fds","fr","oiufdsrew");
insert into bar select * from foo;
include/diff_tables.inc [test.foo, test.bar]
alter table foo add column added_5 varchar(10) default "qwerty" after bb, add column added_11 bigint default NULL after bb;
alter table bar add column added_5 varchar(10) default "qwerty" after bb, add column added_11 bigint default NULL after bb;
include/diff_tables.inc [test.foo, test.bar]
drop table foo;
drop table bar;
create table foo (aa blob, bb longblob, cc tinyblob, dd mediumblob) engine=TokuDB;
create table bar like foo;
alter table bar engine=MyISAM;
insert into foo values (NULL,NULL,NULL,NULL);
insert into foo values ("adsf",NULL,"hjfdshj",NULL);
insert into foo values (NULL,"oifds",NULL,"fdsjfds");
insert into foo values ("rewoiu","fds","fr","oiufdsrew");
insert into bar select * from foo;
include/diff_tables.inc [test.foo, test.bar]
alter table foo add column added_5 varchar(10) default "qwerty" after bb, add column added_21 bigint default 1234 after bb;
alter table bar add column added_5 varchar(10) default "qwerty" after bb, add column added_21 bigint default 1234 after bb;
include/diff_tables.inc [test.foo, test.bar]
drop table foo;
drop table bar;
create table foo (aa blob, bb longblob, cc tinyblob, dd mediumblob) engine=TokuDB;
create table bar like foo;
alter table bar engine=MyISAM;
insert into foo values (NULL,NULL,NULL,NULL);
insert into foo values ("adsf",NULL,"hjfdshj",NULL);
insert into foo values (NULL,"oifds",NULL,"fdsjfds");
insert into foo values ("rewoiu","fds","fr","oiufdsrew");
insert into bar select * from foo;
include/diff_tables.inc [test.foo, test.bar]
alter table foo add column added_5 varchar(10) default "qwerty" after bb, add column added_31 bigint NOT NULL default 54 after bb;
alter table bar add column added_5 varchar(10) default "qwerty" after bb, add column added_31 bigint NOT NULL default 54 after bb;
include/diff_tables.inc [test.foo, test.bar]
drop table foo;
drop table bar;
create table foo (aa blob, bb longblob, cc tinyblob, dd mediumblob) engine=TokuDB;
create table bar like foo;
alter table bar engine=MyISAM;
insert into foo values (NULL,NULL,NULL,NULL);
insert into foo values ("adsf",NULL,"hjfdshj",NULL);
insert into foo values (NULL,"oifds",NULL,"fdsjfds");
insert into foo values ("rewoiu","fds","fr","oiufdsrew");
insert into bar select * from foo;
include/diff_tables.inc [test.foo, test.bar]
alter table foo add column added_5 varchar(10) default "qwerty" after bb, add column added_41 varchar(10) default NULL after bb;
alter table bar add column added_5 varchar(10) default "qwerty" after bb, add column added_41 varchar(10) default NULL after bb;
include/diff_tables.inc [test.foo, test.bar]
drop table foo;
drop table bar;
create table foo (aa blob, bb longblob, cc tinyblob, dd mediumblob) engine=TokuDB;
create table bar like foo;
alter table bar engine=MyISAM;
insert into foo values (NULL,NULL,NULL,NULL);
insert into foo values ("adsf",NULL,"hjfdshj",NULL);
insert into foo values (NULL,"oifds",NULL,"fdsjfds");
insert into foo values ("rewoiu","fds","fr","oiufdsrew");
insert into bar select * from foo;
include/diff_tables.inc [test.foo, test.bar]
alter table foo add column added_5 varchar(10) default "qwerty" after bb, add column added_51 varchar(10) default "abracadab" after bb;
alter table bar add column added_5 varchar(10) default "qwerty" after bb, add column added_51 varchar(10) default "abracadab" after bb;
include/diff_tables.inc [test.foo, test.bar]
drop table foo;
drop table bar;
create table foo (aa blob, bb longblob, cc tinyblob, dd mediumblob) engine=TokuDB;
create table bar like foo;
alter table bar engine=MyISAM;
insert into foo values (NULL,NULL,NULL,NULL);
insert into foo values ("adsf",NULL,"hjfdshj",NULL);
insert into foo values (NULL,"oifds",NULL,"fdsjfds");
insert into foo values ("rewoiu","fds","fr","oiufdsrew");
insert into bar select * from foo;
include/diff_tables.inc [test.foo, test.bar]
alter table foo add column added_5 varchar(10) default "qwerty" after bb, add column added_61 varchar(10) NOT NULL default "abracadab" after bb;
alter table bar add column added_5 varchar(10) default "qwerty" after bb, add column added_61 varchar(10) NOT NULL default "abracadab" after bb;
include/diff_tables.inc [test.foo, test.bar]
drop table foo;
drop table bar;
create table foo (aa blob, bb longblob, cc tinyblob, dd mediumblob) engine=TokuDB;
create table bar like foo;
alter table bar engine=MyISAM;
insert into foo values (NULL,NULL,NULL,NULL);
insert into foo values ("adsf",NULL,"hjfdshj",NULL);
insert into foo values (NULL,"oifds",NULL,"fdsjfds");
insert into foo values ("rewoiu","fds","fr","oiufdsrew");
insert into bar select * from foo;
include/diff_tables.inc [test.foo, test.bar]
alter table foo add column added_5 varchar(10) default "qwerty" after bb, add column added_71 text default NULL after bb;
alter table bar add column added_5 varchar(10) default "qwerty" after bb, add column added_71 text default NULL after bb;
include/diff_tables.inc [test.foo, test.bar]
drop table foo;
drop table bar;
create table foo (aa blob, bb longblob, cc tinyblob, dd mediumblob) engine=TokuDB;
create table bar like foo;
alter table bar engine=MyISAM;
insert into foo values (NULL,NULL,NULL,NULL);
insert into foo values ("adsf",NULL,"hjfdshj",NULL);
insert into foo values (NULL,"oifds",NULL,"fdsjfds");
insert into foo values ("rewoiu","fds","fr","oiufdsrew");
insert into bar select * from foo;
include/diff_tables.inc [test.foo, test.bar]
alter table foo add column added_5 varchar(10) default "qwerty" after bb, add column added_81 mediumtext default NULL after bb;
alter table bar add column added_5 varchar(10) default "qwerty" after bb, add column added_81 mediumtext default NULL after bb;
include/diff_tables.inc [test.foo, test.bar]
drop table foo;
drop table bar;
create table foo (aa blob, bb longblob, cc tinyblob, dd mediumblob) engine=TokuDB;
create table bar like foo;
alter table bar engine=MyISAM;
insert into foo values (NULL,NULL,NULL,NULL);
insert into foo values ("adsf",NULL,"hjfdshj",NULL);
insert into foo values (NULL,"oifds",NULL,"fdsjfds");
insert into foo values ("rewoiu","fds","fr","oiufdsrew");
insert into bar select * from foo;
include/diff_tables.inc [test.foo, test.bar]
alter table foo add column added_6 varchar(10) NOT NULL default "ruyrtt" after bb, add column added_11 bigint default NULL after bb;
alter table bar add column added_6 varchar(10) NOT NULL default "ruyrtt" after bb, add column added_11 bigint default NULL after bb;
include/diff_tables.inc [test.foo, test.bar]
drop table foo;
drop table bar;
create table foo (aa blob, bb longblob, cc tinyblob, dd mediumblob) engine=TokuDB;
create table bar like foo;
alter table bar engine=MyISAM;
insert into foo values (NULL,NULL,NULL,NULL);
insert into foo values ("adsf",NULL,"hjfdshj",NULL);
insert into foo values (NULL,"oifds",NULL,"fdsjfds");
insert into foo values ("rewoiu","fds","fr","oiufdsrew");
insert into bar select * from foo;
include/diff_tables.inc [test.foo, test.bar]
alter table foo add column added_6 varchar(10) NOT NULL default "ruyrtt" after bb, add column added_21 bigint default 1234 after bb;
alter table bar add column added_6 varchar(10) NOT NULL default "ruyrtt" after bb, add column added_21 bigint default 1234 after bb;
include/diff_tables.inc [test.foo, test.bar]
drop table foo;
drop table bar;
create table foo (aa blob, bb longblob, cc tinyblob, dd mediumblob) engine=TokuDB;
create table bar like foo;
alter table bar engine=MyISAM;
insert into foo values (NULL,NULL,NULL,NULL);
insert into foo values ("adsf",NULL,"hjfdshj",NULL);
insert into foo values (NULL,"oifds",NULL,"fdsjfds");
insert into foo values ("rewoiu","fds","fr","oiufdsrew");
insert into bar select * from foo;
include/diff_tables.inc [test.foo, test.bar]
alter table foo add column added_6 varchar(10) NOT NULL default "ruyrtt" after bb, add column added_31 bigint NOT NULL default 54 after bb;
alter table bar add column added_6 varchar(10) NOT NULL default "ruyrtt" after bb, add column added_31 bigint NOT NULL default 54 after bb;
include/diff_tables.inc [test.foo, test.bar]
drop table foo;
drop table bar;
create table foo (aa blob, bb longblob, cc tinyblob, dd mediumblob) engine=TokuDB;
create table bar like foo;
alter table bar engine=MyISAM;
insert into foo values (NULL,NULL,NULL,NULL);
insert into foo values ("adsf",NULL,"hjfdshj",NULL);
insert into foo values (NULL,"oifds",NULL,"fdsjfds");
insert into foo values ("rewoiu","fds","fr","oiufdsrew");
insert into bar select * from foo;
include/diff_tables.inc [test.foo, test.bar]
alter table foo add column added_6 varchar(10) NOT NULL default "ruyrtt" after bb, add column added_41 varchar(10) default NULL after bb;
alter table bar add column added_6 varchar(10) NOT NULL default "ruyrtt" after bb, add column added_41 varchar(10) default NULL after bb;
include/diff_tables.inc [test.foo, test.bar]
drop table foo;
drop table bar;
create table foo (aa blob, bb longblob, cc tinyblob, dd mediumblob) engine=TokuDB;
create table bar like foo;
alter table bar engine=MyISAM;
insert into foo values (NULL,NULL,NULL,NULL);
insert into foo values ("adsf",NULL,"hjfdshj",NULL);
insert into foo values (NULL,"oifds",NULL,"fdsjfds");
insert into foo values ("rewoiu","fds","fr","oiufdsrew");
insert into bar select * from foo;
include/diff_tables.inc [test.foo, test.bar]
alter table foo add column added_6 varchar(10) NOT NULL default "ruyrtt" after bb, add column added_51 varchar(10) default "abracadab" after bb;
alter table bar add column added_6 varchar(10) NOT NULL default "ruyrtt" after bb, add column added_51 varchar(10) default "abracadab" after bb;
include/diff_tables.inc [test.foo, test.bar]
drop table foo;
drop table bar;
create table foo (aa blob, bb longblob, cc tinyblob, dd mediumblob) engine=TokuDB;
create table bar like foo;
alter table bar engine=MyISAM;
insert into foo values (NULL,NULL,NULL,NULL);
insert into foo values ("adsf",NULL,"hjfdshj",NULL);
insert into foo values (NULL,"oifds",NULL,"fdsjfds");
insert into foo values ("rewoiu","fds","fr","oiufdsrew");
insert into bar select * from foo;
include/diff_tables.inc [test.foo, test.bar]
alter table foo add column added_6 varchar(10) NOT NULL default "ruyrtt" after bb, add column added_61 varchar(10) NOT NULL default "abracadab" after bb;
alter table bar add column added_6 varchar(10) NOT NULL default "ruyrtt" after bb, add column added_61 varchar(10) NOT NULL default "abracadab" after bb;
include/diff_tables.inc [test.foo, test.bar]
drop table foo;
drop table bar;
create table foo (aa blob, bb longblob, cc tinyblob, dd mediumblob) engine=TokuDB;
create table bar like foo;
alter table bar engine=MyISAM;
insert into foo values (NULL,NULL,NULL,NULL);
insert into foo values ("adsf",NULL,"hjfdshj",NULL);
insert into foo values (NULL,"oifds",NULL,"fdsjfds");
insert into foo values ("rewoiu","fds","fr","oiufdsrew");
insert into bar select * from foo;
include/diff_tables.inc [test.foo, test.bar]
alter table foo add column added_6 varchar(10) NOT NULL default "ruyrtt" after bb, add column added_71 text default NULL after bb;
alter table bar add column added_6 varchar(10) NOT NULL default "ruyrtt" after bb, add column added_71 text default NULL after bb;
include/diff_tables.inc [test.foo, test.bar]
drop table foo;
drop table bar;
create table foo (aa blob, bb longblob, cc tinyblob, dd mediumblob) engine=TokuDB;
create table bar like foo;
alter table bar engine=MyISAM;
insert into foo values (NULL,NULL,NULL,NULL);
insert into foo values ("adsf",NULL,"hjfdshj",NULL);
insert into foo values (NULL,"oifds",NULL,"fdsjfds");
insert into foo values ("rewoiu","fds","fr","oiufdsrew");
insert into bar select * from foo;
include/diff_tables.inc [test.foo, test.bar]
alter table foo add column added_6 varchar(10) NOT NULL default "ruyrtt" after bb, add column added_81 mediumtext default NULL after bb;
alter table bar add column added_6 varchar(10) NOT NULL default "ruyrtt" after bb, add column added_81 mediumtext default NULL after bb;
include/diff_tables.inc [test.foo, test.bar]
drop table foo;
drop table bar;
create table foo (aa blob, bb longblob, cc tinyblob, dd mediumblob) engine=TokuDB;
create table bar like foo;
alter table bar engine=MyISAM;
insert into foo values (NULL,NULL,NULL,NULL);
insert into foo values ("adsf",NULL,"hjfdshj",NULL);
insert into foo values (NULL,"oifds",NULL,"fdsjfds");
insert into foo values ("rewoiu","fds","fr","oiufdsrew");
insert into bar select * from foo;
include/diff_tables.inc [test.foo, test.bar]
alter table foo add column added_7 text default NULL after bb, add column added_11 bigint default NULL after bb;
alter table bar add column added_7 text default NULL after bb, add column added_11 bigint default NULL after bb;
include/diff_tables.inc [test.foo, test.bar]
drop table foo;
drop table bar;
create table foo (aa blob, bb longblob, cc tinyblob, dd mediumblob) engine=TokuDB;
create table bar like foo;
alter table bar engine=MyISAM;
insert into foo values (NULL,NULL,NULL,NULL);
insert into foo values ("adsf",NULL,"hjfdshj",NULL);
insert into foo values (NULL,"oifds",NULL,"fdsjfds");
insert into foo values ("rewoiu","fds","fr","oiufdsrew");
insert into bar select * from foo;
include/diff_tables.inc [test.foo, test.bar]
alter table foo add column added_7 text default NULL after bb, add column added_21 bigint default 1234 after bb;
alter table bar add column added_7 text default NULL after bb, add column added_21 bigint default 1234 after bb;
include/diff_tables.inc [test.foo, test.bar]
drop table foo;
drop table bar;
create table foo (aa blob, bb longblob, cc tinyblob, dd mediumblob) engine=TokuDB;
create table bar like foo;
alter table bar engine=MyISAM;
insert into foo values (NULL,NULL,NULL,NULL);
insert into foo values ("adsf",NULL,"hjfdshj",NULL);
insert into foo values (NULL,"oifds",NULL,"fdsjfds");
insert into foo values ("rewoiu","fds","fr","oiufdsrew");
insert into bar select * from foo;
include/diff_tables.inc [test.foo, test.bar]
alter table foo add column added_7 text default NULL after bb, add column added_31 bigint NOT NULL default 54 after bb;
alter table bar add column added_7 text default NULL after bb, add column added_31 bigint NOT NULL default 54 after bb;
include/diff_tables.inc [test.foo, test.bar]
drop table foo;
drop table bar;
create table foo (aa blob, bb longblob, cc tinyblob, dd mediumblob) engine=TokuDB;
create table bar like foo;
alter table bar engine=MyISAM;
insert into foo values (NULL,NULL,NULL,NULL);
insert into foo values ("adsf",NULL,"hjfdshj",NULL);
insert into foo values (NULL,"oifds",NULL,"fdsjfds");
insert into foo values ("rewoiu","fds","fr","oiufdsrew");
insert into bar select * from foo;
include/diff_tables.inc [test.foo, test.bar]
alter table foo add column added_7 text default NULL after bb, add column added_41 varchar(10) default NULL after bb;
alter table bar add column added_7 text default NULL after bb, add column added_41 varchar(10) default NULL after bb;
include/diff_tables.inc [test.foo, test.bar]
drop table foo;
drop table bar;
create table foo (aa blob, bb longblob, cc tinyblob, dd mediumblob) engine=TokuDB;
create table bar like foo;
alter table bar engine=MyISAM;
insert into foo values (NULL,NULL,NULL,NULL);
insert into foo values ("adsf",NULL,"hjfdshj",NULL);
insert into foo values (NULL,"oifds",NULL,"fdsjfds");
insert into foo values ("rewoiu","fds","fr","oiufdsrew");
insert into bar select * from foo;
include/diff_tables.inc [test.foo, test.bar]
alter table foo add column added_7 text default NULL after bb, add column added_51 varchar(10) default "abracadab" after bb;
alter table bar add column added_7 text default NULL after bb, add column added_51 varchar(10) default "abracadab" after bb;
include/diff_tables.inc [test.foo, test.bar]
drop table foo;
drop table bar;
create table foo (aa blob, bb longblob, cc tinyblob, dd mediumblob) engine=TokuDB;
create table bar like foo;
alter table bar engine=MyISAM;
insert into foo values (NULL,NULL,NULL,NULL);
insert into foo values ("adsf",NULL,"hjfdshj",NULL);
insert into foo values (NULL,"oifds",NULL,"fdsjfds");
insert into foo values ("rewoiu","fds","fr","oiufdsrew");
insert into bar select * from foo;
include/diff_tables.inc [test.foo, test.bar]
alter table foo add column added_7 text default NULL after bb, add column added_61 varchar(10) NOT NULL default "abracadab" after bb;
alter table bar add column added_7 text default NULL after bb, add column added_61 varchar(10) NOT NULL default "abracadab" after bb;
include/diff_tables.inc [test.foo, test.bar]
drop table foo;
drop table bar;
create table foo (aa blob, bb longblob, cc tinyblob, dd mediumblob) engine=TokuDB;
create table bar like foo;
alter table bar engine=MyISAM;
insert into foo values (NULL,NULL,NULL,NULL);
insert into foo values ("adsf",NULL,"hjfdshj",NULL);
insert into foo values (NULL,"oifds",NULL,"fdsjfds");
insert into foo values ("rewoiu","fds","fr","oiufdsrew");
insert into bar select * from foo;
include/diff_tables.inc [test.foo, test.bar]
alter table foo add column added_7 text default NULL after bb, add column added_71 text default NULL after bb;
alter table bar add column added_7 text default NULL after bb, add column added_71 text default NULL after bb;
include/diff_tables.inc [test.foo, test.bar]
drop table foo;
drop table bar;
create table foo (aa blob, bb longblob, cc tinyblob, dd mediumblob) engine=TokuDB;
create table bar like foo;
alter table bar engine=MyISAM;
insert into foo values (NULL,NULL,NULL,NULL);
insert into foo values ("adsf",NULL,"hjfdshj",NULL);
insert into foo values (NULL,"oifds",NULL,"fdsjfds");
insert into foo values ("rewoiu","fds","fr","oiufdsrew");
insert into bar select * from foo;
include/diff_tables.inc [test.foo, test.bar]
alter table foo add column added_7 text default NULL after bb, add column added_81 mediumtext default NULL after bb;
alter table bar add column added_7 text default NULL after bb, add column added_81 mediumtext default NULL after bb;
include/diff_tables.inc [test.foo, test.bar]
drop table foo;
drop table bar;
create table foo (aa blob, bb longblob, cc tinyblob, dd mediumblob) engine=TokuDB;
create table bar like foo;
alter table bar engine=MyISAM;
insert into foo values (NULL,NULL,NULL,NULL);
insert into foo values ("adsf",NULL,"hjfdshj",NULL);
insert into foo values (NULL,"oifds",NULL,"fdsjfds");
insert into foo values ("rewoiu","fds","fr","oiufdsrew");
insert into bar select * from foo;
include/diff_tables.inc [test.foo, test.bar]
alter table foo add column added_8 mediumtext default NULL after bb, add column added_11 bigint default NULL after bb;
alter table bar add column added_8 mediumtext default NULL after bb, add column added_11 bigint default NULL after bb;
include/diff_tables.inc [test.foo, test.bar]
drop table foo;
drop table bar;
create table foo (aa blob, bb longblob, cc tinyblob, dd mediumblob) engine=TokuDB;
create table bar like foo;
alter table bar engine=MyISAM;
insert into foo values (NULL,NULL,NULL,NULL);
insert into foo values ("adsf",NULL,"hjfdshj",NULL);
insert into foo values (NULL,"oifds",NULL,"fdsjfds");
insert into foo values ("rewoiu","fds","fr","oiufdsrew");
insert into bar select * from foo;
include/diff_tables.inc [test.foo, test.bar]
alter table foo add column added_8 mediumtext default NULL after bb, add column added_21 bigint default 1234 after bb;
alter table bar add column added_8 mediumtext default NULL after bb, add column added_21 bigint default 1234 after bb;
include/diff_tables.inc [test.foo, test.bar]
drop table foo;
drop table bar;
create table foo (aa blob, bb longblob, cc tinyblob, dd mediumblob) engine=TokuDB;
create table bar like foo;
alter table bar engine=MyISAM;
insert into foo values (NULL,NULL,NULL,NULL);
insert into foo values ("adsf",NULL,"hjfdshj",NULL);
insert into foo values (NULL,"oifds",NULL,"fdsjfds");
insert into foo values ("rewoiu","fds","fr","oiufdsrew");
insert into bar select * from foo;
include/diff_tables.inc [test.foo, test.bar]
alter table foo add column added_8 mediumtext default NULL after bb, add column added_31 bigint NOT NULL default 54 after bb;
alter table bar add column added_8 mediumtext default NULL after bb, add column added_31 bigint NOT NULL default 54 after bb;
include/diff_tables.inc [test.foo, test.bar]
drop table foo;
drop table bar;
create table foo (aa blob, bb longblob, cc tinyblob, dd mediumblob) engine=TokuDB;
create table bar like foo;
alter table bar engine=MyISAM;
insert into foo values (NULL,NULL,NULL,NULL);
insert into foo values ("adsf",NULL,"hjfdshj",NULL);
insert into foo values (NULL,"oifds",NULL,"fdsjfds");
insert into foo values ("rewoiu","fds","fr","oiufdsrew");
insert into bar select * from foo;
include/diff_tables.inc [test.foo, test.bar]
alter table foo add column added_8 mediumtext default NULL after bb, add column added_41 varchar(10) default NULL after bb;
alter table bar add column added_8 mediumtext default NULL after bb, add column added_41 varchar(10) default NULL after bb;
include/diff_tables.inc [test.foo, test.bar]
drop table foo;
drop table bar;
create table foo (aa blob, bb longblob, cc tinyblob, dd mediumblob) engine=TokuDB;
create table bar like foo;
alter table bar engine=MyISAM;
insert into foo values (NULL,NULL,NULL,NULL);
insert into foo values ("adsf",NULL,"hjfdshj",NULL);
insert into foo values (NULL,"oifds",NULL,"fdsjfds");
insert into foo values ("rewoiu","fds","fr","oiufdsrew");
insert into bar select * from foo;
include/diff_tables.inc [test.foo, test.bar]
alter table foo add column added_8 mediumtext default NULL after bb, add column added_51 varchar(10) default "abracadab" after bb;
alter table bar add column added_8 mediumtext default NULL after bb, add column added_51 varchar(10) default "abracadab" after bb;
include/diff_tables.inc [test.foo, test.bar]
drop table foo;
drop table bar;
create table foo (aa blob, bb longblob, cc tinyblob, dd mediumblob) engine=TokuDB;
create table bar like foo;
alter table bar engine=MyISAM;
insert into foo values (NULL,NULL,NULL,NULL);
insert into foo values ("adsf",NULL,"hjfdshj",NULL);
insert into foo values (NULL,"oifds",NULL,"fdsjfds");
insert into foo values ("rewoiu","fds","fr","oiufdsrew");
insert into bar select * from foo;
include/diff_tables.inc [test.foo, test.bar]
alter table foo add column added_8 mediumtext default NULL after bb, add column added_61 varchar(10) NOT NULL default "abracadab" after bb;
alter table bar add column added_8 mediumtext default NULL after bb, add column added_61 varchar(10) NOT NULL default "abracadab" after bb;
include/diff_tables.inc [test.foo, test.bar]
drop table foo;
drop table bar;
create table foo (aa blob, bb longblob, cc tinyblob, dd mediumblob) engine=TokuDB;
create table bar like foo;
alter table bar engine=MyISAM;
insert into foo values (NULL,NULL,NULL,NULL);
insert into foo values ("adsf",NULL,"hjfdshj",NULL);
insert into foo values (NULL,"oifds",NULL,"fdsjfds");
insert into foo values ("rewoiu","fds","fr","oiufdsrew");
insert into bar select * from foo;
include/diff_tables.inc [test.foo, test.bar]
alter table foo add column added_8 mediumtext default NULL after bb, add column added_71 text default NULL after bb;
alter table bar add column added_8 mediumtext default NULL after bb, add column added_71 text default NULL after bb;
include/diff_tables.inc [test.foo, test.bar]
drop table foo;
drop table bar;
create table foo (aa blob, bb longblob, cc tinyblob, dd mediumblob) engine=TokuDB;
create table bar like foo;
alter table bar engine=MyISAM;
insert into foo values (NULL,NULL,NULL,NULL);
insert into foo values ("adsf",NULL,"hjfdshj",NULL);
insert into foo values (NULL,"oifds",NULL,"fdsjfds");
insert into foo values ("rewoiu","fds","fr","oiufdsrew");
insert into bar select * from foo;
include/diff_tables.inc [test.foo, test.bar]
alter table foo add column added_8 mediumtext default NULL after bb, add column added_81 mediumtext default NULL after bb;
alter table bar add column added_8 mediumtext default NULL after bb, add column added_81 mediumtext default NULL after bb;
include/diff_tables.inc [test.foo, test.bar]
drop table foo;
drop table bar;
create table foo (aa blob, bb longblob, cc tinyblob, dd mediumblob) engine=TokuDB;
create table bar like foo;
alter table bar engine=MyISAM;
insert into foo values (NULL,NULL,NULL,NULL);
insert into foo values ("adsf",NULL,"hjfdshj",NULL);
insert into foo values (NULL,"oifds",NULL,"fdsjfds");
insert into foo values ("rewoiu","fds","fr","oiufdsrew");
insert into bar select * from foo;
include/diff_tables.inc [test.foo, test.bar]
alter table foo add column added_1 bigint default NULL, add column added_2 bigint default -1 after bb, add column added_3 bigint NOT NULL default -1;
alter table bar add column added_1 bigint default NULL, add column added_2 bigint default -1 after bb, add column added_3 bigint NOT NULL default -1;
include/diff_tables.inc [test.foo, test.bar]
drop table foo;
drop table bar;
