SET DEFAULT_STORAGE_ENGINE='tokudb';
DROP TABLE IF EXISTS foo,bar;
set session tokudb_disable_slow_alter=ON;
create table foo (aa blob, bb longblob, cc tinyblob, dd mediumblob, aaa varchar(12), bbb varbinary(20), ccc varchar(50), ddd varchar(3000)) engine=TokuDB;
create table bar like foo;
alter table bar engine=MyISAM;
insert into foo values (NULL,NULL,NULL,NULL,NULL,NULL,NULL,NULL);
insert into foo values (NULL,NULL,NULL,NULL,"adsf",NULL,"hjfdshj",NULL);
insert into foo values (NULL,NULL,NULL,NULL,NULL,"oifds",NULL,"fdsjfds");
insert into foo values (NULL,NULL,NULL,NULL,"rewoiu","fds","fr","oiufdsrew");
insert into foo values ("adsf",NULL,"hjfdshj",NULL,NULL,NULL,NULL,NULL);
insert into foo values ("adsf",NULL,"hjfdshj",NULL,"adsf",NULL,"hjfdshj",NULL);
insert into foo values ("adsf",NULL,"hjfdshj",NULL,NULL,"oifds",NULL,"fdsjfds");
insert into foo values ("adsf",NULL,"hjfdshj",NULL,"rewoiu","fds","fr","oiufdsrew");
insert into foo values (NULL,"oifds",NULL,"fdsjfds",NULL,NULL,NULL,NULL);
insert into foo values (NULL,"oifds",NULL,"fdsjfds","adsf",NULL,"hjfdshj",NULL);
insert into foo values (NULL,"oifds",NULL,"fdsjfds",NULL,"oifds",NULL,"fdsjfds");
insert into foo values (NULL,"oifds",NULL,"fdsjfds","rewoiu","fds","fr","oiufdsrew");
insert into foo values ("rewoiu","fds","fr","oiufdsrew",NULL,NULL,NULL,NULL);
insert into foo values ("rewoiu","fds","fr","oiufdsrew","adsf",NULL,"hjfdshj",NULL);
insert into foo values ("rewoiu","fds","fr","oiufdsrew",NULL,"oifds",NULL,"fdsjfds");
insert into foo values ("rewoiu","fds","fr","oiufdsrew","rewoiu","fds","fr","oiufdsrew");
insert into bar select * from foo;
include/diff_tables.inc [test.foo, test.bar]
alter table foo drop column aa;
alter table bar drop column aa;
include/diff_tables.inc [test.foo, test.bar]
drop table foo;
drop table bar;
create table foo (aa blob, bb longblob, cc tinyblob, dd mediumblob, aaa varchar(12), bbb varbinary(20), ccc varchar(50), ddd varchar(3000)) engine=TokuDB;
create table bar like foo;
alter table bar engine=MyISAM;
insert into foo values (NULL,NULL,NULL,NULL,NULL,NULL,NULL,NULL);
insert into foo values (NULL,NULL,NULL,NULL,"adsf",NULL,"hjfdshj",NULL);
insert into foo values (NULL,NULL,NULL,NULL,NULL,"oifds",NULL,"fdsjfds");
insert into foo values (NULL,NULL,NULL,NULL,"rewoiu","fds","fr","oiufdsrew");
insert into foo values ("adsf",NULL,"hjfdshj",NULL,NULL,NULL,NULL,NULL);
insert into foo values ("adsf",NULL,"hjfdshj",NULL,"adsf",NULL,"hjfdshj",NULL);
insert into foo values ("adsf",NULL,"hjfdshj",NULL,NULL,"oifds",NULL,"fdsjfds");
insert into foo values ("adsf",NULL,"hjfdshj",NULL,"rewoiu","fds","fr","oiufdsrew");
insert into foo values (NULL,"oifds",NULL,"fdsjfds",NULL,NULL,NULL,NULL);
insert into foo values (NULL,"oifds",NULL,"fdsjfds","adsf",NULL,"hjfdshj",NULL);
insert into foo values (NULL,"oifds",NULL,"fdsjfds",NULL,"oifds",NULL,"fdsjfds");
insert into foo values (NULL,"oifds",NULL,"fdsjfds","rewoiu","fds","fr","oiufdsrew");
insert into foo values ("rewoiu","fds","fr","oiufdsrew",NULL,NULL,NULL,NULL);
insert into foo values ("rewoiu","fds","fr","oiufdsrew","adsf",NULL,"hjfdshj",NULL);
insert into foo values ("rewoiu","fds","fr","oiufdsrew",NULL,"oifds",NULL,"fdsjfds");
insert into foo values ("rewoiu","fds","fr","oiufdsrew","rewoiu","fds","fr","oiufdsrew");
insert into bar select * from foo;
include/diff_tables.inc [test.foo, test.bar]
alter table foo drop column bb;
alter table bar drop column bb;
include/diff_tables.inc [test.foo, test.bar]
drop table foo;
drop table bar;
create table foo (aa blob, bb longblob, cc tinyblob, dd mediumblob, aaa varchar(12), bbb varbinary(20), ccc varchar(50), ddd varchar(3000)) engine=TokuDB;
create table bar like foo;
alter table bar engine=MyISAM;
insert into foo values (NULL,NULL,NULL,NULL,NULL,NULL,NULL,NULL);
insert into foo values (NULL,NULL,NULL,NULL,"adsf",NULL,"hjfdshj",NULL);
insert into foo values (NULL,NULL,NULL,NULL,NULL,"oifds",NULL,"fdsjfds");
insert into foo values (NULL,NULL,NULL,NULL,"rewoiu","fds","fr","oiufdsrew");
insert into foo values ("adsf",NULL,"hjfdshj",NULL,NULL,NULL,NULL,NULL);
insert into foo values ("adsf",NULL,"hjfdshj",NULL,"adsf",NULL,"hjfdshj",NULL);
insert into foo values ("adsf",NULL,"hjfdshj",NULL,NULL,"oifds",NULL,"fdsjfds");
insert into foo values ("adsf",NULL,"hjfdshj",NULL,"rewoiu","fds","fr","oiufdsrew");
insert into foo values (NULL,"oifds",NULL,"fdsjfds",NULL,NULL,NULL,NULL);
insert into foo values (NULL,"oifds",NULL,"fdsjfds","adsf",NULL,"hjfdshj",NULL);
insert into foo values (NULL,"oifds",NULL,"fdsjfds",NULL,"oifds",NULL,"fdsjfds");
insert into foo values (NULL,"oifds",NULL,"fdsjfds","rewoiu","fds","fr","oiufdsrew");
insert into foo values ("rewoiu","fds","fr","oiufdsrew",NULL,NULL,NULL,NULL);
insert into foo values ("rewoiu","fds","fr","oiufdsrew","adsf",NULL,"hjfdshj",NULL);
insert into foo values ("rewoiu","fds","fr","oiufdsrew",NULL,"oifds",NULL,"fdsjfds");
insert into foo values ("rewoiu","fds","fr","oiufdsrew","rewoiu","fds","fr","oiufdsrew");
insert into bar select * from foo;
include/diff_tables.inc [test.foo, test.bar]
alter table foo drop column cc;
alter table bar drop column cc;
include/diff_tables.inc [test.foo, test.bar]
drop table foo;
drop table bar;
create table foo (aa blob, bb longblob, cc tinyblob, dd mediumblob, aaa varchar(12), bbb varbinary(20), ccc varchar(50), ddd varchar(3000)) engine=TokuDB;
create table bar like foo;
alter table bar engine=MyISAM;
insert into foo values (NULL,NULL,NULL,NULL,NULL,NULL,NULL,NULL);
insert into foo values (NULL,NULL,NULL,NULL,"adsf",NULL,"hjfdshj",NULL);
insert into foo values (NULL,NULL,NULL,NULL,NULL,"oifds",NULL,"fdsjfds");
insert into foo values (NULL,NULL,NULL,NULL,"rewoiu","fds","fr","oiufdsrew");
insert into foo values ("adsf",NULL,"hjfdshj",NULL,NULL,NULL,NULL,NULL);
insert into foo values ("adsf",NULL,"hjfdshj",NULL,"adsf",NULL,"hjfdshj",NULL);
insert into foo values ("adsf",NULL,"hjfdshj",NULL,NULL,"oifds",NULL,"fdsjfds");
insert into foo values ("adsf",NULL,"hjfdshj",NULL,"rewoiu","fds","fr","oiufdsrew");
insert into foo values (NULL,"oifds",NULL,"fdsjfds",NULL,NULL,NULL,NULL);
insert into foo values (NULL,"oifds",NULL,"fdsjfds","adsf",NULL,"hjfdshj",NULL);
insert into foo values (NULL,"oifds",NULL,"fdsjfds",NULL,"oifds",NULL,"fdsjfds");
insert into foo values (NULL,"oifds",NULL,"fdsjfds","rewoiu","fds","fr","oiufdsrew");
insert into foo values ("rewoiu","fds","fr","oiufdsrew",NULL,NULL,NULL,NULL);
insert into foo values ("rewoiu","fds","fr","oiufdsrew","adsf",NULL,"hjfdshj",NULL);
insert into foo values ("rewoiu","fds","fr","oiufdsrew",NULL,"oifds",NULL,"fdsjfds");
insert into foo values ("rewoiu","fds","fr","oiufdsrew","rewoiu","fds","fr","oiufdsrew");
insert into bar select * from foo;
include/diff_tables.inc [test.foo, test.bar]
alter table foo drop column dd;
alter table bar drop column dd;
include/diff_tables.inc [test.foo, test.bar]
drop table foo;
drop table bar;
create table foo (aa blob, bb longblob, cc tinyblob, dd mediumblob, aaa varchar(12), bbb varbinary(20), ccc varchar(50), ddd varchar(3000)) engine=TokuDB;
create table bar like foo;
alter table bar engine=MyISAM;
insert into foo values (NULL,NULL,NULL,NULL,NULL,NULL,NULL,NULL);
insert into foo values (NULL,NULL,NULL,NULL,"adsf",NULL,"hjfdshj",NULL);
insert into foo values (NULL,NULL,NULL,NULL,NULL,"oifds",NULL,"fdsjfds");
insert into foo values (NULL,NULL,NULL,NULL,"rewoiu","fds","fr","oiufdsrew");
insert into foo values ("adsf",NULL,"hjfdshj",NULL,NULL,NULL,NULL,NULL);
insert into foo values ("adsf",NULL,"hjfdshj",NULL,"adsf",NULL,"hjfdshj",NULL);
insert into foo values ("adsf",NULL,"hjfdshj",NULL,NULL,"oifds",NULL,"fdsjfds");
insert into foo values ("adsf",NULL,"hjfdshj",NULL,"rewoiu","fds","fr","oiufdsrew");
insert into foo values (NULL,"oifds",NULL,"fdsjfds",NULL,NULL,NULL,NULL);
insert into foo values (NULL,"oifds",NULL,"fdsjfds","adsf",NULL,"hjfdshj",NULL);
insert into foo values (NULL,"oifds",NULL,"fdsjfds",NULL,"oifds",NULL,"fdsjfds");
insert into foo values (NULL,"oifds",NULL,"fdsjfds","rewoiu","fds","fr","oiufdsrew");
insert into foo values ("rewoiu","fds","fr","oiufdsrew",NULL,NULL,NULL,NULL);
insert into foo values ("rewoiu","fds","fr","oiufdsrew","adsf",NULL,"hjfdshj",NULL);
insert into foo values ("rewoiu","fds","fr","oiufdsrew",NULL,"oifds",NULL,"fdsjfds");
insert into foo values ("rewoiu","fds","fr","oiufdsrew","rewoiu","fds","fr","oiufdsrew");
insert into bar select * from foo;
include/diff_tables.inc [test.foo, test.bar]
alter table foo drop column aaa;
alter table bar drop column aaa;
include/diff_tables.inc [test.foo, test.bar]
drop table foo;
drop table bar;
create table foo (aa blob, bb longblob, cc tinyblob, dd mediumblob, aaa varchar(12), bbb varbinary(20), ccc varchar(50), ddd varchar(3000)) engine=TokuDB;
create table bar like foo;
alter table bar engine=MyISAM;
insert into foo values (NULL,NULL,NULL,NULL,NULL,NULL,NULL,NULL);
insert into foo values (NULL,NULL,NULL,NULL,"adsf",NULL,"hjfdshj",NULL);
insert into foo values (NULL,NULL,NULL,NULL,NULL,"oifds",NULL,"fdsjfds");
insert into foo values (NULL,NULL,NULL,NULL,"rewoiu","fds","fr","oiufdsrew");
insert into foo values ("adsf",NULL,"hjfdshj",NULL,NULL,NULL,NULL,NULL);
insert into foo values ("adsf",NULL,"hjfdshj",NULL,"adsf",NULL,"hjfdshj",NULL);
insert into foo values ("adsf",NULL,"hjfdshj",NULL,NULL,"oifds",NULL,"fdsjfds");
insert into foo values ("adsf",NULL,"hjfdshj",NULL,"rewoiu","fds","fr","oiufdsrew");
insert into foo values (NULL,"oifds",NULL,"fdsjfds",NULL,NULL,NULL,NULL);
insert into foo values (NULL,"oifds",NULL,"fdsjfds","adsf",NULL,"hjfdshj",NULL);
insert into foo values (NULL,"oifds",NULL,"fdsjfds",NULL,"oifds",NULL,"fdsjfds");
insert into foo values (NULL,"oifds",NULL,"fdsjfds","rewoiu","fds","fr","oiufdsrew");
insert into foo values ("rewoiu","fds","fr","oiufdsrew",NULL,NULL,NULL,NULL);
insert into foo values ("rewoiu","fds","fr","oiufdsrew","adsf",NULL,"hjfdshj",NULL);
insert into foo values ("rewoiu","fds","fr","oiufdsrew",NULL,"oifds",NULL,"fdsjfds");
insert into foo values ("rewoiu","fds","fr","oiufdsrew","rewoiu","fds","fr","oiufdsrew");
insert into bar select * from foo;
include/diff_tables.inc [test.foo, test.bar]
alter table foo drop column bbb;
alter table bar drop column bbb;
include/diff_tables.inc [test.foo, test.bar]
drop table foo;
drop table bar;
create table foo (aa blob, bb longblob, cc tinyblob, dd mediumblob, aaa varchar(12), bbb varbinary(20), ccc varchar(50), ddd varchar(3000)) engine=TokuDB;
create table bar like foo;
alter table bar engine=MyISAM;
insert into foo values (NULL,NULL,NULL,NULL,NULL,NULL,NULL,NULL);
insert into foo values (NULL,NULL,NULL,NULL,"adsf",NULL,"hjfdshj",NULL);
insert into foo values (NULL,NULL,NULL,NULL,NULL,"oifds",NULL,"fdsjfds");
insert into foo values (NULL,NULL,NULL,NULL,"rewoiu","fds","fr","oiufdsrew");
insert into foo values ("adsf",NULL,"hjfdshj",NULL,NULL,NULL,NULL,NULL);
insert into foo values ("adsf",NULL,"hjfdshj",NULL,"adsf",NULL,"hjfdshj",NULL);
insert into foo values ("adsf",NULL,"hjfdshj",NULL,NULL,"oifds",NULL,"fdsjfds");
insert into foo values ("adsf",NULL,"hjfdshj",NULL,"rewoiu","fds","fr","oiufdsrew");
insert into foo values (NULL,"oifds",NULL,"fdsjfds",NULL,NULL,NULL,NULL);
insert into foo values (NULL,"oifds",NULL,"fdsjfds","adsf",NULL,"hjfdshj",NULL);
insert into foo values (NULL,"oifds",NULL,"fdsjfds",NULL,"oifds",NULL,"fdsjfds");
insert into foo values (NULL,"oifds",NULL,"fdsjfds","rewoiu","fds","fr","oiufdsrew");
insert into foo values ("rewoiu","fds","fr","oiufdsrew",NULL,NULL,NULL,NULL);
insert into foo values ("rewoiu","fds","fr","oiufdsrew","adsf",NULL,"hjfdshj",NULL);
insert into foo values ("rewoiu","fds","fr","oiufdsrew",NULL,"oifds",NULL,"fdsjfds");
insert into foo values ("rewoiu","fds","fr","oiufdsrew","rewoiu","fds","fr","oiufdsrew");
insert into bar select * from foo;
include/diff_tables.inc [test.foo, test.bar]
alter table foo drop column ccc;
alter table bar drop column ccc;
include/diff_tables.inc [test.foo, test.bar]
drop table foo;
drop table bar;
create table foo (aa blob, bb longblob, cc tinyblob, dd mediumblob, aaa varchar(12), bbb varbinary(20), ccc varchar(50), ddd varchar(3000)) engine=TokuDB;
create table bar like foo;
alter table bar engine=MyISAM;
insert into foo values (NULL,NULL,NULL,NULL,NULL,NULL,NULL,NULL);
insert into foo values (NULL,NULL,NULL,NULL,"adsf",NULL,"hjfdshj",NULL);
insert into foo values (NULL,NULL,NULL,NULL,NULL,"oifds",NULL,"fdsjfds");
insert into foo values (NULL,NULL,NULL,NULL,"rewoiu","fds","fr","oiufdsrew");
insert into foo values ("adsf",NULL,"hjfdshj",NULL,NULL,NULL,NULL,NULL);
insert into foo values ("adsf",NULL,"hjfdshj",NULL,"adsf",NULL,"hjfdshj",NULL);
insert into foo values ("adsf",NULL,"hjfdshj",NULL,NULL,"oifds",NULL,"fdsjfds");
insert into foo values ("adsf",NULL,"hjfdshj",NULL,"rewoiu","fds","fr","oiufdsrew");
insert into foo values (NULL,"oifds",NULL,"fdsjfds",NULL,NULL,NULL,NULL);
insert into foo values (NULL,"oifds",NULL,"fdsjfds","adsf",NULL,"hjfdshj",NULL);
insert into foo values (NULL,"oifds",NULL,"fdsjfds",NULL,"oifds",NULL,"fdsjfds");
insert into foo values (NULL,"oifds",NULL,"fdsjfds","rewoiu","fds","fr","oiufdsrew");
insert into foo values ("rewoiu","fds","fr","oiufdsrew",NULL,NULL,NULL,NULL);
insert into foo values ("rewoiu","fds","fr","oiufdsrew","adsf",NULL,"hjfdshj",NULL);
insert into foo values ("rewoiu","fds","fr","oiufdsrew",NULL,"oifds",NULL,"fdsjfds");
insert into foo values ("rewoiu","fds","fr","oiufdsrew","rewoiu","fds","fr","oiufdsrew");
insert into bar select * from foo;
include/diff_tables.inc [test.foo, test.bar]
alter table foo drop column ddd;
alter table bar drop column ddd;
include/diff_tables.inc [test.foo, test.bar]
drop table foo;
drop table bar;
create table foo (aa blob, bb longblob, cc tinyblob, dd mediumblob, aaa varchar(12), bbb varbinary(20), ccc varchar(50), ddd varchar(3000)) engine=TokuDB;
create table bar like foo;
alter table bar engine=MyISAM;
insert into foo values (NULL,NULL,NULL,NULL,NULL,NULL,NULL,NULL);
insert into foo values (NULL,NULL,NULL,NULL,"adsf",NULL,"hjfdshj",NULL);
insert into foo values (NULL,NULL,NULL,NULL,NULL,"oifds",NULL,"fdsjfds");
insert into foo values (NULL,NULL,NULL,NULL,"rewoiu","fds","fr","oiufdsrew");
insert into foo values ("adsf",NULL,"hjfdshj",NULL,NULL,NULL,NULL,NULL);
insert into foo values ("adsf",NULL,"hjfdshj",NULL,"adsf",NULL,"hjfdshj",NULL);
insert into foo values ("adsf",NULL,"hjfdshj",NULL,NULL,"oifds",NULL,"fdsjfds");
insert into foo values ("adsf",NULL,"hjfdshj",NULL,"rewoiu","fds","fr","oiufdsrew");
insert into foo values (NULL,"oifds",NULL,"fdsjfds",NULL,NULL,NULL,NULL);
insert into foo values (NULL,"oifds",NULL,"fdsjfds","adsf",NULL,"hjfdshj",NULL);
insert into foo values (NULL,"oifds",NULL,"fdsjfds",NULL,"oifds",NULL,"fdsjfds");
insert into foo values (NULL,"oifds",NULL,"fdsjfds","rewoiu","fds","fr","oiufdsrew");
insert into foo values ("rewoiu","fds","fr","oiufdsrew",NULL,NULL,NULL,NULL);
insert into foo values ("rewoiu","fds","fr","oiufdsrew","adsf",NULL,"hjfdshj",NULL);
insert into foo values ("rewoiu","fds","fr","oiufdsrew",NULL,"oifds",NULL,"fdsjfds");
insert into foo values ("rewoiu","fds","fr","oiufdsrew","rewoiu","fds","fr","oiufdsrew");
insert into bar select * from foo;
include/diff_tables.inc [test.foo, test.bar]
alter table foo drop column aa, drop column bb;
alter table bar drop column aa, drop column bb;
include/diff_tables.inc [test.foo, test.bar]
drop table foo;
drop table bar;
create table foo (aa blob, bb longblob, cc tinyblob, dd mediumblob, aaa varchar(12), bbb varbinary(20), ccc varchar(50), ddd varchar(3000)) engine=TokuDB;
create table bar like foo;
alter table bar engine=MyISAM;
insert into foo values (NULL,NULL,NULL,NULL,NULL,NULL,NULL,NULL);
insert into foo values (NULL,NULL,NULL,NULL,"adsf",NULL,"hjfdshj",NULL);
insert into foo values (NULL,NULL,NULL,NULL,NULL,"oifds",NULL,"fdsjfds");
insert into foo values (NULL,NULL,NULL,NULL,"rewoiu","fds","fr","oiufdsrew");
insert into foo values ("adsf",NULL,"hjfdshj",NULL,NULL,NULL,NULL,NULL);
insert into foo values ("adsf",NULL,"hjfdshj",NULL,"adsf",NULL,"hjfdshj",NULL);
insert into foo values ("adsf",NULL,"hjfdshj",NULL,NULL,"oifds",NULL,"fdsjfds");
insert into foo values ("adsf",NULL,"hjfdshj",NULL,"rewoiu","fds","fr","oiufdsrew");
insert into foo values (NULL,"oifds",NULL,"fdsjfds",NULL,NULL,NULL,NULL);
insert into foo values (NULL,"oifds",NULL,"fdsjfds","adsf",NULL,"hjfdshj",NULL);
insert into foo values (NULL,"oifds",NULL,"fdsjfds",NULL,"oifds",NULL,"fdsjfds");
insert into foo values (NULL,"oifds",NULL,"fdsjfds","rewoiu","fds","fr","oiufdsrew");
insert into foo values ("rewoiu","fds","fr","oiufdsrew",NULL,NULL,NULL,NULL);
insert into foo values ("rewoiu","fds","fr","oiufdsrew","adsf",NULL,"hjfdshj",NULL);
insert into foo values ("rewoiu","fds","fr","oiufdsrew",NULL,"oifds",NULL,"fdsjfds");
insert into foo values ("rewoiu","fds","fr","oiufdsrew","rewoiu","fds","fr","oiufdsrew");
insert into bar select * from foo;
include/diff_tables.inc [test.foo, test.bar]
alter table foo drop column aa, drop column cc;
alter table bar drop column aa, drop column cc;
include/diff_tables.inc [test.foo, test.bar]
drop table foo;
drop table bar;
create table foo (aa blob, bb longblob, cc tinyblob, dd mediumblob, aaa varchar(12), bbb varbinary(20), ccc varchar(50), ddd varchar(3000)) engine=TokuDB;
create table bar like foo;
alter table bar engine=MyISAM;
insert into foo values (NULL,NULL,NULL,NULL,NULL,NULL,NULL,NULL);
insert into foo values (NULL,NULL,NULL,NULL,"adsf",NULL,"hjfdshj",NULL);
insert into foo values (NULL,NULL,NULL,NULL,NULL,"oifds",NULL,"fdsjfds");
insert into foo values (NULL,NULL,NULL,NULL,"rewoiu","fds","fr","oiufdsrew");
insert into foo values ("adsf",NULL,"hjfdshj",NULL,NULL,NULL,NULL,NULL);
insert into foo values ("adsf",NULL,"hjfdshj",NULL,"adsf",NULL,"hjfdshj",NULL);
insert into foo values ("adsf",NULL,"hjfdshj",NULL,NULL,"oifds",NULL,"fdsjfds");
insert into foo values ("adsf",NULL,"hjfdshj",NULL,"rewoiu","fds","fr","oiufdsrew");
insert into foo values (NULL,"oifds",NULL,"fdsjfds",NULL,NULL,NULL,NULL);
insert into foo values (NULL,"oifds",NULL,"fdsjfds","adsf",NULL,"hjfdshj",NULL);
insert into foo values (NULL,"oifds",NULL,"fdsjfds",NULL,"oifds",NULL,"fdsjfds");
insert into foo values (NULL,"oifds",NULL,"fdsjfds","rewoiu","fds","fr","oiufdsrew");
insert into foo values ("rewoiu","fds","fr","oiufdsrew",NULL,NULL,NULL,NULL);
insert into foo values ("rewoiu","fds","fr","oiufdsrew","adsf",NULL,"hjfdshj",NULL);
insert into foo values ("rewoiu","fds","fr","oiufdsrew",NULL,"oifds",NULL,"fdsjfds");
insert into foo values ("rewoiu","fds","fr","oiufdsrew","rewoiu","fds","fr","oiufdsrew");
insert into bar select * from foo;
include/diff_tables.inc [test.foo, test.bar]
alter table foo drop column aa, drop column dd;
alter table bar drop column aa, drop column dd;
include/diff_tables.inc [test.foo, test.bar]
drop table foo;
drop table bar;
create table foo (aa blob, bb longblob, cc tinyblob, dd mediumblob, aaa varchar(12), bbb varbinary(20), ccc varchar(50), ddd varchar(3000)) engine=TokuDB;
create table bar like foo;
alter table bar engine=MyISAM;
insert into foo values (NULL,NULL,NULL,NULL,NULL,NULL,NULL,NULL);
insert into foo values (NULL,NULL,NULL,NULL,"adsf",NULL,"hjfdshj",NULL);
insert into foo values (NULL,NULL,NULL,NULL,NULL,"oifds",NULL,"fdsjfds");
insert into foo values (NULL,NULL,NULL,NULL,"rewoiu","fds","fr","oiufdsrew");
insert into foo values ("adsf",NULL,"hjfdshj",NULL,NULL,NULL,NULL,NULL);
insert into foo values ("adsf",NULL,"hjfdshj",NULL,"adsf",NULL,"hjfdshj",NULL);
insert into foo values ("adsf",NULL,"hjfdshj",NULL,NULL,"oifds",NULL,"fdsjfds");
insert into foo values ("adsf",NULL,"hjfdshj",NULL,"rewoiu","fds","fr","oiufdsrew");
insert into foo values (NULL,"oifds",NULL,"fdsjfds",NULL,NULL,NULL,NULL);
insert into foo values (NULL,"oifds",NULL,"fdsjfds","adsf",NULL,"hjfdshj",NULL);
insert into foo values (NULL,"oifds",NULL,"fdsjfds",NULL,"oifds",NULL,"fdsjfds");
insert into foo values (NULL,"oifds",NULL,"fdsjfds","rewoiu","fds","fr","oiufdsrew");
insert into foo values ("rewoiu","fds","fr","oiufdsrew",NULL,NULL,NULL,NULL);
insert into foo values ("rewoiu","fds","fr","oiufdsrew","adsf",NULL,"hjfdshj",NULL);
insert into foo values ("rewoiu","fds","fr","oiufdsrew",NULL,"oifds",NULL,"fdsjfds");
insert into foo values ("rewoiu","fds","fr","oiufdsrew","rewoiu","fds","fr","oiufdsrew");
insert into bar select * from foo;
include/diff_tables.inc [test.foo, test.bar]
alter table foo drop column aa, drop column aaa;
alter table bar drop column aa, drop column aaa;
include/diff_tables.inc [test.foo, test.bar]
drop table foo;
drop table bar;
create table foo (aa blob, bb longblob, cc tinyblob, dd mediumblob, aaa varchar(12), bbb varbinary(20), ccc varchar(50), ddd varchar(3000)) engine=TokuDB;
create table bar like foo;
alter table bar engine=MyISAM;
insert into foo values (NULL,NULL,NULL,NULL,NULL,NULL,NULL,NULL);
insert into foo values (NULL,NULL,NULL,NULL,"adsf",NULL,"hjfdshj",NULL);
insert into foo values (NULL,NULL,NULL,NULL,NULL,"oifds",NULL,"fdsjfds");
insert into foo values (NULL,NULL,NULL,NULL,"rewoiu","fds","fr","oiufdsrew");
insert into foo values ("adsf",NULL,"hjfdshj",NULL,NULL,NULL,NULL,NULL);
insert into foo values ("adsf",NULL,"hjfdshj",NULL,"adsf",NULL,"hjfdshj",NULL);
insert into foo values ("adsf",NULL,"hjfdshj",NULL,NULL,"oifds",NULL,"fdsjfds");
insert into foo values ("adsf",NULL,"hjfdshj",NULL,"rewoiu","fds","fr","oiufdsrew");
insert into foo values (NULL,"oifds",NULL,"fdsjfds",NULL,NULL,NULL,NULL);
insert into foo values (NULL,"oifds",NULL,"fdsjfds","adsf",NULL,"hjfdshj",NULL);
insert into foo values (NULL,"oifds",NULL,"fdsjfds",NULL,"oifds",NULL,"fdsjfds");
insert into foo values (NULL,"oifds",NULL,"fdsjfds","rewoiu","fds","fr","oiufdsrew");
insert into foo values ("rewoiu","fds","fr","oiufdsrew",NULL,NULL,NULL,NULL);
insert into foo values ("rewoiu","fds","fr","oiufdsrew","adsf",NULL,"hjfdshj",NULL);
insert into foo values ("rewoiu","fds","fr","oiufdsrew",NULL,"oifds",NULL,"fdsjfds");
insert into foo values ("rewoiu","fds","fr","oiufdsrew","rewoiu","fds","fr","oiufdsrew");
insert into bar select * from foo;
include/diff_tables.inc [test.foo, test.bar]
alter table foo drop column aa, drop column bbb;
alter table bar drop column aa, drop column bbb;
include/diff_tables.inc [test.foo, test.bar]
drop table foo;
drop table bar;
create table foo (aa blob, bb longblob, cc tinyblob, dd mediumblob, aaa varchar(12), bbb varbinary(20), ccc varchar(50), ddd varchar(3000)) engine=TokuDB;
create table bar like foo;
alter table bar engine=MyISAM;
insert into foo values (NULL,NULL,NULL,NULL,NULL,NULL,NULL,NULL);
insert into foo values (NULL,NULL,NULL,NULL,"adsf",NULL,"hjfdshj",NULL);
insert into foo values (NULL,NULL,NULL,NULL,NULL,"oifds",NULL,"fdsjfds");
insert into foo values (NULL,NULL,NULL,NULL,"rewoiu","fds","fr","oiufdsrew");
insert into foo values ("adsf",NULL,"hjfdshj",NULL,NULL,NULL,NULL,NULL);
insert into foo values ("adsf",NULL,"hjfdshj",NULL,"adsf",NULL,"hjfdshj",NULL);
insert into foo values ("adsf",NULL,"hjfdshj",NULL,NULL,"oifds",NULL,"fdsjfds");
insert into foo values ("adsf",NULL,"hjfdshj",NULL,"rewoiu","fds","fr","oiufdsrew");
insert into foo values (NULL,"oifds",NULL,"fdsjfds",NULL,NULL,NULL,NULL);
insert into foo values (NULL,"oifds",NULL,"fdsjfds","adsf",NULL,"hjfdshj",NULL);
insert into foo values (NULL,"oifds",NULL,"fdsjfds",NULL,"oifds",NULL,"fdsjfds");
insert into foo values (NULL,"oifds",NULL,"fdsjfds","rewoiu","fds","fr","oiufdsrew");
insert into foo values ("rewoiu","fds","fr","oiufdsrew",NULL,NULL,NULL,NULL);
insert into foo values ("rewoiu","fds","fr","oiufdsrew","adsf",NULL,"hjfdshj",NULL);
insert into foo values ("rewoiu","fds","fr","oiufdsrew",NULL,"oifds",NULL,"fdsjfds");
insert into foo values ("rewoiu","fds","fr","oiufdsrew","rewoiu","fds","fr","oiufdsrew");
insert into bar select * from foo;
include/diff_tables.inc [test.foo, test.bar]
alter table foo drop column aa, drop column ccc;
alter table bar drop column aa, drop column ccc;
include/diff_tables.inc [test.foo, test.bar]
drop table foo;
drop table bar;
create table foo (aa blob, bb longblob, cc tinyblob, dd mediumblob, aaa varchar(12), bbb varbinary(20), ccc varchar(50), ddd varchar(3000)) engine=TokuDB;
create table bar like foo;
alter table bar engine=MyISAM;
insert into foo values (NULL,NULL,NULL,NULL,NULL,NULL,NULL,NULL);
insert into foo values (NULL,NULL,NULL,NULL,"adsf",NULL,"hjfdshj",NULL);
insert into foo values (NULL,NULL,NULL,NULL,NULL,"oifds",NULL,"fdsjfds");
insert into foo values (NULL,NULL,NULL,NULL,"rewoiu","fds","fr","oiufdsrew");
insert into foo values ("adsf",NULL,"hjfdshj",NULL,NULL,NULL,NULL,NULL);
insert into foo values ("adsf",NULL,"hjfdshj",NULL,"adsf",NULL,"hjfdshj",NULL);
insert into foo values ("adsf",NULL,"hjfdshj",NULL,NULL,"oifds",NULL,"fdsjfds");
insert into foo values ("adsf",NULL,"hjfdshj",NULL,"rewoiu","fds","fr","oiufdsrew");
insert into foo values (NULL,"oifds",NULL,"fdsjfds",NULL,NULL,NULL,NULL);
insert into foo values (NULL,"oifds",NULL,"fdsjfds","adsf",NULL,"hjfdshj",NULL);
insert into foo values (NULL,"oifds",NULL,"fdsjfds",NULL,"oifds",NULL,"fdsjfds");
insert into foo values (NULL,"oifds",NULL,"fdsjfds","rewoiu","fds","fr","oiufdsrew");
insert into foo values ("rewoiu","fds","fr","oiufdsrew",NULL,NULL,NULL,NULL);
insert into foo values ("rewoiu","fds","fr","oiufdsrew","adsf",NULL,"hjfdshj",NULL);
insert into foo values ("rewoiu","fds","fr","oiufdsrew",NULL,"oifds",NULL,"fdsjfds");
insert into foo values ("rewoiu","fds","fr","oiufdsrew","rewoiu","fds","fr","oiufdsrew");
insert into bar select * from foo;
include/diff_tables.inc [test.foo, test.bar]
alter table foo drop column aa, drop column ddd;
alter table bar drop column aa, drop column ddd;
include/diff_tables.inc [test.foo, test.bar]
drop table foo;
drop table bar;
create table foo (aa blob, bb longblob, cc tinyblob, dd mediumblob, aaa varchar(12), bbb varbinary(20), ccc varchar(50), ddd varchar(3000)) engine=TokuDB;
create table bar like foo;
alter table bar engine=MyISAM;
insert into foo values (NULL,NULL,NULL,NULL,NULL,NULL,NULL,NULL);
insert into foo values (NULL,NULL,NULL,NULL,"adsf",NULL,"hjfdshj",NULL);
insert into foo values (NULL,NULL,NULL,NULL,NULL,"oifds",NULL,"fdsjfds");
insert into foo values (NULL,NULL,NULL,NULL,"rewoiu","fds","fr","oiufdsrew");
insert into foo values ("adsf",NULL,"hjfdshj",NULL,NULL,NULL,NULL,NULL);
insert into foo values ("adsf",NULL,"hjfdshj",NULL,"adsf",NULL,"hjfdshj",NULL);
insert into foo values ("adsf",NULL,"hjfdshj",NULL,NULL,"oifds",NULL,"fdsjfds");
insert into foo values ("adsf",NULL,"hjfdshj",NULL,"rewoiu","fds","fr","oiufdsrew");
insert into foo values (NULL,"oifds",NULL,"fdsjfds",NULL,NULL,NULL,NULL);
insert into foo values (NULL,"oifds",NULL,"fdsjfds","adsf",NULL,"hjfdshj",NULL);
insert into foo values (NULL,"oifds",NULL,"fdsjfds",NULL,"oifds",NULL,"fdsjfds");
insert into foo values (NULL,"oifds",NULL,"fdsjfds","rewoiu","fds","fr","oiufdsrew");
insert into foo values ("rewoiu","fds","fr","oiufdsrew",NULL,NULL,NULL,NULL);
insert into foo values ("rewoiu","fds","fr","oiufdsrew","adsf",NULL,"hjfdshj",NULL);
insert into foo values ("rewoiu","fds","fr","oiufdsrew",NULL,"oifds",NULL,"fdsjfds");
insert into foo values ("rewoiu","fds","fr","oiufdsrew","rewoiu","fds","fr","oiufdsrew");
insert into bar select * from foo;
include/diff_tables.inc [test.foo, test.bar]
alter table foo drop column bb, drop column aa;
alter table bar drop column bb, drop column aa;
include/diff_tables.inc [test.foo, test.bar]
drop table foo;
drop table bar;
create table foo (aa blob, bb longblob, cc tinyblob, dd mediumblob, aaa varchar(12), bbb varbinary(20), ccc varchar(50), ddd varchar(3000)) engine=TokuDB;
create table bar like foo;
alter table bar engine=MyISAM;
insert into foo values (NULL,NULL,NULL,NULL,NULL,NULL,NULL,NULL);
insert into foo values (NULL,NULL,NULL,NULL,"adsf",NULL,"hjfdshj",NULL);
insert into foo values (NULL,NULL,NULL,NULL,NULL,"oifds",NULL,"fdsjfds");
insert into foo values (NULL,NULL,NULL,NULL,"rewoiu","fds","fr","oiufdsrew");
insert into foo values ("adsf",NULL,"hjfdshj",NULL,NULL,NULL,NULL,NULL);
insert into foo values ("adsf",NULL,"hjfdshj",NULL,"adsf",NULL,"hjfdshj",NULL);
insert into foo values ("adsf",NULL,"hjfdshj",NULL,NULL,"oifds",NULL,"fdsjfds");
insert into foo values ("adsf",NULL,"hjfdshj",NULL,"rewoiu","fds","fr","oiufdsrew");
insert into foo values (NULL,"oifds",NULL,"fdsjfds",NULL,NULL,NULL,NULL);
insert into foo values (NULL,"oifds",NULL,"fdsjfds","adsf",NULL,"hjfdshj",NULL);
insert into foo values (NULL,"oifds",NULL,"fdsjfds",NULL,"oifds",NULL,"fdsjfds");
insert into foo values (NULL,"oifds",NULL,"fdsjfds","rewoiu","fds","fr","oiufdsrew");
insert into foo values ("rewoiu","fds","fr","oiufdsrew",NULL,NULL,NULL,NULL);
insert into foo values ("rewoiu","fds","fr","oiufdsrew","adsf",NULL,"hjfdshj",NULL);
insert into foo values ("rewoiu","fds","fr","oiufdsrew",NULL,"oifds",NULL,"fdsjfds");
insert into foo values ("rewoiu","fds","fr","oiufdsrew","rewoiu","fds","fr","oiufdsrew");
insert into bar select * from foo;
include/diff_tables.inc [test.foo, test.bar]
alter table foo drop column bb, drop column cc;
alter table bar drop column bb, drop column cc;
include/diff_tables.inc [test.foo, test.bar]
drop table foo;
drop table bar;
create table foo (aa blob, bb longblob, cc tinyblob, dd mediumblob, aaa varchar(12), bbb varbinary(20), ccc varchar(50), ddd varchar(3000)) engine=TokuDB;
create table bar like foo;
alter table bar engine=MyISAM;
insert into foo values (NULL,NULL,NULL,NULL,NULL,NULL,NULL,NULL);
insert into foo values (NULL,NULL,NULL,NULL,"adsf",NULL,"hjfdshj",NULL);
insert into foo values (NULL,NULL,NULL,NULL,NULL,"oifds",NULL,"fdsjfds");
insert into foo values (NULL,NULL,NULL,NULL,"rewoiu","fds","fr","oiufdsrew");
insert into foo values ("adsf",NULL,"hjfdshj",NULL,NULL,NULL,NULL,NULL);
insert into foo values ("adsf",NULL,"hjfdshj",NULL,"adsf",NULL,"hjfdshj",NULL);
insert into foo values ("adsf",NULL,"hjfdshj",NULL,NULL,"oifds",NULL,"fdsjfds");
insert into foo values ("adsf",NULL,"hjfdshj",NULL,"rewoiu","fds","fr","oiufdsrew");
insert into foo values (NULL,"oifds",NULL,"fdsjfds",NULL,NULL,NULL,NULL);
insert into foo values (NULL,"oifds",NULL,"fdsjfds","adsf",NULL,"hjfdshj",NULL);
insert into foo values (NULL,"oifds",NULL,"fdsjfds",NULL,"oifds",NULL,"fdsjfds");
insert into foo values (NULL,"oifds",NULL,"fdsjfds","rewoiu","fds","fr","oiufdsrew");
insert into foo values ("rewoiu","fds","fr","oiufdsrew",NULL,NULL,NULL,NULL);
insert into foo values ("rewoiu","fds","fr","oiufdsrew","adsf",NULL,"hjfdshj",NULL);
insert into foo values ("rewoiu","fds","fr","oiufdsrew",NULL,"oifds",NULL,"fdsjfds");
insert into foo values ("rewoiu","fds","fr","oiufdsrew","rewoiu","fds","fr","oiufdsrew");
insert into bar select * from foo;
include/diff_tables.inc [test.foo, test.bar]
alter table foo drop column bb, drop column dd;
alter table bar drop column bb, drop column dd;
include/diff_tables.inc [test.foo, test.bar]
drop table foo;
drop table bar;
create table foo (aa blob, bb longblob, cc tinyblob, dd mediumblob, aaa varchar(12), bbb varbinary(20), ccc varchar(50), ddd varchar(3000)) engine=TokuDB;
create table bar like foo;
alter table bar engine=MyISAM;
insert into foo values (NULL,NULL,NULL,NULL,NULL,NULL,NULL,NULL);
insert into foo values (NULL,NULL,NULL,NULL,"adsf",NULL,"hjfdshj",NULL);
insert into foo values (NULL,NULL,NULL,NULL,NULL,"oifds",NULL,"fdsjfds");
insert into foo values (NULL,NULL,NULL,NULL,"rewoiu","fds","fr","oiufdsrew");
insert into foo values ("adsf",NULL,"hjfdshj",NULL,NULL,NULL,NULL,NULL);
insert into foo values ("adsf",NULL,"hjfdshj",NULL,"adsf",NULL,"hjfdshj",NULL);
insert into foo values ("adsf",NULL,"hjfdshj",NULL,NULL,"oifds",NULL,"fdsjfds");
insert into foo values ("adsf",NULL,"hjfdshj",NULL,"rewoiu","fds","fr","oiufdsrew");
insert into foo values (NULL,"oifds",NULL,"fdsjfds",NULL,NULL,NULL,NULL);
insert into foo values (NULL,"oifds",NULL,"fdsjfds","adsf",NULL,"hjfdshj",NULL);
insert into foo values (NULL,"oifds",NULL,"fdsjfds",NULL,"oifds",NULL,"fdsjfds");
insert into foo values (NULL,"oifds",NULL,"fdsjfds","rewoiu","fds","fr","oiufdsrew");
insert into foo values ("rewoiu","fds","fr","oiufdsrew",NULL,NULL,NULL,NULL);
insert into foo values ("rewoiu","fds","fr","oiufdsrew","adsf",NULL,"hjfdshj",NULL);
insert into foo values ("rewoiu","fds","fr","oiufdsrew",NULL,"oifds",NULL,"fdsjfds");
insert into foo values ("rewoiu","fds","fr","oiufdsrew","rewoiu","fds","fr","oiufdsrew");
insert into bar select * from foo;
include/diff_tables.inc [test.foo, test.bar]
alter table foo drop column bb, drop column aaa;
alter table bar drop column bb, drop column aaa;
include/diff_tables.inc [test.foo, test.bar]
drop table foo;
drop table bar;
create table foo (aa blob, bb longblob, cc tinyblob, dd mediumblob, aaa varchar(12), bbb varbinary(20), ccc varchar(50), ddd varchar(3000)) engine=TokuDB;
create table bar like foo;
alter table bar engine=MyISAM;
insert into foo values (NULL,NULL,NULL,NULL,NULL,NULL,NULL,NULL);
insert into foo values (NULL,NULL,NULL,NULL,"adsf",NULL,"hjfdshj",NULL);
insert into foo values (NULL,NULL,NULL,NULL,NULL,"oifds",NULL,"fdsjfds");
insert into foo values (NULL,NULL,NULL,NULL,"rewoiu","fds","fr","oiufdsrew");
insert into foo values ("adsf",NULL,"hjfdshj",NULL,NULL,NULL,NULL,NULL);
insert into foo values ("adsf",NULL,"hjfdshj",NULL,"adsf",NULL,"hjfdshj",NULL);
insert into foo values ("adsf",NULL,"hjfdshj",NULL,NULL,"oifds",NULL,"fdsjfds");
insert into foo values ("adsf",NULL,"hjfdshj",NULL,"rewoiu","fds","fr","oiufdsrew");
insert into foo values (NULL,"oifds",NULL,"fdsjfds",NULL,NULL,NULL,NULL);
insert into foo values (NULL,"oifds",NULL,"fdsjfds","adsf",NULL,"hjfdshj",NULL);
insert into foo values (NULL,"oifds",NULL,"fdsjfds",NULL,"oifds",NULL,"fdsjfds");
insert into foo values (NULL,"oifds",NULL,"fdsjfds","rewoiu","fds","fr","oiufdsrew");
insert into foo values ("rewoiu","fds","fr","oiufdsrew",NULL,NULL,NULL,NULL);
insert into foo values ("rewoiu","fds","fr","oiufdsrew","adsf",NULL,"hjfdshj",NULL);
insert into foo values ("rewoiu","fds","fr","oiufdsrew",NULL,"oifds",NULL,"fdsjfds");
insert into foo values ("rewoiu","fds","fr","oiufdsrew","rewoiu","fds","fr","oiufdsrew");
insert into bar select * from foo;
include/diff_tables.inc [test.foo, test.bar]
alter table foo drop column bb, drop column bbb;
alter table bar drop column bb, drop column bbb;
include/diff_tables.inc [test.foo, test.bar]
drop table foo;
drop table bar;
create table foo (aa blob, bb longblob, cc tinyblob, dd mediumblob, aaa varchar(12), bbb varbinary(20), ccc varchar(50), ddd varchar(3000)) engine=TokuDB;
create table bar like foo;
alter table bar engine=MyISAM;
insert into foo values (NULL,NULL,NULL,NULL,NULL,NULL,NULL,NULL);
insert into foo values (NULL,NULL,NULL,NULL,"adsf",NULL,"hjfdshj",NULL);
insert into foo values (NULL,NULL,NULL,NULL,NULL,"oifds",NULL,"fdsjfds");
insert into foo values (NULL,NULL,NULL,NULL,"rewoiu","fds","fr","oiufdsrew");
insert into foo values ("adsf",NULL,"hjfdshj",NULL,NULL,NULL,NULL,NULL);
insert into foo values ("adsf",NULL,"hjfdshj",NULL,"adsf",NULL,"hjfdshj",NULL);
insert into foo values ("adsf",NULL,"hjfdshj",NULL,NULL,"oifds",NULL,"fdsjfds");
insert into foo values ("adsf",NULL,"hjfdshj",NULL,"rewoiu","fds","fr","oiufdsrew");
insert into foo values (NULL,"oifds",NULL,"fdsjfds",NULL,NULL,NULL,NULL);
insert into foo values (NULL,"oifds",NULL,"fdsjfds","adsf",NULL,"hjfdshj",NULL);
insert into foo values (NULL,"oifds",NULL,"fdsjfds",NULL,"oifds",NULL,"fdsjfds");
insert into foo values (NULL,"oifds",NULL,"fdsjfds","rewoiu","fds","fr","oiufdsrew");
insert into foo values ("rewoiu","fds","fr","oiufdsrew",NULL,NULL,NULL,NULL);
insert into foo values ("rewoiu","fds","fr","oiufdsrew","adsf",NULL,"hjfdshj",NULL);
insert into foo values ("rewoiu","fds","fr","oiufdsrew",NULL,"oifds",NULL,"fdsjfds");
insert into foo values ("rewoiu","fds","fr","oiufdsrew","rewoiu","fds","fr","oiufdsrew");
insert into bar select * from foo;
include/diff_tables.inc [test.foo, test.bar]
alter table foo drop column bb, drop column ccc;
alter table bar drop column bb, drop column ccc;
include/diff_tables.inc [test.foo, test.bar]
drop table foo;
drop table bar;
create table foo (aa blob, bb longblob, cc tinyblob, dd mediumblob, aaa varchar(12), bbb varbinary(20), ccc varchar(50), ddd varchar(3000)) engine=TokuDB;
create table bar like foo;
alter table bar engine=MyISAM;
insert into foo values (NULL,NULL,NULL,NULL,NULL,NULL,NULL,NULL);
insert into foo values (NULL,NULL,NULL,NULL,"adsf",NULL,"hjfdshj",NULL);
insert into foo values (NULL,NULL,NULL,NULL,NULL,"oifds",NULL,"fdsjfds");
insert into foo values (NULL,NULL,NULL,NULL,"rewoiu","fds","fr","oiufdsrew");
insert into foo values ("adsf",NULL,"hjfdshj",NULL,NULL,NULL,NULL,NULL);
insert into foo values ("adsf",NULL,"hjfdshj",NULL,"adsf",NULL,"hjfdshj",NULL);
insert into foo values ("adsf",NULL,"hjfdshj",NULL,NULL,"oifds",NULL,"fdsjfds");
insert into foo values ("adsf",NULL,"hjfdshj",NULL,"rewoiu","fds","fr","oiufdsrew");
insert into foo values (NULL,"oifds",NULL,"fdsjfds",NULL,NULL,NULL,NULL);
insert into foo values (NULL,"oifds",NULL,"fdsjfds","adsf",NULL,"hjfdshj",NULL);
insert into foo values (NULL,"oifds",NULL,"fdsjfds",NULL,"oifds",NULL,"fdsjfds");
insert into foo values (NULL,"oifds",NULL,"fdsjfds","rewoiu","fds","fr","oiufdsrew");
insert into foo values ("rewoiu","fds","fr","oiufdsrew",NULL,NULL,NULL,NULL);
insert into foo values ("rewoiu","fds","fr","oiufdsrew","adsf",NULL,"hjfdshj",NULL);
insert into foo values ("rewoiu","fds","fr","oiufdsrew",NULL,"oifds",NULL,"fdsjfds");
insert into foo values ("rewoiu","fds","fr","oiufdsrew","rewoiu","fds","fr","oiufdsrew");
insert into bar select * from foo;
include/diff_tables.inc [test.foo, test.bar]
alter table foo drop column bb, drop column ddd;
alter table bar drop column bb, drop column ddd;
include/diff_tables.inc [test.foo, test.bar]
drop table foo;
drop table bar;
create table foo (aa blob, bb longblob, cc tinyblob, dd mediumblob, aaa varchar(12), bbb varbinary(20), ccc varchar(50), ddd varchar(3000)) engine=TokuDB;
create table bar like foo;
alter table bar engine=MyISAM;
insert into foo values (NULL,NULL,NULL,NULL,NULL,NULL,NULL,NULL);
insert into foo values (NULL,NULL,NULL,NULL,"adsf",NULL,"hjfdshj",NULL);
insert into foo values (NULL,NULL,NULL,NULL,NULL,"oifds",NULL,"fdsjfds");
insert into foo values (NULL,NULL,NULL,NULL,"rewoiu","fds","fr","oiufdsrew");
insert into foo values ("adsf",NULL,"hjfdshj",NULL,NULL,NULL,NULL,NULL);
insert into foo values ("adsf",NULL,"hjfdshj",NULL,"adsf",NULL,"hjfdshj",NULL);
insert into foo values ("adsf",NULL,"hjfdshj",NULL,NULL,"oifds",NULL,"fdsjfds");
insert into foo values ("adsf",NULL,"hjfdshj",NULL,"rewoiu","fds","fr","oiufdsrew");
insert into foo values (NULL,"oifds",NULL,"fdsjfds",NULL,NULL,NULL,NULL);
insert into foo values (NULL,"oifds",NULL,"fdsjfds","adsf",NULL,"hjfdshj",NULL);
insert into foo values (NULL,"oifds",NULL,"fdsjfds",NULL,"oifds",NULL,"fdsjfds");
insert into foo values (NULL,"oifds",NULL,"fdsjfds","rewoiu","fds","fr","oiufdsrew");
insert into foo values ("rewoiu","fds","fr","oiufdsrew",NULL,NULL,NULL,NULL);
insert into foo values ("rewoiu","fds","fr","oiufdsrew","adsf",NULL,"hjfdshj",NULL);
insert into foo values ("rewoiu","fds","fr","oiufdsrew",NULL,"oifds",NULL,"fdsjfds");
insert into foo values ("rewoiu","fds","fr","oiufdsrew","rewoiu","fds","fr","oiufdsrew");
insert into bar select * from foo;
include/diff_tables.inc [test.foo, test.bar]
alter table foo drop column cc, drop column aa;
alter table bar drop column cc, drop column aa;
include/diff_tables.inc [test.foo, test.bar]
drop table foo;
drop table bar;
create table foo (aa blob, bb longblob, cc tinyblob, dd mediumblob, aaa varchar(12), bbb varbinary(20), ccc varchar(50), ddd varchar(3000)) engine=TokuDB;
create table bar like foo;
alter table bar engine=MyISAM;
insert into foo values (NULL,NULL,NULL,NULL,NULL,NULL,NULL,NULL);
insert into foo values (NULL,NULL,NULL,NULL,"adsf",NULL,"hjfdshj",NULL);
insert into foo values (NULL,NULL,NULL,NULL,NULL,"oifds",NULL,"fdsjfds");
insert into foo values (NULL,NULL,NULL,NULL,"rewoiu","fds","fr","oiufdsrew");
insert into foo values ("adsf",NULL,"hjfdshj",NULL,NULL,NULL,NULL,NULL);
insert into foo values ("adsf",NULL,"hjfdshj",NULL,"adsf",NULL,"hjfdshj",NULL);
insert into foo values ("adsf",NULL,"hjfdshj",NULL,NULL,"oifds",NULL,"fdsjfds");
insert into foo values ("adsf",NULL,"hjfdshj",NULL,"rewoiu","fds","fr","oiufdsrew");
insert into foo values (NULL,"oifds",NULL,"fdsjfds",NULL,NULL,NULL,NULL);
insert into foo values (NULL,"oifds",NULL,"fdsjfds","adsf",NULL,"hjfdshj",NULL);
insert into foo values (NULL,"oifds",NULL,"fdsjfds",NULL,"oifds",NULL,"fdsjfds");
insert into foo values (NULL,"oifds",NULL,"fdsjfds","rewoiu","fds","fr","oiufdsrew");
insert into foo values ("rewoiu","fds","fr","oiufdsrew",NULL,NULL,NULL,NULL);
insert into foo values ("rewoiu","fds","fr","oiufdsrew","adsf",NULL,"hjfdshj",NULL);
insert into foo values ("rewoiu","fds","fr","oiufdsrew",NULL,"oifds",NULL,"fdsjfds");
insert into foo values ("rewoiu","fds","fr","oiufdsrew","rewoiu","fds","fr","oiufdsrew");
insert into bar select * from foo;
include/diff_tables.inc [test.foo, test.bar]
alter table foo drop column cc, drop column bb;
alter table bar drop column cc, drop column bb;
include/diff_tables.inc [test.foo, test.bar]
drop table foo;
drop table bar;
create table foo (aa blob, bb longblob, cc tinyblob, dd mediumblob, aaa varchar(12), bbb varbinary(20), ccc varchar(50), ddd varchar(3000)) engine=TokuDB;
create table bar like foo;
alter table bar engine=MyISAM;
insert into foo values (NULL,NULL,NULL,NULL,NULL,NULL,NULL,NULL);
insert into foo values (NULL,NULL,NULL,NULL,"adsf",NULL,"hjfdshj",NULL);
insert into foo values (NULL,NULL,NULL,NULL,NULL,"oifds",NULL,"fdsjfds");
insert into foo values (NULL,NULL,NULL,NULL,"rewoiu","fds","fr","oiufdsrew");
insert into foo values ("adsf",NULL,"hjfdshj",NULL,NULL,NULL,NULL,NULL);
insert into foo values ("adsf",NULL,"hjfdshj",NULL,"adsf",NULL,"hjfdshj",NULL);
insert into foo values ("adsf",NULL,"hjfdshj",NULL,NULL,"oifds",NULL,"fdsjfds");
insert into foo values ("adsf",NULL,"hjfdshj",NULL,"rewoiu","fds","fr","oiufdsrew");
insert into foo values (NULL,"oifds",NULL,"fdsjfds",NULL,NULL,NULL,NULL);
insert into foo values (NULL,"oifds",NULL,"fdsjfds","adsf",NULL,"hjfdshj",NULL);
insert into foo values (NULL,"oifds",NULL,"fdsjfds",NULL,"oifds",NULL,"fdsjfds");
insert into foo values (NULL,"oifds",NULL,"fdsjfds","rewoiu","fds","fr","oiufdsrew");
insert into foo values ("rewoiu","fds","fr","oiufdsrew",NULL,NULL,NULL,NULL);
insert into foo values ("rewoiu","fds","fr","oiufdsrew","adsf",NULL,"hjfdshj",NULL);
insert into foo values ("rewoiu","fds","fr","oiufdsrew",NULL,"oifds",NULL,"fdsjfds");
insert into foo values ("rewoiu","fds","fr","oiufdsrew","rewoiu","fds","fr","oiufdsrew");
insert into bar select * from foo;
include/diff_tables.inc [test.foo, test.bar]
alter table foo drop column cc, drop column dd;
alter table bar drop column cc, drop column dd;
include/diff_tables.inc [test.foo, test.bar]
drop table foo;
drop table bar;
create table foo (aa blob, bb longblob, cc tinyblob, dd mediumblob, aaa varchar(12), bbb varbinary(20), ccc varchar(50), ddd varchar(3000)) engine=TokuDB;
create table bar like foo;
alter table bar engine=MyISAM;
insert into foo values (NULL,NULL,NULL,NULL,NULL,NULL,NULL,NULL);
insert into foo values (NULL,NULL,NULL,NULL,"adsf",NULL,"hjfdshj",NULL);
insert into foo values (NULL,NULL,NULL,NULL,NULL,"oifds",NULL,"fdsjfds");
insert into foo values (NULL,NULL,NULL,NULL,"rewoiu","fds","fr","oiufdsrew");
insert into foo values ("adsf",NULL,"hjfdshj",NULL,NULL,NULL,NULL,NULL);
insert into foo values ("adsf",NULL,"hjfdshj",NULL,"adsf",NULL,"hjfdshj",NULL);
insert into foo values ("adsf",NULL,"hjfdshj",NULL,NULL,"oifds",NULL,"fdsjfds");
insert into foo values ("adsf",NULL,"hjfdshj",NULL,"rewoiu","fds","fr","oiufdsrew");
insert into foo values (NULL,"oifds",NULL,"fdsjfds",NULL,NULL,NULL,NULL);
insert into foo values (NULL,"oifds",NULL,"fdsjfds","adsf",NULL,"hjfdshj",NULL);
insert into foo values (NULL,"oifds",NULL,"fdsjfds",NULL,"oifds",NULL,"fdsjfds");
insert into foo values (NULL,"oifds",NULL,"fdsjfds","rewoiu","fds","fr","oiufdsrew");
insert into foo values ("rewoiu","fds","fr","oiufdsrew",NULL,NULL,NULL,NULL);
insert into foo values ("rewoiu","fds","fr","oiufdsrew","adsf",NULL,"hjfdshj",NULL);
insert into foo values ("rewoiu","fds","fr","oiufdsrew",NULL,"oifds",NULL,"fdsjfds");
insert into foo values ("rewoiu","fds","fr","oiufdsrew","rewoiu","fds","fr","oiufdsrew");
insert into bar select * from foo;
include/diff_tables.inc [test.foo, test.bar]
alter table foo drop column cc, drop column aaa;
alter table bar drop column cc, drop column aaa;
include/diff_tables.inc [test.foo, test.bar]
drop table foo;
drop table bar;
create table foo (aa blob, bb longblob, cc tinyblob, dd mediumblob, aaa varchar(12), bbb varbinary(20), ccc varchar(50), ddd varchar(3000)) engine=TokuDB;
create table bar like foo;
alter table bar engine=MyISAM;
insert into foo values (NULL,NULL,NULL,NULL,NULL,NULL,NULL,NULL);
insert into foo values (NULL,NULL,NULL,NULL,"adsf",NULL,"hjfdshj",NULL);
insert into foo values (NULL,NULL,NULL,NULL,NULL,"oifds",NULL,"fdsjfds");
insert into foo values (NULL,NULL,NULL,NULL,"rewoiu","fds","fr","oiufdsrew");
insert into foo values ("adsf",NULL,"hjfdshj",NULL,NULL,NULL,NULL,NULL);
insert into foo values ("adsf",NULL,"hjfdshj",NULL,"adsf",NULL,"hjfdshj",NULL);
insert into foo values ("adsf",NULL,"hjfdshj",NULL,NULL,"oifds",NULL,"fdsjfds");
insert into foo values ("adsf",NULL,"hjfdshj",NULL,"rewoiu","fds","fr","oiufdsrew");
insert into foo values (NULL,"oifds",NULL,"fdsjfds",NULL,NULL,NULL,NULL);
insert into foo values (NULL,"oifds",NULL,"fdsjfds","adsf",NULL,"hjfdshj",NULL);
insert into foo values (NULL,"oifds",NULL,"fdsjfds",NULL,"oifds",NULL,"fdsjfds");
insert into foo values (NULL,"oifds",NULL,"fdsjfds","rewoiu","fds","fr","oiufdsrew");
insert into foo values ("rewoiu","fds","fr","oiufdsrew",NULL,NULL,NULL,NULL);
insert into foo values ("rewoiu","fds","fr","oiufdsrew","adsf",NULL,"hjfdshj",NULL);
insert into foo values ("rewoiu","fds","fr","oiufdsrew",NULL,"oifds",NULL,"fdsjfds");
insert into foo values ("rewoiu","fds","fr","oiufdsrew","rewoiu","fds","fr","oiufdsrew");
insert into bar select * from foo;
include/diff_tables.inc [test.foo, test.bar]
alter table foo drop column cc, drop column bbb;
alter table bar drop column cc, drop column bbb;
include/diff_tables.inc [test.foo, test.bar]
drop table foo;
drop table bar;
create table foo (aa blob, bb longblob, cc tinyblob, dd mediumblob, aaa varchar(12), bbb varbinary(20), ccc varchar(50), ddd varchar(3000)) engine=TokuDB;
create table bar like foo;
alter table bar engine=MyISAM;
insert into foo values (NULL,NULL,NULL,NULL,NULL,NULL,NULL,NULL);
insert into foo values (NULL,NULL,NULL,NULL,"adsf",NULL,"hjfdshj",NULL);
insert into foo values (NULL,NULL,NULL,NULL,NULL,"oifds",NULL,"fdsjfds");
insert into foo values (NULL,NULL,NULL,NULL,"rewoiu","fds","fr","oiufdsrew");
insert into foo values ("adsf",NULL,"hjfdshj",NULL,NULL,NULL,NULL,NULL);
insert into foo values ("adsf",NULL,"hjfdshj",NULL,"adsf",NULL,"hjfdshj",NULL);
insert into foo values ("adsf",NULL,"hjfdshj",NULL,NULL,"oifds",NULL,"fdsjfds");
insert into foo values ("adsf",NULL,"hjfdshj",NULL,"rewoiu","fds","fr","oiufdsrew");
insert into foo values (NULL,"oifds",NULL,"fdsjfds",NULL,NULL,NULL,NULL);
insert into foo values (NULL,"oifds",NULL,"fdsjfds","adsf",NULL,"hjfdshj",NULL);
insert into foo values (NULL,"oifds",NULL,"fdsjfds",NULL,"oifds",NULL,"fdsjfds");
insert into foo values (NULL,"oifds",NULL,"fdsjfds","rewoiu","fds","fr","oiufdsrew");
insert into foo values ("rewoiu","fds","fr","oiufdsrew",NULL,NULL,NULL,NULL);
insert into foo values ("rewoiu","fds","fr","oiufdsrew","adsf",NULL,"hjfdshj",NULL);
insert into foo values ("rewoiu","fds","fr","oiufdsrew",NULL,"oifds",NULL,"fdsjfds");
insert into foo values ("rewoiu","fds","fr","oiufdsrew","rewoiu","fds","fr","oiufdsrew");
insert into bar select * from foo;
include/diff_tables.inc [test.foo, test.bar]
alter table foo drop column cc, drop column ccc;
alter table bar drop column cc, drop column ccc;
include/diff_tables.inc [test.foo, test.bar]
drop table foo;
drop table bar;
create table foo (aa blob, bb longblob, cc tinyblob, dd mediumblob, aaa varchar(12), bbb varbinary(20), ccc varchar(50), ddd varchar(3000)) engine=TokuDB;
create table bar like foo;
alter table bar engine=MyISAM;
insert into foo values (NULL,NULL,NULL,NULL,NULL,NULL,NULL,NULL);
insert into foo values (NULL,NULL,NULL,NULL,"adsf",NULL,"hjfdshj",NULL);
insert into foo values (NULL,NULL,NULL,NULL,NULL,"oifds",NULL,"fdsjfds");
insert into foo values (NULL,NULL,NULL,NULL,"rewoiu","fds","fr","oiufdsrew");
insert into foo values ("adsf",NULL,"hjfdshj",NULL,NULL,NULL,NULL,NULL);
insert into foo values ("adsf",NULL,"hjfdshj",NULL,"adsf",NULL,"hjfdshj",NULL);
insert into foo values ("adsf",NULL,"hjfdshj",NULL,NULL,"oifds",NULL,"fdsjfds");
insert into foo values ("adsf",NULL,"hjfdshj",NULL,"rewoiu","fds","fr","oiufdsrew");
insert into foo values (NULL,"oifds",NULL,"fdsjfds",NULL,NULL,NULL,NULL);
insert into foo values (NULL,"oifds",NULL,"fdsjfds","adsf",NULL,"hjfdshj",NULL);
insert into foo values (NULL,"oifds",NULL,"fdsjfds",NULL,"oifds",NULL,"fdsjfds");
insert into foo values (NULL,"oifds",NULL,"fdsjfds","rewoiu","fds","fr","oiufdsrew");
insert into foo values ("rewoiu","fds","fr","oiufdsrew",NULL,NULL,NULL,NULL);
insert into foo values ("rewoiu","fds","fr","oiufdsrew","adsf",NULL,"hjfdshj",NULL);
insert into foo values ("rewoiu","fds","fr","oiufdsrew",NULL,"oifds",NULL,"fdsjfds");
insert into foo values ("rewoiu","fds","fr","oiufdsrew","rewoiu","fds","fr","oiufdsrew");
insert into bar select * from foo;
include/diff_tables.inc [test.foo, test.bar]
alter table foo drop column cc, drop column ddd;
alter table bar drop column cc, drop column ddd;
include/diff_tables.inc [test.foo, test.bar]
drop table foo;
drop table bar;
create table foo (aa blob, bb longblob, cc tinyblob, dd mediumblob, aaa varchar(12), bbb varbinary(20), ccc varchar(50), ddd varchar(3000)) engine=TokuDB;
create table bar like foo;
alter table bar engine=MyISAM;
insert into foo values (NULL,NULL,NULL,NULL,NULL,NULL,NULL,NULL);
insert into foo values (NULL,NULL,NULL,NULL,"adsf",NULL,"hjfdshj",NULL);
insert into foo values (NULL,NULL,NULL,NULL,NULL,"oifds",NULL,"fdsjfds");
insert into foo values (NULL,NULL,NULL,NULL,"rewoiu","fds","fr","oiufdsrew");
insert into foo values ("adsf",NULL,"hjfdshj",NULL,NULL,NULL,NULL,NULL);
insert into foo values ("adsf",NULL,"hjfdshj",NULL,"adsf",NULL,"hjfdshj",NULL);
insert into foo values ("adsf",NULL,"hjfdshj",NULL,NULL,"oifds",NULL,"fdsjfds");
insert into foo values ("adsf",NULL,"hjfdshj",NULL,"rewoiu","fds","fr","oiufdsrew");
insert into foo values (NULL,"oifds",NULL,"fdsjfds",NULL,NULL,NULL,NULL);
insert into foo values (NULL,"oifds",NULL,"fdsjfds","adsf",NULL,"hjfdshj",NULL);
insert into foo values (NULL,"oifds",NULL,"fdsjfds",NULL,"oifds",NULL,"fdsjfds");
insert into foo values (NULL,"oifds",NULL,"fdsjfds","rewoiu","fds","fr","oiufdsrew");
insert into foo values ("rewoiu","fds","fr","oiufdsrew",NULL,NULL,NULL,NULL);
insert into foo values ("rewoiu","fds","fr","oiufdsrew","adsf",NULL,"hjfdshj",NULL);
insert into foo values ("rewoiu","fds","fr","oiufdsrew",NULL,"oifds",NULL,"fdsjfds");
insert into foo values ("rewoiu","fds","fr","oiufdsrew","rewoiu","fds","fr","oiufdsrew");
insert into bar select * from foo;
include/diff_tables.inc [test.foo, test.bar]
alter table foo drop column dd, drop column aa;
alter table bar drop column dd, drop column aa;
include/diff_tables.inc [test.foo, test.bar]
drop table foo;
drop table bar;
create table foo (aa blob, bb longblob, cc tinyblob, dd mediumblob, aaa varchar(12), bbb varbinary(20), ccc varchar(50), ddd varchar(3000)) engine=TokuDB;
create table bar like foo;
alter table bar engine=MyISAM;
insert into foo values (NULL,NULL,NULL,NULL,NULL,NULL,NULL,NULL);
insert into foo values (NULL,NULL,NULL,NULL,"adsf",NULL,"hjfdshj",NULL);
insert into foo values (NULL,NULL,NULL,NULL,NULL,"oifds",NULL,"fdsjfds");
insert into foo values (NULL,NULL,NULL,NULL,"rewoiu","fds","fr","oiufdsrew");
insert into foo values ("adsf",NULL,"hjfdshj",NULL,NULL,NULL,NULL,NULL);
insert into foo values ("adsf",NULL,"hjfdshj",NULL,"adsf",NULL,"hjfdshj",NULL);
insert into foo values ("adsf",NULL,"hjfdshj",NULL,NULL,"oifds",NULL,"fdsjfds");
insert into foo values ("adsf",NULL,"hjfdshj",NULL,"rewoiu","fds","fr","oiufdsrew");
insert into foo values (NULL,"oifds",NULL,"fdsjfds",NULL,NULL,NULL,NULL);
insert into foo values (NULL,"oifds",NULL,"fdsjfds","adsf",NULL,"hjfdshj",NULL);
insert into foo values (NULL,"oifds",NULL,"fdsjfds",NULL,"oifds",NULL,"fdsjfds");
insert into foo values (NULL,"oifds",NULL,"fdsjfds","rewoiu","fds","fr","oiufdsrew");
insert into foo values ("rewoiu","fds","fr","oiufdsrew",NULL,NULL,NULL,NULL);
insert into foo values ("rewoiu","fds","fr","oiufdsrew","adsf",NULL,"hjfdshj",NULL);
insert into foo values ("rewoiu","fds","fr","oiufdsrew",NULL,"oifds",NULL,"fdsjfds");
insert into foo values ("rewoiu","fds","fr","oiufdsrew","rewoiu","fds","fr","oiufdsrew");
insert into bar select * from foo;
include/diff_tables.inc [test.foo, test.bar]
alter table foo drop column dd, drop column bb;
alter table bar drop column dd, drop column bb;
include/diff_tables.inc [test.foo, test.bar]
drop table foo;
drop table bar;
create table foo (aa blob, bb longblob, cc tinyblob, dd mediumblob, aaa varchar(12), bbb varbinary(20), ccc varchar(50), ddd varchar(3000)) engine=TokuDB;
create table bar like foo;
alter table bar engine=MyISAM;
insert into foo values (NULL,NULL,NULL,NULL,NULL,NULL,NULL,NULL);
insert into foo values (NULL,NULL,NULL,NULL,"adsf",NULL,"hjfdshj",NULL);
insert into foo values (NULL,NULL,NULL,NULL,NULL,"oifds",NULL,"fdsjfds");
insert into foo values (NULL,NULL,NULL,NULL,"rewoiu","fds","fr","oiufdsrew");
insert into foo values ("adsf",NULL,"hjfdshj",NULL,NULL,NULL,NULL,NULL);
insert into foo values ("adsf",NULL,"hjfdshj",NULL,"adsf",NULL,"hjfdshj",NULL);
insert into foo values ("adsf",NULL,"hjfdshj",NULL,NULL,"oifds",NULL,"fdsjfds");
insert into foo values ("adsf",NULL,"hjfdshj",NULL,"rewoiu","fds","fr","oiufdsrew");
insert into foo values (NULL,"oifds",NULL,"fdsjfds",NULL,NULL,NULL,NULL);
insert into foo values (NULL,"oifds",NULL,"fdsjfds","adsf",NULL,"hjfdshj",NULL);
insert into foo values (NULL,"oifds",NULL,"fdsjfds",NULL,"oifds",NULL,"fdsjfds");
insert into foo values (NULL,"oifds",NULL,"fdsjfds","rewoiu","fds","fr","oiufdsrew");
insert into foo values ("rewoiu","fds","fr","oiufdsrew",NULL,NULL,NULL,NULL);
insert into foo values ("rewoiu","fds","fr","oiufdsrew","adsf",NULL,"hjfdshj",NULL);
insert into foo values ("rewoiu","fds","fr","oiufdsrew",NULL,"oifds",NULL,"fdsjfds");
insert into foo values ("rewoiu","fds","fr","oiufdsrew","rewoiu","fds","fr","oiufdsrew");
insert into bar select * from foo;
include/diff_tables.inc [test.foo, test.bar]
alter table foo drop column dd, drop column cc;
alter table bar drop column dd, drop column cc;
include/diff_tables.inc [test.foo, test.bar]
drop table foo;
drop table bar;
create table foo (aa blob, bb longblob, cc tinyblob, dd mediumblob, aaa varchar(12), bbb varbinary(20), ccc varchar(50), ddd varchar(3000)) engine=TokuDB;
create table bar like foo;
alter table bar engine=MyISAM;
insert into foo values (NULL,NULL,NULL,NULL,NULL,NULL,NULL,NULL);
insert into foo values (NULL,NULL,NULL,NULL,"adsf",NULL,"hjfdshj",NULL);
insert into foo values (NULL,NULL,NULL,NULL,NULL,"oifds",NULL,"fdsjfds");
insert into foo values (NULL,NULL,NULL,NULL,"rewoiu","fds","fr","oiufdsrew");
insert into foo values ("adsf",NULL,"hjfdshj",NULL,NULL,NULL,NULL,NULL);
insert into foo values ("adsf",NULL,"hjfdshj",NULL,"adsf",NULL,"hjfdshj",NULL);
insert into foo values ("adsf",NULL,"hjfdshj",NULL,NULL,"oifds",NULL,"fdsjfds");
insert into foo values ("adsf",NULL,"hjfdshj",NULL,"rewoiu","fds","fr","oiufdsrew");
insert into foo values (NULL,"oifds",NULL,"fdsjfds",NULL,NULL,NULL,NULL);
insert into foo values (NULL,"oifds",NULL,"fdsjfds","adsf",NULL,"hjfdshj",NULL);
insert into foo values (NULL,"oifds",NULL,"fdsjfds",NULL,"oifds",NULL,"fdsjfds");
insert into foo values (NULL,"oifds",NULL,"fdsjfds","rewoiu","fds","fr","oiufdsrew");
insert into foo values ("rewoiu","fds","fr","oiufdsrew",NULL,NULL,NULL,NULL);
insert into foo values ("rewoiu","fds","fr","oiufdsrew","adsf",NULL,"hjfdshj",NULL);
insert into foo values ("rewoiu","fds","fr","oiufdsrew",NULL,"oifds",NULL,"fdsjfds");
insert into foo values ("rewoiu","fds","fr","oiufdsrew","rewoiu","fds","fr","oiufdsrew");
insert into bar select * from foo;
include/diff_tables.inc [test.foo, test.bar]
alter table foo drop column dd, drop column aaa;
alter table bar drop column dd, drop column aaa;
include/diff_tables.inc [test.foo, test.bar]
drop table foo;
drop table bar;
create table foo (aa blob, bb longblob, cc tinyblob, dd mediumblob, aaa varchar(12), bbb varbinary(20), ccc varchar(50), ddd varchar(3000)) engine=TokuDB;
create table bar like foo;
alter table bar engine=MyISAM;
insert into foo values (NULL,NULL,NULL,NULL,NULL,NULL,NULL,NULL);
insert into foo values (NULL,NULL,NULL,NULL,"adsf",NULL,"hjfdshj",NULL);
insert into foo values (NULL,NULL,NULL,NULL,NULL,"oifds",NULL,"fdsjfds");
insert into foo values (NULL,NULL,NULL,NULL,"rewoiu","fds","fr","oiufdsrew");
insert into foo values ("adsf",NULL,"hjfdshj",NULL,NULL,NULL,NULL,NULL);
insert into foo values ("adsf",NULL,"hjfdshj",NULL,"adsf",NULL,"hjfdshj",NULL);
insert into foo values ("adsf",NULL,"hjfdshj",NULL,NULL,"oifds",NULL,"fdsjfds");
insert into foo values ("adsf",NULL,"hjfdshj",NULL,"rewoiu","fds","fr","oiufdsrew");
insert into foo values (NULL,"oifds",NULL,"fdsjfds",NULL,NULL,NULL,NULL);
insert into foo values (NULL,"oifds",NULL,"fdsjfds","adsf",NULL,"hjfdshj",NULL);
insert into foo values (NULL,"oifds",NULL,"fdsjfds",NULL,"oifds",NULL,"fdsjfds");
insert into foo values (NULL,"oifds",NULL,"fdsjfds","rewoiu","fds","fr","oiufdsrew");
insert into foo values ("rewoiu","fds","fr","oiufdsrew",NULL,NULL,NULL,NULL);
insert into foo values ("rewoiu","fds","fr","oiufdsrew","adsf",NULL,"hjfdshj",NULL);
insert into foo values ("rewoiu","fds","fr","oiufdsrew",NULL,"oifds",NULL,"fdsjfds");
insert into foo values ("rewoiu","fds","fr","oiufdsrew","rewoiu","fds","fr","oiufdsrew");
insert into bar select * from foo;
include/diff_tables.inc [test.foo, test.bar]
alter table foo drop column dd, drop column bbb;
alter table bar drop column dd, drop column bbb;
include/diff_tables.inc [test.foo, test.bar]
drop table foo;
drop table bar;
create table foo (aa blob, bb longblob, cc tinyblob, dd mediumblob, aaa varchar(12), bbb varbinary(20), ccc varchar(50), ddd varchar(3000)) engine=TokuDB;
create table bar like foo;
alter table bar engine=MyISAM;
insert into foo values (NULL,NULL,NULL,NULL,NULL,NULL,NULL,NULL);
insert into foo values (NULL,NULL,NULL,NULL,"adsf",NULL,"hjfdshj",NULL);
insert into foo values (NULL,NULL,NULL,NULL,NULL,"oifds",NULL,"fdsjfds");
insert into foo values (NULL,NULL,NULL,NULL,"rewoiu","fds","fr","oiufdsrew");
insert into foo values ("adsf",NULL,"hjfdshj",NULL,NULL,NULL,NULL,NULL);
insert into foo values ("adsf",NULL,"hjfdshj",NULL,"adsf",NULL,"hjfdshj",NULL);
insert into foo values ("adsf",NULL,"hjfdshj",NULL,NULL,"oifds",NULL,"fdsjfds");
insert into foo values ("adsf",NULL,"hjfdshj",NULL,"rewoiu","fds","fr","oiufdsrew");
insert into foo values (NULL,"oifds",NULL,"fdsjfds",NULL,NULL,NULL,NULL);
insert into foo values (NULL,"oifds",NULL,"fdsjfds","adsf",NULL,"hjfdshj",NULL);
insert into foo values (NULL,"oifds",NULL,"fdsjfds",NULL,"oifds",NULL,"fdsjfds");
insert into foo values (NULL,"oifds",NULL,"fdsjfds","rewoiu","fds","fr","oiufdsrew");
insert into foo values ("rewoiu","fds","fr","oiufdsrew",NULL,NULL,NULL,NULL);
insert into foo values ("rewoiu","fds","fr","oiufdsrew","adsf",NULL,"hjfdshj",NULL);
insert into foo values ("rewoiu","fds","fr","oiufdsrew",NULL,"oifds",NULL,"fdsjfds");
insert into foo values ("rewoiu","fds","fr","oiufdsrew","rewoiu","fds","fr","oiufdsrew");
insert into bar select * from foo;
include/diff_tables.inc [test.foo, test.bar]
alter table foo drop column dd, drop column ccc;
alter table bar drop column dd, drop column ccc;
include/diff_tables.inc [test.foo, test.bar]
drop table foo;
drop table bar;
create table foo (aa blob, bb longblob, cc tinyblob, dd mediumblob, aaa varchar(12), bbb varbinary(20), ccc varchar(50), ddd varchar(3000)) engine=TokuDB;
create table bar like foo;
alter table bar engine=MyISAM;
insert into foo values (NULL,NULL,NULL,NULL,NULL,NULL,NULL,NULL);
insert into foo values (NULL,NULL,NULL,NULL,"adsf",NULL,"hjfdshj",NULL);
insert into foo values (NULL,NULL,NULL,NULL,NULL,"oifds",NULL,"fdsjfds");
insert into foo values (NULL,NULL,NULL,NULL,"rewoiu","fds","fr","oiufdsrew");
insert into foo values ("adsf",NULL,"hjfdshj",NULL,NULL,NULL,NULL,NULL);
insert into foo values ("adsf",NULL,"hjfdshj",NULL,"adsf",NULL,"hjfdshj",NULL);
insert into foo values ("adsf",NULL,"hjfdshj",NULL,NULL,"oifds",NULL,"fdsjfds");
insert into foo values ("adsf",NULL,"hjfdshj",NULL,"rewoiu","fds","fr","oiufdsrew");
insert into foo values (NULL,"oifds",NULL,"fdsjfds",NULL,NULL,NULL,NULL);
insert into foo values (NULL,"oifds",NULL,"fdsjfds","adsf",NULL,"hjfdshj",NULL);
insert into foo values (NULL,"oifds",NULL,"fdsjfds",NULL,"oifds",NULL,"fdsjfds");
insert into foo values (NULL,"oifds",NULL,"fdsjfds","rewoiu","fds","fr","oiufdsrew");
insert into foo values ("rewoiu","fds","fr","oiufdsrew",NULL,NULL,NULL,NULL);
insert into foo values ("rewoiu","fds","fr","oiufdsrew","adsf",NULL,"hjfdshj",NULL);
insert into foo values ("rewoiu","fds","fr","oiufdsrew",NULL,"oifds",NULL,"fdsjfds");
insert into foo values ("rewoiu","fds","fr","oiufdsrew","rewoiu","fds","fr","oiufdsrew");
insert into bar select * from foo;
include/diff_tables.inc [test.foo, test.bar]
alter table foo drop column dd, drop column ddd;
alter table bar drop column dd, drop column ddd;
include/diff_tables.inc [test.foo, test.bar]
drop table foo;
drop table bar;
create table foo (aa blob, bb longblob, cc tinyblob, dd mediumblob, aaa varchar(12), bbb varbinary(20), ccc varchar(50), ddd varchar(3000)) engine=TokuDB;
create table bar like foo;
alter table bar engine=MyISAM;
insert into foo values (NULL,NULL,NULL,NULL,NULL,NULL,NULL,NULL);
insert into foo values (NULL,NULL,NULL,NULL,"adsf",NULL,"hjfdshj",NULL);
insert into foo values (NULL,NULL,NULL,NULL,NULL,"oifds",NULL,"fdsjfds");
insert into foo values (NULL,NULL,NULL,NULL,"rewoiu","fds","fr","oiufdsrew");
insert into foo values ("adsf",NULL,"hjfdshj",NULL,NULL,NULL,NULL,NULL);
insert into foo values ("adsf",NULL,"hjfdshj",NULL,"adsf",NULL,"hjfdshj",NULL);
insert into foo values ("adsf",NULL,"hjfdshj",NULL,NULL,"oifds",NULL,"fdsjfds");
insert into foo values ("adsf",NULL,"hjfdshj",NULL,"rewoiu","fds","fr","oiufdsrew");
insert into foo values (NULL,"oifds",NULL,"fdsjfds",NULL,NULL,NULL,NULL);
insert into foo values (NULL,"oifds",NULL,"fdsjfds","adsf",NULL,"hjfdshj",NULL);
insert into foo values (NULL,"oifds",NULL,"fdsjfds",NULL,"oifds",NULL,"fdsjfds");
insert into foo values (NULL,"oifds",NULL,"fdsjfds","rewoiu","fds","fr","oiufdsrew");
insert into foo values ("rewoiu","fds","fr","oiufdsrew",NULL,NULL,NULL,NULL);
insert into foo values ("rewoiu","fds","fr","oiufdsrew","adsf",NULL,"hjfdshj",NULL);
insert into foo values ("rewoiu","fds","fr","oiufdsrew",NULL,"oifds",NULL,"fdsjfds");
insert into foo values ("rewoiu","fds","fr","oiufdsrew","rewoiu","fds","fr","oiufdsrew");
insert into bar select * from foo;
include/diff_tables.inc [test.foo, test.bar]
alter table foo drop column aaa, drop column aa;
alter table bar drop column aaa, drop column aa;
include/diff_tables.inc [test.foo, test.bar]
drop table foo;
drop table bar;
create table foo (aa blob, bb longblob, cc tinyblob, dd mediumblob, aaa varchar(12), bbb varbinary(20), ccc varchar(50), ddd varchar(3000)) engine=TokuDB;
create table bar like foo;
alter table bar engine=MyISAM;
insert into foo values (NULL,NULL,NULL,NULL,NULL,NULL,NULL,NULL);
insert into foo values (NULL,NULL,NULL,NULL,"adsf",NULL,"hjfdshj",NULL);
insert into foo values (NULL,NULL,NULL,NULL,NULL,"oifds",NULL,"fdsjfds");
insert into foo values (NULL,NULL,NULL,NULL,"rewoiu","fds","fr","oiufdsrew");
insert into foo values ("adsf",NULL,"hjfdshj",NULL,NULL,NULL,NULL,NULL);
insert into foo values ("adsf",NULL,"hjfdshj",NULL,"adsf",NULL,"hjfdshj",NULL);
insert into foo values ("adsf",NULL,"hjfdshj",NULL,NULL,"oifds",NULL,"fdsjfds");
insert into foo values ("adsf",NULL,"hjfdshj",NULL,"rewoiu","fds","fr","oiufdsrew");
insert into foo values (NULL,"oifds",NULL,"fdsjfds",NULL,NULL,NULL,NULL);
insert into foo values (NULL,"oifds",NULL,"fdsjfds","adsf",NULL,"hjfdshj",NULL);
insert into foo values (NULL,"oifds",NULL,"fdsjfds",NULL,"oifds",NULL,"fdsjfds");
insert into foo values (NULL,"oifds",NULL,"fdsjfds","rewoiu","fds","fr","oiufdsrew");
insert into foo values ("rewoiu","fds","fr","oiufdsrew",NULL,NULL,NULL,NULL);
insert into foo values ("rewoiu","fds","fr","oiufdsrew","adsf",NULL,"hjfdshj",NULL);
insert into foo values ("rewoiu","fds","fr","oiufdsrew",NULL,"oifds",NULL,"fdsjfds");
insert into foo values ("rewoiu","fds","fr","oiufdsrew","rewoiu","fds","fr","oiufdsrew");
insert into bar select * from foo;
include/diff_tables.inc [test.foo, test.bar]
alter table foo drop column aaa, drop column bb;
alter table bar drop column aaa, drop column bb;
include/diff_tables.inc [test.foo, test.bar]
drop table foo;
drop table bar;
create table foo (aa blob, bb longblob, cc tinyblob, dd mediumblob, aaa varchar(12), bbb varbinary(20), ccc varchar(50), ddd varchar(3000)) engine=TokuDB;
create table bar like foo;
alter table bar engine=MyISAM;
insert into foo values (NULL,NULL,NULL,NULL,NULL,NULL,NULL,NULL);
insert into foo values (NULL,NULL,NULL,NULL,"adsf",NULL,"hjfdshj",NULL);
insert into foo values (NULL,NULL,NULL,NULL,NULL,"oifds",NULL,"fdsjfds");
insert into foo values (NULL,NULL,NULL,NULL,"rewoiu","fds","fr","oiufdsrew");
insert into foo values ("adsf",NULL,"hjfdshj",NULL,NULL,NULL,NULL,NULL);
insert into foo values ("adsf",NULL,"hjfdshj",NULL,"adsf",NULL,"hjfdshj",NULL);
insert into foo values ("adsf",NULL,"hjfdshj",NULL,NULL,"oifds",NULL,"fdsjfds");
insert into foo values ("adsf",NULL,"hjfdshj",NULL,"rewoiu","fds","fr","oiufdsrew");
insert into foo values (NULL,"oifds",NULL,"fdsjfds",NULL,NULL,NULL,NULL);
insert into foo values (NULL,"oifds",NULL,"fdsjfds","adsf",NULL,"hjfdshj",NULL);
insert into foo values (NULL,"oifds",NULL,"fdsjfds",NULL,"oifds",NULL,"fdsjfds");
insert into foo values (NULL,"oifds",NULL,"fdsjfds","rewoiu","fds","fr","oiufdsrew");
insert into foo values ("rewoiu","fds","fr","oiufdsrew",NULL,NULL,NULL,NULL);
insert into foo values ("rewoiu","fds","fr","oiufdsrew","adsf",NULL,"hjfdshj",NULL);
insert into foo values ("rewoiu","fds","fr","oiufdsrew",NULL,"oifds",NULL,"fdsjfds");
insert into foo values ("rewoiu","fds","fr","oiufdsrew","rewoiu","fds","fr","oiufdsrew");
insert into bar select * from foo;
include/diff_tables.inc [test.foo, test.bar]
alter table foo drop column aaa, drop column cc;
alter table bar drop column aaa, drop column cc;
include/diff_tables.inc [test.foo, test.bar]
drop table foo;
drop table bar;
create table foo (aa blob, bb longblob, cc tinyblob, dd mediumblob, aaa varchar(12), bbb varbinary(20), ccc varchar(50), ddd varchar(3000)) engine=TokuDB;
create table bar like foo;
alter table bar engine=MyISAM;
insert into foo values (NULL,NULL,NULL,NULL,NULL,NULL,NULL,NULL);
insert into foo values (NULL,NULL,NULL,NULL,"adsf",NULL,"hjfdshj",NULL);
insert into foo values (NULL,NULL,NULL,NULL,NULL,"oifds",NULL,"fdsjfds");
insert into foo values (NULL,NULL,NULL,NULL,"rewoiu","fds","fr","oiufdsrew");
insert into foo values ("adsf",NULL,"hjfdshj",NULL,NULL,NULL,NULL,NULL);
insert into foo values ("adsf",NULL,"hjfdshj",NULL,"adsf",NULL,"hjfdshj",NULL);
insert into foo values ("adsf",NULL,"hjfdshj",NULL,NULL,"oifds",NULL,"fdsjfds");
insert into foo values ("adsf",NULL,"hjfdshj",NULL,"rewoiu","fds","fr","oiufdsrew");
insert into foo values (NULL,"oifds",NULL,"fdsjfds",NULL,NULL,NULL,NULL);
insert into foo values (NULL,"oifds",NULL,"fdsjfds","adsf",NULL,"hjfdshj",NULL);
insert into foo values (NULL,"oifds",NULL,"fdsjfds",NULL,"oifds",NULL,"fdsjfds");
insert into foo values (NULL,"oifds",NULL,"fdsjfds","rewoiu","fds","fr","oiufdsrew");
insert into foo values ("rewoiu","fds","fr","oiufdsrew",NULL,NULL,NULL,NULL);
insert into foo values ("rewoiu","fds","fr","oiufdsrew","adsf",NULL,"hjfdshj",NULL);
insert into foo values ("rewoiu","fds","fr","oiufdsrew",NULL,"oifds",NULL,"fdsjfds");
insert into foo values ("rewoiu","fds","fr","oiufdsrew","rewoiu","fds","fr","oiufdsrew");
insert into bar select * from foo;
include/diff_tables.inc [test.foo, test.bar]
alter table foo drop column aaa, drop column dd;
alter table bar drop column aaa, drop column dd;
include/diff_tables.inc [test.foo, test.bar]
drop table foo;
drop table bar;
create table foo (aa blob, bb longblob, cc tinyblob, dd mediumblob, aaa varchar(12), bbb varbinary(20), ccc varchar(50), ddd varchar(3000)) engine=TokuDB;
create table bar like foo;
alter table bar engine=MyISAM;
insert into foo values (NULL,NULL,NULL,NULL,NULL,NULL,NULL,NULL);
insert into foo values (NULL,NULL,NULL,NULL,"adsf",NULL,"hjfdshj",NULL);
insert into foo values (NULL,NULL,NULL,NULL,NULL,"oifds",NULL,"fdsjfds");
insert into foo values (NULL,NULL,NULL,NULL,"rewoiu","fds","fr","oiufdsrew");
insert into foo values ("adsf",NULL,"hjfdshj",NULL,NULL,NULL,NULL,NULL);
insert into foo values ("adsf",NULL,"hjfdshj",NULL,"adsf",NULL,"hjfdshj",NULL);
insert into foo values ("adsf",NULL,"hjfdshj",NULL,NULL,"oifds",NULL,"fdsjfds");
insert into foo values ("adsf",NULL,"hjfdshj",NULL,"rewoiu","fds","fr","oiufdsrew");
insert into foo values (NULL,"oifds",NULL,"fdsjfds",NULL,NULL,NULL,NULL);
insert into foo values (NULL,"oifds",NULL,"fdsjfds","adsf",NULL,"hjfdshj",NULL);
insert into foo values (NULL,"oifds",NULL,"fdsjfds",NULL,"oifds",NULL,"fdsjfds");
insert into foo values (NULL,"oifds",NULL,"fdsjfds","rewoiu","fds","fr","oiufdsrew");
insert into foo values ("rewoiu","fds","fr","oiufdsrew",NULL,NULL,NULL,NULL);
insert into foo values ("rewoiu","fds","fr","oiufdsrew","adsf",NULL,"hjfdshj",NULL);
insert into foo values ("rewoiu","fds","fr","oiufdsrew",NULL,"oifds",NULL,"fdsjfds");
insert into foo values ("rewoiu","fds","fr","oiufdsrew","rewoiu","fds","fr","oiufdsrew");
insert into bar select * from foo;
include/diff_tables.inc [test.foo, test.bar]
alter table foo drop column aaa, drop column bbb;
alter table bar drop column aaa, drop column bbb;
include/diff_tables.inc [test.foo, test.bar]
drop table foo;
drop table bar;
create table foo (aa blob, bb longblob, cc tinyblob, dd mediumblob, aaa varchar(12), bbb varbinary(20), ccc varchar(50), ddd varchar(3000)) engine=TokuDB;
create table bar like foo;
alter table bar engine=MyISAM;
insert into foo values (NULL,NULL,NULL,NULL,NULL,NULL,NULL,NULL);
insert into foo values (NULL,NULL,NULL,NULL,"adsf",NULL,"hjfdshj",NULL);
insert into foo values (NULL,NULL,NULL,NULL,NULL,"oifds",NULL,"fdsjfds");
insert into foo values (NULL,NULL,NULL,NULL,"rewoiu","fds","fr","oiufdsrew");
insert into foo values ("adsf",NULL,"hjfdshj",NULL,NULL,NULL,NULL,NULL);
insert into foo values ("adsf",NULL,"hjfdshj",NULL,"adsf",NULL,"hjfdshj",NULL);
insert into foo values ("adsf",NULL,"hjfdshj",NULL,NULL,"oifds",NULL,"fdsjfds");
insert into foo values ("adsf",NULL,"hjfdshj",NULL,"rewoiu","fds","fr","oiufdsrew");
insert into foo values (NULL,"oifds",NULL,"fdsjfds",NULL,NULL,NULL,NULL);
insert into foo values (NULL,"oifds",NULL,"fdsjfds","adsf",NULL,"hjfdshj",NULL);
insert into foo values (NULL,"oifds",NULL,"fdsjfds",NULL,"oifds",NULL,"fdsjfds");
insert into foo values (NULL,"oifds",NULL,"fdsjfds","rewoiu","fds","fr","oiufdsrew");
insert into foo values ("rewoiu","fds","fr","oiufdsrew",NULL,NULL,NULL,NULL);
insert into foo values ("rewoiu","fds","fr","oiufdsrew","adsf",NULL,"hjfdshj",NULL);
insert into foo values ("rewoiu","fds","fr","oiufdsrew",NULL,"oifds",NULL,"fdsjfds");
insert into foo values ("rewoiu","fds","fr","oiufdsrew","rewoiu","fds","fr","oiufdsrew");
insert into bar select * from foo;
include/diff_tables.inc [test.foo, test.bar]
alter table foo drop column aaa, drop column ccc;
alter table bar drop column aaa, drop column ccc;
include/diff_tables.inc [test.foo, test.bar]
drop table foo;
drop table bar;
create table foo (aa blob, bb longblob, cc tinyblob, dd mediumblob, aaa varchar(12), bbb varbinary(20), ccc varchar(50), ddd varchar(3000)) engine=TokuDB;
create table bar like foo;
alter table bar engine=MyISAM;
insert into foo values (NULL,NULL,NULL,NULL,NULL,NULL,NULL,NULL);
insert into foo values (NULL,NULL,NULL,NULL,"adsf",NULL,"hjfdshj",NULL);
insert into foo values (NULL,NULL,NULL,NULL,NULL,"oifds",NULL,"fdsjfds");
insert into foo values (NULL,NULL,NULL,NULL,"rewoiu","fds","fr","oiufdsrew");
insert into foo values ("adsf",NULL,"hjfdshj",NULL,NULL,NULL,NULL,NULL);
insert into foo values ("adsf",NULL,"hjfdshj",NULL,"adsf",NULL,"hjfdshj",NULL);
insert into foo values ("adsf",NULL,"hjfdshj",NULL,NULL,"oifds",NULL,"fdsjfds");
insert into foo values ("adsf",NULL,"hjfdshj",NULL,"rewoiu","fds","fr","oiufdsrew");
insert into foo values (NULL,"oifds",NULL,"fdsjfds",NULL,NULL,NULL,NULL);
insert into foo values (NULL,"oifds",NULL,"fdsjfds","adsf",NULL,"hjfdshj",NULL);
insert into foo values (NULL,"oifds",NULL,"fdsjfds",NULL,"oifds",NULL,"fdsjfds");
insert into foo values (NULL,"oifds",NULL,"fdsjfds","rewoiu","fds","fr","oiufdsrew");
insert into foo values ("rewoiu","fds","fr","oiufdsrew",NULL,NULL,NULL,NULL);
insert into foo values ("rewoiu","fds","fr","oiufdsrew","adsf",NULL,"hjfdshj",NULL);
insert into foo values ("rewoiu","fds","fr","oiufdsrew",NULL,"oifds",NULL,"fdsjfds");
insert into foo values ("rewoiu","fds","fr","oiufdsrew","rewoiu","fds","fr","oiufdsrew");
insert into bar select * from foo;
include/diff_tables.inc [test.foo, test.bar]
alter table foo drop column aaa, drop column ddd;
alter table bar drop column aaa, drop column ddd;
include/diff_tables.inc [test.foo, test.bar]
drop table foo;
drop table bar;
create table foo (aa blob, bb longblob, cc tinyblob, dd mediumblob, aaa varchar(12), bbb varbinary(20), ccc varchar(50), ddd varchar(3000)) engine=TokuDB;
create table bar like foo;
alter table bar engine=MyISAM;
insert into foo values (NULL,NULL,NULL,NULL,NULL,NULL,NULL,NULL);
insert into foo values (NULL,NULL,NULL,NULL,"adsf",NULL,"hjfdshj",NULL);
insert into foo values (NULL,NULL,NULL,NULL,NULL,"oifds",NULL,"fdsjfds");
insert into foo values (NULL,NULL,NULL,NULL,"rewoiu","fds","fr","oiufdsrew");
insert into foo values ("adsf",NULL,"hjfdshj",NULL,NULL,NULL,NULL,NULL);
insert into foo values ("adsf",NULL,"hjfdshj",NULL,"adsf",NULL,"hjfdshj",NULL);
insert into foo values ("adsf",NULL,"hjfdshj",NULL,NULL,"oifds",NULL,"fdsjfds");
insert into foo values ("adsf",NULL,"hjfdshj",NULL,"rewoiu","fds","fr","oiufdsrew");
insert into foo values (NULL,"oifds",NULL,"fdsjfds",NULL,NULL,NULL,NULL);
insert into foo values (NULL,"oifds",NULL,"fdsjfds","adsf",NULL,"hjfdshj",NULL);
insert into foo values (NULL,"oifds",NULL,"fdsjfds",NULL,"oifds",NULL,"fdsjfds");
insert into foo values (NULL,"oifds",NULL,"fdsjfds","rewoiu","fds","fr","oiufdsrew");
insert into foo values ("rewoiu","fds","fr","oiufdsrew",NULL,NULL,NULL,NULL);
insert into foo values ("rewoiu","fds","fr","oiufdsrew","adsf",NULL,"hjfdshj",NULL);
insert into foo values ("rewoiu","fds","fr","oiufdsrew",NULL,"oifds",NULL,"fdsjfds");
insert into foo values ("rewoiu","fds","fr","oiufdsrew","rewoiu","fds","fr","oiufdsrew");
insert into bar select * from foo;
include/diff_tables.inc [test.foo, test.bar]
alter table foo drop column bbb, drop column aa;
alter table bar drop column bbb, drop column aa;
include/diff_tables.inc [test.foo, test.bar]
drop table foo;
drop table bar;
create table foo (aa blob, bb longblob, cc tinyblob, dd mediumblob, aaa varchar(12), bbb varbinary(20), ccc varchar(50), ddd varchar(3000)) engine=TokuDB;
create table bar like foo;
alter table bar engine=MyISAM;
insert into foo values (NULL,NULL,NULL,NULL,NULL,NULL,NULL,NULL);
insert into foo values (NULL,NULL,NULL,NULL,"adsf",NULL,"hjfdshj",NULL);
insert into foo values (NULL,NULL,NULL,NULL,NULL,"oifds",NULL,"fdsjfds");
insert into foo values (NULL,NULL,NULL,NULL,"rewoiu","fds","fr","oiufdsrew");
insert into foo values ("adsf",NULL,"hjfdshj",NULL,NULL,NULL,NULL,NULL);
insert into foo values ("adsf",NULL,"hjfdshj",NULL,"adsf",NULL,"hjfdshj",NULL);
insert into foo values ("adsf",NULL,"hjfdshj",NULL,NULL,"oifds",NULL,"fdsjfds");
insert into foo values ("adsf",NULL,"hjfdshj",NULL,"rewoiu","fds","fr","oiufdsrew");
insert into foo values (NULL,"oifds",NULL,"fdsjfds",NULL,NULL,NULL,NULL);
insert into foo values (NULL,"oifds",NULL,"fdsjfds","adsf",NULL,"hjfdshj",NULL);
insert into foo values (NULL,"oifds",NULL,"fdsjfds",NULL,"oifds",NULL,"fdsjfds");
insert into foo values (NULL,"oifds",NULL,"fdsjfds","rewoiu","fds","fr","oiufdsrew");
insert into foo values ("rewoiu","fds","fr","oiufdsrew",NULL,NULL,NULL,NULL);
insert into foo values ("rewoiu","fds","fr","oiufdsrew","adsf",NULL,"hjfdshj",NULL);
insert into foo values ("rewoiu","fds","fr","oiufdsrew",NULL,"oifds",NULL,"fdsjfds");
insert into foo values ("rewoiu","fds","fr","oiufdsrew","rewoiu","fds","fr","oiufdsrew");
insert into bar select * from foo;
include/diff_tables.inc [test.foo, test.bar]
alter table foo drop column bbb, drop column bb;
alter table bar drop column bbb, drop column bb;
include/diff_tables.inc [test.foo, test.bar]
drop table foo;
drop table bar;
create table foo (aa blob, bb longblob, cc tinyblob, dd mediumblob, aaa varchar(12), bbb varbinary(20), ccc varchar(50), ddd varchar(3000)) engine=TokuDB;
create table bar like foo;
alter table bar engine=MyISAM;
insert into foo values (NULL,NULL,NULL,NULL,NULL,NULL,NULL,NULL);
insert into foo values (NULL,NULL,NULL,NULL,"adsf",NULL,"hjfdshj",NULL);
insert into foo values (NULL,NULL,NULL,NULL,NULL,"oifds",NULL,"fdsjfds");
insert into foo values (NULL,NULL,NULL,NULL,"rewoiu","fds","fr","oiufdsrew");
insert into foo values ("adsf",NULL,"hjfdshj",NULL,NULL,NULL,NULL,NULL);
insert into foo values ("adsf",NULL,"hjfdshj",NULL,"adsf",NULL,"hjfdshj",NULL);
insert into foo values ("adsf",NULL,"hjfdshj",NULL,NULL,"oifds",NULL,"fdsjfds");
insert into foo values ("adsf",NULL,"hjfdshj",NULL,"rewoiu","fds","fr","oiufdsrew");
insert into foo values (NULL,"oifds",NULL,"fdsjfds",NULL,NULL,NULL,NULL);
insert into foo values (NULL,"oifds",NULL,"fdsjfds","adsf",NULL,"hjfdshj",NULL);
insert into foo values (NULL,"oifds",NULL,"fdsjfds",NULL,"oifds",NULL,"fdsjfds");
insert into foo values (NULL,"oifds",NULL,"fdsjfds","rewoiu","fds","fr","oiufdsrew");
insert into foo values ("rewoiu","fds","fr","oiufdsrew",NULL,NULL,NULL,NULL);
insert into foo values ("rewoiu","fds","fr","oiufdsrew","adsf",NULL,"hjfdshj",NULL);
insert into foo values ("rewoiu","fds","fr","oiufdsrew",NULL,"oifds",NULL,"fdsjfds");
insert into foo values ("rewoiu","fds","fr","oiufdsrew","rewoiu","fds","fr","oiufdsrew");
insert into bar select * from foo;
include/diff_tables.inc [test.foo, test.bar]
alter table foo drop column bbb, drop column cc;
alter table bar drop column bbb, drop column cc;
include/diff_tables.inc [test.foo, test.bar]
drop table foo;
drop table bar;
create table foo (aa blob, bb longblob, cc tinyblob, dd mediumblob, aaa varchar(12), bbb varbinary(20), ccc varchar(50), ddd varchar(3000)) engine=TokuDB;
create table bar like foo;
alter table bar engine=MyISAM;
insert into foo values (NULL,NULL,NULL,NULL,NULL,NULL,NULL,NULL);
insert into foo values (NULL,NULL,NULL,NULL,"adsf",NULL,"hjfdshj",NULL);
insert into foo values (NULL,NULL,NULL,NULL,NULL,"oifds",NULL,"fdsjfds");
insert into foo values (NULL,NULL,NULL,NULL,"rewoiu","fds","fr","oiufdsrew");
insert into foo values ("adsf",NULL,"hjfdshj",NULL,NULL,NULL,NULL,NULL);
insert into foo values ("adsf",NULL,"hjfdshj",NULL,"adsf",NULL,"hjfdshj",NULL);
insert into foo values ("adsf",NULL,"hjfdshj",NULL,NULL,"oifds",NULL,"fdsjfds");
insert into foo values ("adsf",NULL,"hjfdshj",NULL,"rewoiu","fds","fr","oiufdsrew");
insert into foo values (NULL,"oifds",NULL,"fdsjfds",NULL,NULL,NULL,NULL);
insert into foo values (NULL,"oifds",NULL,"fdsjfds","adsf",NULL,"hjfdshj",NULL);
insert into foo values (NULL,"oifds",NULL,"fdsjfds",NULL,"oifds",NULL,"fdsjfds");
insert into foo values (NULL,"oifds",NULL,"fdsjfds","rewoiu","fds","fr","oiufdsrew");
insert into foo values ("rewoiu","fds","fr","oiufdsrew",NULL,NULL,NULL,NULL);
insert into foo values ("rewoiu","fds","fr","oiufdsrew","adsf",NULL,"hjfdshj",NULL);
insert into foo values ("rewoiu","fds","fr","oiufdsrew",NULL,"oifds",NULL,"fdsjfds");
insert into foo values ("rewoiu","fds","fr","oiufdsrew","rewoiu","fds","fr","oiufdsrew");
insert into bar select * from foo;
include/diff_tables.inc [test.foo, test.bar]
alter table foo drop column bbb, drop column dd;
alter table bar drop column bbb, drop column dd;
include/diff_tables.inc [test.foo, test.bar]
drop table foo;
drop table bar;
create table foo (aa blob, bb longblob, cc tinyblob, dd mediumblob, aaa varchar(12), bbb varbinary(20), ccc varchar(50), ddd varchar(3000)) engine=TokuDB;
create table bar like foo;
alter table bar engine=MyISAM;
insert into foo values (NULL,NULL,NULL,NULL,NULL,NULL,NULL,NULL);
insert into foo values (NULL,NULL,NULL,NULL,"adsf",NULL,"hjfdshj",NULL);
insert into foo values (NULL,NULL,NULL,NULL,NULL,"oifds",NULL,"fdsjfds");
insert into foo values (NULL,NULL,NULL,NULL,"rewoiu","fds","fr","oiufdsrew");
insert into foo values ("adsf",NULL,"hjfdshj",NULL,NULL,NULL,NULL,NULL);
insert into foo values ("adsf",NULL,"hjfdshj",NULL,"adsf",NULL,"hjfdshj",NULL);
insert into foo values ("adsf",NULL,"hjfdshj",NULL,NULL,"oifds",NULL,"fdsjfds");
insert into foo values ("adsf",NULL,"hjfdshj",NULL,"rewoiu","fds","fr","oiufdsrew");
insert into foo values (NULL,"oifds",NULL,"fdsjfds",NULL,NULL,NULL,NULL);
insert into foo values (NULL,"oifds",NULL,"fdsjfds","adsf",NULL,"hjfdshj",NULL);
insert into foo values (NULL,"oifds",NULL,"fdsjfds",NULL,"oifds",NULL,"fdsjfds");
insert into foo values (NULL,"oifds",NULL,"fdsjfds","rewoiu","fds","fr","oiufdsrew");
insert into foo values ("rewoiu","fds","fr","oiufdsrew",NULL,NULL,NULL,NULL);
insert into foo values ("rewoiu","fds","fr","oiufdsrew","adsf",NULL,"hjfdshj",NULL);
insert into foo values ("rewoiu","fds","fr","oiufdsrew",NULL,"oifds",NULL,"fdsjfds");
insert into foo values ("rewoiu","fds","fr","oiufdsrew","rewoiu","fds","fr","oiufdsrew");
insert into bar select * from foo;
include/diff_tables.inc [test.foo, test.bar]
alter table foo drop column bbb, drop column aaa;
alter table bar drop column bbb, drop column aaa;
include/diff_tables.inc [test.foo, test.bar]
drop table foo;
drop table bar;
create table foo (aa blob, bb longblob, cc tinyblob, dd mediumblob, aaa varchar(12), bbb varbinary(20), ccc varchar(50), ddd varchar(3000)) engine=TokuDB;
create table bar like foo;
alter table bar engine=MyISAM;
insert into foo values (NULL,NULL,NULL,NULL,NULL,NULL,NULL,NULL);
insert into foo values (NULL,NULL,NULL,NULL,"adsf",NULL,"hjfdshj",NULL);
insert into foo values (NULL,NULL,NULL,NULL,NULL,"oifds",NULL,"fdsjfds");
insert into foo values (NULL,NULL,NULL,NULL,"rewoiu","fds","fr","oiufdsrew");
insert into foo values ("adsf",NULL,"hjfdshj",NULL,NULL,NULL,NULL,NULL);
insert into foo values ("adsf",NULL,"hjfdshj",NULL,"adsf",NULL,"hjfdshj",NULL);
insert into foo values ("adsf",NULL,"hjfdshj",NULL,NULL,"oifds",NULL,"fdsjfds");
insert into foo values ("adsf",NULL,"hjfdshj",NULL,"rewoiu","fds","fr","oiufdsrew");
insert into foo values (NULL,"oifds",NULL,"fdsjfds",NULL,NULL,NULL,NULL);
insert into foo values (NULL,"oifds",NULL,"fdsjfds","adsf",NULL,"hjfdshj",NULL);
insert into foo values (NULL,"oifds",NULL,"fdsjfds",NULL,"oifds",NULL,"fdsjfds");
insert into foo values (NULL,"oifds",NULL,"fdsjfds","rewoiu","fds","fr","oiufdsrew");
insert into foo values ("rewoiu","fds","fr","oiufdsrew",NULL,NULL,NULL,NULL);
insert into foo values ("rewoiu","fds","fr","oiufdsrew","adsf",NULL,"hjfdshj",NULL);
insert into foo values ("rewoiu","fds","fr","oiufdsrew",NULL,"oifds",NULL,"fdsjfds");
insert into foo values ("rewoiu","fds","fr","oiufdsrew","rewoiu","fds","fr","oiufdsrew");
insert into bar select * from foo;
include/diff_tables.inc [test.foo, test.bar]
alter table foo drop column bbb, drop column ccc;
alter table bar drop column bbb, drop column ccc;
include/diff_tables.inc [test.foo, test.bar]
drop table foo;
drop table bar;
create table foo (aa blob, bb longblob, cc tinyblob, dd mediumblob, aaa varchar(12), bbb varbinary(20), ccc varchar(50), ddd varchar(3000)) engine=TokuDB;
create table bar like foo;
alter table bar engine=MyISAM;
insert into foo values (NULL,NULL,NULL,NULL,NULL,NULL,NULL,NULL);
insert into foo values (NULL,NULL,NULL,NULL,"adsf",NULL,"hjfdshj",NULL);
insert into foo values (NULL,NULL,NULL,NULL,NULL,"oifds",NULL,"fdsjfds");
insert into foo values (NULL,NULL,NULL,NULL,"rewoiu","fds","fr","oiufdsrew");
insert into foo values ("adsf",NULL,"hjfdshj",NULL,NULL,NULL,NULL,NULL);
insert into foo values ("adsf",NULL,"hjfdshj",NULL,"adsf",NULL,"hjfdshj",NULL);
insert into foo values ("adsf",NULL,"hjfdshj",NULL,NULL,"oifds",NULL,"fdsjfds");
insert into foo values ("adsf",NULL,"hjfdshj",NULL,"rewoiu","fds","fr","oiufdsrew");
insert into foo values (NULL,"oifds",NULL,"fdsjfds",NULL,NULL,NULL,NULL);
insert into foo values (NULL,"oifds",NULL,"fdsjfds","adsf",NULL,"hjfdshj",NULL);
insert into foo values (NULL,"oifds",NULL,"fdsjfds",NULL,"oifds",NULL,"fdsjfds");
insert into foo values (NULL,"oifds",NULL,"fdsjfds","rewoiu","fds","fr","oiufdsrew");
insert into foo values ("rewoiu","fds","fr","oiufdsrew",NULL,NULL,NULL,NULL);
insert into foo values ("rewoiu","fds","fr","oiufdsrew","adsf",NULL,"hjfdshj",NULL);
insert into foo values ("rewoiu","fds","fr","oiufdsrew",NULL,"oifds",NULL,"fdsjfds");
insert into foo values ("rewoiu","fds","fr","oiufdsrew","rewoiu","fds","fr","oiufdsrew");
insert into bar select * from foo;
include/diff_tables.inc [test.foo, test.bar]
alter table foo drop column bbb, drop column ddd;
alter table bar drop column bbb, drop column ddd;
include/diff_tables.inc [test.foo, test.bar]
drop table foo;
drop table bar;
create table foo (aa blob, bb longblob, cc tinyblob, dd mediumblob, aaa varchar(12), bbb varbinary(20), ccc varchar(50), ddd varchar(3000)) engine=TokuDB;
create table bar like foo;
alter table bar engine=MyISAM;
insert into foo values (NULL,NULL,NULL,NULL,NULL,NULL,NULL,NULL);
insert into foo values (NULL,NULL,NULL,NULL,"adsf",NULL,"hjfdshj",NULL);
insert into foo values (NULL,NULL,NULL,NULL,NULL,"oifds",NULL,"fdsjfds");
insert into foo values (NULL,NULL,NULL,NULL,"rewoiu","fds","fr","oiufdsrew");
insert into foo values ("adsf",NULL,"hjfdshj",NULL,NULL,NULL,NULL,NULL);
insert into foo values ("adsf",NULL,"hjfdshj",NULL,"adsf",NULL,"hjfdshj",NULL);
insert into foo values ("adsf",NULL,"hjfdshj",NULL,NULL,"oifds",NULL,"fdsjfds");
insert into foo values ("adsf",NULL,"hjfdshj",NULL,"rewoiu","fds","fr","oiufdsrew");
insert into foo values (NULL,"oifds",NULL,"fdsjfds",NULL,NULL,NULL,NULL);
insert into foo values (NULL,"oifds",NULL,"fdsjfds","adsf",NULL,"hjfdshj",NULL);
insert into foo values (NULL,"oifds",NULL,"fdsjfds",NULL,"oifds",NULL,"fdsjfds");
insert into foo values (NULL,"oifds",NULL,"fdsjfds","rewoiu","fds","fr","oiufdsrew");
insert into foo values ("rewoiu","fds","fr","oiufdsrew",NULL,NULL,NULL,NULL);
insert into foo values ("rewoiu","fds","fr","oiufdsrew","adsf",NULL,"hjfdshj",NULL);
insert into foo values ("rewoiu","fds","fr","oiufdsrew",NULL,"oifds",NULL,"fdsjfds");
insert into foo values ("rewoiu","fds","fr","oiufdsrew","rewoiu","fds","fr","oiufdsrew");
insert into bar select * from foo;
include/diff_tables.inc [test.foo, test.bar]
alter table foo drop column ccc, drop column aa;
alter table bar drop column ccc, drop column aa;
include/diff_tables.inc [test.foo, test.bar]
drop table foo;
drop table bar;
create table foo (aa blob, bb longblob, cc tinyblob, dd mediumblob, aaa varchar(12), bbb varbinary(20), ccc varchar(50), ddd varchar(3000)) engine=TokuDB;
create table bar like foo;
alter table bar engine=MyISAM;
insert into foo values (NULL,NULL,NULL,NULL,NULL,NULL,NULL,NULL);
insert into foo values (NULL,NULL,NULL,NULL,"adsf",NULL,"hjfdshj",NULL);
insert into foo values (NULL,NULL,NULL,NULL,NULL,"oifds",NULL,"fdsjfds");
insert into foo values (NULL,NULL,NULL,NULL,"rewoiu","fds","fr","oiufdsrew");
insert into foo values ("adsf",NULL,"hjfdshj",NULL,NULL,NULL,NULL,NULL);
insert into foo values ("adsf",NULL,"hjfdshj",NULL,"adsf",NULL,"hjfdshj",NULL);
insert into foo values ("adsf",NULL,"hjfdshj",NULL,NULL,"oifds",NULL,"fdsjfds");
insert into foo values ("adsf",NULL,"hjfdshj",NULL,"rewoiu","fds","fr","oiufdsrew");
insert into foo values (NULL,"oifds",NULL,"fdsjfds",NULL,NULL,NULL,NULL);
insert into foo values (NULL,"oifds",NULL,"fdsjfds","adsf",NULL,"hjfdshj",NULL);
insert into foo values (NULL,"oifds",NULL,"fdsjfds",NULL,"oifds",NULL,"fdsjfds");
insert into foo values (NULL,"oifds",NULL,"fdsjfds","rewoiu","fds","fr","oiufdsrew");
insert into foo values ("rewoiu","fds","fr","oiufdsrew",NULL,NULL,NULL,NULL);
insert into foo values ("rewoiu","fds","fr","oiufdsrew","adsf",NULL,"hjfdshj",NULL);
insert into foo values ("rewoiu","fds","fr","oiufdsrew",NULL,"oifds",NULL,"fdsjfds");
insert into foo values ("rewoiu","fds","fr","oiufdsrew","rewoiu","fds","fr","oiufdsrew");
insert into bar select * from foo;
include/diff_tables.inc [test.foo, test.bar]
alter table foo drop column ccc, drop column bb;
alter table bar drop column ccc, drop column bb;
include/diff_tables.inc [test.foo, test.bar]
drop table foo;
drop table bar;
create table foo (aa blob, bb longblob, cc tinyblob, dd mediumblob, aaa varchar(12), bbb varbinary(20), ccc varchar(50), ddd varchar(3000)) engine=TokuDB;
create table bar like foo;
alter table bar engine=MyISAM;
insert into foo values (NULL,NULL,NULL,NULL,NULL,NULL,NULL,NULL);
insert into foo values (NULL,NULL,NULL,NULL,"adsf",NULL,"hjfdshj",NULL);
insert into foo values (NULL,NULL,NULL,NULL,NULL,"oifds",NULL,"fdsjfds");
insert into foo values (NULL,NULL,NULL,NULL,"rewoiu","fds","fr","oiufdsrew");
insert into foo values ("adsf",NULL,"hjfdshj",NULL,NULL,NULL,NULL,NULL);
insert into foo values ("adsf",NULL,"hjfdshj",NULL,"adsf",NULL,"hjfdshj",NULL);
insert into foo values ("adsf",NULL,"hjfdshj",NULL,NULL,"oifds",NULL,"fdsjfds");
insert into foo values ("adsf",NULL,"hjfdshj",NULL,"rewoiu","fds","fr","oiufdsrew");
insert into foo values (NULL,"oifds",NULL,"fdsjfds",NULL,NULL,NULL,NULL);
insert into foo values (NULL,"oifds",NULL,"fdsjfds","adsf",NULL,"hjfdshj",NULL);
insert into foo values (NULL,"oifds",NULL,"fdsjfds",NULL,"oifds",NULL,"fdsjfds");
insert into foo values (NULL,"oifds",NULL,"fdsjfds","rewoiu","fds","fr","oiufdsrew");
insert into foo values ("rewoiu","fds","fr","oiufdsrew",NULL,NULL,NULL,NULL);
insert into foo values ("rewoiu","fds","fr","oiufdsrew","adsf",NULL,"hjfdshj",NULL);
insert into foo values ("rewoiu","fds","fr","oiufdsrew",NULL,"oifds",NULL,"fdsjfds");
insert into foo values ("rewoiu","fds","fr","oiufdsrew","rewoiu","fds","fr","oiufdsrew");
insert into bar select * from foo;
include/diff_tables.inc [test.foo, test.bar]
alter table foo drop column ccc, drop column cc;
alter table bar drop column ccc, drop column cc;
include/diff_tables.inc [test.foo, test.bar]
drop table foo;
drop table bar;
create table foo (aa blob, bb longblob, cc tinyblob, dd mediumblob, aaa varchar(12), bbb varbinary(20), ccc varchar(50), ddd varchar(3000)) engine=TokuDB;
create table bar like foo;
alter table bar engine=MyISAM;
insert into foo values (NULL,NULL,NULL,NULL,NULL,NULL,NULL,NULL);
insert into foo values (NULL,NULL,NULL,NULL,"adsf",NULL,"hjfdshj",NULL);
insert into foo values (NULL,NULL,NULL,NULL,NULL,"oifds",NULL,"fdsjfds");
insert into foo values (NULL,NULL,NULL,NULL,"rewoiu","fds","fr","oiufdsrew");
insert into foo values ("adsf",NULL,"hjfdshj",NULL,NULL,NULL,NULL,NULL);
insert into foo values ("adsf",NULL,"hjfdshj",NULL,"adsf",NULL,"hjfdshj",NULL);
insert into foo values ("adsf",NULL,"hjfdshj",NULL,NULL,"oifds",NULL,"fdsjfds");
insert into foo values ("adsf",NULL,"hjfdshj",NULL,"rewoiu","fds","fr","oiufdsrew");
insert into foo values (NULL,"oifds",NULL,"fdsjfds",NULL,NULL,NULL,NULL);
insert into foo values (NULL,"oifds",NULL,"fdsjfds","adsf",NULL,"hjfdshj",NULL);
insert into foo values (NULL,"oifds",NULL,"fdsjfds",NULL,"oifds",NULL,"fdsjfds");
insert into foo values (NULL,"oifds",NULL,"fdsjfds","rewoiu","fds","fr","oiufdsrew");
insert into foo values ("rewoiu","fds","fr","oiufdsrew",NULL,NULL,NULL,NULL);
insert into foo values ("rewoiu","fds","fr","oiufdsrew","adsf",NULL,"hjfdshj",NULL);
insert into foo values ("rewoiu","fds","fr","oiufdsrew",NULL,"oifds",NULL,"fdsjfds");
insert into foo values ("rewoiu","fds","fr","oiufdsrew","rewoiu","fds","fr","oiufdsrew");
insert into bar select * from foo;
include/diff_tables.inc [test.foo, test.bar]
alter table foo drop column ccc, drop column dd;
alter table bar drop column ccc, drop column dd;
include/diff_tables.inc [test.foo, test.bar]
drop table foo;
drop table bar;
create table foo (aa blob, bb longblob, cc tinyblob, dd mediumblob, aaa varchar(12), bbb varbinary(20), ccc varchar(50), ddd varchar(3000)) engine=TokuDB;
create table bar like foo;
alter table bar engine=MyISAM;
insert into foo values (NULL,NULL,NULL,NULL,NULL,NULL,NULL,NULL);
insert into foo values (NULL,NULL,NULL,NULL,"adsf",NULL,"hjfdshj",NULL);
insert into foo values (NULL,NULL,NULL,NULL,NULL,"oifds",NULL,"fdsjfds");
insert into foo values (NULL,NULL,NULL,NULL,"rewoiu","fds","fr","oiufdsrew");
insert into foo values ("adsf",NULL,"hjfdshj",NULL,NULL,NULL,NULL,NULL);
insert into foo values ("adsf",NULL,"hjfdshj",NULL,"adsf",NULL,"hjfdshj",NULL);
insert into foo values ("adsf",NULL,"hjfdshj",NULL,NULL,"oifds",NULL,"fdsjfds");
insert into foo values ("adsf",NULL,"hjfdshj",NULL,"rewoiu","fds","fr","oiufdsrew");
insert into foo values (NULL,"oifds",NULL,"fdsjfds",NULL,NULL,NULL,NULL);
insert into foo values (NULL,"oifds",NULL,"fdsjfds","adsf",NULL,"hjfdshj",NULL);
insert into foo values (NULL,"oifds",NULL,"fdsjfds",NULL,"oifds",NULL,"fdsjfds");
insert into foo values (NULL,"oifds",NULL,"fdsjfds","rewoiu","fds","fr","oiufdsrew");
insert into foo values ("rewoiu","fds","fr","oiufdsrew",NULL,NULL,NULL,NULL);
insert into foo values ("rewoiu","fds","fr","oiufdsrew","adsf",NULL,"hjfdshj",NULL);
insert into foo values ("rewoiu","fds","fr","oiufdsrew",NULL,"oifds",NULL,"fdsjfds");
insert into foo values ("rewoiu","fds","fr","oiufdsrew","rewoiu","fds","fr","oiufdsrew");
insert into bar select * from foo;
include/diff_tables.inc [test.foo, test.bar]
alter table foo drop column ccc, drop column aaa;
alter table bar drop column ccc, drop column aaa;
include/diff_tables.inc [test.foo, test.bar]
drop table foo;
drop table bar;
create table foo (aa blob, bb longblob, cc tinyblob, dd mediumblob, aaa varchar(12), bbb varbinary(20), ccc varchar(50), ddd varchar(3000)) engine=TokuDB;
create table bar like foo;
alter table bar engine=MyISAM;
insert into foo values (NULL,NULL,NULL,NULL,NULL,NULL,NULL,NULL);
insert into foo values (NULL,NULL,NULL,NULL,"adsf",NULL,"hjfdshj",NULL);
insert into foo values (NULL,NULL,NULL,NULL,NULL,"oifds",NULL,"fdsjfds");
insert into foo values (NULL,NULL,NULL,NULL,"rewoiu","fds","fr","oiufdsrew");
insert into foo values ("adsf",NULL,"hjfdshj",NULL,NULL,NULL,NULL,NULL);
insert into foo values ("adsf",NULL,"hjfdshj",NULL,"adsf",NULL,"hjfdshj",NULL);
insert into foo values ("adsf",NULL,"hjfdshj",NULL,NULL,"oifds",NULL,"fdsjfds");
insert into foo values ("adsf",NULL,"hjfdshj",NULL,"rewoiu","fds","fr","oiufdsrew");
insert into foo values (NULL,"oifds",NULL,"fdsjfds",NULL,NULL,NULL,NULL);
insert into foo values (NULL,"oifds",NULL,"fdsjfds","adsf",NULL,"hjfdshj",NULL);
insert into foo values (NULL,"oifds",NULL,"fdsjfds",NULL,"oifds",NULL,"fdsjfds");
insert into foo values (NULL,"oifds",NULL,"fdsjfds","rewoiu","fds","fr","oiufdsrew");
insert into foo values ("rewoiu","fds","fr","oiufdsrew",NULL,NULL,NULL,NULL);
insert into foo values ("rewoiu","fds","fr","oiufdsrew","adsf",NULL,"hjfdshj",NULL);
insert into foo values ("rewoiu","fds","fr","oiufdsrew",NULL,"oifds",NULL,"fdsjfds");
insert into foo values ("rewoiu","fds","fr","oiufdsrew","rewoiu","fds","fr","oiufdsrew");
insert into bar select * from foo;
include/diff_tables.inc [test.foo, test.bar]
alter table foo drop column ccc, drop column bbb;
alter table bar drop column ccc, drop column bbb;
include/diff_tables.inc [test.foo, test.bar]
drop table foo;
drop table bar;
create table foo (aa blob, bb longblob, cc tinyblob, dd mediumblob, aaa varchar(12), bbb varbinary(20), ccc varchar(50), ddd varchar(3000)) engine=TokuDB;
create table bar like foo;
alter table bar engine=MyISAM;
insert into foo values (NULL,NULL,NULL,NULL,NULL,NULL,NULL,NULL);
insert into foo values (NULL,NULL,NULL,NULL,"adsf",NULL,"hjfdshj",NULL);
insert into foo values (NULL,NULL,NULL,NULL,NULL,"oifds",NULL,"fdsjfds");
insert into foo values (NULL,NULL,NULL,NULL,"rewoiu","fds","fr","oiufdsrew");
insert into foo values ("adsf",NULL,"hjfdshj",NULL,NULL,NULL,NULL,NULL);
insert into foo values ("adsf",NULL,"hjfdshj",NULL,"adsf",NULL,"hjfdshj",NULL);
insert into foo values ("adsf",NULL,"hjfdshj",NULL,NULL,"oifds",NULL,"fdsjfds");
insert into foo values ("adsf",NULL,"hjfdshj",NULL,"rewoiu","fds","fr","oiufdsrew");
insert into foo values (NULL,"oifds",NULL,"fdsjfds",NULL,NULL,NULL,NULL);
insert into foo values (NULL,"oifds",NULL,"fdsjfds","adsf",NULL,"hjfdshj",NULL);
insert into foo values (NULL,"oifds",NULL,"fdsjfds",NULL,"oifds",NULL,"fdsjfds");
insert into foo values (NULL,"oifds",NULL,"fdsjfds","rewoiu","fds","fr","oiufdsrew");
insert into foo values ("rewoiu","fds","fr","oiufdsrew",NULL,NULL,NULL,NULL);
insert into foo values ("rewoiu","fds","fr","oiufdsrew","adsf",NULL,"hjfdshj",NULL);
insert into foo values ("rewoiu","fds","fr","oiufdsrew",NULL,"oifds",NULL,"fdsjfds");
insert into foo values ("rewoiu","fds","fr","oiufdsrew","rewoiu","fds","fr","oiufdsrew");
insert into bar select * from foo;
include/diff_tables.inc [test.foo, test.bar]
alter table foo drop column ccc, drop column ddd;
alter table bar drop column ccc, drop column ddd;
include/diff_tables.inc [test.foo, test.bar]
drop table foo;
drop table bar;
create table foo (aa blob, bb longblob, cc tinyblob, dd mediumblob, aaa varchar(12), bbb varbinary(20), ccc varchar(50), ddd varchar(3000)) engine=TokuDB;
create table bar like foo;
alter table bar engine=MyISAM;
insert into foo values (NULL,NULL,NULL,NULL,NULL,NULL,NULL,NULL);
insert into foo values (NULL,NULL,NULL,NULL,"adsf",NULL,"hjfdshj",NULL);
insert into foo values (NULL,NULL,NULL,NULL,NULL,"oifds",NULL,"fdsjfds");
insert into foo values (NULL,NULL,NULL,NULL,"rewoiu","fds","fr","oiufdsrew");
insert into foo values ("adsf",NULL,"hjfdshj",NULL,NULL,NULL,NULL,NULL);
insert into foo values ("adsf",NULL,"hjfdshj",NULL,"adsf",NULL,"hjfdshj",NULL);
insert into foo values ("adsf",NULL,"hjfdshj",NULL,NULL,"oifds",NULL,"fdsjfds");
insert into foo values ("adsf",NULL,"hjfdshj",NULL,"rewoiu","fds","fr","oiufdsrew");
insert into foo values (NULL,"oifds",NULL,"fdsjfds",NULL,NULL,NULL,NULL);
insert into foo values (NULL,"oifds",NULL,"fdsjfds","adsf",NULL,"hjfdshj",NULL);
insert into foo values (NULL,"oifds",NULL,"fdsjfds",NULL,"oifds",NULL,"fdsjfds");
insert into foo values (NULL,"oifds",NULL,"fdsjfds","rewoiu","fds","fr","oiufdsrew");
insert into foo values ("rewoiu","fds","fr","oiufdsrew",NULL,NULL,NULL,NULL);
insert into foo values ("rewoiu","fds","fr","oiufdsrew","adsf",NULL,"hjfdshj",NULL);
insert into foo values ("rewoiu","fds","fr","oiufdsrew",NULL,"oifds",NULL,"fdsjfds");
insert into foo values ("rewoiu","fds","fr","oiufdsrew","rewoiu","fds","fr","oiufdsrew");
insert into bar select * from foo;
include/diff_tables.inc [test.foo, test.bar]
alter table foo drop column ddd, drop column aa;
alter table bar drop column ddd, drop column aa;
include/diff_tables.inc [test.foo, test.bar]
drop table foo;
drop table bar;
create table foo (aa blob, bb longblob, cc tinyblob, dd mediumblob, aaa varchar(12), bbb varbinary(20), ccc varchar(50), ddd varchar(3000)) engine=TokuDB;
create table bar like foo;
alter table bar engine=MyISAM;
insert into foo values (NULL,NULL,NULL,NULL,NULL,NULL,NULL,NULL);
insert into foo values (NULL,NULL,NULL,NULL,"adsf",NULL,"hjfdshj",NULL);
insert into foo values (NULL,NULL,NULL,NULL,NULL,"oifds",NULL,"fdsjfds");
insert into foo values (NULL,NULL,NULL,NULL,"rewoiu","fds","fr","oiufdsrew");
insert into foo values ("adsf",NULL,"hjfdshj",NULL,NULL,NULL,NULL,NULL);
insert into foo values ("adsf",NULL,"hjfdshj",NULL,"adsf",NULL,"hjfdshj",NULL);
insert into foo values ("adsf",NULL,"hjfdshj",NULL,NULL,"oifds",NULL,"fdsjfds");
insert into foo values ("adsf",NULL,"hjfdshj",NULL,"rewoiu","fds","fr","oiufdsrew");
insert into foo values (NULL,"oifds",NULL,"fdsjfds",NULL,NULL,NULL,NULL);
insert into foo values (NULL,"oifds",NULL,"fdsjfds","adsf",NULL,"hjfdshj",NULL);
insert into foo values (NULL,"oifds",NULL,"fdsjfds",NULL,"oifds",NULL,"fdsjfds");
insert into foo values (NULL,"oifds",NULL,"fdsjfds","rewoiu","fds","fr","oiufdsrew");
insert into foo values ("rewoiu","fds","fr","oiufdsrew",NULL,NULL,NULL,NULL);
insert into foo values ("rewoiu","fds","fr","oiufdsrew","adsf",NULL,"hjfdshj",NULL);
insert into foo values ("rewoiu","fds","fr","oiufdsrew",NULL,"oifds",NULL,"fdsjfds");
insert into foo values ("rewoiu","fds","fr","oiufdsrew","rewoiu","fds","fr","oiufdsrew");
insert into bar select * from foo;
include/diff_tables.inc [test.foo, test.bar]
alter table foo drop column ddd, drop column bb;
alter table bar drop column ddd, drop column bb;
include/diff_tables.inc [test.foo, test.bar]
drop table foo;
drop table bar;
create table foo (aa blob, bb longblob, cc tinyblob, dd mediumblob, aaa varchar(12), bbb varbinary(20), ccc varchar(50), ddd varchar(3000)) engine=TokuDB;
create table bar like foo;
alter table bar engine=MyISAM;
insert into foo values (NULL,NULL,NULL,NULL,NULL,NULL,NULL,NULL);
insert into foo values (NULL,NULL,NULL,NULL,"adsf",NULL,"hjfdshj",NULL);
insert into foo values (NULL,NULL,NULL,NULL,NULL,"oifds",NULL,"fdsjfds");
insert into foo values (NULL,NULL,NULL,NULL,"rewoiu","fds","fr","oiufdsrew");
insert into foo values ("adsf",NULL,"hjfdshj",NULL,NULL,NULL,NULL,NULL);
insert into foo values ("adsf",NULL,"hjfdshj",NULL,"adsf",NULL,"hjfdshj",NULL);
insert into foo values ("adsf",NULL,"hjfdshj",NULL,NULL,"oifds",NULL,"fdsjfds");
insert into foo values ("adsf",NULL,"hjfdshj",NULL,"rewoiu","fds","fr","oiufdsrew");
insert into foo values (NULL,"oifds",NULL,"fdsjfds",NULL,NULL,NULL,NULL);
insert into foo values (NULL,"oifds",NULL,"fdsjfds","adsf",NULL,"hjfdshj",NULL);
insert into foo values (NULL,"oifds",NULL,"fdsjfds",NULL,"oifds",NULL,"fdsjfds");
insert into foo values (NULL,"oifds",NULL,"fdsjfds","rewoiu","fds","fr","oiufdsrew");
insert into foo values ("rewoiu","fds","fr","oiufdsrew",NULL,NULL,NULL,NULL);
insert into foo values ("rewoiu","fds","fr","oiufdsrew","adsf",NULL,"hjfdshj",NULL);
insert into foo values ("rewoiu","fds","fr","oiufdsrew",NULL,"oifds",NULL,"fdsjfds");
insert into foo values ("rewoiu","fds","fr","oiufdsrew","rewoiu","fds","fr","oiufdsrew");
insert into bar select * from foo;
include/diff_tables.inc [test.foo, test.bar]
alter table foo drop column ddd, drop column cc;
alter table bar drop column ddd, drop column cc;
include/diff_tables.inc [test.foo, test.bar]
drop table foo;
drop table bar;
create table foo (aa blob, bb longblob, cc tinyblob, dd mediumblob, aaa varchar(12), bbb varbinary(20), ccc varchar(50), ddd varchar(3000)) engine=TokuDB;
create table bar like foo;
alter table bar engine=MyISAM;
insert into foo values (NULL,NULL,NULL,NULL,NULL,NULL,NULL,NULL);
insert into foo values (NULL,NULL,NULL,NULL,"adsf",NULL,"hjfdshj",NULL);
insert into foo values (NULL,NULL,NULL,NULL,NULL,"oifds",NULL,"fdsjfds");
insert into foo values (NULL,NULL,NULL,NULL,"rewoiu","fds","fr","oiufdsrew");
insert into foo values ("adsf",NULL,"hjfdshj",NULL,NULL,NULL,NULL,NULL);
insert into foo values ("adsf",NULL,"hjfdshj",NULL,"adsf",NULL,"hjfdshj",NULL);
insert into foo values ("adsf",NULL,"hjfdshj",NULL,NULL,"oifds",NULL,"fdsjfds");
insert into foo values ("adsf",NULL,"hjfdshj",NULL,"rewoiu","fds","fr","oiufdsrew");
insert into foo values (NULL,"oifds",NULL,"fdsjfds",NULL,NULL,NULL,NULL);
insert into foo values (NULL,"oifds",NULL,"fdsjfds","adsf",NULL,"hjfdshj",NULL);
insert into foo values (NULL,"oifds",NULL,"fdsjfds",NULL,"oifds",NULL,"fdsjfds");
insert into foo values (NULL,"oifds",NULL,"fdsjfds","rewoiu","fds","fr","oiufdsrew");
insert into foo values ("rewoiu","fds","fr","oiufdsrew",NULL,NULL,NULL,NULL);
insert into foo values ("rewoiu","fds","fr","oiufdsrew","adsf",NULL,"hjfdshj",NULL);
insert into foo values ("rewoiu","fds","fr","oiufdsrew",NULL,"oifds",NULL,"fdsjfds");
insert into foo values ("rewoiu","fds","fr","oiufdsrew","rewoiu","fds","fr","oiufdsrew");
insert into bar select * from foo;
include/diff_tables.inc [test.foo, test.bar]
alter table foo drop column ddd, drop column dd;
alter table bar drop column ddd, drop column dd;
include/diff_tables.inc [test.foo, test.bar]
drop table foo;
drop table bar;
create table foo (aa blob, bb longblob, cc tinyblob, dd mediumblob, aaa varchar(12), bbb varbinary(20), ccc varchar(50), ddd varchar(3000)) engine=TokuDB;
create table bar like foo;
alter table bar engine=MyISAM;
insert into foo values (NULL,NULL,NULL,NULL,NULL,NULL,NULL,NULL);
insert into foo values (NULL,NULL,NULL,NULL,"adsf",NULL,"hjfdshj",NULL);
insert into foo values (NULL,NULL,NULL,NULL,NULL,"oifds",NULL,"fdsjfds");
insert into foo values (NULL,NULL,NULL,NULL,"rewoiu","fds","fr","oiufdsrew");
insert into foo values ("adsf",NULL,"hjfdshj",NULL,NULL,NULL,NULL,NULL);
insert into foo values ("adsf",NULL,"hjfdshj",NULL,"adsf",NULL,"hjfdshj",NULL);
insert into foo values ("adsf",NULL,"hjfdshj",NULL,NULL,"oifds",NULL,"fdsjfds");
insert into foo values ("adsf",NULL,"hjfdshj",NULL,"rewoiu","fds","fr","oiufdsrew");
insert into foo values (NULL,"oifds",NULL,"fdsjfds",NULL,NULL,NULL,NULL);
insert into foo values (NULL,"oifds",NULL,"fdsjfds","adsf",NULL,"hjfdshj",NULL);
insert into foo values (NULL,"oifds",NULL,"fdsjfds",NULL,"oifds",NULL,"fdsjfds");
insert into foo values (NULL,"oifds",NULL,"fdsjfds","rewoiu","fds","fr","oiufdsrew");
insert into foo values ("rewoiu","fds","fr","oiufdsrew",NULL,NULL,NULL,NULL);
insert into foo values ("rewoiu","fds","fr","oiufdsrew","adsf",NULL,"hjfdshj",NULL);
insert into foo values ("rewoiu","fds","fr","oiufdsrew",NULL,"oifds",NULL,"fdsjfds");
insert into foo values ("rewoiu","fds","fr","oiufdsrew","rewoiu","fds","fr","oiufdsrew");
insert into bar select * from foo;
include/diff_tables.inc [test.foo, test.bar]
alter table foo drop column ddd, drop column aaa;
alter table bar drop column ddd, drop column aaa;
include/diff_tables.inc [test.foo, test.bar]
drop table foo;
drop table bar;
create table foo (aa blob, bb longblob, cc tinyblob, dd mediumblob, aaa varchar(12), bbb varbinary(20), ccc varchar(50), ddd varchar(3000)) engine=TokuDB;
create table bar like foo;
alter table bar engine=MyISAM;
insert into foo values (NULL,NULL,NULL,NULL,NULL,NULL,NULL,NULL);
insert into foo values (NULL,NULL,NULL,NULL,"adsf",NULL,"hjfdshj",NULL);
insert into foo values (NULL,NULL,NULL,NULL,NULL,"oifds",NULL,"fdsjfds");
insert into foo values (NULL,NULL,NULL,NULL,"rewoiu","fds","fr","oiufdsrew");
insert into foo values ("adsf",NULL,"hjfdshj",NULL,NULL,NULL,NULL,NULL);
insert into foo values ("adsf",NULL,"hjfdshj",NULL,"adsf",NULL,"hjfdshj",NULL);
insert into foo values ("adsf",NULL,"hjfdshj",NULL,NULL,"oifds",NULL,"fdsjfds");
insert into foo values ("adsf",NULL,"hjfdshj",NULL,"rewoiu","fds","fr","oiufdsrew");
insert into foo values (NULL,"oifds",NULL,"fdsjfds",NULL,NULL,NULL,NULL);
insert into foo values (NULL,"oifds",NULL,"fdsjfds","adsf",NULL,"hjfdshj",NULL);
insert into foo values (NULL,"oifds",NULL,"fdsjfds",NULL,"oifds",NULL,"fdsjfds");
insert into foo values (NULL,"oifds",NULL,"fdsjfds","rewoiu","fds","fr","oiufdsrew");
insert into foo values ("rewoiu","fds","fr","oiufdsrew",NULL,NULL,NULL,NULL);
insert into foo values ("rewoiu","fds","fr","oiufdsrew","adsf",NULL,"hjfdshj",NULL);
insert into foo values ("rewoiu","fds","fr","oiufdsrew",NULL,"oifds",NULL,"fdsjfds");
insert into foo values ("rewoiu","fds","fr","oiufdsrew","rewoiu","fds","fr","oiufdsrew");
insert into bar select * from foo;
include/diff_tables.inc [test.foo, test.bar]
alter table foo drop column ddd, drop column bbb;
alter table bar drop column ddd, drop column bbb;
include/diff_tables.inc [test.foo, test.bar]
drop table foo;
drop table bar;
create table foo (aa blob, bb longblob, cc tinyblob, dd mediumblob, aaa varchar(12), bbb varbinary(20), ccc varchar(50), ddd varchar(3000)) engine=TokuDB;
create table bar like foo;
alter table bar engine=MyISAM;
insert into foo values (NULL,NULL,NULL,NULL,NULL,NULL,NULL,NULL);
insert into foo values (NULL,NULL,NULL,NULL,"adsf",NULL,"hjfdshj",NULL);
insert into foo values (NULL,NULL,NULL,NULL,NULL,"oifds",NULL,"fdsjfds");
insert into foo values (NULL,NULL,NULL,NULL,"rewoiu","fds","fr","oiufdsrew");
insert into foo values ("adsf",NULL,"hjfdshj",NULL,NULL,NULL,NULL,NULL);
insert into foo values ("adsf",NULL,"hjfdshj",NULL,"adsf",NULL,"hjfdshj",NULL);
insert into foo values ("adsf",NULL,"hjfdshj",NULL,NULL,"oifds",NULL,"fdsjfds");
insert into foo values ("adsf",NULL,"hjfdshj",NULL,"rewoiu","fds","fr","oiufdsrew");
insert into foo values (NULL,"oifds",NULL,"fdsjfds",NULL,NULL,NULL,NULL);
insert into foo values (NULL,"oifds",NULL,"fdsjfds","adsf",NULL,"hjfdshj",NULL);
insert into foo values (NULL,"oifds",NULL,"fdsjfds",NULL,"oifds",NULL,"fdsjfds");
insert into foo values (NULL,"oifds",NULL,"fdsjfds","rewoiu","fds","fr","oiufdsrew");
insert into foo values ("rewoiu","fds","fr","oiufdsrew",NULL,NULL,NULL,NULL);
insert into foo values ("rewoiu","fds","fr","oiufdsrew","adsf",NULL,"hjfdshj",NULL);
insert into foo values ("rewoiu","fds","fr","oiufdsrew",NULL,"oifds",NULL,"fdsjfds");
insert into foo values ("rewoiu","fds","fr","oiufdsrew","rewoiu","fds","fr","oiufdsrew");
insert into bar select * from foo;
include/diff_tables.inc [test.foo, test.bar]
alter table foo drop column ddd, drop column ccc;
alter table bar drop column ddd, drop column ccc;
include/diff_tables.inc [test.foo, test.bar]
drop table foo;
drop table bar;
create table foo (aa blob, bb longblob, cc tinyblob, dd mediumblob, aaa varchar(12), bbb varbinary(20), ccc varchar(50), ddd varchar(3000)) engine=TokuDB;
create table bar like foo;
alter table bar engine=MyISAM;
insert into foo values (NULL,NULL,NULL,NULL,NULL,NULL,NULL,NULL);
insert into foo values (NULL,NULL,NULL,NULL,"adsf",NULL,"hjfdshj",NULL);
insert into foo values (NULL,NULL,NULL,NULL,NULL,"oifds",NULL,"fdsjfds");
insert into foo values (NULL,NULL,NULL,NULL,"rewoiu","fds","fr","oiufdsrew");
insert into foo values ("adsf",NULL,"hjfdshj",NULL,NULL,NULL,NULL,NULL);
insert into foo values ("adsf",NULL,"hjfdshj",NULL,"adsf",NULL,"hjfdshj",NULL);
insert into foo values ("adsf",NULL,"hjfdshj",NULL,NULL,"oifds",NULL,"fdsjfds");
insert into foo values ("adsf",NULL,"hjfdshj",NULL,"rewoiu","fds","fr","oiufdsrew");
insert into foo values (NULL,"oifds",NULL,"fdsjfds",NULL,NULL,NULL,NULL);
insert into foo values (NULL,"oifds",NULL,"fdsjfds","adsf",NULL,"hjfdshj",NULL);
insert into foo values (NULL,"oifds",NULL,"fdsjfds",NULL,"oifds",NULL,"fdsjfds");
insert into foo values (NULL,"oifds",NULL,"fdsjfds","rewoiu","fds","fr","oiufdsrew");
insert into foo values ("rewoiu","fds","fr","oiufdsrew",NULL,NULL,NULL,NULL);
insert into foo values ("rewoiu","fds","fr","oiufdsrew","adsf",NULL,"hjfdshj",NULL);
insert into foo values ("rewoiu","fds","fr","oiufdsrew",NULL,"oifds",NULL,"fdsjfds");
insert into foo values ("rewoiu","fds","fr","oiufdsrew","rewoiu","fds","fr","oiufdsrew");
insert into bar select * from foo;
include/diff_tables.inc [test.foo, test.bar]
alter table foo drop column aa, drop column bb, drop column cc;
alter table bar drop column aa, drop column bb, drop column cc;
include/diff_tables.inc [test.foo, test.bar]
drop table foo;
drop table bar;
create table foo (aa blob, bb longblob, cc tinyblob, dd mediumblob, aaa varchar(12), bbb varbinary(20), ccc varchar(50), ddd varchar(3000)) engine=TokuDB;
create table bar like foo;
alter table bar engine=MyISAM;
insert into foo values (NULL,NULL,NULL,NULL,NULL,NULL,NULL,NULL);
insert into foo values (NULL,NULL,NULL,NULL,"adsf",NULL,"hjfdshj",NULL);
insert into foo values (NULL,NULL,NULL,NULL,NULL,"oifds",NULL,"fdsjfds");
insert into foo values (NULL,NULL,NULL,NULL,"rewoiu","fds","fr","oiufdsrew");
insert into foo values ("adsf",NULL,"hjfdshj",NULL,NULL,NULL,NULL,NULL);
insert into foo values ("adsf",NULL,"hjfdshj",NULL,"adsf",NULL,"hjfdshj",NULL);
insert into foo values ("adsf",NULL,"hjfdshj",NULL,NULL,"oifds",NULL,"fdsjfds");
insert into foo values ("adsf",NULL,"hjfdshj",NULL,"rewoiu","fds","fr","oiufdsrew");
insert into foo values (NULL,"oifds",NULL,"fdsjfds",NULL,NULL,NULL,NULL);
insert into foo values (NULL,"oifds",NULL,"fdsjfds","adsf",NULL,"hjfdshj",NULL);
insert into foo values (NULL,"oifds",NULL,"fdsjfds",NULL,"oifds",NULL,"fdsjfds");
insert into foo values (NULL,"oifds",NULL,"fdsjfds","rewoiu","fds","fr","oiufdsrew");
insert into foo values ("rewoiu","fds","fr","oiufdsrew",NULL,NULL,NULL,NULL);
insert into foo values ("rewoiu","fds","fr","oiufdsrew","adsf",NULL,"hjfdshj",NULL);
insert into foo values ("rewoiu","fds","fr","oiufdsrew",NULL,"oifds",NULL,"fdsjfds");
insert into foo values ("rewoiu","fds","fr","oiufdsrew","rewoiu","fds","fr","oiufdsrew");
insert into bar select * from foo;
include/diff_tables.inc [test.foo, test.bar]
alter table foo drop column aa, drop column bb, drop column dd;
alter table bar drop column aa, drop column bb, drop column dd;
include/diff_tables.inc [test.foo, test.bar]
drop table foo;
drop table bar;
create table foo (aa blob, bb longblob, cc tinyblob, dd mediumblob, aaa varchar(12), bbb varbinary(20), ccc varchar(50), ddd varchar(3000)) engine=TokuDB;
create table bar like foo;
alter table bar engine=MyISAM;
insert into foo values (NULL,NULL,NULL,NULL,NULL,NULL,NULL,NULL);
insert into foo values (NULL,NULL,NULL,NULL,"adsf",NULL,"hjfdshj",NULL);
insert into foo values (NULL,NULL,NULL,NULL,NULL,"oifds",NULL,"fdsjfds");
insert into foo values (NULL,NULL,NULL,NULL,"rewoiu","fds","fr","oiufdsrew");
insert into foo values ("adsf",NULL,"hjfdshj",NULL,NULL,NULL,NULL,NULL);
insert into foo values ("adsf",NULL,"hjfdshj",NULL,"adsf",NULL,"hjfdshj",NULL);
insert into foo values ("adsf",NULL,"hjfdshj",NULL,NULL,"oifds",NULL,"fdsjfds");
insert into foo values ("adsf",NULL,"hjfdshj",NULL,"rewoiu","fds","fr","oiufdsrew");
insert into foo values (NULL,"oifds",NULL,"fdsjfds",NULL,NULL,NULL,NULL);
insert into foo values (NULL,"oifds",NULL,"fdsjfds","adsf",NULL,"hjfdshj",NULL);
insert into foo values (NULL,"oifds",NULL,"fdsjfds",NULL,"oifds",NULL,"fdsjfds");
insert into foo values (NULL,"oifds",NULL,"fdsjfds","rewoiu","fds","fr","oiufdsrew");
insert into foo values ("rewoiu","fds","fr","oiufdsrew",NULL,NULL,NULL,NULL);
insert into foo values ("rewoiu","fds","fr","oiufdsrew","adsf",NULL,"hjfdshj",NULL);
insert into foo values ("rewoiu","fds","fr","oiufdsrew",NULL,"oifds",NULL,"fdsjfds");
insert into foo values ("rewoiu","fds","fr","oiufdsrew","rewoiu","fds","fr","oiufdsrew");
insert into bar select * from foo;
include/diff_tables.inc [test.foo, test.bar]
alter table foo drop column aa, drop column cc, drop column dd;
alter table bar drop column aa, drop column cc, drop column dd;
include/diff_tables.inc [test.foo, test.bar]
drop table foo;
drop table bar;
create table foo (aa blob, bb longblob, cc tinyblob, dd mediumblob, aaa varchar(12), bbb varbinary(20), ccc varchar(50), ddd varchar(3000)) engine=TokuDB;
create table bar like foo;
alter table bar engine=MyISAM;
insert into foo values (NULL,NULL,NULL,NULL,NULL,NULL,NULL,NULL);
insert into foo values (NULL,NULL,NULL,NULL,"adsf",NULL,"hjfdshj",NULL);
insert into foo values (NULL,NULL,NULL,NULL,NULL,"oifds",NULL,"fdsjfds");
insert into foo values (NULL,NULL,NULL,NULL,"rewoiu","fds","fr","oiufdsrew");
insert into foo values ("adsf",NULL,"hjfdshj",NULL,NULL,NULL,NULL,NULL);
insert into foo values ("adsf",NULL,"hjfdshj",NULL,"adsf",NULL,"hjfdshj",NULL);
insert into foo values ("adsf",NULL,"hjfdshj",NULL,NULL,"oifds",NULL,"fdsjfds");
insert into foo values ("adsf",NULL,"hjfdshj",NULL,"rewoiu","fds","fr","oiufdsrew");
insert into foo values (NULL,"oifds",NULL,"fdsjfds",NULL,NULL,NULL,NULL);
insert into foo values (NULL,"oifds",NULL,"fdsjfds","adsf",NULL,"hjfdshj",NULL);
insert into foo values (NULL,"oifds",NULL,"fdsjfds",NULL,"oifds",NULL,"fdsjfds");
insert into foo values (NULL,"oifds",NULL,"fdsjfds","rewoiu","fds","fr","oiufdsrew");
insert into foo values ("rewoiu","fds","fr","oiufdsrew",NULL,NULL,NULL,NULL);
insert into foo values ("rewoiu","fds","fr","oiufdsrew","adsf",NULL,"hjfdshj",NULL);
insert into foo values ("rewoiu","fds","fr","oiufdsrew",NULL,"oifds",NULL,"fdsjfds");
insert into foo values ("rewoiu","fds","fr","oiufdsrew","rewoiu","fds","fr","oiufdsrew");
insert into bar select * from foo;
include/diff_tables.inc [test.foo, test.bar]
alter table foo drop column bb, drop column cc, drop column dd;
alter table bar drop column bb, drop column cc, drop column dd;
include/diff_tables.inc [test.foo, test.bar]
drop table foo;
drop table bar;
create table foo (aa blob, bb longblob, cc tinyblob, dd mediumblob, aaa varchar(12), bbb varbinary(20), ccc varchar(50), ddd varchar(3000)) engine=TokuDB;
create table bar like foo;
alter table bar engine=MyISAM;
insert into foo values (NULL,NULL,NULL,NULL,NULL,NULL,NULL,NULL);
insert into foo values (NULL,NULL,NULL,NULL,"adsf",NULL,"hjfdshj",NULL);
insert into foo values (NULL,NULL,NULL,NULL,NULL,"oifds",NULL,"fdsjfds");
insert into foo values (NULL,NULL,NULL,NULL,"rewoiu","fds","fr","oiufdsrew");
insert into foo values ("adsf",NULL,"hjfdshj",NULL,NULL,NULL,NULL,NULL);
insert into foo values ("adsf",NULL,"hjfdshj",NULL,"adsf",NULL,"hjfdshj",NULL);
insert into foo values ("adsf",NULL,"hjfdshj",NULL,NULL,"oifds",NULL,"fdsjfds");
insert into foo values ("adsf",NULL,"hjfdshj",NULL,"rewoiu","fds","fr","oiufdsrew");
insert into foo values (NULL,"oifds",NULL,"fdsjfds",NULL,NULL,NULL,NULL);
insert into foo values (NULL,"oifds",NULL,"fdsjfds","adsf",NULL,"hjfdshj",NULL);
insert into foo values (NULL,"oifds",NULL,"fdsjfds",NULL,"oifds",NULL,"fdsjfds");
insert into foo values (NULL,"oifds",NULL,"fdsjfds","rewoiu","fds","fr","oiufdsrew");
insert into foo values ("rewoiu","fds","fr","oiufdsrew",NULL,NULL,NULL,NULL);
insert into foo values ("rewoiu","fds","fr","oiufdsrew","adsf",NULL,"hjfdshj",NULL);
insert into foo values ("rewoiu","fds","fr","oiufdsrew",NULL,"oifds",NULL,"fdsjfds");
insert into foo values ("rewoiu","fds","fr","oiufdsrew","rewoiu","fds","fr","oiufdsrew");
insert into bar select * from foo;
include/diff_tables.inc [test.foo, test.bar]
alter table foo drop column aa, drop column bb, drop column cc, drop column dd;
alter table bar drop column aa, drop column bb, drop column cc, drop column dd;
include/diff_tables.inc [test.foo, test.bar]
drop table foo;
drop table bar;
create table foo (aa blob, bb longblob, cc tinyblob, dd mediumblob, aaa varchar(12), bbb varbinary(20), ccc varchar(50), ddd varchar(3000)) engine=TokuDB;
create table bar like foo;
alter table bar engine=MyISAM;
insert into foo values (NULL,NULL,NULL,NULL,NULL,NULL,NULL,NULL);
insert into foo values (NULL,NULL,NULL,NULL,"adsf",NULL,"hjfdshj",NULL);
insert into foo values (NULL,NULL,NULL,NULL,NULL,"oifds",NULL,"fdsjfds");
insert into foo values (NULL,NULL,NULL,NULL,"rewoiu","fds","fr","oiufdsrew");
insert into foo values ("adsf",NULL,"hjfdshj",NULL,NULL,NULL,NULL,NULL);
insert into foo values ("adsf",NULL,"hjfdshj",NULL,"adsf",NULL,"hjfdshj",NULL);
insert into foo values ("adsf",NULL,"hjfdshj",NULL,NULL,"oifds",NULL,"fdsjfds");
insert into foo values ("adsf",NULL,"hjfdshj",NULL,"rewoiu","fds","fr","oiufdsrew");
insert into foo values (NULL,"oifds",NULL,"fdsjfds",NULL,NULL,NULL,NULL);
insert into foo values (NULL,"oifds",NULL,"fdsjfds","adsf",NULL,"hjfdshj",NULL);
insert into foo values (NULL,"oifds",NULL,"fdsjfds",NULL,"oifds",NULL,"fdsjfds");
insert into foo values (NULL,"oifds",NULL,"fdsjfds","rewoiu","fds","fr","oiufdsrew");
insert into foo values ("rewoiu","fds","fr","oiufdsrew",NULL,NULL,NULL,NULL);
insert into foo values ("rewoiu","fds","fr","oiufdsrew","adsf",NULL,"hjfdshj",NULL);
insert into foo values ("rewoiu","fds","fr","oiufdsrew",NULL,"oifds",NULL,"fdsjfds");
insert into foo values ("rewoiu","fds","fr","oiufdsrew","rewoiu","fds","fr","oiufdsrew");
insert into bar select * from foo;
include/diff_tables.inc [test.foo, test.bar]
alter table foo drop column aaa, drop column bbb, drop column ccc, drop column ddd;
alter table bar drop column aaa, drop column bbb, drop column ccc, drop column ddd;
include/diff_tables.inc [test.foo, test.bar]
drop table foo;
drop table bar;
