SET DEFAULT_STORAGE_ENGINE='tokudb';
DROP TABLE IF EXISTS foo,bar;
set session tokudb_disable_slow_alter=ON;
create table foo (aa blob, bb longblob, cc tinyblob, dd mediumblob) engine=TokuDB;
create table bar like foo;
alter table bar engine=MyISAM;
begin;
insert into foo values (NULL,NULL,NULL,NULL);
insert into foo values ("adsf",NULL,"hjfdshj",NULL);
insert into foo values (NULL,"oifds",NULL,"fdsjfds");
insert into foo values ("rewoiu","fds","fr","oiufdsrew");
insert into bar select * from foo;
commit;
include/diff_tables.inc [test.foo, test.bar]
alter table foo drop column aa;
alter table bar drop column aa;
include/diff_tables.inc [test.foo, test.bar]
drop table foo;
drop table bar;
create table foo (aa blob, bb longblob, cc tinyblob, dd mediumblob) engine=TokuDB;
create table bar like foo;
alter table bar engine=MyISAM;
begin;
insert into foo values (NULL,NULL,NULL,NULL);
insert into foo values ("adsf",NULL,"hjfdshj",NULL);
insert into foo values (NULL,"oifds",NULL,"fdsjfds");
insert into foo values ("rewoiu","fds","fr","oiufdsrew");
insert into bar select * from foo;
commit;
include/diff_tables.inc [test.foo, test.bar]
alter table foo drop column bb;
alter table bar drop column bb;
include/diff_tables.inc [test.foo, test.bar]
drop table foo;
drop table bar;
create table foo (aa blob, bb longblob, cc tinyblob, dd mediumblob) engine=TokuDB;
create table bar like foo;
alter table bar engine=MyISAM;
begin;
insert into foo values (NULL,NULL,NULL,NULL);
insert into foo values ("adsf",NULL,"hjfdshj",NULL);
insert into foo values (NULL,"oifds",NULL,"fdsjfds");
insert into foo values ("rewoiu","fds","fr","oiufdsrew");
insert into bar select * from foo;
commit;
include/diff_tables.inc [test.foo, test.bar]
alter table foo drop column cc;
alter table bar drop column cc;
include/diff_tables.inc [test.foo, test.bar]
drop table foo;
drop table bar;
create table foo (aa blob, bb longblob, cc tinyblob, dd mediumblob) engine=TokuDB;
create table bar like foo;
alter table bar engine=MyISAM;
begin;
insert into foo values (NULL,NULL,NULL,NULL);
insert into foo values ("adsf",NULL,"hjfdshj",NULL);
insert into foo values (NULL,"oifds",NULL,"fdsjfds");
insert into foo values ("rewoiu","fds","fr","oiufdsrew");
insert into bar select * from foo;
commit;
include/diff_tables.inc [test.foo, test.bar]
alter table foo drop column dd;
alter table bar drop column dd;
include/diff_tables.inc [test.foo, test.bar]
drop table foo;
drop table bar;
create table foo (aa blob, bb longblob, cc tinyblob, dd mediumblob) engine=TokuDB;
create table bar like foo;
alter table bar engine=MyISAM;
begin;
insert into foo values (NULL,NULL,NULL,NULL);
insert into foo values ("adsf",NULL,"hjfdshj",NULL);
insert into foo values (NULL,"oifds",NULL,"fdsjfds");
insert into foo values ("rewoiu","fds","fr","oiufdsrew");
insert into bar select * from foo;
commit;
include/diff_tables.inc [test.foo, test.bar]
alter table foo drop column aa, drop column bb;
alter table bar drop column aa, drop column bb;
include/diff_tables.inc [test.foo, test.bar]
drop table foo;
drop table bar;
create table foo (aa blob, bb longblob, cc tinyblob, dd mediumblob) engine=TokuDB;
create table bar like foo;
alter table bar engine=MyISAM;
begin;
insert into foo values (NULL,NULL,NULL,NULL);
insert into foo values ("adsf",NULL,"hjfdshj",NULL);
insert into foo values (NULL,"oifds",NULL,"fdsjfds");
insert into foo values ("rewoiu","fds","fr","oiufdsrew");
insert into bar select * from foo;
commit;
include/diff_tables.inc [test.foo, test.bar]
alter table foo drop column aa, drop column cc;
alter table bar drop column aa, drop column cc;
include/diff_tables.inc [test.foo, test.bar]
drop table foo;
drop table bar;
create table foo (aa blob, bb longblob, cc tinyblob, dd mediumblob) engine=TokuDB;
create table bar like foo;
alter table bar engine=MyISAM;
begin;
insert into foo values (NULL,NULL,NULL,NULL);
insert into foo values ("adsf",NULL,"hjfdshj",NULL);
insert into foo values (NULL,"oifds",NULL,"fdsjfds");
insert into foo values ("rewoiu","fds","fr","oiufdsrew");
insert into bar select * from foo;
commit;
include/diff_tables.inc [test.foo, test.bar]
alter table foo drop column aa, drop column dd;
alter table bar drop column aa, drop column dd;
include/diff_tables.inc [test.foo, test.bar]
drop table foo;
drop table bar;
create table foo (aa blob, bb longblob, cc tinyblob, dd mediumblob) engine=TokuDB;
create table bar like foo;
alter table bar engine=MyISAM;
begin;
insert into foo values (NULL,NULL,NULL,NULL);
insert into foo values ("adsf",NULL,"hjfdshj",NULL);
insert into foo values (NULL,"oifds",NULL,"fdsjfds");
insert into foo values ("rewoiu","fds","fr","oiufdsrew");
insert into bar select * from foo;
commit;
include/diff_tables.inc [test.foo, test.bar]
alter table foo drop column bb, drop column aa;
alter table bar drop column bb, drop column aa;
include/diff_tables.inc [test.foo, test.bar]
drop table foo;
drop table bar;
create table foo (aa blob, bb longblob, cc tinyblob, dd mediumblob) engine=TokuDB;
create table bar like foo;
alter table bar engine=MyISAM;
begin;
insert into foo values (NULL,NULL,NULL,NULL);
insert into foo values ("adsf",NULL,"hjfdshj",NULL);
insert into foo values (NULL,"oifds",NULL,"fdsjfds");
insert into foo values ("rewoiu","fds","fr","oiufdsrew");
insert into bar select * from foo;
commit;
include/diff_tables.inc [test.foo, test.bar]
alter table foo drop column bb, drop column cc;
alter table bar drop column bb, drop column cc;
include/diff_tables.inc [test.foo, test.bar]
drop table foo;
drop table bar;
create table foo (aa blob, bb longblob, cc tinyblob, dd mediumblob) engine=TokuDB;
create table bar like foo;
alter table bar engine=MyISAM;
begin;
insert into foo values (NULL,NULL,NULL,NULL);
insert into foo values ("adsf",NULL,"hjfdshj",NULL);
insert into foo values (NULL,"oifds",NULL,"fdsjfds");
insert into foo values ("rewoiu","fds","fr","oiufdsrew");
insert into bar select * from foo;
commit;
include/diff_tables.inc [test.foo, test.bar]
alter table foo drop column bb, drop column dd;
alter table bar drop column bb, drop column dd;
include/diff_tables.inc [test.foo, test.bar]
drop table foo;
drop table bar;
create table foo (aa blob, bb longblob, cc tinyblob, dd mediumblob) engine=TokuDB;
create table bar like foo;
alter table bar engine=MyISAM;
begin;
insert into foo values (NULL,NULL,NULL,NULL);
insert into foo values ("adsf",NULL,"hjfdshj",NULL);
insert into foo values (NULL,"oifds",NULL,"fdsjfds");
insert into foo values ("rewoiu","fds","fr","oiufdsrew");
insert into bar select * from foo;
commit;
include/diff_tables.inc [test.foo, test.bar]
alter table foo drop column cc, drop column aa;
alter table bar drop column cc, drop column aa;
include/diff_tables.inc [test.foo, test.bar]
drop table foo;
drop table bar;
create table foo (aa blob, bb longblob, cc tinyblob, dd mediumblob) engine=TokuDB;
create table bar like foo;
alter table bar engine=MyISAM;
begin;
insert into foo values (NULL,NULL,NULL,NULL);
insert into foo values ("adsf",NULL,"hjfdshj",NULL);
insert into foo values (NULL,"oifds",NULL,"fdsjfds");
insert into foo values ("rewoiu","fds","fr","oiufdsrew");
insert into bar select * from foo;
commit;
include/diff_tables.inc [test.foo, test.bar]
alter table foo drop column cc, drop column bb;
alter table bar drop column cc, drop column bb;
include/diff_tables.inc [test.foo, test.bar]
drop table foo;
drop table bar;
create table foo (aa blob, bb longblob, cc tinyblob, dd mediumblob) engine=TokuDB;
create table bar like foo;
alter table bar engine=MyISAM;
begin;
insert into foo values (NULL,NULL,NULL,NULL);
insert into foo values ("adsf",NULL,"hjfdshj",NULL);
insert into foo values (NULL,"oifds",NULL,"fdsjfds");
insert into foo values ("rewoiu","fds","fr","oiufdsrew");
insert into bar select * from foo;
commit;
include/diff_tables.inc [test.foo, test.bar]
alter table foo drop column cc, drop column dd;
alter table bar drop column cc, drop column dd;
include/diff_tables.inc [test.foo, test.bar]
drop table foo;
drop table bar;
create table foo (aa blob, bb longblob, cc tinyblob, dd mediumblob) engine=TokuDB;
create table bar like foo;
alter table bar engine=MyISAM;
begin;
insert into foo values (NULL,NULL,NULL,NULL);
insert into foo values ("adsf",NULL,"hjfdshj",NULL);
insert into foo values (NULL,"oifds",NULL,"fdsjfds");
insert into foo values ("rewoiu","fds","fr","oiufdsrew");
insert into bar select * from foo;
commit;
include/diff_tables.inc [test.foo, test.bar]
alter table foo drop column dd, drop column aa;
alter table bar drop column dd, drop column aa;
include/diff_tables.inc [test.foo, test.bar]
drop table foo;
drop table bar;
create table foo (aa blob, bb longblob, cc tinyblob, dd mediumblob) engine=TokuDB;
create table bar like foo;
alter table bar engine=MyISAM;
begin;
insert into foo values (NULL,NULL,NULL,NULL);
insert into foo values ("adsf",NULL,"hjfdshj",NULL);
insert into foo values (NULL,"oifds",NULL,"fdsjfds");
insert into foo values ("rewoiu","fds","fr","oiufdsrew");
insert into bar select * from foo;
commit;
include/diff_tables.inc [test.foo, test.bar]
alter table foo drop column dd, drop column bb;
alter table bar drop column dd, drop column bb;
include/diff_tables.inc [test.foo, test.bar]
drop table foo;
drop table bar;
create table foo (aa blob, bb longblob, cc tinyblob, dd mediumblob) engine=TokuDB;
create table bar like foo;
alter table bar engine=MyISAM;
begin;
insert into foo values (NULL,NULL,NULL,NULL);
insert into foo values ("adsf",NULL,"hjfdshj",NULL);
insert into foo values (NULL,"oifds",NULL,"fdsjfds");
insert into foo values ("rewoiu","fds","fr","oiufdsrew");
insert into bar select * from foo;
commit;
include/diff_tables.inc [test.foo, test.bar]
alter table foo drop column dd, drop column cc;
alter table bar drop column dd, drop column cc;
include/diff_tables.inc [test.foo, test.bar]
drop table foo;
drop table bar;
create table foo (aa blob, bb longblob, cc tinyblob, dd mediumblob) engine=TokuDB;
create table bar like foo;
alter table bar engine=MyISAM;
begin;
insert into foo values (NULL,NULL,NULL,NULL);
insert into foo values ("adsf",NULL,"hjfdshj",NULL);
insert into foo values (NULL,"oifds",NULL,"fdsjfds");
insert into foo values ("rewoiu","fds","fr","oiufdsrew");
insert into bar select * from foo;
commit;
include/diff_tables.inc [test.foo, test.bar]
alter table foo drop column aa, drop column bb, drop column cc;
alter table bar drop column aa, drop column bb, drop column cc;
include/diff_tables.inc [test.foo, test.bar]
drop table foo;
drop table bar;
create table foo (aa blob, bb longblob, cc tinyblob, dd mediumblob) engine=TokuDB;
create table bar like foo;
alter table bar engine=MyISAM;
begin;
insert into foo values (NULL,NULL,NULL,NULL);
insert into foo values ("adsf",NULL,"hjfdshj",NULL);
insert into foo values (NULL,"oifds",NULL,"fdsjfds");
insert into foo values ("rewoiu","fds","fr","oiufdsrew");
insert into bar select * from foo;
commit;
include/diff_tables.inc [test.foo, test.bar]
alter table foo drop column aa, drop column bb, drop column dd;
alter table bar drop column aa, drop column bb, drop column dd;
include/diff_tables.inc [test.foo, test.bar]
drop table foo;
drop table bar;
create table foo (aa blob, bb longblob, cc tinyblob, dd mediumblob) engine=TokuDB;
create table bar like foo;
alter table bar engine=MyISAM;
begin;
insert into foo values (NULL,NULL,NULL,NULL);
insert into foo values ("adsf",NULL,"hjfdshj",NULL);
insert into foo values (NULL,"oifds",NULL,"fdsjfds");
insert into foo values ("rewoiu","fds","fr","oiufdsrew");
insert into bar select * from foo;
commit;
include/diff_tables.inc [test.foo, test.bar]
alter table foo drop column aa, drop column cc, drop column dd;
alter table bar drop column aa, drop column cc, drop column dd;
include/diff_tables.inc [test.foo, test.bar]
drop table foo;
drop table bar;
create table foo (aa blob, bb longblob, cc tinyblob, dd mediumblob) engine=TokuDB;
create table bar like foo;
alter table bar engine=MyISAM;
begin;
insert into foo values (NULL,NULL,NULL,NULL);
insert into foo values ("adsf",NULL,"hjfdshj",NULL);
insert into foo values (NULL,"oifds",NULL,"fdsjfds");
insert into foo values ("rewoiu","fds","fr","oiufdsrew");
insert into bar select * from foo;
commit;
include/diff_tables.inc [test.foo, test.bar]
alter table foo drop column bb, drop column cc, drop column dd;
alter table bar drop column bb, drop column cc, drop column dd;
include/diff_tables.inc [test.foo, test.bar]
drop table foo;
drop table bar;
