SET @@DEFAULT_STORAGE_ENGINE='tokudb';
DROP TABLE IF EXISTS bar;
set session tokudb_disable_slow_alter=ON;
create temporary table bar (a int, key(a))engine=TOkuDB;
alter table bar add column c int default 0;
create index blah on bar(a);
drop index a on bar;
set session tokudb_disable_slow_alter=OFF;
insert into bar (a) values (1),(2),(3);
alter table bar add column b int default 1 first;
select * from bar;
b	a	c
1	1	0
1	2	0
1	3	0
create index blah_b on bar (b);
select sum(b) from bar;
sum(b)
3
drop index blah_b on bar;
drop table bar;
