include/master-slave.inc
[connection master]
drop table if exists t;
create table t (a bigint not null, b bigint not null, c bigint not null, primary key(a), unique key(c)) engine=tokudb;
insert into t values (1,0,-1);
insert into t values (2,0,-2),(3,0,-3);
insert into t values (4,0,-4);
include/diff_tables.inc [master:test.t, slave:test.t]
update t set b=b+1 where a=2;
update t set b=b+2 where a=1;
update t set b=b+3 where a=4;
update t set b=b+4 where a=3;
update t set b=b+1 where 1<=a and a<=3;
select unix_timestamp() into @tstart;
select unix_timestamp() into @tend;
select @tend-@tstart <= 5;
@tend-@tstart <= 5
1
select * from t;
a	b	c
1	3	-1
2	2	-2
3	5	-3
4	3	-4
include/diff_tables.inc [master:test.t, slave:test.t]
drop table if exists t;
include/rpl_end.inc
