SET DEFAULT_STORAGE_ENGINE = 'tokudb';
DROP TABLE IF EXISTS t1;
CREATE TABLE t1(c1 TINYINT NOT NULL, c2 TINYINT NULL, c3 TINYINT NULL, PRIMARY KEY (c1), UNIQUE (c2)) engine=TokuDB;
INSERT INTO t1 (c1,c2,c3) VALUES(10,14,10);
INSERT INTO t1 (c1,c2,c3) VALUES(11,90,10);
INSERT INTO t1 (c1,c2,c3) VALUES(12,120,10);
INSERT INTO t1 (c1,c2,c3) VALUES(13,110,10);
INSERT INTO t1 (c1,c2,c3) VALUES(14,10,10);
select * from t1;
c1	c2	c3
10	14	10
11	90	10
12	120	10
13	110	10
14	10	10
INSERT INTO t1 (c1,c2,c3) VALUES(10,10,10) ON DUPLICATE KEY UPDATE c3=100;
select * from t1;
c1	c2	c3
10	14	100
11	90	10
12	120	10
13	110	10
14	10	10
INSERT INTO t1 (c1,c2,c3) VALUES(120,120,120) ON DUPLICATE KEY UPDATE c3=100;
select * from t1;
c1	c2	c3
10	14	100
11	90	10
12	120	100
13	110	10
14	10	10
INSERT INTO t1 (c1,c2,c3) VALUES(13,13,13) ON DUPLICATE KEY UPDATE c3=100;
select * from t1;
c1	c2	c3
10	14	100
11	90	10
12	120	100
13	110	100
14	10	10
DROP TABLE t1;
